"id","nome","nome_anterior","descricao","tag_principal","tags_secundarias","grupo_principal","grupos_secundarios","modalidade","equipamentos","ambientes","nivel","arquivo_gif","url_gif","source_folder","status_migracao"
"media_77a5114257259044cd07","Abdominais com peso","Abdominal sentado com anilha","Mantenha o abdômen contraído e a lombar controlada. Aproxime tronco e pernas conforme a variação mostrada, soltando o ar na fase de maior contração. Retorne lentamente, sem usar impulso do pescoço ou dos braços.","Abdômen/Core","Sem aparelhos | Casa","Abdômen/Core","","Musculação","Sem aparelhos","Casa","Intermediário","gifs/Exercícios sem marca d'água/Abdominais com peso.gif","https://raw.githubusercontent.com/brunofs3221/fortyn-exercise-media-extra/main/gifs/Exerc%C3%ADcios%20sem%20marca%20d'%C3%A1gua/Abdominais%20com%20peso.gif","C:\Users\bruno\Downloads\Exercicios renomeados\Abdominais com peso","MIGRADO_FONTE_REVISADA"
"media_1b838128b9afdaab51f8","Abdominal ajoelhado na polia","Abdominal ajoelhado na polia","Mantenha o abdômen contraído e a lombar controlada. Aproxime tronco e pernas conforme a variação mostrada, soltando o ar na fase de maior contração. Retorne lentamente, sem usar impulso do pescoço ou dos braços.","Abdômen/Core","Polia/Cabo | Academia","Abdômen/Core","","Musculação","Polia/Cabo","Academia","Iniciante","gifs/abdominais/Ajoelhado, trituração de cabo.gif","https://raw.githubusercontent.com/brunofs3221/fortyn-exercise-media-extra/main/gifs/abdominais/Ajoelhado%2C%20tritura%C3%A7%C3%A3o%20de%20cabo.gif","","SEM_FONTE_REVISADA"
"media_f075e92677cc4673279e","Abdominal ajoelhado na polia","Abdominal na polia ajoelhado","Mantenha o abdômen contraído e a lombar controlada. Aproxime tronco e pernas conforme a variação mostrada, soltando o ar na fase de maior contração. Retorne lentamente, sem usar impulso do pescoço ou dos braços.","Abdômen/Core","Polia/Cabo | Academia","Abdômen/Core","","Musculação","Polia/Cabo","Academia","Intermediário","gifs/Exercícios sem marca d'água/Ajoelhado, trituração de cabo.gif","https://raw.githubusercontent.com/brunofs3221/fortyn-exercise-media-extra/main/gifs/Exerc%C3%ADcios%20sem%20marca%20d'%C3%A1gua/Ajoelhado%2C%20tritura%C3%A7%C3%A3o%20de%20cabo.gif","C:\Users\bruno\Downloads\Exercicios renomeados\Abdominal ajoelhado na polia","MIGRADO_FONTE_REVISADA"
"media_1b5bc484b4df28642408","Abdominal bicicleta","Abdominal bicicleta","Mantenha o abdômen contraído e a lombar controlada. Aproxime tronco e pernas conforme a variação mostrada, soltando o ar na fase de maior contração. Retorne lentamente, sem usar impulso do pescoço ou dos braços.","Abdômen/Core","Bicicleta | Academia","Abdômen/Core","","Musculação","Bicicleta","Academia","Intermediário","gifs/abdominais/Crunch com elevação da perna - Variação 4.gif","https://raw.githubusercontent.com/brunofs3221/fortyn-exercise-media-extra/main/gifs/abdominais/Crunch%20com%20eleva%C3%A7%C3%A3o%20da%20perna%20-%20Varia%C3%A7%C3%A3o%204.gif","","SEM_FONTE_REVISADA"
"media_3a5e94dc465ccc26b77e","Abdominal bicicleta","Abdominal bicicleta","Mantenha o abdômen contraído e a lombar controlada. Aproxime tronco e pernas conforme a variação mostrada, soltando o ar na fase de maior contração. Retorne lentamente, sem usar impulso do pescoço ou dos braços.","Abdômen/Core","Bicicleta | Academia","Abdômen/Core","","Musculação","Bicicleta","Academia","Intermediário","gifs/Exercícios sem marca d'água/Abdominal bicicleta.gif","https://raw.githubusercontent.com/brunofs3221/fortyn-exercise-media-extra/main/gifs/Exerc%C3%ADcios%20sem%20marca%20d'%C3%A1gua/Abdominal%20bicicleta.gif","C:\Users\bruno\Downloads\Exercicios renomeados\Abdominal bicicleta","MIGRADO_FONTE_REVISADA"
"media_3d545b06480bf53339e9","Abdominal bicicleta com elástico","Abdominal bicicleta com elástico","Mantenha o abdômen contraído e a lombar controlada. Aproxime tronco e pernas conforme a variação mostrada, soltando o ar na fase de maior contração. Retorne lentamente, sem usar impulso do pescoço ou dos braços.","Abdômen/Core","Elástico | Bicicleta | Academia","Abdômen/Core","","Musculação","Elástico | Bicicleta","Academia","Intermediário","gifs/Exercícios sem marca d'água/exercicios_renomeados_pt_br/019_abdominal_bicicleta_com_elastico.gif","https://raw.githubusercontent.com/brunofs3221/fortyn-exercise-media-extra/main/gifs/Exerc%C3%ADcios%20sem%20marca%20d'%C3%A1gua/exercicios_renomeados_pt_br/019_abdominal_bicicleta_com_elastico.gif","C:\Users\bruno\Downloads\Exercicios renomeados\Abdominal bicicleta com elástico","MIGRADO_FONTE_REVISADA"
"media_47fe930c4acb2b9d8c8f","Abdominal borboleta","Abdominal borboleta","Mantenha o abdômen contraído e a lombar controlada. Aproxime tronco e pernas conforme a variação mostrada, soltando o ar na fase de maior contração. Retorne lentamente, sem usar impulso do pescoço ou dos braços.","Abdômen/Core","Sem aparelhos | Casa","Abdômen/Core","","Musculação","Sem aparelhos","Casa","Iniciante","gifs/Exercícios sem marca d'água/Abdominal sapo - Supta baddha konasana reclinado ângulo vinculado.gif","https://raw.githubusercontent.com/brunofs3221/fortyn-exercise-media-extra/main/gifs/Exerc%C3%ADcios%20sem%20marca%20d'%C3%A1gua/Abdominal%20sapo%20-%20Supta%20baddha%20konasana%20reclinado%20%C3%A2ngulo%20vinculado.gif","C:\Users\bruno\Downloads\Exercicios renomeados\Abdominal borboleta","MIGRADO_FONTE_REVISADA"
"media_a37a954213fb262d1eaf","Abdominal borboleta - variação 2","Abdominal borboleta","Mantenha o abdômen contraído e a lombar controlada. Aproxime tronco e pernas conforme a variação mostrada, soltando o ar na fase de maior contração. Retorne lentamente, sem usar impulso do pescoço ou dos braços.","Abdômen/Core","Sem aparelhos | Casa","Abdômen/Core","","Musculação","Sem aparelhos","Casa","Iniciante","gifs/Exercícios sem marca d'água/Abdominal sapo - Supta baddha konasana reclinado ângulo vinculado - Variação 2.gif","https://raw.githubusercontent.com/brunofs3221/fortyn-exercise-media-extra/main/gifs/Exerc%C3%ADcios%20sem%20marca%20d'%C3%A1gua/Abdominal%20sapo%20-%20Supta%20baddha%20konasana%20reclinado%20%C3%A2ngulo%20vinculado%20-%20Varia%C3%A7%C3%A3o%202.gif","C:\Users\bruno\Downloads\Exercicios renomeados\Abdominal borboleta - variação 2","MIGRADO_FONTE_REVISADA"
"media_26d8b89e775757f14d62","Abdominal canivete","Abdominal canivete","Mantenha o abdômen contraído e a lombar controlada. Aproxime tronco e pernas conforme a variação mostrada, soltando o ar na fase de maior contração. Retorne lentamente, sem usar impulso do pescoço ou dos braços.","Abdômen/Core","Sem aparelhos | Casa","Abdômen/Core","","Musculação","Sem aparelhos","Casa","Iniciante","gifs/abdominais/Abdominal cruzada.gif","https://raw.githubusercontent.com/brunofs3221/fortyn-exercise-media-extra/main/gifs/abdominais/Abdominal%20cruzada.gif","","SEM_FONTE_REVISADA"
"media_e94b760d6d4baa0f694b","Abdominal canivete","Abdominal canivete","Mantenha o abdômen contraído e a lombar controlada. Aproxime tronco e pernas conforme a variação mostrada, soltando o ar na fase de maior contração. Retorne lentamente, sem usar impulso do pescoço ou dos braços.","Abdômen/Core","Sem aparelhos | Casa","Abdômen/Core","","Musculação","Sem aparelhos","Casa","Avançado","gifs/Exercícios sem marca d'água/Abdominais canivetes.gif","https://raw.githubusercontent.com/brunofs3221/fortyn-exercise-media-extra/main/gifs/Exerc%C3%ADcios%20sem%20marca%20d'%C3%A1gua/Abdominais%20canivetes.gif","C:\Users\bruno\Downloads\Exercicios renomeados\Abdominal canivete","MIGRADO_FONTE_REVISADA"
"media_4b6205ed197a49fd5c51","Abdominal canivete com bola suíça","Abdominal canivete com bola suíça","Mantenha o abdômen contraído e a lombar controlada. Aproxime tronco e pernas conforme a variação mostrada, soltando o ar na fase de maior contração. Retorne lentamente, sem usar impulso do pescoço ou dos braços.","Abdômen/Core","Bola | Academia","Abdômen/Core","","Musculação","Bola","Academia","Intermediário","gifs/abdominais/Prancha joelho a cotovelo.gif","https://raw.githubusercontent.com/brunofs3221/fortyn-exercise-media-extra/main/gifs/abdominais/Prancha%20joelho%20a%20cotovelo.gif","C:\Users\bruno\Downloads\Exercicios renomeados\Abdominal canivete com bola suíça","MIGRADO_FONTE_REVISADA"
"media_0aa1cbef88826c8faf1e","Abdominal canivete com braços estendidos","Abdominal canivete com braços estendidos","Mantenha o abdômen contraído e a lombar controlada. Aproxime tronco e pernas conforme a variação mostrada, soltando o ar na fase de maior contração. Retorne lentamente, sem usar impulso do pescoço ou dos braços.","Abdômen/Core","Sem aparelhos | Casa","Abdômen/Core","","Musculação","Sem aparelhos","Casa","Intermediário","gifs/abdominais/Deitado, joelho levantado - Variação 2.gif","https://raw.githubusercontent.com/brunofs3221/fortyn-exercise-media-extra/main/gifs/abdominais/Deitado%2C%20joelho%20levantado%20-%20Varia%C3%A7%C3%A3o%202.gif","C:\Users\bruno\Downloads\Exercicios renomeados\Abdominal canivete com braços estendidos","MIGRADO_FONTE_REVISADA"
"media_a686b59552c9b7b9ac3e","Abdominal canivete com halteres","Abdominal canivete com halteres","Mantenha o abdômen contraído e a lombar controlada. Aproxime tronco e pernas conforme a variação mostrada, soltando o ar na fase de maior contração. Retorne lentamente, sem usar impulso do pescoço ou dos braços.","Abdômen/Core","Halteres | Academia","Abdômen/Core","","Musculação","Halteres","Academia","Intermediário","gifs/abdominais/Lever deitado abdominal.gif","https://raw.githubusercontent.com/brunofs3221/fortyn-exercise-media-extra/main/gifs/abdominais/Lever%20deitado%20abdominal.gif","C:\Users\bruno\Downloads\Exercicios renomeados\Abdominal canivete com halteres","MIGRADO_FONTE_REVISADA"
"media_54f8bc146550fd04af8a","Abdominal canivete com halteres e pernas elevadas","Abdominal canivete com halteres e pernas elevadas","Mantenha o abdômen contraído e a lombar controlada. Aproxime tronco e pernas conforme a variação mostrada, soltando o ar na fase de maior contração. Retorne lentamente, sem usar impulso do pescoço ou dos braços.","Abdômen/Core","Halteres | Academia","Abdômen/Core","","Musculação","Halteres","Academia","Intermediário","gifs/abdominais/Prancha reversa.gif","https://raw.githubusercontent.com/brunofs3221/fortyn-exercise-media-extra/main/gifs/abdominais/Prancha%20reversa.gif","C:\Users\bruno\Downloads\Exercicios renomeados\Abdominal canivete com halteres e pernas elevadas","MIGRADO_FONTE_REVISADA"
"media_3854feeffe6d9766afb6","Abdominal canivete cruzado","Abdominal canivete cruzado","Mantenha o abdômen contraído e a lombar controlada. Aproxime tronco e pernas conforme a variação mostrada, soltando o ar na fase de maior contração. Retorne lentamente, sem usar impulso do pescoço ou dos braços.","Abdômen/Core","Sem aparelhos | Casa","Abdômen/Core","","Musculação","Sem aparelhos","Casa","Iniciante","gifs/abdominais/Abdominal - Variação 5.gif","https://raw.githubusercontent.com/brunofs3221/fortyn-exercise-media-extra/main/gifs/abdominais/Abdominal%20-%20Varia%C3%A7%C3%A3o%205.gif","","SEM_FONTE_REVISADA"
"media_58c1d09f80ca964035e3","Abdominal canivete cruzado","Abdominal sentando com rotação","Mantenha o abdômen contraído e a lombar controlada. Aproxime tronco e pernas conforme a variação mostrada, soltando o ar na fase de maior contração. Retorne lentamente, sem usar impulso do pescoço ou dos braços.","Abdômen/Core","Sem aparelhos | Casa","Abdômen/Core","","Musculação","Sem aparelhos","Casa","Intermediário","gifs/Exercícios sem marca d'água/Não cruze, sente-se.gif","https://raw.githubusercontent.com/brunofs3221/fortyn-exercise-media-extra/main/gifs/Exerc%C3%ADcios%20sem%20marca%20d'%C3%A1gua/N%C3%A3o%20cruze%2C%20sente-se.gif","C:\Users\bruno\Downloads\Exercicios renomeados\Abdominal canivete cruzado","MIGRADO_FONTE_REVISADA"
"media_6945181e17155b7307ac","Abdominal com bola medicinal","Abdominal com bola medicinal","Mantenha o abdômen contraído e a lombar controlada. Aproxime tronco e pernas conforme a variação mostrada, soltando o ar na fase de maior contração. Retorne lentamente, sem usar impulso do pescoço ou dos braços.","Abdômen/Core","Bola | Academia","Abdômen/Core","","Musculação","Bola","Academia","Intermediário","gifs/Exercícios sem marca d'água/Abdominal com bola medicinal.gif","https://raw.githubusercontent.com/brunofs3221/fortyn-exercise-media-extra/main/gifs/Exerc%C3%ADcios%20sem%20marca%20d'%C3%A1gua/Abdominal%20com%20bola%20medicinal.gif","C:\Users\bruno\Downloads\Exercicios renomeados\Abdominal com bola medicinal","MIGRADO_FONTE_REVISADA"
"media_5217376ecd6261cd566e","Abdominal com braços acima da cabeça","Abdominal com braços acima da cabeça","Mantenha o abdômen contraído e a lombar controlada. Aproxime tronco e pernas conforme a variação mostrada, soltando o ar na fase de maior contração. Retorne lentamente, sem usar impulso do pescoço ou dos braços.","Abdômen/Core","Sem aparelhos | Casa","Abdômen/Core","","Musculação","Sem aparelhos","Casa","Intermediário","gifs/abdominais/Sentado flutter kick - Variação 4.gif","https://raw.githubusercontent.com/brunofs3221/fortyn-exercise-media-extra/main/gifs/abdominais/Sentado%20flutter%20kick%20-%20Varia%C3%A7%C3%A3o%204.gif","C:\Users\bruno\Downloads\Exercicios renomeados\Abdominal com braços acima da cabeça","MIGRADO_FONTE_REVISADA"
"media_bd387741514a5b94b4d6","Abdominal com braços estendidos","Abdominal com braços estendidos","Mantenha o abdômen contraído e a lombar controlada. Aproxime tronco e pernas conforme a variação mostrada, soltando o ar na fase de maior contração. Retorne lentamente, sem usar impulso do pescoço ou dos braços.","Abdômen/Core","Sem aparelhos | Casa","Abdômen/Core","","Musculação","Sem aparelhos","Casa","Intermediário","gifs/Exercícios sem marca d'água/Flexão de braço longo.gif","https://raw.githubusercontent.com/brunofs3221/fortyn-exercise-media-extra/main/gifs/Exerc%C3%ADcios%20sem%20marca%20d'%C3%A1gua/Flex%C3%A3o%20de%20bra%C3%A7o%20longo.gif","C:\Users\bruno\Downloads\Exercicios renomeados\Abdominal com braços estendidos","MIGRADO_FONTE_REVISADA"
"media_5e06069d1747a3642390","Abdominal com joelhos ao peito deitado","Elevação de joelhos deitado","Mantenha o abdômen contraído e a lombar controlada. Aproxime tronco e pernas conforme a variação mostrada, soltando o ar na fase de maior contração. Retorne lentamente, sem usar impulso do pescoço ou dos braços.","Abdômen/Core","Sem aparelhos | Casa","Abdômen/Core","","Musculação","Sem aparelhos","Casa","Iniciante","gifs/Exercícios sem marca d'água/Puxada de perna em joelhos.gif","https://raw.githubusercontent.com/brunofs3221/fortyn-exercise-media-extra/main/gifs/Exerc%C3%ADcios%20sem%20marca%20d'%C3%A1gua/Puxada%20de%20perna%20em%20joelhos.gif","C:\Users\bruno\Downloads\Exercicios renomeados\Abdominal com joelhos ao peito deitado","MIGRADO_FONTE_REVISADA"
"media_84f3c348d0bd0de5889a","Abdominal com joelhos na bola suíça","Prancha com flexão de joelhos na bola suíça","Mantenha o abdômen contraído e a lombar controlada. Aproxime tronco e pernas conforme a variação mostrada, soltando o ar na fase de maior contração. Retorne lentamente, sem usar impulso do pescoço ou dos braços.","Abdômen/Core","Bola | Academia","Abdômen/Core","","Musculação","Bola","Academia","Intermediário","gifs/Exercícios sem marca d'água/Dobra de joelho com bola suíça.gif","https://raw.githubusercontent.com/brunofs3221/fortyn-exercise-media-extra/main/gifs/Exerc%C3%ADcios%20sem%20marca%20d'%C3%A1gua/Dobra%20de%20joelho%20com%20bola%20su%C3%AD%C3%A7a.gif","C:\Users\bruno\Downloads\Exercicios renomeados\Abdominal com joelhos na bola suíça","MIGRADO_FONTE_REVISADA"
"media_df1298bc746a35c6e9cc","Abdominal com peso","Abdominal reto com peso no banco","Mantenha o abdômen contraído e a lombar controlada. Aproxime tronco e pernas conforme a variação mostrada, soltando o ar na fase de maior contração. Retorne lentamente, sem usar impulso do pescoço ou dos braços.","Abdômen/Core","Sem aparelhos | Casa","Abdômen/Core","","Musculação","Sem aparelhos","Casa","Intermediário","gifs/Exercícios sem marca d'água/Abdominal com peso.gif","https://raw.githubusercontent.com/brunofs3221/fortyn-exercise-media-extra/main/gifs/Exerc%C3%ADcios%20sem%20marca%20d'%C3%A1gua/Abdominal%20com%20peso.gif","C:\Users\bruno\Downloads\Exercicios renomeados\Abdominal com peso","MIGRADO_FONTE_REVISADA"
"media_5959ba8a910cc4bd333e","Abdominal com roda","Abdominal com roda","Ajoelhe-se e apoie as mãos na roda, barra ou bola indicada. Contraia abdômen e glúteos e deslize o apoio para a frente, mantendo o tronco firme e evitando arquear a lombar. Vá até a amplitude que consegue controlar e puxe o apoio de volta para retornar.","Abdômen/Core","Sem aparelhos | Casa","Abdômen/Core","","Musculação","Sem aparelhos","Casa","Avançado","gifs/Exercícios sem marca d'água/Abdominal com roda.gif","https://raw.githubusercontent.com/brunofs3221/fortyn-exercise-media-extra/main/gifs/Exerc%C3%ADcios%20sem%20marca%20d'%C3%A1gua/Abdominal%20com%20roda.gif","C:\Users\bruno\Downloads\Exercicios renomeados\Abdominal com roda","MIGRADO_FONTE_REVISADA"
"media_268cab95eea048617e6e","Abdominal completo","Abdominal supra","Mantenha o abdômen contraído e a lombar controlada. Aproxime tronco e pernas conforme a variação mostrada, soltando o ar na fase de maior contração. Retorne lentamente, sem usar impulso do pescoço ou dos braços.","Abdômen/Core","Sem aparelhos | Casa","Abdômen/Core","","Musculação","Sem aparelhos","Casa","Iniciante","gifs/Exercícios sem marca d'água/Abdominal.gif","https://raw.githubusercontent.com/brunofs3221/fortyn-exercise-media-extra/main/gifs/Exerc%C3%ADcios%20sem%20marca%20d'%C3%A1gua/Abdominal.gif","C:\Users\bruno\Downloads\Exercicios renomeados\Abdominal completo","MIGRADO_FONTE_REVISADA"
"media_97ea713b7d2c43ae5210","Abdominal completo","Abdominal completo","Mantenha o abdômen contraído e a lombar controlada. Aproxime tronco e pernas conforme a variação mostrada, soltando o ar na fase de maior contração. Retorne lentamente, sem usar impulso do pescoço ou dos braços.","Abdômen/Core","Sem aparelhos | Casa","Abdômen/Core","","Musculação","Sem aparelhos","Casa","Iniciante","gifs/abdominais/Crunch com elevação da perna.gif","https://raw.githubusercontent.com/brunofs3221/fortyn-exercise-media-extra/main/gifs/abdominais/Crunch%20com%20eleva%C3%A7%C3%A3o%20da%20perna.gif","","SEM_FONTE_REVISADA"
"media_ecdd3a34b2d3919cdb19","Abdominal cruzado","Abdominal cruzado","Mantenha o abdômen contraído e a lombar controlada. Aproxime tronco e pernas conforme a variação mostrada, soltando o ar na fase de maior contração. Retorne lentamente, sem usar impulso do pescoço ou dos braços.","Abdômen/Core","Sem aparelhos | Casa","Abdômen/Core","","Musculação","Sem aparelhos","Casa","Iniciante","gifs/Exercícios sem marca d'água/Abdominal cruzado.gif","https://raw.githubusercontent.com/brunofs3221/fortyn-exercise-media-extra/main/gifs/Exerc%C3%ADcios%20sem%20marca%20d'%C3%A1gua/Abdominal%20cruzado.gif","C:\Users\bruno\Downloads\Exercicios renomeados\Abdominal cruzado","MIGRADO_FONTE_REVISADA"
"media_41eada67854ead35ddd5","Abdominal declinado","Abdominal no banco declinado","Mantenha o abdômen contraído e a lombar controlada. Aproxime tronco e pernas conforme a variação mostrada, soltando o ar na fase de maior contração. Retorne lentamente, sem usar impulso do pescoço ou dos braços.","Abdômen/Core","Banco | Academia","Abdômen/Core","","Musculação","Banco","Academia","Intermediário","gifs/Exercícios sem marca d'água/Recusar sentar-se.gif","https://raw.githubusercontent.com/brunofs3221/fortyn-exercise-media-extra/main/gifs/Exerc%C3%ADcios%20sem%20marca%20d'%C3%A1gua/Recusar%20sentar-se.gif","C:\Users\bruno\Downloads\Exercicios renomeados\Abdominal declinado","MIGRADO_FONTE_REVISADA"
"media_3058bd7f1e6cf09921cf","Abdominal em pé na polia","Abdominal em pé na polia","Mantenha o abdômen contraído e a lombar controlada. Aproxime tronco e pernas conforme a variação mostrada, soltando o ar na fase de maior contração. Retorne lentamente, sem usar impulso do pescoço ou dos braços.","Abdômen/Core","Polia/Cabo | Academia","Abdômen/Core","","Musculação","Polia/Cabo","Academia","Intermediário","gifs/abdominais/Sentado na polia twist - Variação 5.gif","https://raw.githubusercontent.com/brunofs3221/fortyn-exercise-media-extra/main/gifs/abdominais/Sentado%20na%20polia%20twist%20-%20Varia%C3%A7%C3%A3o%205.gif","C:\Users\bruno\Downloads\Exercicios renomeados\Abdominal em pé na polia","MIGRADO_FONTE_REVISADA"
"media_92cd324eddf81f9c7647","Abdominal em pé no cabo","Abdominal na polia em pé","Mantenha o abdômen contraído e a lombar controlada. Aproxime tronco e pernas conforme a variação mostrada, soltando o ar na fase de maior contração. Retorne lentamente, sem usar impulso do pescoço ou dos braços.","Abdômen/Core","Polia/Cabo | Academia","Abdômen/Core","","Musculação","Polia/Cabo","Academia","Intermediário","gifs/Exercícios sem marca d'água/Trituração de cabo em pé.gif","https://raw.githubusercontent.com/brunofs3221/fortyn-exercise-media-extra/main/gifs/Exerc%C3%ADcios%20sem%20marca%20d'%C3%A1gua/Tritura%C3%A7%C3%A3o%20de%20cabo%20em%20p%C3%A9.gif","C:\Users\bruno\Downloads\Exercicios renomeados\Abdominal em pé no cabo","MIGRADO_FONTE_REVISADA"
"media_bd09c2f221cb11bce08d","Abdominal joelhos ao peito com cabo","Abdominal joelhos ao peito com cabo","Mantenha o abdômen contraído e a lombar controlada. Aproxime tronco e pernas conforme a variação mostrada, soltando o ar na fase de maior contração. Retorne lentamente, sem usar impulso do pescoço ou dos braços.","Abdômen/Core","Polia/Cabo | Academia","Abdômen/Core","","Musculação","Polia/Cabo","Academia","Intermediário","gifs/abdominais/Um quarto sentado.gif","https://raw.githubusercontent.com/brunofs3221/fortyn-exercise-media-extra/main/gifs/abdominais/Um%20quarto%20sentado.gif","C:\Users\bruno\Downloads\Exercicios renomeados\Abdominal joelhos ao peito com cabo","MIGRADO_FONTE_REVISADA"
"media_41eb3447a4ebfe344817","Abdominal lateral na bola suíça","Abdominal lateral na bola suíça","Mantenha o abdômen contraído e a lombar controlada. Aproxime tronco e pernas conforme a variação mostrada, soltando o ar na fase de maior contração. Retorne lentamente, sem usar impulso do pescoço ou dos braços.","Abdômen/Core","Bola | Academia","Abdômen/Core","","Musculação","Bola","Academia","Intermediário","gifs/abdominais/Abdominal - Variação 6.gif","https://raw.githubusercontent.com/brunofs3221/fortyn-exercise-media-extra/main/gifs/abdominais/Abdominal%20-%20Varia%C3%A7%C3%A3o%206.gif","C:\Users\bruno\Downloads\Exercicios renomeados\Abdominal lateral na bola suíça","MIGRADO_FONTE_REVISADA"
"media_6ce369b6689dbf8a4a1e","Abdominal lateral na bola suíça com peso","Flexão lateral na bola suíça","Mantenha o abdômen contraído e a lombar controlada. Aproxime tronco e pernas conforme a variação mostrada, soltando o ar na fase de maior contração. Retorne lentamente, sem usar impulso do pescoço ou dos braços.","Abdômen/Core","Bola | Academia","Abdômen/Core","","Musculação","Bola","Academia","Intermediário","gifs/Exercícios sem marca d'água/Flexão lateral com peso na bola suíça.gif","https://raw.githubusercontent.com/brunofs3221/fortyn-exercise-media-extra/main/gifs/Exerc%C3%ADcios%20sem%20marca%20d'%C3%A1gua/Flex%C3%A3o%20lateral%20com%20peso%20na%20bola%20su%C3%AD%C3%A7a.gif","C:\Users\bruno\Downloads\Exercicios renomeados\Abdominal lateral na bola suíça com peso","MIGRADO_FONTE_REVISADA"
"media_14d4dde1d41b863640bf","Abdominal lateral sentado","Abdominal lateral em pé na parede","Mantenha o abdômen contraído e a lombar controlada. Aproxime tronco e pernas conforme a variação mostrada, soltando o ar na fase de maior contração. Retorne lentamente, sem usar impulso do pescoço ou dos braços.","Abdômen/Core","Sem aparelhos | Casa","Abdômen/Core","","Musculação","Sem aparelhos","Casa","Iniciante","gifs/Exercícios sem marca d'água/Abdominal lateral sentada.gif","https://raw.githubusercontent.com/brunofs3221/fortyn-exercise-media-extra/main/gifs/Exerc%C3%ADcios%20sem%20marca%20d'%C3%A1gua/Abdominal%20lateral%20sentada.gif","C:\Users\bruno\Downloads\Exercicios renomeados\Abdominal lateral sentado","MIGRADO_FONTE_REVISADA"
"media_72ee672e0eb63fd581b3","Abdominal na máquina","Abdominal na máquina","Mantenha o abdômen contraído e a lombar controlada. Aproxime tronco e pernas conforme a variação mostrada, soltando o ar na fase de maior contração. Retorne lentamente, sem usar impulso do pescoço ou dos braços.","Abdômen/Core","Máquina | Academia","Abdômen/Core","","Musculação","Máquina","Academia","Iniciante","gifs/abdominais/Full abdominal na máquina.gif","https://raw.githubusercontent.com/brunofs3221/fortyn-exercise-media-extra/main/gifs/abdominais/Full%20abdominal%20na%20m%C3%A1quina.gif","C:\Users\bruno\Downloads\Exercicios renomeados\Abdominal na máquina","MIGRADO_FONTE_REVISADA"
"media_614eb5794d6c08c2ce86","Abdominal na máquina Ab Coaster","Abdominal na máquina Ab Coaster","Mantenha o abdômen contraído e a lombar controlada. Aproxime tronco e pernas conforme a variação mostrada, soltando o ar na fase de maior contração. Retorne lentamente, sem usar impulso do pescoço ou dos braços.","Abdômen/Core","Máquina | Academia","Abdômen/Core","","Musculação","Máquina","Academia","Iniciante","gifs/Exercícios sem marca d'água/Abdominal na máquina Ab Coaster.gif","https://raw.githubusercontent.com/brunofs3221/fortyn-exercise-media-extra/main/gifs/Exerc%C3%ADcios%20sem%20marca%20d'%C3%A1gua/Abdominal%20na%20m%C3%A1quina%20Ab%20Coaster.gif","C:\Users\bruno\Downloads\Exercicios renomeados\Abdominal na máquina Ab Coaster","MIGRADO_FONTE_REVISADA"
"media_9c80b9a413e5b8c1e0cb","Abdominal na máquina sentado","Abdominal na máquina sentado","Mantenha o abdômen contraído e a lombar controlada. Aproxime tronco e pernas conforme a variação mostrada, soltando o ar na fase de maior contração. Retorne lentamente, sem usar impulso do pescoço ou dos braços.","Abdômen/Core","Máquina | Academia","Abdômen/Core","","Musculação","Máquina","Academia","Iniciante","gifs/abdominais/Alavanca de elevação da perna em pé.gif","https://raw.githubusercontent.com/brunofs3221/fortyn-exercise-media-extra/main/gifs/abdominais/Alavanca%20de%20eleva%C3%A7%C3%A3o%20da%20perna%20em%20p%C3%A9.gif","C:\Users\bruno\Downloads\Exercicios renomeados\Abdominal na máquina sentado","MIGRADO_FONTE_REVISADA"
"media_376beff229535ef426d8","Abdominal na máquina tipo coaster","Abdominal na máquina tipo coaster","Mantenha o abdômen contraído e a lombar controlada. Aproxime tronco e pernas conforme a variação mostrada, soltando o ar na fase de maior contração. Retorne lentamente, sem usar impulso do pescoço ou dos braços.","Abdômen/Core","Máquina | Academia","Abdômen/Core","","Musculação","Máquina","Academia","Iniciante","gifs/abdominais/Sentado na polia twist - Variação 4.gif","https://raw.githubusercontent.com/brunofs3221/fortyn-exercise-media-extra/main/gifs/abdominais/Sentado%20na%20polia%20twist%20-%20Varia%C3%A7%C3%A3o%204.gif","C:\Users\bruno\Downloads\Exercicios renomeados\Abdominal na máquina tipo coaster","MIGRADO_FONTE_REVISADA"
"media_77dde85f351912053415","Abdominal no banco declinado com carga","Abdominal no banco declinado com carga","Mantenha o abdômen contraído e a lombar controlada. Aproxime tronco e pernas conforme a variação mostrada, soltando o ar na fase de maior contração. Retorne lentamente, sem usar impulso do pescoço ou dos braços.","Abdômen/Core","Banco | Academia","Abdômen/Core","","Musculação","Banco","Academia","Intermediário","gifs/abdominais/Lever deitado abdominal - Variação 2.gif","https://raw.githubusercontent.com/brunofs3221/fortyn-exercise-media-extra/main/gifs/abdominais/Lever%20deitado%20abdominal%20-%20Varia%C3%A7%C3%A3o%202.gif","C:\Users\bruno\Downloads\Exercicios renomeados\Abdominal no banco declinado com carga","MIGRADO_FONTE_REVISADA"
"media_2b8b21fdd1258627ca59","Abdominal no chão","Abdominal supra no solo","Mantenha o abdômen contraído e a lombar controlada. Aproxime tronco e pernas conforme a variação mostrada, soltando o ar na fase de maior contração. Retorne lentamente, sem usar impulso do pescoço ou dos braços.","Abdômen/Core","Sem aparelhos | Casa","Abdômen/Core","","Musculação","Sem aparelhos","Casa","Iniciante","gifs/Exercícios sem marca d'água/Trituração do chão.gif","https://raw.githubusercontent.com/brunofs3221/fortyn-exercise-media-extra/main/gifs/Exerc%C3%ADcios%20sem%20marca%20d'%C3%A1gua/Tritura%C3%A7%C3%A3o%20do%20ch%C3%A3o.gif","C:\Users\bruno\Downloads\Exercicios renomeados\Abdominal no chão","MIGRADO_FONTE_REVISADA"
"media_3739be1cfaab10f0dd89","Abdominal no TRX","Abdominal no TRX","Mantenha o abdômen contraído e a lombar controlada. Aproxime tronco e pernas conforme a variação mostrada, soltando o ar na fase de maior contração. Retorne lentamente, sem usar impulso do pescoço ou dos braços.","Abdômen/Core","Sem aparelhos | Casa","Abdômen/Core","","Musculação","Sem aparelhos","Casa","Intermediário","gifs/abdominais/Torção de mina terrestre - Variação 4.gif","https://raw.githubusercontent.com/brunofs3221/fortyn-exercise-media-extra/main/gifs/abdominais/Tor%C3%A7%C3%A3o%20de%20mina%20terrestre%20-%20Varia%C3%A7%C3%A3o%204.gif","C:\Users\bruno\Downloads\Exercicios renomeados\Abdominal no TRX","MIGRADO_FONTE_REVISADA"
"media_1bcfe6d58d2a42e3031e","Abdominal oblíquo no chão","Abdominal oblíquo no solo","Mantenha o abdômen contraído e a lombar controlada. Aproxime tronco e pernas conforme a variação mostrada, soltando o ar na fase de maior contração. Retorne lentamente, sem usar impulso do pescoço ou dos braços.","Abdômen/Core","Sem aparelhos | Casa","Abdômen/Core","","Musculação","Sem aparelhos","Casa","Intermediário","gifs/Exercícios sem marca d'água/Flexões oblíquas no chão.gif","https://raw.githubusercontent.com/brunofs3221/fortyn-exercise-media-extra/main/gifs/Exerc%C3%ADcios%20sem%20marca%20d'%C3%A1gua/Flex%C3%B5es%20obl%C3%ADquas%20no%20ch%C3%A3o.gif","C:\Users\bruno\Downloads\Exercicios renomeados\Abdominal oblíquo no chão","MIGRADO_FONTE_REVISADA"
"media_4bf0f198cbc3fdac28da","Abdominal reverso","Abdominal reverso","Mantenha o abdômen contraído e a lombar controlada. Aproxime tronco e pernas conforme a variação mostrada, soltando o ar na fase de maior contração. Retorne lentamente, sem usar impulso do pescoço ou dos braços.","Abdômen/Core","Sem aparelhos | Casa","Abdômen/Core","","Musculação","Sem aparelhos","Casa","Iniciante","gifs/Exercícios sem marca d'água/Abdominal reverso.gif","https://raw.githubusercontent.com/brunofs3221/fortyn-exercise-media-extra/main/gifs/Exerc%C3%ADcios%20sem%20marca%20d'%C3%A1gua/Abdominal%20reverso.gif","C:\Users\bruno\Downloads\Exercicios renomeados\Abdominal reverso","MIGRADO_FONTE_REVISADA"
"media_b4ccce0d430ca7cc0d33","Abdominal reverso","Abdominal reverso","Mantenha o abdômen contraído e a lombar controlada. Aproxime tronco e pernas conforme a variação mostrada, soltando o ar na fase de maior contração. Retorne lentamente, sem usar impulso do pescoço ou dos braços.","Abdômen/Core","Sem aparelhos | Casa","Abdômen/Core","","Musculação","Sem aparelhos","Casa","Iniciante","gifs/abdominais/Abdominal reversa.gif","https://raw.githubusercontent.com/brunofs3221/fortyn-exercise-media-extra/main/gifs/abdominais/Abdominal%20reversa.gif","","SEM_FONTE_REVISADA"
"media_995320fc372cdd0d7c3d","Abdominal reverso com bola medicinal","Abdominal reverso com bola medicinal","Mantenha o abdômen contraído e a lombar controlada. Aproxime tronco e pernas conforme a variação mostrada, soltando o ar na fase de maior contração. Retorne lentamente, sem usar impulso do pescoço ou dos braços.","Abdômen/Core","Bola | Academia","Abdômen/Core","","Musculação","Bola","Academia","Intermediário","gifs/abdominais/Crunch com elevação da perna - Variação 2.gif","https://raw.githubusercontent.com/brunofs3221/fortyn-exercise-media-extra/main/gifs/abdominais/Crunch%20com%20eleva%C3%A7%C3%A3o%20da%20perna%20-%20Varia%C3%A7%C3%A3o%202.gif","C:\Users\bruno\Downloads\Exercicios renomeados\Abdominal reverso com bola medicinal","MIGRADO_FONTE_REVISADA"
"media_e75d08cef55f92adee15","Abdominal reverso com joelhos flexionados","Abdominal reverso com joelhos flexionados","Mantenha o abdômen contraído e a lombar controlada. Aproxime tronco e pernas conforme a variação mostrada, soltando o ar na fase de maior contração. Retorne lentamente, sem usar impulso do pescoço ou dos braços.","Abdômen/Core","Sem aparelhos | Casa","Abdômen/Core","","Musculação","Sem aparelhos","Casa","Iniciante","gifs/abdominais/Puxada de perna em joelhos.gif","https://raw.githubusercontent.com/brunofs3221/fortyn-exercise-media-extra/main/gifs/abdominais/Puxada%20de%20perna%20em%20joelhos.gif","C:\Users\bruno\Downloads\Exercicios renomeados\Abdominal reverso com joelhos flexionados","MIGRADO_FONTE_REVISADA"
"media_778fb269361f3b48d3e3","Abdominal rollout com roda","Abdominal rollout com roda","Ajoelhe-se e apoie as mãos na roda, barra ou bola indicada. Contraia abdômen e glúteos e deslize o apoio para a frente, mantendo o tronco firme e evitando arquear a lombar. Vá até a amplitude que consegue controlar e puxe o apoio de volta para retornar.","Abdômen/Core","Sem aparelhos | Casa","Abdômen/Core","","Musculação","Sem aparelhos","Casa","Avançado","gifs/abdominais/Twist down up with resistance band.gif","https://raw.githubusercontent.com/brunofs3221/fortyn-exercise-media-extra/main/gifs/abdominais/Twist%20down%20up%20with%20resistance%20band.gif","C:\Users\bruno\Downloads\Exercicios renomeados\Abdominal rollout com roda","MIGRADO_FONTE_REVISADA"
"media_4a66fc38f22062eed68d","Abdominal sapo","Abdominal sapo","Mantenha o abdômen contraído e a lombar controlada. Aproxime tronco e pernas conforme a variação mostrada, soltando o ar na fase de maior contração. Retorne lentamente, sem usar impulso do pescoço ou dos braços.","Abdômen/Core","Sem aparelhos | Casa","Abdômen/Core","","Musculação","Sem aparelhos","Casa","Iniciante","gifs/abdominais/Abdominal de sapo.gif","https://raw.githubusercontent.com/brunofs3221/fortyn-exercise-media-extra/main/gifs/abdominais/Abdominal%20de%20sapo.gif","C:\Users\bruno\Downloads\Exercicios renomeados\Abdominal sapo","MIGRADO_FONTE_REVISADA"
"media_0e463aeb4158497e2760","Abdominal sapo com bola suíça","Abdominal sapo com bola suíça","Mantenha o abdômen contraído e a lombar controlada. Aproxime tronco e pernas conforme a variação mostrada, soltando o ar na fase de maior contração. Retorne lentamente, sem usar impulso do pescoço ou dos braços.","Abdômen/Core","Bola | Academia","Abdômen/Core","","Musculação","Bola","Academia","Intermediário","gifs/Exercícios sem marca d'água/Exercício bola sapo crunch.gif","https://raw.githubusercontent.com/brunofs3221/fortyn-exercise-media-extra/main/gifs/Exerc%C3%ADcios%20sem%20marca%20d'%C3%A1gua/Exerc%C3%ADcio%20bola%20sapo%20crunch.gif","C:\Users\bruno\Downloads\Exercicios renomeados\Abdominal sapo com bola suíça","MIGRADO_FONTE_REVISADA"
"media_2ed9b37f91fcf7352ff4","Abdominal sentado na máquina","Abdominal sentado na máquina","Mantenha o abdômen contraído e a lombar controlada. Aproxime tronco e pernas conforme a variação mostrada, soltando o ar na fase de maior contração. Retorne lentamente, sem usar impulso do pescoço ou dos braços.","Abdômen/Core","Máquina | Academia","Abdômen/Core","","Musculação","Máquina","Academia","Iniciante","gifs/abdominais/Sentado ab abdominal na máquina.gif","https://raw.githubusercontent.com/brunofs3221/fortyn-exercise-media-extra/main/gifs/abdominais/Sentado%20ab%20abdominal%20na%20m%C3%A1quina.gif","C:\Users\bruno\Downloads\Exercicios renomeados\Abdominal sentado na máquina","MIGRADO_FONTE_REVISADA"
"media_07e6c47d16c3f6e3f7e0","Abdominal sentado no banco","Abdominal sentado no banco","Mantenha o abdômen contraído e a lombar controlada. Aproxime tronco e pernas conforme a variação mostrada, soltando o ar na fase de maior contração. Retorne lentamente, sem usar impulso do pescoço ou dos braços.","Abdômen/Core","Banco | Academia","Abdômen/Core","","Musculação","Banco","Academia","Intermediário","gifs/abdominais/Twist with resistance band.gif","https://raw.githubusercontent.com/brunofs3221/fortyn-exercise-media-extra/main/gifs/abdominais/Twist%20with%20resistance%20band.gif","C:\Users\bruno\Downloads\Exercicios renomeados\Abdominal sentado no banco","MIGRADO_FONTE_REVISADA"
"media_3a8f978b55666bbe6872","Abdominal sentado no banco com joelhos ao peito","Abdominal sentado no banco com joelhos ao peito","Mantenha o abdômen contraído e a lombar controlada. Aproxime tronco e pernas conforme a variação mostrada, soltando o ar na fase de maior contração. Retorne lentamente, sem usar impulso do pescoço ou dos braços.","Abdômen/Core","Banco | Academia","Abdômen/Core","","Musculação","Banco","Academia","Intermediário","gifs/abdominais/Perna sentada no banco puxada para dentro.gif","https://raw.githubusercontent.com/brunofs3221/fortyn-exercise-media-extra/main/gifs/abdominais/Perna%20sentada%20no%20banco%20puxada%20para%20dentro.gif","","SEM_FONTE_REVISADA"
"media_cde3619970c8c5aa12cd","Abdominal sentado no banco com joelhos ao peito","Abdominal canivete sentado no banco","Mantenha o abdômen contraído e a lombar controlada. Aproxime tronco e pernas conforme a variação mostrada, soltando o ar na fase de maior contração. Retorne lentamente, sem usar impulso do pescoço ou dos braços.","Abdômen/Core","Banco | Academia","Abdômen/Core","","Musculação","Banco","Academia","Intermediário","gifs/Exercícios sem marca d'água/Perna sentada no banco puxada para dentro.gif","https://raw.githubusercontent.com/brunofs3221/fortyn-exercise-media-extra/main/gifs/Exerc%C3%ADcios%20sem%20marca%20d'%C3%A1gua/Perna%20sentada%20no%20banco%20puxada%20para%20dentro.gif","C:\Users\bruno\Downloads\Exercicios renomeados\Abdominal sentado no banco com joelhos ao peito","MIGRADO_FONTE_REVISADA"
"media_3879ff2698849b14e606","Abdominal tocando os pés","Abdominal tocando os pés","Deite-se de costas e mantenha as pernas elevadas. Contraia o abdômen para elevar os ombros e alcance os pés com as mãos, sem puxar o pescoço. Desça o tronco de forma controlada e repita mantendo as pernas estáveis.","Abdômen/Core","Sem aparelhos | Casa","Abdômen/Core","","Musculação","Sem aparelhos","Casa","Intermediário","gifs/abdominais/Abdominal de bicicleta.gif","https://raw.githubusercontent.com/brunofs3221/fortyn-exercise-media-extra/main/gifs/abdominais/Abdominal%20de%20bicicleta.gif","C:\Users\bruno\Downloads\Exercicios renomeados\Abdominal tocando os pés","MIGRADO_FONTE_REVISADA"
"media_90048a1103f0a4684dc6","Abdominal tradicional","Abdominal supra","Mantenha o abdômen contraído e a lombar controlada. Aproxime tronco e pernas conforme a variação mostrada, soltando o ar na fase de maior contração. Retorne lentamente, sem usar impulso do pescoço ou dos braços.","Abdômen/Core","Sem aparelhos | Casa","Abdômen/Core","","Musculação","Sem aparelhos","Casa","Iniciante","gifs/Exercícios sem marca d'água/Abdominais.gif","https://raw.githubusercontent.com/brunofs3221/fortyn-exercise-media-extra/main/gifs/Exerc%C3%ADcios%20sem%20marca%20d'%C3%A1gua/Abdominais.gif","C:\Users\bruno\Downloads\Exercicios renomeados\Abdominal tradicional","MIGRADO_FONTE_REVISADA"
"media_be0a52168e8a76f693c9","Abdominal um quarto","Abdominal curto","Mantenha o abdômen contraído e a lombar controlada. Aproxime tronco e pernas conforme a variação mostrada, soltando o ar na fase de maior contração. Retorne lentamente, sem usar impulso do pescoço ou dos braços.","Abdômen/Core","Sem aparelhos | Casa","Abdômen/Core","","Musculação","Sem aparelhos","Casa","Iniciante","gifs/Exercícios sem marca d'água/Um quarto sentado.gif","https://raw.githubusercontent.com/brunofs3221/fortyn-exercise-media-extra/main/gifs/Exerc%C3%ADcios%20sem%20marca%20d'%C3%A1gua/Um%20quarto%20sentado.gif","C:\Users\bruno\Downloads\Exercicios renomeados\Abdominal um quarto","MIGRADO_FONTE_REVISADA"
"media_7ef933091b77a7b8d22f","Abdominal V-up","Abdominal V-up","Mantenha o abdômen contraído e a lombar controlada. Aproxime tronco e pernas conforme a variação mostrada, soltando o ar na fase de maior contração. Retorne lentamente, sem usar impulso do pescoço ou dos braços.","Abdômen/Core","Sem aparelhos | Casa","Abdômen/Core","","Musculação","Sem aparelhos","Casa","Intermediário","gifs/abdominais/Dobra crocante.gif","https://raw.githubusercontent.com/brunofs3221/fortyn-exercise-media-extra/main/gifs/abdominais/Dobra%20crocante.gif","C:\Users\bruno\Downloads\Exercicios renomeados\Abdominal V-up","MIGRADO_FONTE_REVISADA"
"media_5e580b9122697884ca0b","Abdominal V-up com bola suíça","Abdominal canivete com bola suíça","Mantenha o abdômen contraído e a lombar controlada. Aproxime tronco e pernas conforme a variação mostrada, soltando o ar na fase de maior contração. Retorne lentamente, sem usar impulso do pescoço ou dos braços.","Abdômen/Core","Bola | Academia","Abdômen/Core","","Musculação","Bola","Academia","Avançado","gifs/Exercícios sem marca d'água/Bola suíça v up.gif","https://raw.githubusercontent.com/brunofs3221/fortyn-exercise-media-extra/main/gifs/Exerc%C3%ADcios%20sem%20marca%20d'%C3%A1gua/Bola%20su%C3%AD%C3%A7a%20v%20up.gif","C:\Users\bruno\Downloads\Exercicios renomeados\Abdominal V-up com bola suíça","MIGRADO_FONTE_REVISADA"
"media_77369d3e940283d271f4","Abdominal V-up com halteres","Abdominal V com halteres","Mantenha o abdômen contraído e a lombar controlada. Aproxime tronco e pernas conforme a variação mostrada, soltando o ar na fase de maior contração. Retorne lentamente, sem usar impulso do pescoço ou dos braços.","Abdômen/Core","Halteres | Academia","Abdômen/Core","","Musculação","Halteres","Academia","Avançado","gifs/Exercícios sem marca d'água/Haltere v para cima.gif","https://raw.githubusercontent.com/brunofs3221/fortyn-exercise-media-extra/main/gifs/Exerc%C3%ADcios%20sem%20marca%20d'%C3%A1gua/Haltere%20v%20para%20cima.gif","C:\Users\bruno\Downloads\Exercicios renomeados\Abdominal V-up com halteres","MIGRADO_FONTE_REVISADA"
"media_31024f8c4102dcbeb163","Abdução de quadril deitado com elástico","Abdução de quadril deitado com elástico","Estabilize o tronco e a pelve antes de mover a perna. Execute a extensão ou abertura do quadril mostrada sem girar o corpo para ganhar amplitude. Contraia o glúteo no final e retorne lentamente.","Glúteos","Elástico | Quadril | Academia","Glúteos","Quadril","Musculação","Elástico","Academia","Iniciante","gifs/Exercícios sem marca d'água/Crucifixo da coxa com elástico.gif","https://raw.githubusercontent.com/brunofs3221/fortyn-exercise-media-extra/main/gifs/Exerc%C3%ADcios%20sem%20marca%20d'%C3%A1gua/Crucifixo%20da%20coxa%20com%20el%C3%A1stico.gif","C:\Users\bruno\Downloads\Exercicios renomeados\Abdução de quadril deitado com elástico","MIGRADO_FONTE_REVISADA"
"media_64712606087f7ed7e202","Abdução de quadril deitado com elástico - variação 2","Abdução de quadril deitada com miniband","Estabilize o tronco e a pelve antes de mover a perna. Execute a extensão ou abertura do quadril mostrada sem girar o corpo para ganhar amplitude. Contraia o glúteo no final e retorne lentamente.","Glúteos","Elástico | Quadril | Academia","Glúteos","Quadril","Musculação","Elástico","Academia","Iniciante","gifs/Exercícios sem marca d'água/Levantamento de perna deitado lateralmente.gif","https://raw.githubusercontent.com/brunofs3221/fortyn-exercise-media-extra/main/gifs/Exerc%C3%ADcios%20sem%20marca%20d'%C3%A1gua/Levantamento%20de%20perna%20deitado%20lateralmente.gif","C:\Users\bruno\Downloads\Exercicios renomeados\Abdução de quadril deitado com elástico - variação 2","MIGRADO_FONTE_REVISADA"
"media_93e74d3d0efd58646aee","Abdução de quadril em concha","Abdução de quadril em concha","Estabilize o tronco e a pelve antes de mover a perna. Execute a extensão ou abertura do quadril mostrada sem girar o corpo para ganhar amplitude. Contraia o glúteo no final e retorne lentamente.","Glúteos","Quadril | Sem aparelhos | Casa","Glúteos","Quadril","Musculação","Sem aparelhos","Casa","Iniciante","gifs/Exercícios sem marca d'água/Abdução de quadril em concha.gif","https://raw.githubusercontent.com/brunofs3221/fortyn-exercise-media-extra/main/gifs/Exerc%C3%ADcios%20sem%20marca%20d'%C3%A1gua/Abdu%C3%A7%C3%A3o%20de%20quadril%20em%20concha.gif","C:\Users\bruno\Downloads\Exercicios renomeados\Abdução de quadril em concha","MIGRADO_FONTE_REVISADA"
"media_708ff7631e6dc8a55607","Abdução de quadril em concha com elástico","Abdução de quadril em concha com elástico","Estabilize o tronco e a pelve antes de mover a perna. Execute a extensão ou abertura do quadril mostrada sem girar o corpo para ganhar amplitude. Contraia o glúteo no final e retorne lentamente.","Glúteos","Elástico | Quadril | Academia","Glúteos","Quadril","Musculação","Elástico","Academia","Iniciante","gifs/Exercícios sem marca d'água/Abdução de quadril em concha com elástico.gif","https://raw.githubusercontent.com/brunofs3221/fortyn-exercise-media-extra/main/gifs/Exerc%C3%ADcios%20sem%20marca%20d'%C3%A1gua/Abdu%C3%A7%C3%A3o%20de%20quadril%20em%20concha%20com%20el%C3%A1stico.gif","C:\Users\bruno\Downloads\Exercicios renomeados\Abdução de quadril em concha com elástico","MIGRADO_FONTE_REVISADA"
"media_3c4b654f94e7660ab52b","Abdução de quadril em pé","Abdução de quadril em pé","Estabilize o tronco e a pelve antes de mover a perna. Execute a extensão ou abertura do quadril mostrada sem girar o corpo para ganhar amplitude. Contraia o glúteo no final e retorne lentamente.","Glúteos","Quadril | Sem aparelhos | Casa","Glúteos","Quadril","Musculação","Sem aparelhos","Casa","Iniciante","gifs/Exercícios sem marca d'água/Abdução de quadril em pé.gif","https://raw.githubusercontent.com/brunofs3221/fortyn-exercise-media-extra/main/gifs/Exerc%C3%ADcios%20sem%20marca%20d'%C3%A1gua/Abdu%C3%A7%C3%A3o%20de%20quadril%20em%20p%C3%A9.gif","C:\Users\bruno\Downloads\Exercicios renomeados\Abdução de quadril em pé","MIGRADO_FONTE_REVISADA"
"media_b52fc545a36b7e8ac387","Abdução de quadril em pé com elástico","Abdução de quadril em pé com elástico","Coloque o elástico na posição mostrada e mantenha o tronco estável. Afaste a perna lateralmente contra a resistência sem inclinar o corpo. Retorne lentamente e mantenha o pé e o joelho apontados para a frente.","Glúteos","Elástico | Casa","Glúteos","","Musculação","Elástico","Casa","Iniciante","gifs/glúteos/Abdução de quadril em pé - Variação 2.gif","https://raw.githubusercontent.com/brunofs3221/fortyn-exercise-media-extra/main/gifs/gl%C3%BAteos/Abdu%C3%A7%C3%A3o%20de%20quadril%20em%20p%C3%A9%20-%20Varia%C3%A7%C3%A3o%202.gif","C:\Users\bruno\Downloads\Exercicios renomeados\Abdução de quadril em pé com elástico","MIGRADO_FONTE_REVISADA"
"media_b262a3787323c079228f","Abdução de quadril em pé na máquina","Abdução de quadril em pé na máquina","Estabilize o tronco e a pelve antes de mover a perna. Execute a extensão ou abertura do quadril mostrada sem girar o corpo para ganhar amplitude. Contraia o glúteo no final e retorne lentamente.","Glúteos","Máquina | Quadril | Academia","Glúteos","Quadril","Musculação","Máquina","Academia","Iniciante","gifs/Exercícios sem marca d'água/Abdução do quadril no lado na máquina.gif","https://raw.githubusercontent.com/brunofs3221/fortyn-exercise-media-extra/main/gifs/Exerc%C3%ADcios%20sem%20marca%20d'%C3%A1gua/Abdu%C3%A7%C3%A3o%20do%20quadril%20no%20lado%20na%20m%C3%A1quina.gif","C:\Users\bruno\Downloads\Exercicios renomeados\Abdução de quadril em pé na máquina","MIGRADO_FONTE_REVISADA"
"media_c7f1b000d73f3220a3fb","Abdução de quadril em pé na polia","Abdução de quadril em pé na polia","Fique em pé ao lado da polia com a tornozeleira presa à perna de trabalho e segure um apoio. Leve a perna lateralmente para longe do corpo sem inclinar o tronco. Retorne devagar até a posição inicial mantendo a pelve estável.","Abdutores","Glúteos | Polia/Cabo | Academia","Abdutores","Glúteos","Musculação","Polia/Cabo","Academia","Iniciante","gifs/perna/Corrida - Variação 2.gif","https://raw.githubusercontent.com/brunofs3221/fortyn-exercise-media-extra/main/gifs/perna/Corrida%20-%20Varia%C3%A7%C3%A3o%202.gif","C:\Users\bruno\Downloads\Exercicios renomeados\Abdução de quadril em pé na polia","MIGRADO_FONTE_REVISADA"
"media_447a9f38e00f1ea93d14","Abdução de quadril na máquina","Abdução de quadril na máquina","Estabilize o tronco e a pelve antes de mover a perna. Execute a extensão ou abertura do quadril mostrada sem girar o corpo para ganhar amplitude. Contraia o glúteo no final e retorne lentamente.","Glúteos","Máquina | Quadril | Academia","Glúteos","Quadril","Musculação","Máquina","Academia","Iniciante","gifs/Exercícios sem marca d'água/Máquina de abdução de quadril.gif","https://raw.githubusercontent.com/brunofs3221/fortyn-exercise-media-extra/main/gifs/Exerc%C3%ADcios%20sem%20marca%20d'%C3%A1gua/M%C3%A1quina%20de%20abdu%C3%A7%C3%A3o%20de%20quadril.gif","C:\Users\bruno\Downloads\Exercicios renomeados\Abdução de quadril na máquina","MIGRADO_FONTE_REVISADA"
"media_460afc167576f2dd8ffa","Abdução de quadril na máquina","Abdução de quadril na máquina","Sente-se na máquina com a coluna apoiada e os joelhos posicionados nos apoios. Abra as pernas contra a resistência até a amplitude confortável, mantendo a pelve estável. Retorne lentamente sem deixar as placas baterem.","Glúteos","Máquina | Academia","Glúteos","","Musculação","Máquina","Academia","Iniciante","gifs/glúteos/Máquina de abdução de quadril.gif","https://raw.githubusercontent.com/brunofs3221/fortyn-exercise-media-extra/main/gifs/gl%C3%BAteos/M%C3%A1quina%20de%20abdu%C3%A7%C3%A3o%20de%20quadril.gif","","SEM_FONTE_REVISADA"
"media_27df1a90dcf13f06dcc9","Abdução de quadril na polia","","Exercício unilateral em que a tornozeleira ligada à polia baixa resiste ao afastamento da perna em relação à linha média do corpo. O glúteo médio e o glúteo mínimo são os principais responsáveis pela abdução, enquanto o tronco e a perna de apoio estabilizam a pelve.","Glúteos","polia baixa | tornozeleira | academia","Glúteos","","Musculação","polia baixa | tornozeleira","academia","","gifs/glúteos/Abdução de quadril por cabo.gif","https://raw.githubusercontent.com/brunofs3221/fortyn-exercise-media-extra/main/gifs/gl%C3%BAteos/Abdu%C3%A7%C3%A3o%20de%20quadril%20por%20cabo.gif","","SEM_FONTE_REVISADA"
"media_12ac4d5b2a0e64e06f1e","Abdução de quadril por cabo","Abdução de quadril na polia","Estabilize o tronco e a pelve antes de mover a perna. Execute a extensão ou abertura do quadril mostrada sem girar o corpo para ganhar amplitude. Contraia o glúteo no final e retorne lentamente.","Glúteos","Polia/Cabo | Quadril | Academia","Glúteos","Quadril","Musculação","Polia/Cabo","Academia","Iniciante","gifs/Exercícios sem marca d'água/Abdução de quadril por cabo.gif","https://raw.githubusercontent.com/brunofs3221/fortyn-exercise-media-extra/main/gifs/Exerc%C3%ADcios%20sem%20marca%20d'%C3%A1gua/Abdu%C3%A7%C3%A3o%20de%20quadril%20por%20cabo.gif","C:\Users\bruno\Downloads\Exercicios renomeados\Abdução de quadril por cabo","MIGRADO_FONTE_REVISADA"
"media_a22936611fd69af56158","Abdução de quadril sentado com elástico","Abdução de quadril sentado com elástico","Estabilize o tronco e a pelve antes de mover a perna. Execute a extensão ou abertura do quadril mostrada sem girar o corpo para ganhar amplitude. Contraia o glúteo no final e retorne lentamente.","Glúteos","Elástico | Quadril | Academia","Glúteos","Quadril","Musculação","Elástico","Academia","Iniciante","gifs/Exercícios sem marca d'água/Abdução de quadril sentado com elástico.gif","https://raw.githubusercontent.com/brunofs3221/fortyn-exercise-media-extra/main/gifs/Exerc%C3%ADcios%20sem%20marca%20d'%C3%A1gua/Abdu%C3%A7%C3%A3o%20de%20quadril%20sentado%20com%20el%C3%A1stico.gif","C:\Users\bruno\Downloads\Exercicios renomeados\Abdução de quadril sentado com elástico","MIGRADO_FONTE_REVISADA"
"media_877fec69edcc64c77919","Abertura de ombros com elástico","Abertura com elástico","Mantenha o tronco firme e execute Abertura de ombros com elástico movendo os braços pela trajetória mostrada. Evite balanço e elevação excessiva dos ombros e controle a fase de retorno.","Ombros","Elástico | Academia","Ombros","","Musculação","Elástico","Academia","Iniciante","gifs/Exercícios sem marca d'água/Elástico se separar.gif","https://raw.githubusercontent.com/brunofs3221/fortyn-exercise-media-extra/main/gifs/Exerc%C3%ADcios%20sem%20marca%20d'%C3%A1gua/El%C3%A1stico%20se%20separar.gif","C:\Users\bruno\Downloads\Exercicios renomeados\Abertura de ombros com elástico","MIGRADO_FONTE_REVISADA"
"media_9f35291f6339ed5dd6bd","Abraços de joelho em pé","Abraço de joelho em pé","Assuma a posição inicial de Abraços de joelho em pé, estabilize o tronco e execute o movimento mostrado de forma coordenada. Use uma amplitude que consiga controlar, evite impulso desnecessário e retorne à posição inicial antes da repetição seguinte.","Corpo inteiro","Sem aparelhos | Casa","Corpo inteiro","","Musculação","Sem aparelhos","Casa","Iniciante","gifs/Exercícios sem marca d'água/Abraços de joelho em pé.gif","https://raw.githubusercontent.com/brunofs3221/fortyn-exercise-media-extra/main/gifs/Exerc%C3%ADcios%20sem%20marca%20d'%C3%A1gua/Abra%C3%A7os%20de%20joelho%20em%20p%C3%A9.gif","C:\Users\bruno\Downloads\Exercicios renomeados\Abraços de joelho em pé","MIGRADO_FONTE_REVISADA"
"media_2ef552cd5c5cbf18f018","Adução de quadril na máquina","Cadeira adutora","Estabilize o tronco e a pelve e mova a perna no sentido mostrado em Adução de quadril na máquina. Faça a adução, rotação ou flexão do quadril sem inclinar o corpo para ganhar amplitude e retorne lentamente à posição inicial.","Quadril","Máquina | Academia","Quadril","","Musculação","Máquina","Academia","Iniciante","gifs/Exercícios sem marca d'água/Máquina de adução de quadril.gif","https://raw.githubusercontent.com/brunofs3221/fortyn-exercise-media-extra/main/gifs/Exerc%C3%ADcios%20sem%20marca%20d'%C3%A1gua/M%C3%A1quina%20de%20adu%C3%A7%C3%A3o%20de%20quadril.gif","C:\Users\bruno\Downloads\Exercicios renomeados\Adução de quadril na máquina","MIGRADO_FONTE_REVISADA"
"media_7cda2e76df3a35c0c190","Adução de quadril por cabo","Adução de quadril na polia","Estabilize o tronco e a pelve e mova a perna no sentido mostrado em Adução de quadril por cabo. Faça a adução, rotação ou flexão do quadril sem inclinar o corpo para ganhar amplitude e retorne lentamente à posição inicial.","Quadril","Polia/Cabo | Academia","Quadril","","Musculação","Polia/Cabo","Academia","Iniciante","gifs/Exercícios sem marca d'água/Adução de quadril por cabo.gif","https://raw.githubusercontent.com/brunofs3221/fortyn-exercise-media-extra/main/gifs/Exerc%C3%ADcios%20sem%20marca%20d'%C3%A1gua/Adu%C3%A7%C3%A3o%20de%20quadril%20por%20cabo.gif","C:\Users\bruno\Downloads\Exercicios renomeados\Adução de quadril por cabo","MIGRADO_FONTE_REVISADA"
"media_a3383043964927e80f3b","Adução do quadril no lado na máquina","Adução de quadril em pé na máquina","Assuma a posição inicial de Adução do quadril no lado na máquina, estabilize o tronco e execute o movimento mostrado de forma coordenada. Use uma amplitude que consiga controlar, evite impulso desnecessário e retorne à posição inicial antes da repetição seguinte.","Corpo inteiro","Máquina | Academia","Corpo inteiro","","Musculação","Máquina","Academia","Iniciante","gifs/Exercícios sem marca d'água/Adução do quadril no lado na máquina.gif","https://raw.githubusercontent.com/brunofs3221/fortyn-exercise-media-extra/main/gifs/Exerc%C3%ADcios%20sem%20marca%20d'%C3%A1gua/Adu%C3%A7%C3%A3o%20do%20quadril%20no%20lado%20na%20m%C3%A1quina.gif","C:\Users\bruno\Downloads\Exercicios renomeados\Adução do quadril no lado na máquina","MIGRADO_FONTE_REVISADA"
"media_ca835c3df03be9182c98","Afundo com elástico","Afundo com elástico","Dê o passo ou assuma a base dividida mostrada e mantenha o tronco estável. Flexione os dois joelhos até a profundidade controlada, mantendo o joelho da frente alinhado ao pé. Empurre o chão com a perna da frente para retornar ou avançar para a próxima repetição.","Quadríceps","Elástico | Glúteos | Academia","Quadríceps","Glúteos","Musculação","Elástico","Academia","Intermediário","gifs/Exercícios sem marca d'água/exercicios_renomeados_pt_br/020_afundo_com_elastico.gif","https://raw.githubusercontent.com/brunofs3221/fortyn-exercise-media-extra/main/gifs/Exerc%C3%ADcios%20sem%20marca%20d'%C3%A1gua/exercicios_renomeados_pt_br/020_afundo_com_elastico.gif","C:\Users\bruno\Downloads\Exercicios renomeados\Afundo com elástico","MIGRADO_FONTE_REVISADA"
"media_3bb6b50ea066319d2dcc","Afundo cruzado com barra","Afundo cruzado com barra","Em pé com a carga estável, leve uma perna para trás cruzando-a atrás da outra. Flexione os joelhos e desça o quadril mantendo o tronco firme. Empurre o chão com a perna da frente para voltar e repita sem deixar o joelho perder o alinhamento.","Glúteos","Quadríceps | Abdutores | Barra","Glúteos","Quadríceps | Abdutores","Musculação","Barra","Academia","Intermediário","gifs/perna/Em pé cadeira extensora with resistance band - Variação 3.gif","https://raw.githubusercontent.com/brunofs3221/fortyn-exercise-media-extra/main/gifs/perna/Em%20p%C3%A9%20cadeira%20extensora%20with%20resistance%20band%20-%20Varia%C3%A7%C3%A3o%203.gif","C:\Users\bruno\Downloads\Exercicios renomeados\Afundo cruzado com barra","MIGRADO_FONTE_REVISADA"
"media_a814317a8b4b96beb327","Afundo cruzado com halter","Afundo cruzado com halter","Em pé com a carga estável, leve uma perna para trás cruzando-a atrás da outra. Flexione os joelhos e desça o quadril mantendo o tronco firme. Empurre o chão com a perna da frente para voltar e repita sem deixar o joelho perder o alinhamento.","Glúteos","Quadríceps | Abdutores | Halteres","Glúteos","Quadríceps | Abdutores","Musculação","Halteres","Academia | Casa","Intermediário","gifs/perna/Com barra curtsey avanço - Variação 2.gif","https://raw.githubusercontent.com/brunofs3221/fortyn-exercise-media-extra/main/gifs/perna/Com%20barra%20curtsey%20avan%C3%A7o%20-%20Varia%C3%A7%C3%A3o%202.gif","C:\Users\bruno\Downloads\Exercicios renomeados\Afundo cruzado com halter","MIGRADO_FONTE_REVISADA"
"media_6d941a848eb91bc3b607","Agachamento ATG unilateral","Agachamento unilateral profundo (ATG)","Posicione os pés firmes e mantenha o abdômen ativo. Leve o quadril para baixo enquanto os joelhos acompanham a direção dos pés. Desça até uma amplitude que preserve o controle e volte estendendo joelhos e quadril, mantendo o tronco estável.","Quadríceps","Glúteos | Sem aparelhos | Casa","Quadríceps","Glúteos","Musculação","Sem aparelhos","Casa","Intermediário","gifs/Exercícios sem marca d'água/Agachamento unilateral atg.gif","https://raw.githubusercontent.com/brunofs3221/fortyn-exercise-media-extra/main/gifs/Exerc%C3%ADcios%20sem%20marca%20d'%C3%A1gua/Agachamento%20unilateral%20atg.gif","C:\Users\bruno\Downloads\Exercicios renomeados\Agachamento ATG unilateral","MIGRADO_FONTE_REVISADA"
"media_d6d86026a6812e2c7072","Agachamento belt squat","Agachamento belt squat","Prenda o cinto à carga, mantenha os pés firmes e o tronco ereto. Flexione joelhos e quadris para agachar até a amplitude confortável, mantendo os joelhos alinhados aos pés. Empurre o chão para subir e finalize sem inclinar excessivamente o tronco.","Quadríceps","Glúteos | Máquina | Academia","Quadríceps","Glúteos","Musculação","Máquina","Academia","Intermediário","gifs/perna/Belt agachamento.gif","https://raw.githubusercontent.com/brunofs3221/fortyn-exercise-media-extra/main/gifs/perna/Belt%20agachamento.gif","C:\Users\bruno\Downloads\Exercicios renomeados\Agachamento belt squat","MIGRADO_FONTE_REVISADA"
"media_0171af930b5923a97fad","Agachamento búlgaro com barra","Agachamento búlgaro com barra","Posicione os pés firmes e mantenha o abdômen ativo. Leve o quadril para baixo enquanto os joelhos acompanham a direção dos pés. Desça até uma amplitude que preserve o controle e volte estendendo joelhos e quadril, mantendo o tronco estável.","Quadríceps","Barra | Glúteos | Academia","Quadríceps","Glúteos","Musculação","Barra","Academia","Avançado","gifs/Exercícios sem marca d'água/Agachamento búlgaro com barra.gif","https://raw.githubusercontent.com/brunofs3221/fortyn-exercise-media-extra/main/gifs/Exerc%C3%ADcios%20sem%20marca%20d'%C3%A1gua/Agachamento%20b%C3%BAlgaro%20com%20barra.gif","C:\Users\bruno\Downloads\Exercicios renomeados\Agachamento búlgaro com barra","MIGRADO_FONTE_REVISADA"
"media_9ec2a405b6e757d8957f","Agachamento búlgaro com barra","Agachamento búlgaro com barra","Apoie o peito do pé de trás no banco e mantenha a maior parte do peso na perna da frente. Flexione o joelho e o quadril da frente para descer verticalmente, mantendo o tronco firme. Empurre o chão para subir sem perder o alinhamento do joelho.","Quadríceps","Glúteos | Barra | Banco | Academia","Quadríceps","Glúteos","Musculação","Barra | Banco","Academia","Avançado","gifs/perna/Agachamento dividido búlgaro com barra.gif","https://raw.githubusercontent.com/brunofs3221/fortyn-exercise-media-extra/main/gifs/perna/Agachamento%20dividido%20b%C3%BAlgaro%20com%20barra.gif","","SEM_FONTE_REVISADA"
"media_6161f56d9be8008ff7f6","Agachamento búlgaro com halteres","Agachamento búlgaro com halteres","Apoie o peito do pé de trás no banco e mantenha a maior parte do peso na perna da frente. Flexione o joelho e o quadril da frente para descer verticalmente, mantendo o tronco firme. Empurre o chão para subir sem perder o alinhamento do joelho.","Quadríceps","Glúteos | Halteres | Banco | Academia | Casa","Quadríceps","Glúteos","Musculação","Halteres | Banco","Academia | Casa","Intermediário","gifs/perna/Agachamento dividido búlgaro com halteres.gif","https://raw.githubusercontent.com/brunofs3221/fortyn-exercise-media-extra/main/gifs/perna/Agachamento%20dividido%20b%C3%BAlgaro%20com%20halteres.gif","","SEM_FONTE_REVISADA"
"media_7da8b8027fd4a8bddf1e","Agachamento búlgaro com halteres","Agachamento búlgaro com halteres","Posicione os pés firmes e mantenha o abdômen ativo. Leve o quadril para baixo enquanto os joelhos acompanham a direção dos pés. Desça até uma amplitude que preserve o controle e volte estendendo joelhos e quadril, mantendo o tronco estável.","Quadríceps","Halteres | Glúteos | Academia","Quadríceps","Glúteos","Musculação","Halteres","Academia","Intermediário","gifs/Exercícios sem marca d'água/Agachamento búlgaro com halteres.gif","https://raw.githubusercontent.com/brunofs3221/fortyn-exercise-media-extra/main/gifs/Exerc%C3%ADcios%20sem%20marca%20d'%C3%A1gua/Agachamento%20b%C3%BAlgaro%20com%20halteres.gif","C:\Users\bruno\Downloads\Exercicios renomeados\Agachamento búlgaro com halteres","MIGRADO_FONTE_REVISADA"
"media_95d909e4b2fa7f05519b","Agachamento búlgaro com peso corporal","Agachamento búlgaro sem carga","Posicione os pés firmes e mantenha o abdômen ativo. Leve o quadril para baixo enquanto os joelhos acompanham a direção dos pés. Desça até uma amplitude que preserve o controle e volte estendendo joelhos e quadril, mantendo o tronco estável.","Quadríceps","Glúteos | Sem aparelhos | Casa","Quadríceps","Glúteos","Musculação","Sem aparelhos","Casa","Intermediário","gifs/Exercícios sem marca d'água/Agachamento búlgaro com peso corporal.gif","https://raw.githubusercontent.com/brunofs3221/fortyn-exercise-media-extra/main/gifs/Exerc%C3%ADcios%20sem%20marca%20d'%C3%A1gua/Agachamento%20b%C3%BAlgaro%20com%20peso%20corporal.gif","C:\Users\bruno\Downloads\Exercicios renomeados\Agachamento búlgaro com peso corporal","MIGRADO_FONTE_REVISADA"
"media_894cb9ea70d6cc338c49","Agachamento búlgaro com salto","Agachamento búlgaro com salto","Posicione os pés firmes e mantenha o abdômen ativo. Leve o quadril para baixo enquanto os joelhos acompanham a direção dos pés. Desça até uma amplitude que preserve o controle e volte estendendo joelhos e quadril, mantendo o tronco estável.","Quadríceps","Glúteos | Sem aparelhos | Casa","Quadríceps","Glúteos","Musculação","Sem aparelhos","Casa","Avançado","gifs/Exercícios sem marca d'água/Agachamento búlgaro e salto.gif","https://raw.githubusercontent.com/brunofs3221/fortyn-exercise-media-extra/main/gifs/Exerc%C3%ADcios%20sem%20marca%20d'%C3%A1gua/Agachamento%20b%C3%BAlgaro%20e%20salto.gif","C:\Users\bruno\Downloads\Exercicios renomeados\Agachamento búlgaro com salto","MIGRADO_FONTE_REVISADA"
"media_ca889a128e25892c02f4","Agachamento com barra","Agachamento com barra","Posicione os pés firmes e mantenha o abdômen ativo. Leve o quadril para baixo enquanto os joelhos acompanham a direção dos pés. Desça até uma amplitude que preserve o controle e volte estendendo joelhos e quadril, mantendo o tronco estável.","Quadríceps","Barra | Glúteos | Academia","Quadríceps","Glúteos","Musculação","Barra","Academia","Intermediário","gifs/Exercícios sem marca d'água/Agachamento com barra.gif","https://raw.githubusercontent.com/brunofs3221/fortyn-exercise-media-extra/main/gifs/Exerc%C3%ADcios%20sem%20marca%20d'%C3%A1gua/Agachamento%20com%20barra.gif","C:\Users\bruno\Downloads\Exercicios renomeados\Agachamento com barra","MIGRADO_FONTE_REVISADA"
"media_892279af90fc558ba61e","Agachamento com barra acima da cabeça","Agachamento overhead com barra","Posicione os pés firmes e mantenha o abdômen ativo. Leve o quadril para baixo enquanto os joelhos acompanham a direção dos pés. Desça até uma amplitude que preserve o controle e volte estendendo joelhos e quadril, mantendo o tronco estável.","Quadríceps","Barra | Glúteos | Academia","Quadríceps","Glúteos","Musculação","Barra","Academia","Avançado","gifs/Exercícios sem marca d'água/Agachamento aéreo.gif","https://raw.githubusercontent.com/brunofs3221/fortyn-exercise-media-extra/main/gifs/Exerc%C3%ADcios%20sem%20marca%20d'%C3%A1gua/Agachamento%20a%C3%A9reo.gif","C:\Users\bruno\Downloads\Exercicios renomeados\Agachamento com barra acima da cabeça","MIGRADO_FONTE_REVISADA"
"media_777e48bfd6407d6d31b9","Agachamento com desenvolvimento landmine","Agachamento com desenvolvimento no landmine","Comece com as mãos ou a carga na altura apropriada dos ombros e mantenha o abdômen ativo. Empurre para cima até estender os braços com controle. Desça de volta sem deixar os ombros subirem excessivamente em direção às orelhas.","Ombros","Barra | Tríceps | Academia","Ombros","Tríceps","Musculação","Barra","Academia","Intermediário","gifs/Exercícios sem marca d'água/Desenvolvimento landmine.gif","https://raw.githubusercontent.com/brunofs3221/fortyn-exercise-media-extra/main/gifs/Exerc%C3%ADcios%20sem%20marca%20d'%C3%A1gua/Desenvolvimento%20landmine.gif","C:\Users\bruno\Downloads\Exercicios renomeados\Agachamento com desenvolvimento landmine","MIGRADO_FONTE_REVISADA"
"media_70496d9ffaae3087b483","Agachamento com elástico e barra","Agachamento com barra e elástico","Posicione os pés firmes e mantenha o abdômen ativo. Leve o quadril para baixo enquanto os joelhos acompanham a direção dos pés. Desça até uma amplitude que preserve o controle e volte estendendo joelhos e quadril, mantendo o tronco estável.","Quadríceps","Elástico | Glúteos | Academia","Quadríceps","Glúteos","Musculação","Elástico","Academia","Intermediário","gifs/Exercícios sem marca d'água/exercicios_renomeados_pt_br/017_agachamento_com_elastico_e_barra.gif","https://raw.githubusercontent.com/brunofs3221/fortyn-exercise-media-extra/main/gifs/Exerc%C3%ADcios%20sem%20marca%20d'%C3%A1gua/exercicios_renomeados_pt_br/017_agachamento_com_elastico_e_barra.gif","C:\Users\bruno\Downloads\Exercicios renomeados\Agachamento com elástico e barra","MIGRADO_FONTE_REVISADA"
"media_ee37945b37f1c70954a5","Agachamento com elevação de panturrilhas","Agachamento com elevação de panturrilhas","Apoie a parte da frente dos pés com firmeza e mantenha os tornozelos alinhados. Eleve os calcanhares o máximo que conseguir sem perder o equilíbrio. Contraia a panturrilha no topo e desça lentamente até a posição inicial.","Panturrilhas","Sem aparelhos | Casa","Panturrilhas","","Musculação","Sem aparelhos","Casa","Iniciante","gifs/Exercícios sem marca d'água/Agachamento, sustentação, panturrilha.gif","https://raw.githubusercontent.com/brunofs3221/fortyn-exercise-media-extra/main/gifs/Exerc%C3%ADcios%20sem%20marca%20d'%C3%A1gua/Agachamento%2C%20sustenta%C3%A7%C3%A3o%2C%20panturrilha.gif","C:\Users\bruno\Downloads\Exercicios renomeados\Agachamento com elevação de panturrilhas","MIGRADO_FONTE_REVISADA"
"media_16defae79c9e3609564b","Agachamento com peso corporal","Agachamento com peso corporal","Fique em pé com os pés em posição confortável. Leve o quadril para trás e flexione os joelhos para agachar mantendo o peito aberto e os joelhos acompanhando a direção dos pés. Empurre o chão para voltar em pé sem usar impulso.","Quadríceps","Glúteos | Sem aparelhos | Casa","Quadríceps","Glúteos","Musculação","Sem aparelhos","Casa","Iniciante","gifs/perna/Hackear agachamento de panturrilha - Variação 2.gif","https://raw.githubusercontent.com/brunofs3221/fortyn-exercise-media-extra/main/gifs/perna/Hackear%20agachamento%20de%20panturrilha%20-%20Varia%C3%A7%C3%A3o%202.gif","C:\Users\bruno\Downloads\Exercicios renomeados\Agachamento com peso corporal","MIGRADO_FONTE_REVISADA"
"media_18470f2c32d3b7a61a9d","Agachamento com salto","","Movimento pliométrico no qual o praticante realiza um agachamento e projeta o corpo verticalmente, aterrissando de forma amortecida para iniciar a repetição seguinte. A imagem não corresponde ao nome de arquivo que menciona círculos de punho.","Glúteos","peso corporal","Glúteos","","Musculação","peso corporal","","","gifs/Wrist circles alongamento.gif","https://raw.githubusercontent.com/brunofs3221/fortyn-exercise-media-extra/main/gifs/Wrist%20circles%20alongamento.gif","","SEM_FONTE_REVISADA"
"media_2aa40389276b9b58f83f","Agachamento com salto","Agachamento com salto","Posicione os pés firmes e mantenha o abdômen ativo. Leve o quadril para baixo enquanto os joelhos acompanham a direção dos pés. Desça até uma amplitude que preserve o controle e volte estendendo joelhos e quadril, mantendo o tronco estável.","Quadríceps","Glúteos | Sem aparelhos | Casa","Quadríceps","Glúteos","Musculação","Sem aparelhos","Casa","Intermediário","gifs/Exercícios sem marca d'água/Agachamento com salto.gif","https://raw.githubusercontent.com/brunofs3221/fortyn-exercise-media-extra/main/gifs/Exerc%C3%ADcios%20sem%20marca%20d'%C3%A1gua/Agachamento%20com%20salto.gif","C:\Users\bruno\Downloads\Exercicios renomeados\Agachamento com salto","MIGRADO_FONTE_REVISADA"
"media_5e86e9246ef52954ff49","Agachamento com salto com halteres","Agachamento com salto e halteres","Posicione os pés firmes e mantenha o abdômen ativo. Leve o quadril para baixo enquanto os joelhos acompanham a direção dos pés. Desça até uma amplitude que preserve o controle e volte estendendo joelhos e quadril, mantendo o tronco estável.","Quadríceps","Halteres | Glúteos | Academia","Quadríceps","Glúteos","Musculação","Halteres","Academia","Avançado","gifs/Exercícios sem marca d'água/Agachamento com salto com halteres.gif","https://raw.githubusercontent.com/brunofs3221/fortyn-exercise-media-extra/main/gifs/Exerc%C3%ADcios%20sem%20marca%20d'%C3%A1gua/Agachamento%20com%20salto%20com%20halteres.gif","C:\Users\bruno\Downloads\Exercicios renomeados\Agachamento com salto com halteres","MIGRADO_FONTE_REVISADA"
"media_c331bce709f4bc3ca5f3","Agachamento com salto partindo de joelhos","Agachamento com salto ajoelhado","Posicione os pés firmes e mantenha o abdômen ativo. Leve o quadril para baixo enquanto os joelhos acompanham a direção dos pés. Desça até uma amplitude que preserve o controle e volte estendendo joelhos e quadril, mantendo o tronco estável.","Quadríceps","Glúteos | Sem aparelhos | Casa","Quadríceps","Glúteos","Musculação","Sem aparelhos","Casa","Avançado","gifs/Exercícios sem marca d'água/Agachamento com salto ajoelhado.gif","https://raw.githubusercontent.com/brunofs3221/fortyn-exercise-media-extra/main/gifs/Exerc%C3%ADcios%20sem%20marca%20d'%C3%A1gua/Agachamento%20com%20salto%20ajoelhado.gif","C:\Users\bruno\Downloads\Exercicios renomeados\Agachamento com salto partindo de joelhos","MIGRADO_FONTE_REVISADA"
"media_cd968538bcca8e7f7095","Agachamento com salto usando barra hexagonal","Agachamento com salto usando barra hexagonal","Segure a barra hexagonal com os pés firmes dentro dela. Flexione joelhos e quadris como em um agachamento e, em seguida, estenda as pernas de forma explosiva para saltar. Aterrisse suavemente, absorva o impacto com joelhos e quadris e só então inicie a próxima repetição.","Quadríceps","Glúteos | Barra | Cardio","Quadríceps","Glúteos","Cardio","Barra","Academia","Avançado","gifs/perna/Trap bar jump agachamento.gif","https://raw.githubusercontent.com/brunofs3221/fortyn-exercise-media-extra/main/gifs/perna/Trap%20bar%20jump%20agachamento.gif","C:\Users\bruno\Downloads\Exercicios renomeados\Agachamento com salto usando barra hexagonal","MIGRADO_FONTE_REVISADA"
"media_6d2d5f55988dfe0c0214","Agachamento cossaco","Agachamento cossaco","Posicione os pés firmes e mantenha o abdômen ativo. Leve o quadril para baixo enquanto os joelhos acompanham a direção dos pés. Desça até uma amplitude que preserve o controle e volte estendendo joelhos e quadril, mantendo o tronco estável.","Quadríceps","Glúteos | Sem aparelhos | Casa","Quadríceps","Glúteos","Musculação","Sem aparelhos","Casa","Intermediário","gifs/Exercícios sem marca d'água/Agachamento cossaco.gif","https://raw.githubusercontent.com/brunofs3221/fortyn-exercise-media-extra/main/gifs/Exerc%C3%ADcios%20sem%20marca%20d'%C3%A1gua/Agachamento%20cossaco.gif","C:\Users\bruno\Downloads\Exercicios renomeados\Agachamento cossaco","MIGRADO_FONTE_REVISADA"
"media_515f470fc5893566f881","Agachamento dividido sem peso","Afundo alternado","Posicione os pés firmes e mantenha o abdômen ativo. Leve o quadril para baixo enquanto os joelhos acompanham a direção dos pés. Desça até uma amplitude que preserve o controle e volte estendendo joelhos e quadril, mantendo o tronco estável.","Quadríceps","Glúteos | Sem aparelhos | Casa","Quadríceps","Glúteos","Musculação","Sem aparelhos","Casa","Iniciante","gifs/Exercícios sem marca d'água/Agachamento unilateral.gif","https://raw.githubusercontent.com/brunofs3221/fortyn-exercise-media-extra/main/gifs/Exerc%C3%ADcios%20sem%20marca%20d'%C3%A1gua/Agachamento%20unilateral.gif","C:\Users\bruno\Downloads\Exercicios renomeados\Agachamento dividido sem peso","MIGRADO_FONTE_REVISADA"
"media_68a2a250a1a499f0708a","Agachamento em reverência","Agachamento curtsy alternado","Posicione os pés firmes e mantenha o abdômen ativo. Leve o quadril para baixo enquanto os joelhos acompanham a direção dos pés. Desça até uma amplitude que preserve o controle e volte estendendo joelhos e quadril, mantendo o tronco estável.","Quadríceps","Glúteos | Sem aparelhos | Casa","Quadríceps","Glúteos","Musculação","Sem aparelhos","Casa","Intermediário","gifs/Exercícios sem marca d'água/Agachamento em reverência.gif","https://raw.githubusercontent.com/brunofs3221/fortyn-exercise-media-extra/main/gifs/Exerc%C3%ADcios%20sem%20marca%20d'%C3%A1gua/Agachamento%20em%20rever%C3%AAncia.gif","C:\Users\bruno\Downloads\Exercicios renomeados\Agachamento em reverência","MIGRADO_FONTE_REVISADA"
"media_e494852cbe69f732e2e7","Agachamento frontal","Agachamento frontal com barra","Posicione os pés firmes e mantenha o abdômen ativo. Leve o quadril para baixo enquanto os joelhos acompanham a direção dos pés. Desça até uma amplitude que preserve o controle e volte estendendo joelhos e quadril, mantendo o tronco estável.","Quadríceps","Glúteos | Sem aparelhos | Casa","Quadríceps","Glúteos","Musculação","Sem aparelhos","Casa","Avançado","gifs/Exercícios sem marca d'água/Agachamento frontal.gif","https://raw.githubusercontent.com/brunofs3221/fortyn-exercise-media-extra/main/gifs/Exerc%C3%ADcios%20sem%20marca%20d'%C3%A1gua/Agachamento%20frontal.gif","C:\Users\bruno\Downloads\Exercicios renomeados\Agachamento frontal","MIGRADO_FONTE_REVISADA"
"media_4e6468a658481a45541b","Agachamento frontal com barra","Agachamento frontal com barra no banco","Posicione os pés firmes e mantenha o abdômen ativo. Leve o quadril para baixo enquanto os joelhos acompanham a direção dos pés. Desça até uma amplitude que preserve o controle e volte estendendo joelhos e quadril, mantendo o tronco estável.","Quadríceps","Barra | Glúteos | Academia","Quadríceps","Glúteos","Musculação","Barra","Academia","Intermediário","gifs/Exercícios sem marca d'água/Agachamento frontal com barra.gif","https://raw.githubusercontent.com/brunofs3221/fortyn-exercise-media-extra/main/gifs/Exerc%C3%ADcios%20sem%20marca%20d'%C3%A1gua/Agachamento%20frontal%20com%20barra.gif","C:\Users\bruno\Downloads\Exercicios renomeados\Agachamento frontal com barra","MIGRADO_FONTE_REVISADA"
"media_64d0aec113a93ec1cdf1","Agachamento frontal com barra","Agachamento frontal com barra","Apoie a barra à frente dos ombros com os cotovelos elevados e o abdômen firme. Agache flexionando joelhos e quadris mantendo o tronco ereto e os joelhos alinhados aos pés. Empurre o chão para subir sem deixar os cotovelos caírem.","Quadríceps","Glúteos | Barra | Academia","Quadríceps","Glúteos","Musculação","Barra","Academia","Avançado","gifs/perna/Em pé leg rosca with resistance band - Variação 2.gif","https://raw.githubusercontent.com/brunofs3221/fortyn-exercise-media-extra/main/gifs/perna/Em%20p%C3%A9%20leg%20rosca%20with%20resistance%20band%20-%20Varia%C3%A7%C3%A3o%202.gif","","SEM_FONTE_REVISADA"
"media_fa8a2dc09209f76d6f5c","Agachamento frontal com barra - Variação 2","Agachamento frontal com barra - Variação 2","Apoie a barra à frente dos ombros com os cotovelos elevados e o abdômen firme. Agache flexionando joelhos e quadris mantendo o tronco ereto e os joelhos alinhados aos pés. Empurre o chão para subir sem deixar os cotovelos caírem.","Quadríceps","Glúteos | Barra | Academia","Quadríceps","Glúteos","Musculação","Barra","Academia","Intermediário","gifs/perna/Levantamento terra - Variação 2.gif","https://raw.githubusercontent.com/brunofs3221/fortyn-exercise-media-extra/main/gifs/perna/Levantamento%20terra%20-%20Varia%C3%A7%C3%A3o%202.gif","C:\Users\bruno\Downloads\Exercicios renomeados\Agachamento frontal com barra - Variação 2","MIGRADO_FONTE_REVISADA"
"media_56a5fda36c7e7ab49164","Agachamento frontal com cabo","Agachamento frontal na polia baixa","Posicione os pés firmes e mantenha o abdômen ativo. Leve o quadril para baixo enquanto os joelhos acompanham a direção dos pés. Desça até uma amplitude que preserve o controle e volte estendendo joelhos e quadril, mantendo o tronco estável.","Quadríceps","Polia/Cabo | Glúteos | Academia","Quadríceps","Glúteos","Musculação","Polia/Cabo","Academia","Iniciante","gifs/Exercícios sem marca d'água/Agachamento frontal com cabo.gif","https://raw.githubusercontent.com/brunofs3221/fortyn-exercise-media-extra/main/gifs/Exerc%C3%ADcios%20sem%20marca%20d'%C3%A1gua/Agachamento%20frontal%20com%20cabo.gif","C:\Users\bruno\Downloads\Exercicios renomeados\Agachamento frontal com cabo","MIGRADO_FONTE_REVISADA"
"media_5b92b94e7d33d6f16f67","Agachamento goblet com halter","Agachamento goblet com halter","Segure o halter junto ao peito ou entre as pernas, com os pés firmes e na largura indicada pela variação. Desça flexionando joelhos e quadris, mantendo o peito aberto e os joelhos acompanhando a direção dos pés. Empurre o chão para subir e contraia glúteos e quadríceps no final.","Quadríceps","Glúteos | Halteres | Casa","Quadríceps","Glúteos","Musculação","Halteres","Casa","Iniciante","gifs/perna/Avanço traseira com halteres - Variação 2.gif","https://raw.githubusercontent.com/brunofs3221/fortyn-exercise-media-extra/main/gifs/perna/Avan%C3%A7o%20traseira%20com%20halteres%20-%20Varia%C3%A7%C3%A3o%202.gif","C:\Users\bruno\Downloads\Exercicios renomeados\Agachamento goblet com halter","MIGRADO_FONTE_REVISADA"
"media_ff51d80b5bcc5088f8e9","Agachamento goblet com halter - Variação 2","Agachamento goblet com halter - Variação 2","Segure o halter junto ao peito ou entre as pernas, com os pés firmes e na largura indicada pela variação. Desça flexionando joelhos e quadris, mantendo o peito aberto e os joelhos acompanhando a direção dos pés. Empurre o chão para subir e contraia glúteos e quadríceps no final.","Quadríceps","Glúteos | Halteres | Casa","Quadríceps","Glúteos","Musculação","Halteres","Casa","Intermediário","gifs/perna/Em pé leg rosca with resistance band.gif","https://raw.githubusercontent.com/brunofs3221/fortyn-exercise-media-extra/main/gifs/perna/Em%20p%C3%A9%20leg%20rosca%20with%20resistance%20band.gif","C:\Users\bruno\Downloads\Exercicios renomeados\Agachamento goblet com halter - Variação 2","MIGRADO_FONTE_REVISADA"
"media_e832b002bf2c8fbbf70b","Agachamento goblet com kettlebell","Agachamento goblet com kettlebell","Posicione os pés firmes e mantenha o abdômen ativo. Leve o quadril para baixo enquanto os joelhos acompanham a direção dos pés. Desça até uma amplitude que preserve o controle e volte estendendo joelhos e quadril, mantendo o tronco estável.","Quadríceps","Kettlebell | Glúteos | Academia","Quadríceps","Glúteos","Musculação","Kettlebell","Academia","Iniciante","gifs/Exercícios sem marca d'água/Agachamento com taça de kettlebell.gif","https://raw.githubusercontent.com/brunofs3221/fortyn-exercise-media-extra/main/gifs/Exerc%C3%ADcios%20sem%20marca%20d'%C3%A1gua/Agachamento%20com%20ta%C3%A7a%20de%20kettlebell.gif","C:\Users\bruno\Downloads\Exercicios renomeados\Agachamento goblet com kettlebell","MIGRADO_FONTE_REVISADA"
"media_2d75f68e950ac8648dc1","Agachamento hack na máquina","Agachamento hack na máquina","Apoie costas e ombros na máquina e posicione os pés na plataforma. Desça flexionando joelhos e quadris até a amplitude confortável, mantendo os joelhos alinhados aos pés. Empurre a plataforma para subir sem travar os joelhos.","Quadríceps","Glúteos | Máquina | Academia","Quadríceps","Glúteos","Musculação","Máquina","Academia","Iniciante","gifs/perna/Hackear máquina de agachamento.gif","https://raw.githubusercontent.com/brunofs3221/fortyn-exercise-media-extra/main/gifs/perna/Hackear%20m%C3%A1quina%20de%20agachamento.gif","C:\Users\bruno\Downloads\Exercicios renomeados\Agachamento hack na máquina","MIGRADO_FONTE_REVISADA"
"media_3d65500f975cea8c0c21","Agachamento hack reverso","Agachamento hack reverso","Posicione os pés firmes e mantenha o abdômen ativo. Leve o quadril para baixo enquanto os joelhos acompanham a direção dos pés. Desça até uma amplitude que preserve o controle e volte estendendo joelhos e quadril, mantendo o tronco estável.","Quadríceps","Máquina | Glúteos | Academia","Quadríceps","Glúteos","Musculação","Máquina","Academia","Intermediário","gifs/Exercícios sem marca d'água/Agachamento hack reverso.gif","https://raw.githubusercontent.com/brunofs3221/fortyn-exercise-media-extra/main/gifs/Exerc%C3%ADcios%20sem%20marca%20d'%C3%A1gua/Agachamento%20hack%20reverso.gif","C:\Users\bruno\Downloads\Exercicios renomeados\Agachamento hack reverso","MIGRADO_FONTE_REVISADA"
"media_dbf0a1de4254674e5693","Agachamento hack reverso","Agachamento hack reverso","Posicione-se de frente para a máquina com os ombros apoiados e os pés firmes na plataforma. Flexione joelhos e quadris descendo de forma controlada, mantendo a coluna neutra. Empurre a plataforma para voltar até quase estender as pernas.","Quadríceps","Glúteos | Máquina | Academia","Quadríceps","Glúteos","Musculação","Máquina","Academia","Intermediário","gifs/perna/Agachamento hack reverso.gif","https://raw.githubusercontent.com/brunofs3221/fortyn-exercise-media-extra/main/gifs/perna/Agachamento%20hack%20reverso.gif","","SEM_FONTE_REVISADA"
"media_b21b4dfbc82d6257ea82","Agachamento isométrico na parede","Agachamento isométrico na parede","Apoie as costas na parede e deslize o corpo para baixo até os joelhos ficarem aproximadamente em ângulo reto ou em uma posição confortável. Mantenha os pés firmes à frente e segure a posição com o abdômen ativo. Evite deixar os joelhos colapsarem para dentro.","Quadríceps","Glúteos | Sem aparelhos | Casa","Quadríceps","Glúteos","Musculação","Sem aparelhos","Casa","Iniciante","gifs/perna/Agachamento na parede com bola de exercício.gif","https://raw.githubusercontent.com/brunofs3221/fortyn-exercise-media-extra/main/gifs/perna/Agachamento%20na%20parede%20com%20bola%20de%20exerc%C3%ADcio.gif","C:\Users\bruno\Downloads\Exercicios renomeados\Agachamento isométrico na parede","MIGRADO_FONTE_REVISADA"
"media_4e81ffa49daaddf3b1e6","Agachamento landmine","Agachamento landmine","Segure a extremidade da barra junto ao peito e mantenha os pés firmes. Flexione joelhos e quadris para agachar mantendo o tronco alto e a barra próxima ao corpo. Empurre o chão para subir e retorne à posição inicial com controle.","Quadríceps","Glúteos | Barra | Academia","Quadríceps","Glúteos","Musculação","Barra","Academia","Iniciante","gifs/perna/Landmine agachamento.gif","https://raw.githubusercontent.com/brunofs3221/fortyn-exercise-media-extra/main/gifs/perna/Landmine%20agachamento.gif","C:\Users\bruno\Downloads\Exercicios renomeados\Agachamento landmine","MIGRADO_FONTE_REVISADA"
"media_b3d429b75b4b06623725","Agachamento livre com barra","Agachamento livre com barra","Apoie a barra sobre a parte alta das costas e mantenha os pés firmes. Flexione joelhos e quadris para agachar até a amplitude confortável, mantendo a coluna neutra e os joelhos alinhados aos pés. Empurre o chão para subir de forma controlada.","Quadríceps","Glúteos | Barra | Academia","Quadríceps","Glúteos","Musculação","Barra","Academia","Avançado","gifs/perna/Agachamento aéreo.gif","https://raw.githubusercontent.com/brunofs3221/fortyn-exercise-media-extra/main/gifs/perna/Agachamento%20a%C3%A9reo.gif","","SEM_FONTE_REVISADA"
"media_ebcddffdd8c7d3e7f722","Agachamento livre com barra","Agachamento com barra","Posicione os pés firmes e mantenha o abdômen ativo. Leve o quadril para baixo enquanto os joelhos acompanham a direção dos pés. Desça até uma amplitude que preserve o controle e volte estendendo joelhos e quadril, mantendo o tronco estável.","Quadríceps","Barra | Glúteos | Academia","Quadríceps","Glúteos","Musculação","Barra","Academia","Intermediário","gifs/Exercícios sem marca d'água/Agachamento.gif","https://raw.githubusercontent.com/brunofs3221/fortyn-exercise-media-extra/main/gifs/Exerc%C3%ADcios%20sem%20marca%20d'%C3%A1gua/Agachamento.gif","C:\Users\bruno\Downloads\Exercicios renomeados\Agachamento livre com barra","MIGRADO_FONTE_REVISADA"
"media_7b0e8fc780db53bb8e4e","Agachamento livre sem peso","Agachamento livre sem carga","Posicione os pés firmes e mantenha o abdômen ativo. Leve o quadril para baixo enquanto os joelhos acompanham a direção dos pés. Desça até uma amplitude que preserve o controle e volte estendendo joelhos e quadril, mantendo o tronco estável.","Quadríceps","Glúteos | Sem aparelhos | Casa","Quadríceps","Glúteos","Musculação","Sem aparelhos","Casa","Iniciante","gifs/Exercícios sem marca d'água/exercicios_renomeados_pt_br/011_agachamento_livre.gif","https://raw.githubusercontent.com/brunofs3221/fortyn-exercise-media-extra/main/gifs/Exerc%C3%ADcios%20sem%20marca%20d'%C3%A1gua/exercicios_renomeados_pt_br/011_agachamento_livre.gif","C:\Users\bruno\Downloads\Exercicios renomeados\Agachamento livre sem peso","MIGRADO_FONTE_REVISADA"
"media_a056a94c9c19680f162c","Agachamento na máquina abdutora","Cadeira abdutora","Posicione os pés firmes e mantenha o abdômen ativo. Leve o quadril para baixo enquanto os joelhos acompanham a direção dos pés. Desça até uma amplitude que preserve o controle e volte estendendo joelhos e quadril, mantendo o tronco estável.","Quadríceps","Máquina | Glúteos | Academia","Quadríceps","Glúteos","Musculação","Máquina","Academia","Iniciante","gifs/Exercícios sem marca d'água/Agache-se na máquina abdutora.gif","https://raw.githubusercontent.com/brunofs3221/fortyn-exercise-media-extra/main/gifs/Exerc%C3%ADcios%20sem%20marca%20d'%C3%A1gua/Agache-se%20na%20m%C3%A1quina%20abdutora.gif","C:\Users\bruno\Downloads\Exercicios renomeados\Agachamento na máquina abdutora","MIGRADO_FONTE_REVISADA"
"media_a4a3f4dec5ff156fda53","Agachamento na máquina abdutora","Agachamento na máquina abdutora","Posicione-se na máquina conforme o GIF e mantenha pressão para fora contra os apoios. Flexione quadris e joelhos descendo em agachamento com o tronco firme. Empurre o chão para voltar à posição inicial mantendo os joelhos alinhados.","Glúteos","Máquina | Academia","Glúteos","","Musculação","Máquina","Academia","Iniciante","gifs/glúteos/Agache-se na máquina abdutora.gif","https://raw.githubusercontent.com/brunofs3221/fortyn-exercise-media-extra/main/gifs/gl%C3%BAteos/Agache-se%20na%20m%C3%A1quina%20abdutora.gif","","SEM_FONTE_REVISADA"
"media_9605731aec37f2b0f208","Agachamento na máquina hack","Agachamento hack na máquina","Posicione os pés firmes e mantenha o abdômen ativo. Leve o quadril para baixo enquanto os joelhos acompanham a direção dos pés. Desça até uma amplitude que preserve o controle e volte estendendo joelhos e quadril, mantendo o tronco estável.","Quadríceps","Máquina | Glúteos | Academia","Quadríceps","Glúteos","Musculação","Máquina","Academia","Intermediário","gifs/Exercícios sem marca d'água/Hackear máquina de agachamento.gif","https://raw.githubusercontent.com/brunofs3221/fortyn-exercise-media-extra/main/gifs/Exerc%C3%ADcios%20sem%20marca%20d'%C3%A1gua/Hackear%20m%C3%A1quina%20de%20agachamento.gif","C:\Users\bruno\Downloads\Exercicios renomeados\Agachamento na máquina hack","MIGRADO_FONTE_REVISADA"
"media_cad4be862aaecd57b990","Agachamento na parede com bola de exercício","Agachamento na parede com bola suíça","Posicione os pés firmes e mantenha o abdômen ativo. Leve o quadril para baixo enquanto os joelhos acompanham a direção dos pés. Desça até uma amplitude que preserve o controle e volte estendendo joelhos e quadril, mantendo o tronco estável.","Quadríceps","Bola | Glúteos | Academia","Quadríceps","Glúteos","Musculação","Bola","Academia","Iniciante","gifs/Exercícios sem marca d'água/Agachamento na parede com bola de exercício.gif","https://raw.githubusercontent.com/brunofs3221/fortyn-exercise-media-extra/main/gifs/Exerc%C3%ADcios%20sem%20marca%20d'%C3%A1gua/Agachamento%20na%20parede%20com%20bola%20de%20exerc%C3%ADcio.gif","C:\Users\bruno\Downloads\Exercicios renomeados\Agachamento na parede com bola de exercício","MIGRADO_FONTE_REVISADA"
"media_807621605fa1f995619a","Agachamento na parede com bola suíça","Agachamento na parede com bola suíça","Posicione a bola entre as costas e a parede e mantenha os pés um pouco à frente. Deslize para baixo flexionando joelhos e quadris até a amplitude confortável. Empurre o chão para subir enquanto mantém a bola apoiada e os joelhos alinhados aos pés.","Quadríceps","Glúteos | Bola | Casa","Quadríceps","Glúteos","Musculação","Bola","Casa","Iniciante","gifs/perna/Agachamento na parede com bola de exercício - Variação 2.gif","https://raw.githubusercontent.com/brunofs3221/fortyn-exercise-media-extra/main/gifs/perna/Agachamento%20na%20parede%20com%20bola%20de%20exerc%C3%ADcio%20-%20Varia%C3%A7%C3%A3o%202.gif","C:\Users\bruno\Downloads\Exercicios renomeados\Agachamento na parede com bola suíça","MIGRADO_FONTE_REVISADA"
"media_03b705a72b0f9a3ebe6d","Agachamento no banco com halteres","Agachamento no banco com halteres","Fique em frente ao banco segurando os halteres ao lado do corpo. Leve o quadril para trás e flexione os joelhos até tocar ou sentar levemente no banco, sem relaxar o tronco. Empurre o chão para voltar em pé mantendo os joelhos alinhados aos pés.","Quadríceps","Glúteos | Halteres | Banco","Quadríceps","Glúteos","Musculação","Halteres | Banco","Casa | Academia","Intermediário","gifs/perna/Em pé cadeira extensora with resistance band - Variação 2.gif","https://raw.githubusercontent.com/brunofs3221/fortyn-exercise-media-extra/main/gifs/perna/Em%20p%C3%A9%20cadeira%20extensora%20with%20resistance%20band%20-%20Varia%C3%A7%C3%A3o%202.gif","C:\Users\bruno\Downloads\Exercicios renomeados\Agachamento no banco com halteres","MIGRADO_FONTE_REVISADA"
"media_cde500922dc6c7629c6d","Agachamento no pino (Pin squat)","Agachamento no pino (Pin squat)","Ajuste os pinos de segurança na altura desejada e posicione a barra sobre as costas. Desça o agachamento até tocar suavemente os pinos, faça uma breve pausa sem relaxar o tronco e empurre o chão para subir. Mantenha os joelhos alinhados e a coluna neutra.","Quadríceps","Glúteos | Barra | Academia","Quadríceps","Glúteos","Musculação","Barra","Academia","Avançado","gifs/perna/Pin agachamento.gif","https://raw.githubusercontent.com/brunofs3221/fortyn-exercise-media-extra/main/gifs/perna/Pin%20agachamento.gif","C:\Users\bruno\Downloads\Exercicios renomeados\Agachamento no pino (Pin squat)","MIGRADO_FONTE_REVISADA"
"media_7997ff2396cc18dedca8","Agachamento no Smith","Agachamento no Smith","Posicione a barra do Smith sobre a parte alta das costas e ajuste os pés. Desça flexionando joelhos e quadris até a amplitude confortável, mantendo o tronco firme e os joelhos alinhados. Empurre o chão para subir sem travar os joelhos.","Quadríceps","Glúteos | Máquina | Academia","Quadríceps","Glúteos","Musculação","Máquina","Academia","Iniciante","gifs/perna/Smith na máquina agachamento.gif","https://raw.githubusercontent.com/brunofs3221/fortyn-exercise-media-extra/main/gifs/perna/Smith%20na%20m%C3%A1quina%20agachamento.gif","C:\Users\bruno\Downloads\Exercicios renomeados\Agachamento no Smith","MIGRADO_FONTE_REVISADA"
"media_7f224944c0ef0196a5fd","Agachamento pistola","Agachamento pistola","Posicione os pés firmes e mantenha o abdômen ativo. Leve o quadril para baixo enquanto os joelhos acompanham a direção dos pés. Desça até uma amplitude que preserve o controle e volte estendendo joelhos e quadril, mantendo o tronco estável.","Quadríceps","Glúteos | Sem aparelhos | Casa","Quadríceps","Glúteos","Musculação","Sem aparelhos","Casa","Avançado","gifs/Exercícios sem marca d'água/Agachamento com pistola.gif","https://raw.githubusercontent.com/brunofs3221/fortyn-exercise-media-extra/main/gifs/Exerc%C3%ADcios%20sem%20marca%20d'%C3%A1gua/Agachamento%20com%20pistola.gif","C:\Users\bruno\Downloads\Exercicios renomeados\Agachamento pistola","MIGRADO_FONTE_REVISADA"
"media_0d5e4d939eca8975cffc","Agachamento pistola com kettlebell","Agachamento pistola com kettlebell","Posicione os pés firmes e mantenha o abdômen ativo. Leve o quadril para baixo enquanto os joelhos acompanham a direção dos pés. Desça até uma amplitude que preserve o controle e volte estendendo joelhos e quadril, mantendo o tronco estável.","Quadríceps","Kettlebell | Glúteos | Academia","Quadríceps","Glúteos","Musculação","Kettlebell","Academia","Avançado","gifs/Exercícios sem marca d'água/Agachamento com pistola kettlebell.gif","https://raw.githubusercontent.com/brunofs3221/fortyn-exercise-media-extra/main/gifs/Exerc%C3%ADcios%20sem%20marca%20d'%C3%A1gua/Agachamento%20com%20pistola%20kettlebell.gif","C:\Users\bruno\Downloads\Exercicios renomeados\Agachamento pistola com kettlebell","MIGRADO_FONTE_REVISADA"
"media_c9d5570b6dd94fde6c56","Agachamento sumô com barra","Agachamento sumô com barra","Posicione os pés firmes e mantenha o abdômen ativo. Leve o quadril para baixo enquanto os joelhos acompanham a direção dos pés. Desça até uma amplitude que preserve o controle e volte estendendo joelhos e quadril, mantendo o tronco estável.","Quadríceps","Barra | Glúteos | Academia","Quadríceps","Glúteos","Musculação","Barra","Academia","Intermediário","gifs/Exercícios sem marca d'água/Agachamento sumô com barra.gif","https://raw.githubusercontent.com/brunofs3221/fortyn-exercise-media-extra/main/gifs/Exerc%C3%ADcios%20sem%20marca%20d'%C3%A1gua/Agachamento%20sum%C3%B4%20com%20barra.gif","C:\Users\bruno\Downloads\Exercicios renomeados\Agachamento sumô com barra","MIGRADO_FONTE_REVISADA"
"media_48b0195286e2b8df7368","Agachamento sumô com halter","Agachamento sumô com halter","Segure o halter junto ao peito ou entre as pernas, com os pés firmes e na largura indicada pela variação. Desça flexionando joelhos e quadris, mantendo o peito aberto e os joelhos acompanhando a direção dos pés. Empurre o chão para subir e contraia glúteos e quadríceps no final.","Quadríceps","Glúteos | Adutores | Halteres","Quadríceps","Glúteos | Adutores","Musculação","Halteres","Academia","Avançado","gifs/perna/Jefferson agachamento.gif","https://raw.githubusercontent.com/brunofs3221/fortyn-exercise-media-extra/main/gifs/perna/Jefferson%20agachamento.gif","C:\Users\bruno\Downloads\Exercicios renomeados\Agachamento sumô com halter","MIGRADO_FONTE_REVISADA"
"media_49d07a628f6f92d6829d","Agachamento sumô com halter - Variação 2","Agachamento sumô com halter - Variação 2","Segure o halter junto ao peito ou entre as pernas, com os pés firmes e na largura indicada pela variação. Desça flexionando joelhos e quadris, mantendo o peito aberto e os joelhos acompanhando a direção dos pés. Empurre o chão para subir e contraia glúteos e quadríceps no final.","Quadríceps","Glúteos | Adutores | Halteres","Quadríceps","Glúteos | Adutores","Musculação","Halteres","Casa | Academia","Intermediário","gifs/perna/Single leg deadlift with resistance band.gif","https://raw.githubusercontent.com/brunofs3221/fortyn-exercise-media-extra/main/gifs/perna/Single%20leg%20deadlift%20with%20resistance%20band.gif","C:\Users\bruno\Downloads\Exercicios renomeados\Agachamento sumô com halter - Variação 2","MIGRADO_FONTE_REVISADA"
"media_3511fc464b06ab0e6070","Agachamento sumô com halteres","Agachamento sumô com halter","Posicione os pés firmes e mantenha o abdômen ativo. Leve o quadril para baixo enquanto os joelhos acompanham a direção dos pés. Desça até uma amplitude que preserve o controle e volte estendendo joelhos e quadril, mantendo o tronco estável.","Quadríceps","Halteres | Glúteos | Academia","Quadríceps","Glúteos","Musculação","Halteres","Academia","Iniciante","gifs/Exercícios sem marca d'água/Agachamento sumô com halteres.gif","https://raw.githubusercontent.com/brunofs3221/fortyn-exercise-media-extra/main/gifs/Exerc%C3%ADcios%20sem%20marca%20d'%C3%A1gua/Agachamento%20sum%C3%B4%20com%20halteres.gif","C:\Users\bruno\Downloads\Exercicios renomeados\Agachamento sumô com halteres","MIGRADO_FONTE_REVISADA"
"media_c263183525f85610dd12","Agachamento sumô com halteres","Agachamento sumô com halteres","Segure o halter junto ao peito ou entre as pernas, com os pés firmes e na largura indicada pela variação. Desça flexionando joelhos e quadris, mantendo o peito aberto e os joelhos acompanhando a direção dos pés. Empurre o chão para subir e contraia glúteos e quadríceps no final.","Quadríceps","Glúteos | Adutores | Halteres | Academia | Casa","Quadríceps","Glúteos | Adutores","Musculação","Halteres","Academia | Casa","Intermediário","gifs/perna/Alongamento de isquiotibiais sentado.gif","https://raw.githubusercontent.com/brunofs3221/fortyn-exercise-media-extra/main/gifs/perna/Alongamento%20de%20isquiotibiais%20sentado.gif","","SEM_FONTE_REVISADA"
"media_2bf4c5e258eebff75145","Agachamento sumô com peso corporal","Agachamento sumô com peso corporal","Posicione os pés firmes e mantenha o abdômen ativo. Leve o quadril para baixo enquanto os joelhos acompanham a direção dos pés. Desça até uma amplitude que preserve o controle e volte estendendo joelhos e quadril, mantendo o tronco estável.","Quadríceps","Glúteos | Sem aparelhos | Casa","Quadríceps","Glúteos","Musculação","Sem aparelhos","Casa","Iniciante","gifs/Exercícios sem marca d'água/Agachamento sumô com peso corporal.gif","https://raw.githubusercontent.com/brunofs3221/fortyn-exercise-media-extra/main/gifs/Exerc%C3%ADcios%20sem%20marca%20d'%C3%A1gua/Agachamento%20sum%C3%B4%20com%20peso%20corporal.gif","C:\Users\bruno\Downloads\Exercicios renomeados\Agachamento sumô com peso corporal","MIGRADO_FONTE_REVISADA"
"media_c0f396dd1380f9d316e9","Agachamento sumô plie com halteres","Agachamento sumô com halter","Posicione os pés firmes e mantenha o abdômen ativo. Leve o quadril para baixo enquanto os joelhos acompanham a direção dos pés. Desça até uma amplitude que preserve o controle e volte estendendo joelhos e quadril, mantendo o tronco estável.","Quadríceps","Halteres | Glúteos | Academia","Quadríceps","Glúteos","Musculação","Halteres","Academia","Iniciante","gifs/Exercícios sem marca d'água/Agachamento sumô plie com halteres.gif","https://raw.githubusercontent.com/brunofs3221/fortyn-exercise-media-extra/main/gifs/Exerc%C3%ADcios%20sem%20marca%20d'%C3%A1gua/Agachamento%20sum%C3%B4%20plie%20com%20halteres.gif","C:\Users\bruno\Downloads\Exercicios renomeados\Agachamento sumô plie com halteres","MIGRADO_FONTE_REVISADA"
"media_096aae1b6a146e36ec0d","Agachamento unilateral com barra","Afundo estacionário com barra","Posicione os pés firmes e mantenha o abdômen ativo. Leve o quadril para baixo enquanto os joelhos acompanham a direção dos pés. Desça até uma amplitude que preserve o controle e volte estendendo joelhos e quadril, mantendo o tronco estável.","Quadríceps","Barra | Glúteos | Academia","Quadríceps","Glúteos","Musculação","Barra","Academia","Intermediário","gifs/Exercícios sem marca d'água/Agachamento unilateral com barra.gif","https://raw.githubusercontent.com/brunofs3221/fortyn-exercise-media-extra/main/gifs/Exerc%C3%ADcios%20sem%20marca%20d'%C3%A1gua/Agachamento%20unilateral%20com%20barra.gif","C:\Users\bruno\Downloads\Exercicios renomeados\Agachamento unilateral com barra","MIGRADO_FONTE_REVISADA"
"media_b4ab62798a42f5055bd0","Agachamento unilateral com pé elevado","Agachamento unilateral com pé elevado","Apoie a perna de trabalho sobre a elevação e mantenha o tronco firme. Flexione joelho e quadril da perna de apoio para descer de forma controlada enquanto a outra perna acompanha o movimento. Empurre o apoio para voltar e evite deixar o joelho cair para dentro.","Quadríceps","Glúteos | Sem aparelhos | Casa","Quadríceps","Glúteos","Musculação","Sem aparelhos","Casa","Iniciante","gifs/perna/Em pé cadeira extensora with resistance band.gif","https://raw.githubusercontent.com/brunofs3221/fortyn-exercise-media-extra/main/gifs/perna/Em%20p%C3%A9%20cadeira%20extensora%20with%20resistance%20band.gif","C:\Users\bruno\Downloads\Exercicios renomeados\Agachamento unilateral com pé elevado","MIGRADO_FONTE_REVISADA"
"media_1e4a5953e027b9dca731","Agachamento unilateral com perna elevada atrás","Agachamento unilateral com perna elevada atrás","Fique apoiado em uma perna e mantenha a outra dobrada atrás do corpo. Flexione o joelho e o quadril da perna de apoio para descer devagar, usando os braços para equilíbrio. Empurre o chão para retornar sem deixar o joelho perder o alinhamento.","Quadríceps","Glúteos | Sem aparelhos | Casa","Quadríceps","Glúteos","Musculação","Sem aparelhos","Casa","Avançado","gifs/perna/Agachamento zercher.gif","https://raw.githubusercontent.com/brunofs3221/fortyn-exercise-media-extra/main/gifs/perna/Agachamento%20zercher.gif","C:\Users\bruno\Downloads\Exercicios renomeados\Agachamento unilateral com perna elevada atrás","MIGRADO_FONTE_REVISADA"
"media_326320dc04f739a6c90f","Agachamento unilateral havaiano","Agachamento havaiano","Posicione os pés firmes e mantenha o abdômen ativo. Leve o quadril para baixo enquanto os joelhos acompanham a direção dos pés. Desça até uma amplitude que preserve o controle e volte estendendo joelhos e quadril, mantendo o tronco estável.","Quadríceps","Glúteos | Sem aparelhos | Casa","Quadríceps","Glúteos","Musculação","Sem aparelhos","Casa","Intermediário","gifs/Exercícios sem marca d'água/Agachamento havaiano.gif","https://raw.githubusercontent.com/brunofs3221/fortyn-exercise-media-extra/main/gifs/Exerc%C3%ADcios%20sem%20marca%20d'%C3%A1gua/Agachamento%20havaiano.gif","C:\Users\bruno\Downloads\Exercicios renomeados\Agachamento unilateral havaiano","MIGRADO_FONTE_REVISADA"
"media_f8658e3fafcfdca558b3","Agachamento zercher","Agachamento Zercher","Posicione os pés firmes e mantenha o abdômen ativo. Leve o quadril para baixo enquanto os joelhos acompanham a direção dos pés. Desça até uma amplitude que preserve o controle e volte estendendo joelhos e quadril, mantendo o tronco estável.","Quadríceps","Glúteos | Sem aparelhos | Casa","Quadríceps","Glúteos","Musculação","Sem aparelhos","Casa","Avançado","gifs/Exercícios sem marca d'água/Agachamento zercher.gif","https://raw.githubusercontent.com/brunofs3221/fortyn-exercise-media-extra/main/gifs/Exerc%C3%ADcios%20sem%20marca%20d'%C3%A1gua/Agachamento%20zercher.gif","C:\Users\bruno\Downloads\Exercicios renomeados\Agachamento zercher","MIGRADO_FONTE_REVISADA"
"media_6bf40676c7cb302219df","Alongamento 90 - 90 de quadril","Transição 90/90 de quadril","Sente-se com as duas pernas dobradas, mantendo aproximadamente 90° nos joelhos, uma à frente e outra ao lado. Mantenha o tronco alongado e incline-se suavemente sobre a perna da frente até sentir o quadril alongar. Volte com controle e repita para o outro lado.","Alongamento","Quadril | Sem aparelhos | Casa","Alongamento","Quadril","Alongamento","Sem aparelhos","Casa","Iniciante","gifs/Exercícios sem marca d'água/90 90 alongamento de quadril.gif","https://raw.githubusercontent.com/brunofs3221/fortyn-exercise-media-extra/main/gifs/Exerc%C3%ADcios%20sem%20marca%20d'%C3%A1gua/90%2090%20alongamento%20de%20quadril.gif","C:\Users\bruno\Downloads\Exercicios renomeados\Alongamento 90 - 90 de quadril","MIGRADO_FONTE_REVISADA"
"media_2d42a663cf24cc405e8f","Alongamento abdominal cobra","Alongamento cobra","Deite-se de bruços e apoie as mãos ou os antebraços no chão. Eleve o peito gradualmente, mantendo a pelve apoiada e os ombros afastados das orelhas. Sustente uma amplitude confortável e retorne devagar.","Alongamento","Costas | Sem aparelhos | Casa","Alongamento","Costas","Alongamento","Sem aparelhos","Casa","Iniciante","gifs/Exercícios sem marca d'água/Alongamento abdominal cobra.gif","https://raw.githubusercontent.com/brunofs3221/fortyn-exercise-media-extra/main/gifs/Exerc%C3%ADcios%20sem%20marca%20d'%C3%A1gua/Alongamento%20abdominal%20cobra.gif","C:\Users\bruno\Downloads\Exercicios renomeados\Alongamento abdominal cobra","MIGRADO_FONTE_REVISADA"
"media_51fc03ea72a0314d40ea","Alongamento borboleta (Titli Asana)","Alongamento borboleta com flexão à frente","Assuma a posição mostrada e desloque o quadril lentamente até sentir a região do quadril ou a parte interna da coxa alongar. Mantenha a coluna organizada, evite rebotes e respeite uma amplitude confortável. Retorne com controle.","Alongamento","Sem aparelhos | Casa","Alongamento","","Alongamento","Sem aparelhos","Casa","Iniciante","gifs/Exercícios sem marca d'água/Estiramento de borboleta - Postura da borboleta titli asana.gif","https://raw.githubusercontent.com/brunofs3221/fortyn-exercise-media-extra/main/gifs/Exerc%C3%ADcios%20sem%20marca%20d'%C3%A1gua/Estiramento%20de%20borboleta%20-%20Postura%20da%20borboleta%20titli%20asana.gif","C:\Users\bruno\Downloads\Exercicios renomeados\Alongamento borboleta (Titli Asana)","MIGRADO_FONTE_REVISADA"
"media_84a6acfcf58fa2c04389","Alongamento da esfinge","Postura da esfinge","Deite-se de bruços e apoie as mãos ou os antebraços no chão. Eleve o peito gradualmente, mantendo a pelve apoiada e os ombros afastados das orelhas. Sustente uma amplitude confortável e retorne devagar.","Alongamento","Costas | Sem aparelhos | Casa","Alongamento","Costas","Alongamento","Sem aparelhos","Casa","Iniciante","gifs/Exercícios sem marca d'água/Trecho da esfinge.gif","https://raw.githubusercontent.com/brunofs3221/fortyn-exercise-media-extra/main/gifs/Exerc%C3%ADcios%20sem%20marca%20d'%C3%A1gua/Trecho%20da%20esfinge.gif","C:\Users\bruno\Downloads\Exercicios renomeados\Alongamento da esfinge","MIGRADO_FONTE_REVISADA"
"media_e78fb8ed022e365f8f18","Alongamento da panturrilha com perna esticada","Alongamento de panturrilha com joelho estendido","Posicione a perna que será alongada atrás ou no apoio mostrado, mantendo o calcanhar direcionado para baixo. Avance o corpo lentamente até sentir a panturrilha alongar, sem fazer rebotes. Sustente e repita do outro lado quando aplicável.","Alongamento","Panturrilhas | Sem aparelhos | Casa","Alongamento","Panturrilhas","Alongamento","Sem aparelhos","Casa","Iniciante","gifs/Exercícios sem marca d'água/Alongamento da panturrilha com perna esticada.gif","https://raw.githubusercontent.com/brunofs3221/fortyn-exercise-media-extra/main/gifs/Exerc%C3%ADcios%20sem%20marca%20d'%C3%A1gua/Alongamento%20da%20panturrilha%20com%20perna%20esticada.gif","C:\Users\bruno\Downloads\Exercicios renomeados\Alongamento da panturrilha com perna esticada","MIGRADO_FONTE_REVISADA"
"media_9ee4109771b82167ecef","Alongamento da panturrilha gastrocnêmio em pé","Alongamento de panturrilha em pé no banco","Posicione a perna que será alongada atrás ou no apoio mostrado, mantendo o calcanhar direcionado para baixo. Avance o corpo lentamente até sentir a panturrilha alongar, sem fazer rebotes. Sustente e repita do outro lado quando aplicável.","Alongamento","Panturrilhas | Sem aparelhos | Casa","Alongamento","Panturrilhas","Alongamento","Sem aparelhos","Casa","Iniciante","gifs/Exercícios sem marca d'água/Alongamento da panturrilha gastrocnêmio em pé.gif","https://raw.githubusercontent.com/brunofs3221/fortyn-exercise-media-extra/main/gifs/Exerc%C3%ADcios%20sem%20marca%20d'%C3%A1gua/Alongamento%20da%20panturrilha%20gastrocn%C3%AAmio%20em%20p%C3%A9.gif","C:\Users\bruno\Downloads\Exercicios renomeados\Alongamento da panturrilha gastrocnêmio em pé","MIGRADO_FONTE_REVISADA"
"media_d409fcb8ac2ec18ef41d","Alongamento da panturrilha no calcanhar agachado","Alongamento da panturrilha com mãos no chão","Posicione a perna que será alongada atrás ou no apoio mostrado, mantendo o calcanhar direcionado para baixo. Avance o corpo lentamente até sentir a panturrilha alongar, sem fazer rebotes. Sustente e repita do outro lado quando aplicável.","Alongamento","Panturrilhas | Sem aparelhos | Casa","Alongamento","Panturrilhas","Alongamento","Sem aparelhos","Casa","Iniciante","gifs/Exercícios sem marca d'água/Alongamento da panturrilha no calcanhar agachado.gif","https://raw.githubusercontent.com/brunofs3221/fortyn-exercise-media-extra/main/gifs/Exerc%C3%ADcios%20sem%20marca%20d'%C3%A1gua/Alongamento%20da%20panturrilha%20no%20calcanhar%20agachado.gif","C:\Users\bruno\Downloads\Exercicios renomeados\Alongamento da panturrilha no calcanhar agachado","MIGRADO_FONTE_REVISADA"
"media_a74a732d7be0d059f8c8","Alongamento da parte superior das costas","Alongamento da parte superior das costas","Entre na posição de Alongamento da parte superior das costas de forma controlada. Ajuste o corpo até sentir um alongamento confortável na região trabalhada, mantenha a respiração normal e evite rebotes. Retorne lentamente e repita do outro lado quando necessário.","Alongamento","Costas | Sem aparelhos | Casa","Alongamento","Costas","Alongamento","Sem aparelhos","Casa","Iniciante","gifs/Exercícios sem marca d'água/Alongamento da parte superior das costas.gif","https://raw.githubusercontent.com/brunofs3221/fortyn-exercise-media-extra/main/gifs/Exerc%C3%ADcios%20sem%20marca%20d'%C3%A1gua/Alongamento%20da%20parte%20superior%20das%20costas.gif","C:\Users\bruno\Downloads\Exercicios renomeados\Alongamento da parte superior das costas","MIGRADO_FONTE_REVISADA"
"media_733bb0db68a94c59f2d6","Alongamento de avanço lateral","Alongamento de avanço lateral","Entre na posição de Alongamento de avanço lateral de forma controlada. Ajuste o corpo até sentir um alongamento confortável na região trabalhada, mantenha a respiração normal e evite rebotes. Retorne lentamente e repita do outro lado quando necessário.","Alongamento","Sem aparelhos | Casa","Alongamento","","Alongamento","Sem aparelhos","Casa","Iniciante","gifs/Exercícios sem marca d'água/Alongamento de avanço lateral.gif","https://raw.githubusercontent.com/brunofs3221/fortyn-exercise-media-extra/main/gifs/Exerc%C3%ADcios%20sem%20marca%20d'%C3%A1gua/Alongamento%20de%20avan%C3%A7o%20lateral.gif","C:\Users\bruno\Downloads\Exercicios renomeados\Alongamento de avanço lateral","MIGRADO_FONTE_REVISADA"
"media_069490aef71bfee26e23","Alongamento de dorsais com apoio","Alongamento de dorsais com apoio no banco","Entre na posição de Alongamento de dorsais com apoio de forma controlada. Ajuste o corpo até sentir um alongamento confortável na região trabalhada, mantenha a respiração normal e evite rebotes. Retorne lentamente e repita do outro lado quando necessário.","Alongamento","Costas | Sem aparelhos | Casa","Alongamento","Costas","Alongamento","Sem aparelhos","Casa","Iniciante","gifs/Exercícios sem marca d'água/Alongamento do peitoral traseiro.gif","https://raw.githubusercontent.com/brunofs3221/fortyn-exercise-media-extra/main/gifs/Exerc%C3%ADcios%20sem%20marca%20d'%C3%A1gua/Alongamento%20do%20peitoral%20traseiro.gif","C:\Users\bruno\Downloads\Exercicios renomeados\Alongamento de dorsais com apoio","MIGRADO_FONTE_REVISADA"
"media_77c1a1aeb7bf8e3867ab","Alongamento de glúteo deitado","Alongamento de glúteo deitado","Entre na posição de Alongamento de glúteo deitado de forma controlada. Ajuste o corpo até sentir um alongamento confortável na região trabalhada, mantenha a respiração normal e evite rebotes. Retorne lentamente e repita do outro lado quando necessário.","Alongamento","Sem aparelhos | Casa","Alongamento","","Alongamento","Sem aparelhos","Casa","Iniciante","gifs/Exercícios sem marca d'água/Alongamento de glúteo deitado.gif","https://raw.githubusercontent.com/brunofs3221/fortyn-exercise-media-extra/main/gifs/Exerc%C3%ADcios%20sem%20marca%20d'%C3%A1gua/Alongamento%20de%20gl%C3%BAteo%20deitado.gif","C:\Users\bruno\Downloads\Exercicios renomeados\Alongamento de glúteo deitado","MIGRADO_FONTE_REVISADA"
"media_4b9ebfd31f7b8294bd49","Alongamento de isquiotibiais em pé","Alongamento de posterior de coxa em pé","Mantenha a perna trabalhada estendida ou levemente flexionada conforme o GIF e incline o tronco a partir do quadril. Avance somente até sentir a parte posterior da coxa alongar, mantendo o movimento lento e sem rebotes. Retorne com controle.","Alongamento","Posterior de coxa | Sem aparelhos | Casa","Alongamento","Posterior de coxa","Alongamento","Sem aparelhos","Casa","Iniciante","gifs/Exercícios sem marca d'água/Alongamento de isquiotibiais em pé.gif","https://raw.githubusercontent.com/brunofs3221/fortyn-exercise-media-extra/main/gifs/Exerc%C3%ADcios%20sem%20marca%20d'%C3%A1gua/Alongamento%20de%20isquiotibiais%20em%20p%C3%A9.gif","C:\Users\bruno\Downloads\Exercicios renomeados\Alongamento de isquiotibiais em pé","MIGRADO_FONTE_REVISADA"
"media_63abed8d4214a8b702ee","Alongamento de isquiotibiais sentado","Alongamento de isquiotibiais sentado","Mantenha a perna trabalhada estendida ou levemente flexionada conforme o GIF e incline o tronco a partir do quadril. Avance somente até sentir a parte posterior da coxa alongar, mantendo o movimento lento e sem rebotes. Retorne com controle.","Alongamento","Posterior de coxa | Sem aparelhos | Casa","Alongamento","Posterior de coxa","Alongamento","Sem aparelhos","Casa","Iniciante","gifs/Exercícios sem marca d'água/Alongamento de isquiotibiais sentado.gif","https://raw.githubusercontent.com/brunofs3221/fortyn-exercise-media-extra/main/gifs/Exerc%C3%ADcios%20sem%20marca%20d'%C3%A1gua/Alongamento%20de%20isquiotibiais%20sentado.gif","C:\Users\bruno\Downloads\Exercicios renomeados\Alongamento de isquiotibiais sentado","MIGRADO_FONTE_REVISADA"
"media_f33c86c14c05899e86b2","Alongamento de ombro cruzado","Alongamento de ombro cruzado","Posicione o braço como demonstrado e mova-o lentamente até sentir a região do ombro alongar. Mantenha o tronco estável e os ombros afastados das orelhas. Sustente sem rebotes e retorne devagar.","Alongamento","Ombros | Sem aparelhos | Casa","Alongamento","Ombros","Alongamento","Sem aparelhos","Casa","Iniciante","gifs/Exercícios sem marca d'água/Através do alongamento do ombro no peito.gif","https://raw.githubusercontent.com/brunofs3221/fortyn-exercise-media-extra/main/gifs/Exerc%C3%ADcios%20sem%20marca%20d'%C3%A1gua/Atrav%C3%A9s%20do%20alongamento%20do%20ombro%20no%20peito.gif","C:\Users\bruno\Downloads\Exercicios renomeados\Alongamento de ombro cruzado","MIGRADO_FONTE_REVISADA"
"media_3081929e8ef6e2570cb3","Alongamento de ombro reverso em pé","Alongamento de ombros com braços para trás","Posicione o braço como demonstrado e mova-o lentamente até sentir a região do ombro alongar. Mantenha o tronco estável e os ombros afastados das orelhas. Sustente sem rebotes e retorne devagar.","Alongamento","Ombros | Sem aparelhos | Casa","Alongamento","Ombros","Alongamento","Sem aparelhos","Casa","Iniciante","gifs/Exercícios sem marca d'água/Alongamento de ombro reverso em pé.gif","https://raw.githubusercontent.com/brunofs3221/fortyn-exercise-media-extra/main/gifs/Exerc%C3%ADcios%20sem%20marca%20d'%C3%A1gua/Alongamento%20de%20ombro%20reverso%20em%20p%C3%A9.gif","C:\Users\bruno\Downloads\Exercicios renomeados\Alongamento de ombro reverso em pé","MIGRADO_FONTE_REVISADA"
"media_e850e7bb3e5aa35e6f58","Alongamento de ombros com toalha","Alongamento de tríceps com toalha","Posicione o braço como demonstrado e mova-o lentamente até sentir a região do ombro alongar. Mantenha o tronco estável e os ombros afastados das orelhas. Sustente sem rebotes e retorne devagar.","Alongamento","Ombros | Sem aparelhos | Casa","Alongamento","Ombros","Alongamento","Sem aparelhos","Casa","Iniciante","gifs/Exercícios sem marca d'água/Esticar com toalha.gif","https://raw.githubusercontent.com/brunofs3221/fortyn-exercise-media-extra/main/gifs/Exerc%C3%ADcios%20sem%20marca%20d'%C3%A1gua/Esticar%20com%20toalha.gif","C:\Users\bruno\Downloads\Exercicios renomeados\Alongamento de ombros com toalha","MIGRADO_FONTE_REVISADA"
"media_18eef06f9ff2235dac03","Alongamento de panturrilha com calcanhar único","Alongamento unilateral de panturrilha no degrau","Posicione a perna que será alongada atrás ou no apoio mostrado, mantendo o calcanhar direcionado para baixo. Avance o corpo lentamente até sentir a panturrilha alongar, sem fazer rebotes. Sustente e repita do outro lado quando aplicável.","Alongamento","Panturrilhas | Sem aparelhos | Casa","Alongamento","Panturrilhas","Alongamento","Sem aparelhos","Casa","Iniciante","gifs/Exercícios sem marca d'água/Alongamento de panturrilha com calcanhar único.gif","https://raw.githubusercontent.com/brunofs3221/fortyn-exercise-media-extra/main/gifs/Exerc%C3%ADcios%20sem%20marca%20d'%C3%A1gua/Alongamento%20de%20panturrilha%20com%20calcanhar%20%C3%BAnico.gif","C:\Users\bruno\Downloads\Exercicios renomeados\Alongamento de panturrilha com calcanhar único","MIGRADO_FONTE_REVISADA"
"media_fa68e8b147ab3b2a7d5c","Alongamento de panturrilha com corda","Alongamento de posterior de coxa com faixa","Posicione a perna que será alongada atrás ou no apoio mostrado, mantendo o calcanhar direcionado para baixo. Avance o corpo lentamente até sentir a panturrilha alongar, sem fazer rebotes. Sustente e repita do outro lado quando aplicável.","Alongamento","Panturrilhas | Corda | Casa","Alongamento","Panturrilhas","Alongamento","Corda","Casa","Iniciante","gifs/Exercícios sem marca d'água/Alongamento de panturrilha com corda.gif","https://raw.githubusercontent.com/brunofs3221/fortyn-exercise-media-extra/main/gifs/Exerc%C3%ADcios%20sem%20marca%20d'%C3%A1gua/Alongamento%20de%20panturrilha%20com%20corda.gif","C:\Users\bruno\Downloads\Exercicios renomeados\Alongamento de panturrilha com corda","MIGRADO_FONTE_REVISADA"
"media_962fb047af792dc9727a","Alongamento de panturrilha com perna reta sentada","Alongamento de panturrilha sentado com perna estendida","Posicione a perna que será alongada atrás ou no apoio mostrado, mantendo o calcanhar direcionado para baixo. Avance o corpo lentamente até sentir a panturrilha alongar, sem fazer rebotes. Sustente e repita do outro lado quando aplicável.","Alongamento","Panturrilhas | Sem aparelhos | Casa","Alongamento","Panturrilhas","Alongamento","Sem aparelhos","Casa","Iniciante","gifs/Exercícios sem marca d'água/Alongamento de panturrilha com perna reta sentada.gif","https://raw.githubusercontent.com/brunofs3221/fortyn-exercise-media-extra/main/gifs/Exerc%C3%ADcios%20sem%20marca%20d'%C3%A1gua/Alongamento%20de%20panturrilha%20com%20perna%20reta%20sentada.gif","C:\Users\bruno\Downloads\Exercicios renomeados\Alongamento de panturrilha com perna reta sentada","MIGRADO_FONTE_REVISADA"
"media_b325bd4d91efaadde4b3","Alongamento de panturrilha em pé","Alongamento de panturrilha na parede","Posicione a perna que será alongada atrás ou no apoio mostrado, mantendo o calcanhar direcionado para baixo. Avance o corpo lentamente até sentir a panturrilha alongar, sem fazer rebotes. Sustente e repita do outro lado quando aplicável.","Alongamento","Panturrilhas | Sem aparelhos | Casa","Alongamento","Panturrilhas","Alongamento","Sem aparelhos","Casa","Iniciante","gifs/Exercícios sem marca d'água/Alongamento de panturrilha em pé.gif","https://raw.githubusercontent.com/brunofs3221/fortyn-exercise-media-extra/main/gifs/Exerc%C3%ADcios%20sem%20marca%20d'%C3%A1gua/Alongamento%20de%20panturrilha%20em%20p%C3%A9.gif","C:\Users\bruno\Downloads\Exercicios renomeados\Alongamento de panturrilha em pé","MIGRADO_FONTE_REVISADA"
"media_86a65791f399768f3c20","Alongamento de panturrilhas de uma perna","Elevação de panturrilha unilateral no degrau","Posicione a perna que será alongada atrás ou no apoio mostrado, mantendo o calcanhar direcionado para baixo. Avance o corpo lentamente até sentir a panturrilha alongar, sem fazer rebotes. Sustente e repita do outro lado quando aplicável.","Alongamento","Panturrilhas | Sem aparelhos | Casa","Alongamento","Panturrilhas","Alongamento","Sem aparelhos","Casa","Iniciante","gifs/Exercícios sem marca d'água/Alongamento de panturrilhas de uma perna.gif","https://raw.githubusercontent.com/brunofs3221/fortyn-exercise-media-extra/main/gifs/Exerc%C3%ADcios%20sem%20marca%20d'%C3%A1gua/Alongamento%20de%20panturrilhas%20de%20uma%20perna.gif","C:\Users\bruno\Downloads\Exercicios renomeados\Alongamento de panturrilhas de uma perna","MIGRADO_FONTE_REVISADA"
"media_4fd8033a2364b86bf6b9","Alongamento de peito com rolo de espuma","Alongamento de peitoral com rolo de espuma","Apoie o braço conforme mostrado e abra o peito girando ou avançando o tronco de maneira suave. Mantenha o ombro relaxado e pare ao sentir alongamento confortável no peitoral e na frente do ombro. Retorne lentamente.","Alongamento","Peito | Rolo de espuma | Casa","Alongamento","Peito","Alongamento","Rolo de espuma","Casa","Iniciante","gifs/Exercícios sem marca d'água/Alongamento de peito com rolo de espuma.gif","https://raw.githubusercontent.com/brunofs3221/fortyn-exercise-media-extra/main/gifs/Exerc%C3%ADcios%20sem%20marca%20d'%C3%A1gua/Alongamento%20de%20peito%20com%20rolo%20de%20espuma.gif","C:\Users\bruno\Downloads\Exercicios renomeados\Alongamento de peito com rolo de espuma","MIGRADO_FONTE_REVISADA"
"media_525840eaa771d451882a","Alongamento de peito e ombros na porta","Alongamento de peitoral na porta","Apoie o braço conforme mostrado e abra o peito girando ou avançando o tronco de maneira suave. Mantenha o ombro relaxado e pare ao sentir alongamento confortável no peitoral e na frente do ombro. Retorne lentamente.","Alongamento","Peito | Sem aparelhos | Casa","Alongamento","Peito","Alongamento","Sem aparelhos","Casa","Iniciante","gifs/Exercícios sem marca d'água/Peitoral da porta e alongamento dos ombros.gif","https://raw.githubusercontent.com/brunofs3221/fortyn-exercise-media-extra/main/gifs/Exerc%C3%ADcios%20sem%20marca%20d'%C3%A1gua/Peitoral%20da%20porta%20e%20alongamento%20dos%20ombros.gif","C:\Users\bruno\Downloads\Exercicios renomeados\Alongamento de peito e ombros na porta","MIGRADO_FONTE_REVISADA"
"media_ef337b52a24ab70e2ec3","Alongamento de posteriores da coxa em pé com pernas cruzadas","Alongamento de isquiotibiais em pé com pernas cruzadas","Mantenha a perna trabalhada estendida ou levemente flexionada conforme o GIF e incline o tronco a partir do quadril. Avance somente até sentir a parte posterior da coxa alongar, mantendo o movimento lento e sem rebotes. Retorne com controle.","Alongamento","Posterior de coxa | Sem aparelhos | Casa","Alongamento","Posterior de coxa","Alongamento","Sem aparelhos","Casa","Iniciante","gifs/Exercícios sem marca d'água/Pada hastasana postura de mãos aos pés - Alongamento de isquiotibiais de perna cruzada em pé.gif","https://raw.githubusercontent.com/brunofs3221/fortyn-exercise-media-extra/main/gifs/Exerc%C3%ADcios%20sem%20marca%20d'%C3%A1gua/Pada%20hastasana%20postura%20de%20m%C3%A3os%20aos%20p%C3%A9s%20-%20Alongamento%20de%20isquiotibiais%20de%20perna%20cruzada%20em%20p%C3%A9.gif","C:\Users\bruno\Downloads\Exercicios renomeados\Alongamento de posteriores da coxa em pé com pernas cruzadas","MIGRADO_FONTE_REVISADA"
"media_ce67570dcf58ea2e0c9a","Alongamento de quadríceps em pé","Alongamento de quadríceps em pé","Flexione o joelho levando o calcanhar em direção ao glúteo e mantenha os joelhos próximos. Projete o quadril levemente à frente até sentir a parte anterior da coxa alongar. Sustente sem puxar de forma brusca.","Alongamento","Quadríceps | Sem aparelhos | Casa","Alongamento","Quadríceps","Alongamento","Sem aparelhos","Casa","Iniciante","gifs/Exercícios sem marca d'água/Alongamento de quadríceps em pé.gif","https://raw.githubusercontent.com/brunofs3221/fortyn-exercise-media-extra/main/gifs/Exerc%C3%ADcios%20sem%20marca%20d'%C3%A1gua/Alongamento%20de%20quadr%C3%ADceps%20em%20p%C3%A9.gif","C:\Users\bruno\Downloads\Exercicios renomeados\Alongamento de quadríceps em pé","MIGRADO_FONTE_REVISADA"
"media_fd7ed87266d6be137151","Alongamento de quadríceps em quatro apoios","Alongamento de quadríceps em quatro apoios","Flexione o joelho levando o calcanhar em direção ao glúteo e mantenha os joelhos próximos. Projete o quadril levemente à frente até sentir a parte anterior da coxa alongar. Sustente sem puxar de forma brusca.","Alongamento","Quadríceps | Sem aparelhos | Casa","Alongamento","Quadríceps","Alongamento","Sem aparelhos","Casa","Iniciante","gifs/Exercícios sem marca d'água/Alongamento de quadríceps em quatro apoios.gif","https://raw.githubusercontent.com/brunofs3221/fortyn-exercise-media-extra/main/gifs/Exerc%C3%ADcios%20sem%20marca%20d'%C3%A1gua/Alongamento%20de%20quadr%C3%ADceps%20em%20quatro%20apoios.gif","C:\Users\bruno\Downloads\Exercicios renomeados\Alongamento de quadríceps em quatro apoios","MIGRADO_FONTE_REVISADA"
"media_223c0014c13e1924d31a","Alongamento de rotação do pescoço","Alongamento de rotação cervical","Mantenha o tronco ereto e mova a cabeça lentamente na direção mostrada, sem elevar os ombros. Se usar a mão como apoio, aplique apenas pressão leve. Sustente a posição confortável e volte devagar.","Alongamento","Pescoço | Sem aparelhos | Casa","Alongamento","Pescoço","Alongamento","Sem aparelhos","Casa","Iniciante","gifs/Exercícios sem marca d'água/Alongamento de rotação do pescoço.gif","https://raw.githubusercontent.com/brunofs3221/fortyn-exercise-media-extra/main/gifs/Exerc%C3%ADcios%20sem%20marca%20d'%C3%A1gua/Alongamento%20de%20rota%C3%A7%C3%A3o%20do%20pesco%C3%A7o.gif","C:\Users\bruno\Downloads\Exercicios renomeados\Alongamento de rotação do pescoço","MIGRADO_FONTE_REVISADA"
"media_d56bd3597a326a9f45b2","Alongamento dinâmico do peito","Circundução de braços em pé","Apoie o braço conforme mostrado e abra o peito girando ou avançando o tronco de maneira suave. Mantenha o ombro relaxado e pare ao sentir alongamento confortável no peitoral e na frente do ombro. Retorne lentamente.","Alongamento","Peito | Sem aparelhos | Casa","Alongamento","Peito","Alongamento","Sem aparelhos","Casa","Iniciante","gifs/Exercícios sem marca d'água/Alongamento dinâmico do peito.gif","https://raw.githubusercontent.com/brunofs3221/fortyn-exercise-media-extra/main/gifs/Exerc%C3%ADcios%20sem%20marca%20d'%C3%A1gua/Alongamento%20din%C3%A2mico%20do%20peito.gif","C:\Users\bruno\Downloads\Exercicios renomeados\Alongamento dinâmico do peito","MIGRADO_FONTE_REVISADA"
"media_e3130a9859e3efff8cb1","Alongamento do adutor com a perna ajoelhada","Alongamento de adutores ajoelhado","Assuma a posição mostrada e desloque o quadril lentamente até sentir a região do quadril ou a parte interna da coxa alongar. Mantenha a coluna organizada, evite rebotes e respeite uma amplitude confortável. Retorne com controle.","Alongamento","Quadril | Sem aparelhos | Casa","Alongamento","Quadril","Alongamento","Sem aparelhos","Casa","Iniciante","gifs/Exercícios sem marca d'água/Alongamento do adutor com a perna ajoelhada.gif","https://raw.githubusercontent.com/brunofs3221/fortyn-exercise-media-extra/main/gifs/Exerc%C3%ADcios%20sem%20marca%20d'%C3%A1gua/Alongamento%20do%20adutor%20com%20a%20perna%20ajoelhada.gif","C:\Users\bruno\Downloads\Exercicios renomeados\Alongamento do adutor com a perna ajoelhada","MIGRADO_FONTE_REVISADA"
"media_6b8fa1f903247b9bfb21","Alongamento do adutor da parte interna da coxa com rolo de espuma","Liberação miofascial de adutores com rolo","Assuma a posição mostrada e desloque o quadril lentamente até sentir a região do quadril ou a parte interna da coxa alongar. Mantenha a coluna organizada, evite rebotes e respeite uma amplitude confortável. Retorne com controle.","Alongamento","Quadril | Rolo de espuma | Casa","Alongamento","Quadril","Alongamento","Rolo de espuma","Casa","Iniciante","gifs/Exercícios sem marca d'água/Alongamento do adutor da parte interna da coxa com rolo de espuma.gif","https://raw.githubusercontent.com/brunofs3221/fortyn-exercise-media-extra/main/gifs/Exerc%C3%ADcios%20sem%20marca%20d'%C3%A1gua/Alongamento%20do%20adutor%20da%20parte%20interna%20da%20coxa%20com%20rolo%20de%20espuma.gif","C:\Users\bruno\Downloads\Exercicios renomeados\Alongamento do adutor da parte interna da coxa com rolo de espuma","MIGRADO_FONTE_REVISADA"
"media_d449d7a95bef268c3a9d","Alongamento do flexor do quadril ajoelhado","Alongamento do flexor do quadril ajoelhado","Assuma a posição mostrada e desloque o quadril lentamente até sentir a região do quadril ou a parte interna da coxa alongar. Mantenha a coluna organizada, evite rebotes e respeite uma amplitude confortável. Retorne com controle.","Alongamento","Quadril | Sem aparelhos | Casa","Alongamento","Quadril","Alongamento","Sem aparelhos","Casa","Iniciante","gifs/Exercícios sem marca d'água/Anjaneyasana postura de avanço baixa - Alongamento dos flexores do quadril ajoelhado.gif","https://raw.githubusercontent.com/brunofs3221/fortyn-exercise-media-extra/main/gifs/Exerc%C3%ADcios%20sem%20marca%20d'%C3%A1gua/Anjaneyasana%20postura%20de%20avan%C3%A7o%20baixa%20-%20Alongamento%20dos%20flexores%20do%20quadril%20ajoelhado.gif","C:\Users\bruno\Downloads\Exercicios renomeados\Alongamento do flexor do quadril ajoelhado","MIGRADO_FONTE_REVISADA"
"media_5750a2410bf433e054fa","Alongamento do peito acima da cabeça","Alongamento de peitoral acima da cabeça","Apoie o braço conforme mostrado e abra o peito girando ou avançando o tronco de maneira suave. Mantenha o ombro relaxado e pare ao sentir alongamento confortável no peitoral e na frente do ombro. Retorne lentamente.","Alongamento","Peito | Sem aparelhos | Casa","Alongamento","Peito","Alongamento","Sem aparelhos","Casa","Iniciante","gifs/Exercícios sem marca d'água/Alongamento do peito acima da cabeça.gif","https://raw.githubusercontent.com/brunofs3221/fortyn-exercise-media-extra/main/gifs/Exerc%C3%ADcios%20sem%20marca%20d'%C3%A1gua/Alongamento%20do%20peito%20acima%20da%20cabe%C3%A7a.gif","C:\Users\bruno\Downloads\Exercicios renomeados\Alongamento do peito acima da cabeça","MIGRADO_FONTE_REVISADA"
"media_33b254fa7eae33e2a8ad","Alongamento do peito e da frente dos ombros","Mobilização de ombros com bastão","Apoie o braço conforme mostrado e abra o peito girando ou avançando o tronco de maneira suave. Mantenha o ombro relaxado e pare ao sentir alongamento confortável no peitoral e na frente do ombro. Retorne lentamente.","Alongamento","Peito | Sem aparelhos | Casa","Alongamento","Peito","Alongamento","Sem aparelhos","Casa","Iniciante","gifs/Exercícios sem marca d'água/Alongamento do peito e da frente dos ombros.gif","https://raw.githubusercontent.com/brunofs3221/fortyn-exercise-media-extra/main/gifs/Exerc%C3%ADcios%20sem%20marca%20d'%C3%A1gua/Alongamento%20do%20peito%20e%20da%20frente%20dos%20ombros.gif","C:\Users\bruno\Downloads\Exercicios renomeados\Alongamento do peito e da frente dos ombros","MIGRADO_FONTE_REVISADA"
"media_0fafa9f029bf477acc49","Alongamento do peito sentado","Alongamento de peitoral sentado com mãos atrás do corpo","Apoie o braço conforme mostrado e abra o peito girando ou avançando o tronco de maneira suave. Mantenha o ombro relaxado e pare ao sentir alongamento confortável no peitoral e na frente do ombro. Retorne lentamente.","Alongamento","Peito | Sem aparelhos | Casa","Alongamento","Peito","Alongamento","Sem aparelhos","Casa","Iniciante","gifs/Exercícios sem marca d'água/Alongamento do peito sentado.gif","https://raw.githubusercontent.com/brunofs3221/fortyn-exercise-media-extra/main/gifs/Exerc%C3%ADcios%20sem%20marca%20d'%C3%A1gua/Alongamento%20do%20peito%20sentado.gif","C:\Users\bruno\Downloads\Exercicios renomeados\Alongamento do peito sentado","MIGRADO_FONTE_REVISADA"
"media_c39b59d3b9d12e3254e8","Alongamento do pescoço ajoelhado","Alongamento lateral do pescoço em quatro apoios","Mantenha o tronco ereto e mova a cabeça lentamente na direção mostrada, sem elevar os ombros. Se usar a mão como apoio, aplique apenas pressão leve. Sustente a posição confortável e volte devagar.","Alongamento","Pescoço | Sem aparelhos | Casa","Alongamento","Pescoço","Alongamento","Sem aparelhos","Casa","Iniciante","gifs/Exercícios sem marca d'água/Alongamento do pescoço ajoelhado.gif","https://raw.githubusercontent.com/brunofs3221/fortyn-exercise-media-extra/main/gifs/Exerc%C3%ADcios%20sem%20marca%20d'%C3%A1gua/Alongamento%20do%20pesco%C3%A7o%20ajoelhado.gif","C:\Users\bruno\Downloads\Exercicios renomeados\Alongamento do pescoço ajoelhado","MIGRADO_FONTE_REVISADA"
"media_ea4f183f87b329b3a411","Alongamento do pescoço na frente e atrás","Alongamento cervical de flexão e extensão","Mantenha o tronco ereto e mova a cabeça lentamente na direção mostrada, sem elevar os ombros. Se usar a mão como apoio, aplique apenas pressão leve. Sustente a posição confortável e volte devagar.","Alongamento","Pescoço | Sem aparelhos | Casa","Alongamento","Pescoço","Alongamento","Sem aparelhos","Casa","Iniciante","gifs/Exercícios sem marca d'água/Alongamento do pescoço na frente e atrás.gif","https://raw.githubusercontent.com/brunofs3221/fortyn-exercise-media-extra/main/gifs/Exerc%C3%ADcios%20sem%20marca%20d'%C3%A1gua/Alongamento%20do%20pesco%C3%A7o%20na%20frente%20e%20atr%C3%A1s.gif","C:\Users\bruno\Downloads\Exercicios renomeados\Alongamento do pescoço na frente e atrás","MIGRADO_FONTE_REVISADA"
"media_2fc0502c80257e98f426","Alongamento do piriforme","Alongamento do piriforme sentado","Assuma a posição mostrada e desloque o quadril lentamente até sentir a região do quadril ou a parte interna da coxa alongar. Mantenha a coluna organizada, evite rebotes e respeite uma amplitude confortável. Retorne com controle.","Alongamento","Quadril | Sem aparelhos | Casa","Alongamento","Quadril","Alongamento","Sem aparelhos","Casa","Iniciante","gifs/Exercícios sem marca d'água/Alongamento do piriforme.gif","https://raw.githubusercontent.com/brunofs3221/fortyn-exercise-media-extra/main/gifs/Exerc%C3%ADcios%20sem%20marca%20d'%C3%A1gua/Alongamento%20do%20piriforme.gif","C:\Users\bruno\Downloads\Exercicios renomeados\Alongamento do piriforme","MIGRADO_FONTE_REVISADA"
"media_4dac9766556a2e464739","Alongamento do tendão de Aquiles em pé","Alongamento de panturrilha e tendão de Aquiles em pé","Posicione a perna que será alongada atrás ou no apoio mostrado, mantendo o calcanhar direcionado para baixo. Avance o corpo lentamente até sentir a panturrilha alongar, sem fazer rebotes. Sustente e repita do outro lado quando aplicável.","Alongamento","Panturrilhas | Sem aparelhos | Casa","Alongamento","Panturrilhas","Alongamento","Sem aparelhos","Casa","Iniciante","gifs/Exercícios sem marca d'água/Esticar o tendão de Aquiles em pé.gif","https://raw.githubusercontent.com/brunofs3221/fortyn-exercise-media-extra/main/gifs/Exerc%C3%ADcios%20sem%20marca%20d'%C3%A1gua/Esticar%20o%20tend%C3%A3o%20de%20Aquiles%20em%20p%C3%A9.gif","C:\Users\bruno\Downloads\Exercicios renomeados\Alongamento do tendão de Aquiles em pé","MIGRADO_FONTE_REVISADA"
"media_c24b01e0f50883f56a8a","Alongamento dos ombros atrás das costas","Alongamento de tríceps e ombro acima da cabeça","Posicione o braço como demonstrado e mova-o lentamente até sentir a região do ombro alongar. Mantenha o tronco estável e os ombros afastados das orelhas. Sustente sem rebotes e retorne devagar.","Alongamento","Ombros | Sem aparelhos | Casa","Alongamento","Ombros","Alongamento","Sem aparelhos","Casa","Iniciante","gifs/Exercícios sem marca d'água/Alongamento dos ombros atrás das costas.gif","https://raw.githubusercontent.com/brunofs3221/fortyn-exercise-media-extra/main/gifs/Exerc%C3%ADcios%20sem%20marca%20d'%C3%A1gua/Alongamento%20dos%20ombros%20atr%C3%A1s%20das%20costas.gif","C:\Users\bruno\Downloads\Exercicios renomeados\Alongamento dos ombros atrás das costas","MIGRADO_FONTE_REVISADA"
"media_9ce678ccdfeff4acb415","Alongamento em pé com alcance e rotação para trás","Alongamento lateral em pé com braços acima da cabeça","Entre na posição de Alongamento em pé com alcance e rotação para trás de forma controlada. Ajuste o corpo até sentir um alongamento confortável na região trabalhada, mantenha a respiração normal e evite rebotes. Retorne lentamente e repita do outro lado quando necessário.","Alongamento","Sem aparelhos | Casa","Alongamento","","Alongamento","Sem aparelhos","Casa","Iniciante","gifs/Exercícios sem marca d'água/Em pé, alcance, rotação para trás, alongamento.gif","https://raw.githubusercontent.com/brunofs3221/fortyn-exercise-media-extra/main/gifs/Exerc%C3%ADcios%20sem%20marca%20d'%C3%A1gua/Em%20p%C3%A9%2C%20alcance%2C%20rota%C3%A7%C3%A3o%20para%20tr%C3%A1s%2C%20alongamento.gif","C:\Users\bruno\Downloads\Exercicios renomeados\Alongamento em pé com alcance e rotação para trás","MIGRADO_FONTE_REVISADA"
"media_b6864eaa37b80ae20eba","Alongamento em pé tocando os pés","Postura da montanha com braços elevados","Mantenha a perna trabalhada estendida ou levemente flexionada conforme o GIF e incline o tronco a partir do quadril. Avance somente até sentir a parte posterior da coxa alongar, mantendo o movimento lento e sem rebotes. Retorne com controle.","Alongamento","Sem aparelhos | Casa","Alongamento","","Alongamento","Sem aparelhos","Casa","Iniciante","gifs/Exercícios sem marca d'água/Toques de dedo do pé em pé - Postura de montanha tadasana.gif","https://raw.githubusercontent.com/brunofs3221/fortyn-exercise-media-extra/main/gifs/Exerc%C3%ADcios%20sem%20marca%20d'%C3%A1gua/Toques%20de%20dedo%20do%20p%C3%A9%20em%20p%C3%A9%20-%20Postura%20de%20montanha%20tadasana.gif","C:\Users\bruno\Downloads\Exercicios renomeados\Alongamento em pé tocando os pés","MIGRADO_FONTE_REVISADA"
"media_ad719ebeceb808ae7eea","Alongamento estático de panturrilhas","Alongamento de panturrilha na parede","Posicione a perna que será alongada atrás ou no apoio mostrado, mantendo o calcanhar direcionado para baixo. Avance o corpo lentamente até sentir a panturrilha alongar, sem fazer rebotes. Sustente e repita do outro lado quando aplicável.","Alongamento","Panturrilhas | Sem aparelhos | Casa","Alongamento","Panturrilhas","Alongamento","Sem aparelhos","Casa","Iniciante","gifs/Exercícios sem marca d'água/Panturrilhas alongam posição estática.gif","https://raw.githubusercontent.com/brunofs3221/fortyn-exercise-media-extra/main/gifs/Exerc%C3%ADcios%20sem%20marca%20d'%C3%A1gua/Panturrilhas%20alongam%20posi%C3%A7%C3%A3o%20est%C3%A1tica.gif","C:\Users\bruno\Downloads\Exercicios renomeados\Alongamento estático de panturrilhas","MIGRADO_FONTE_REVISADA"
"media_6cbbd42be5def6236f4b","Alongamento extensor do dedo do pé","Alongamento dos extensores dos dedos do pé em pé","Entre na posição de Alongamento extensor do dedo do pé de forma controlada. Ajuste o corpo até sentir um alongamento confortável na região trabalhada, mantenha a respiração normal e evite rebotes. Retorne lentamente e repita do outro lado quando necessário.","Alongamento","Sem aparelhos | Casa","Alongamento","","Alongamento","Sem aparelhos","Casa","Iniciante","gifs/Exercícios sem marca d'água/Alongamento extensor do dedo do pé.gif","https://raw.githubusercontent.com/brunofs3221/fortyn-exercise-media-extra/main/gifs/Exerc%C3%ADcios%20sem%20marca%20d'%C3%A1gua/Alongamento%20extensor%20do%20dedo%20do%20p%C3%A9.gif","C:\Users\bruno\Downloads\Exercicios renomeados\Alongamento extensor do dedo do pé","MIGRADO_FONTE_REVISADA"
"media_956517a5c3aa0aba04f1","Alongamento flexor do dedo do pé em pé","Alongamento dos flexores dos dedos do pé em pé","Entre na posição de Alongamento flexor do dedo do pé em pé de forma controlada. Ajuste o corpo até sentir um alongamento confortável na região trabalhada, mantenha a respiração normal e evite rebotes. Retorne lentamente e repita do outro lado quando necessário.","Alongamento","Sem aparelhos | Casa","Alongamento","","Alongamento","Sem aparelhos","Casa","Iniciante","gifs/Exercícios sem marca d'água/Alongamento flexor do dedo do pé em pé.gif","https://raw.githubusercontent.com/brunofs3221/fortyn-exercise-media-extra/main/gifs/Exerc%C3%ADcios%20sem%20marca%20d'%C3%A1gua/Alongamento%20flexor%20do%20dedo%20do%20p%C3%A9%20em%20p%C3%A9.gif","C:\Users\bruno\Downloads\Exercicios renomeados\Alongamento flexor do dedo do pé em pé","MIGRADO_FONTE_REVISADA"
"media_3a09d04944073caef961","Alongamento lateral da parte interna da coxa","Alongamento de adutores sentado unilateral","Assuma a posição mostrada e desloque o quadril lentamente até sentir a região do quadril ou a parte interna da coxa alongar. Mantenha a coluna organizada, evite rebotes e respeite uma amplitude confortável. Retorne com controle.","Alongamento","Quadril | Sem aparelhos | Casa","Alongamento","Quadril","Alongamento","Sem aparelhos","Casa","Iniciante","gifs/Exercícios sem marca d'água/Alongamento lateral da parte interna da coxa.gif","https://raw.githubusercontent.com/brunofs3221/fortyn-exercise-media-extra/main/gifs/Exerc%C3%ADcios%20sem%20marca%20d'%C3%A1gua/Alongamento%20lateral%20da%20parte%20interna%20da%20coxa.gif","C:\Users\bruno\Downloads\Exercicios renomeados\Alongamento lateral da parte interna da coxa","MIGRADO_FONTE_REVISADA"
"media_201128c301ab020b75df","Alongamento lateral do pescoço","Alongamento lateral do pescoço","Mantenha o tronco ereto e mova a cabeça lentamente na direção mostrada, sem elevar os ombros. Se usar a mão como apoio, aplique apenas pressão leve. Sustente a posição confortável e volte devagar.","Alongamento","Pescoço | Sem aparelhos | Casa","Alongamento","Pescoço","Alongamento","Sem aparelhos","Casa","Iniciante","gifs/Exercícios sem marca d'água/Alongamento lateral do pescoço.gif","https://raw.githubusercontent.com/brunofs3221/fortyn-exercise-media-extra/main/gifs/Exerc%C3%ADcios%20sem%20marca%20d'%C3%A1gua/Alongamento%20lateral%20do%20pesco%C3%A7o.gif","C:\Users\bruno\Downloads\Exercicios renomeados\Alongamento lateral do pescoço","MIGRADO_FONTE_REVISADA"
"media_c0dd18c5ef0348c03d7c","Alongamento lateral do pescoço - Variação 2","Alongamento lateral do pescoço","Mantenha o tronco ereto e mova a cabeça lentamente na direção mostrada, sem elevar os ombros. Se usar a mão como apoio, aplique apenas pressão leve. Sustente a posição confortável e volte devagar.","Alongamento","Pescoço | Sem aparelhos | Casa","Alongamento","Pescoço","Alongamento","Sem aparelhos","Casa","Iniciante","gifs/Exercícios sem marca d'água/Alongamento lateral do pescoço - Variação 2.gif","https://raw.githubusercontent.com/brunofs3221/fortyn-exercise-media-extra/main/gifs/Exerc%C3%ADcios%20sem%20marca%20d'%C3%A1gua/Alongamento%20lateral%20do%20pesco%C3%A7o%20-%20Varia%C3%A7%C3%A3o%202.gif","C:\Users\bruno\Downloads\Exercicios renomeados\Alongamento lateral do pescoço - Variação 2","MIGRADO_FONTE_REVISADA"
"media_a3699b5d616ee8a4ec23","Alongamento reverso assistido do ombro","Alongamento reverso de ombros assistido","Posicione o braço como demonstrado e mova-o lentamente até sentir a região do ombro alongar. Mantenha o tronco estável e os ombros afastados das orelhas. Sustente sem rebotes e retorne devagar.","Alongamento","Ombros | Sem aparelhos | Casa","Alongamento","Ombros","Alongamento","Sem aparelhos","Casa","Iniciante","gifs/Exercícios sem marca d'água/Alongamento reverso assistido do ombro.gif","https://raw.githubusercontent.com/brunofs3221/fortyn-exercise-media-extra/main/gifs/Exerc%C3%ADcios%20sem%20marca%20d'%C3%A1gua/Alongamento%20reverso%20assistido%20do%20ombro.gif","C:\Users\bruno\Downloads\Exercicios renomeados\Alongamento reverso assistido do ombro","MIGRADO_FONTE_REVISADA"
"media_91996788bbd747cbd849","Alongamento tibial posterior","Alongamento do tibial posterior sentado com faixa","Mantenha a perna trabalhada estendida ou levemente flexionada conforme o GIF e incline o tronco a partir do quadril. Avance somente até sentir a parte posterior da coxa alongar, mantendo o movimento lento e sem rebotes. Retorne com controle.","Alongamento","Posterior de coxa | Sem aparelhos | Casa","Alongamento","Posterior de coxa","Alongamento","Sem aparelhos","Casa","Iniciante","gifs/Exercícios sem marca d'água/Alongamento tibial posterior.gif","https://raw.githubusercontent.com/brunofs3221/fortyn-exercise-media-extra/main/gifs/Exerc%C3%ADcios%20sem%20marca%20d'%C3%A1gua/Alongamento%20tibial%20posterior.gif","C:\Users\bruno\Downloads\Exercicios renomeados\Alongamento tibial posterior","MIGRADO_FONTE_REVISADA"
"media_f280c8c04f5592d91d0c","Alongamentos de pés e tornozelos","Mobilidade de tornozelos sentado","Entre na posição de Alongamentos de pés e tornozelos de forma controlada. Ajuste o corpo até sentir um alongamento confortável na região trabalhada, mantenha a respiração normal e evite rebotes. Retorne lentamente e repita do outro lado quando necessário.","Alongamento","Sem aparelhos | Casa","Alongamento","","Alongamento","Sem aparelhos","Casa","Iniciante","gifs/Exercícios sem marca d'água/Alongamentos de pés e tornozelos.gif","https://raw.githubusercontent.com/brunofs3221/fortyn-exercise-media-extra/main/gifs/Exerc%C3%ADcios%20sem%20marca%20d'%C3%A1gua/Alongamentos%20de%20p%C3%A9s%20e%20tornozelos.gif","C:\Users\bruno\Downloads\Exercicios renomeados\Alongamentos de pés e tornozelos","MIGRADO_FONTE_REVISADA"
"media_929dbf0966bac4decf20","Alpinista","Alpinista","Apoie as mãos no chão e mantenha o corpo alinhado em posição de prancha. Traga um joelho de cada vez em direção ao peito, alternando as pernas sem deixar o quadril subir demais. Mantenha o abdômen ativo e um ritmo que preserve a postura.","Cardio","Sem aparelhos | Casa | Corpo inteiro","Cardio","Corpo inteiro","Cardio","Sem aparelhos","Casa","Intermediário","gifs/Exercícios sem marca d'água/Alpinista.gif","https://raw.githubusercontent.com/brunofs3221/fortyn-exercise-media-extra/main/gifs/Exerc%C3%ADcios%20sem%20marca%20d'%C3%A1gua/Alpinista.gif","C:\Users\bruno\Downloads\Exercicios renomeados\Alpinista","MIGRADO_FONTE_REVISADA"
"media_2fb4ba68035b43e0297a","Alpinista com joelho ao cotovelo","Alpinista com joelho ao cotovelo","Apoie as mãos no chão e mantenha o corpo alinhado em posição de prancha. Traga um joelho de cada vez em direção ao peito, alternando as pernas sem deixar o quadril subir demais. Mantenha o abdômen ativo e um ritmo que preserve a postura.","Cardio","Sem aparelhos | Casa | Corpo inteiro","Cardio","Corpo inteiro","Cardio","Sem aparelhos","Casa","Intermediário","gifs/abdominais/Torções de cotovelo a joelho.gif","https://raw.githubusercontent.com/brunofs3221/fortyn-exercise-media-extra/main/gifs/abdominais/Tor%C3%A7%C3%B5es%20de%20cotovelo%20a%20joelho.gif","C:\Users\bruno\Downloads\Exercicios renomeados\Alpinista com joelho ao cotovelo","MIGRADO_FONTE_REVISADA"
"media_9d5282750cbb7d94d92d","Alpinista cruzado","Alpinista cruzado","Apoie as mãos no chão e mantenha o corpo alinhado em posição de prancha. Traga um joelho de cada vez em direção ao peito, alternando as pernas sem deixar o quadril subir demais. Mantenha o abdômen ativo e um ritmo que preserve a postura.","Cardio","Sem aparelhos | Casa | Corpo inteiro","Cardio","Corpo inteiro","Cardio","Sem aparelhos","Casa","Intermediário","gifs/abdominais/Alpinista de corpo cruzado.gif","https://raw.githubusercontent.com/brunofs3221/fortyn-exercise-media-extra/main/gifs/abdominais/Alpinista%20de%20corpo%20cruzado.gif","C:\Users\bruno\Downloads\Exercicios renomeados\Alpinista cruzado","MIGRADO_FONTE_REVISADA"
"media_20bd9b31cd9a576fe4e3","Alpinista de corpo cruzado","Alpinista cruzado","Apoie as mãos no chão e mantenha o corpo alinhado em posição de prancha. Traga um joelho de cada vez em direção ao peito, alternando as pernas sem deixar o quadril subir demais. Mantenha o abdômen ativo e um ritmo que preserve a postura.","Cardio","Sem aparelhos | Casa | Corpo inteiro","Cardio","Corpo inteiro","Cardio","Sem aparelhos","Casa","Intermediário","gifs/Exercícios sem marca d'água/Alpinista de corpo cruzado.gif","https://raw.githubusercontent.com/brunofs3221/fortyn-exercise-media-extra/main/gifs/Exerc%C3%ADcios%20sem%20marca%20d'%C3%A1gua/Alpinista%20de%20corpo%20cruzado.gif","C:\Users\bruno\Downloads\Exercicios renomeados\Alpinista de corpo cruzado","MIGRADO_FONTE_REVISADA"
"media_51f5eea1ada583f04619","Alpinista em pé","Alpinista em pé","Apoie as mãos no chão e mantenha o corpo alinhado em posição de prancha. Traga um joelho de cada vez em direção ao peito, alternando as pernas sem deixar o quadril subir demais. Mantenha o abdômen ativo e um ritmo que preserve a postura.","Cardio","Sem aparelhos | Casa | Corpo inteiro","Cardio","Corpo inteiro","Cardio","Sem aparelhos","Casa","Iniciante","gifs/Exercícios sem marca d'água/Alpinista vertical.gif","https://raw.githubusercontent.com/brunofs3221/fortyn-exercise-media-extra/main/gifs/Exerc%C3%ADcios%20sem%20marca%20d'%C3%A1gua/Alpinista%20vertical.gif","C:\Users\bruno\Downloads\Exercicios renomeados\Alpinista em pé","MIGRADO_FONTE_REVISADA"
"media_0227c6e50f6b9aeb5d1b","Alto ajoelhado com kettlebell press com um braço","Desenvolvimento unilateral com kettlebell em meio-ajoelhado","Assuma a posição inicial de Alto ajoelhado com kettlebell press com um braço, estabilize o tronco e execute o movimento mostrado de forma coordenada. Use uma amplitude que consiga controlar, evite impulso desnecessário e retorne à posição inicial antes da repetição seguinte.","Corpo inteiro","Kettlebell | Academia","Corpo inteiro","","Musculação","Kettlebell","Academia","Intermediário","gifs/Exercícios sem marca d'água/Alto ajoelhado com kettlebell press com um braço.gif","https://raw.githubusercontent.com/brunofs3221/fortyn-exercise-media-extra/main/gifs/Exerc%C3%ADcios%20sem%20marca%20d'%C3%A1gua/Alto%20ajoelhado%20com%20kettlebell%20press%20com%20um%20bra%C3%A7o.gif","C:\Users\bruno\Downloads\Exercicios renomeados\Alto ajoelhado com kettlebell press com um braço","MIGRADO_FONTE_REVISADA"
"media_1a0d6f86c3515ea14bbe","Andando","Caminhada","Mantenha o tronco ereto, olhar à frente e braços coordenados com as pernas. Execute as passadas ou deslocamentos no padrão mostrado, apoiando os pés com controle e mantendo um ritmo que permita conservar a técnica.","Cardio","Sem aparelhos | Casa | Corpo inteiro","Cardio","Corpo inteiro","Cardio","Sem aparelhos","Casa","Iniciante","gifs/Exercícios sem marca d'água/Andando.gif","https://raw.githubusercontent.com/brunofs3221/fortyn-exercise-media-extra/main/gifs/Exerc%C3%ADcios%20sem%20marca%20d'%C3%A1gua/Andando.gif","C:\Users\bruno\Downloads\Exercicios renomeados\Andando","MIGRADO_FONTE_REVISADA"
"media_3d963b58748b84a8a442","Andar de bicicleta ao ar livre","Ciclismo ao ar livre","Ajuste o banco para que o joelho permaneça levemente flexionado no ponto mais baixo do pedal. Pedale com os joelhos alinhados aos pés e o tronco estável, mantendo uma cadência contínua. Ajuste resistência e ritmo à intensidade desejada.","Cardio","Bicicleta | Ao ar livre | Corpo inteiro","Cardio","Corpo inteiro","Cardio","Bicicleta","Ao ar livre","Iniciante","gifs/Exercícios sem marca d'água/Andar de bicicleta ao ar livre.gif","https://raw.githubusercontent.com/brunofs3221/fortyn-exercise-media-extra/main/gifs/Exerc%C3%ADcios%20sem%20marca%20d'%C3%A1gua/Andar%20de%20bicicleta%20ao%20ar%20livre.gif","C:\Users\bruno\Downloads\Exercicios renomeados\Andar de bicicleta ao ar livre","MIGRADO_FONTE_REVISADA"
"media_ccb1fd166f2e8e1aa341","Arnold Press de braço único","Desenvolvimento Arnold unilateral","Comece com as mãos ou a carga na altura apropriada dos ombros e mantenha o abdômen ativo. Empurre para cima até estender os braços com controle. Desça de volta sem deixar os ombros subirem excessivamente em direção às orelhas.","Ombros","Tríceps | Sem aparelhos | Casa","Ombros","Tríceps","Musculação","Sem aparelhos","Casa","Intermediário","gifs/Exercícios sem marca d'água/Arnold Press de braço único.gif","https://raw.githubusercontent.com/brunofs3221/fortyn-exercise-media-extra/main/gifs/Exerc%C3%ADcios%20sem%20marca%20d'%C3%A1gua/Arnold%20Press%20de%20bra%C3%A7o%20%C3%BAnico.gif","C:\Users\bruno\Downloads\Exercicios renomeados\Arnold Press de braço único","MIGRADO_FONTE_REVISADA"
"media_8cc384160eac3a942fc8","Arranco de kettlebell com um braço","Arranco unilateral com kettlebell","Assuma a posição inicial de Arranco de kettlebell com um braço, estabilize o tronco e execute o movimento mostrado de forma coordenada. Use uma amplitude que consiga controlar, evite impulso desnecessário e retorne à posição inicial antes da repetição seguinte.","Corpo inteiro","Kettlebell | Academia","Corpo inteiro","","Musculação","Kettlebell","Academia","Avançado","gifs/Exercícios sem marca d'água/Arranco de kettlebell com um braço.gif","https://raw.githubusercontent.com/brunofs3221/fortyn-exercise-media-extra/main/gifs/Exerc%C3%ADcios%20sem%20marca%20d'%C3%A1gua/Arranco%20de%20kettlebell%20com%20um%20bra%C3%A7o.gif","C:\Users\bruno\Downloads\Exercicios renomeados\Arranco de kettlebell com um braço","MIGRADO_FONTE_REVISADA"
"media_7b48e5dca9b70ed59f00","Arranco dividido com kettlebell","Arranco com kettlebell em tesoura","Assuma a posição inicial de Arranco dividido com kettlebell, estabilize o tronco e execute o movimento mostrado de forma coordenada. Use uma amplitude que consiga controlar, evite impulso desnecessário e retorne à posição inicial antes da repetição seguinte.","Corpo inteiro","Kettlebell | Academia","Corpo inteiro","","Musculação","Kettlebell","Academia","Avançado","gifs/Exercícios sem marca d'água/Arranco dividido com kettlebell.gif","https://raw.githubusercontent.com/brunofs3221/fortyn-exercise-media-extra/main/gifs/Exerc%C3%ADcios%20sem%20marca%20d'%C3%A1gua/Arranco%20dividido%20com%20kettlebell.gif","C:\Users\bruno\Downloads\Exercicios renomeados\Arranco dividido com kettlebell","MIGRADO_FONTE_REVISADA"
"media_ae61da474b9ee3a2ac51","Arremesso de bola medicinal acima da cabeça","Arremesso acima da cabeça com bola medicinal","Segure a bola com firmeza e use pernas, quadril e tronco para gerar força na direção mostrada. Lance ou bata a bola seguindo a trajetória do GIF. Recupere a posição de forma controlada antes da próxima repetição.","Corpo inteiro","Bola | Academia","Corpo inteiro","","Musculação","Bola","Academia","Intermediário","gifs/Exercícios sem marca d'água/Lançamento de bola medicinal.gif","https://raw.githubusercontent.com/brunofs3221/fortyn-exercise-media-extra/main/gifs/Exerc%C3%ADcios%20sem%20marca%20d'%C3%A1gua/Lan%C3%A7amento%20de%20bola%20medicinal.gif","C:\Users\bruno\Downloads\Exercicios renomeados\Arremesso de bola medicinal acima da cabeça","MIGRADO_FONTE_REVISADA"
"media_a98e9cff7f458ee7a006","Arremesso de bola medicinal para trás","Arremesso de bola medicinal para trás","Segure a bola com firmeza e use pernas, quadril e tronco para gerar força na direção mostrada. Lance ou bata a bola seguindo a trajetória do GIF. Recupere a posição de forma controlada antes da próxima repetição.","Corpo inteiro","Bola | Academia","Corpo inteiro","","Musculação","Bola","Academia","Intermediário","gifs/Exercícios sem marca d'água/Lançamento de bola medicinal para trás.gif","https://raw.githubusercontent.com/brunofs3221/fortyn-exercise-media-extra/main/gifs/Exerc%C3%ADcios%20sem%20marca%20d'%C3%A1gua/Lan%C3%A7amento%20de%20bola%20medicinal%20para%20tr%C3%A1s.gif","C:\Users\bruno\Downloads\Exercicios renomeados\Arremesso de bola medicinal para trás","MIGRADO_FONTE_REVISADA"
"media_8aa125b54d1d807fd825","Arremesso rotacional de bola medicinal","Arremesso rotacional com bola medicinal na parede","Assuma a posição inicial de Arremesso rotacional de bola medicinal, estabilize o tronco e execute o movimento mostrado de forma coordenada. Use uma amplitude que consiga controlar, evite impulso desnecessário e retorne à posição inicial antes da repetição seguinte.","Corpo inteiro","Bola | Academia","Corpo inteiro","","Musculação","Bola","Academia","Intermediário","gifs/Exercícios sem marca d'água/Lançamento rotacional de bola medicinal.gif","https://raw.githubusercontent.com/brunofs3221/fortyn-exercise-media-extra/main/gifs/Exerc%C3%ADcios%20sem%20marca%20d'%C3%A1gua/Lan%C3%A7amento%20rotacional%20de%20bola%20medicinal.gif","C:\Users\bruno\Downloads\Exercicios renomeados\Arremesso rotacional de bola medicinal","MIGRADO_FONTE_REVISADA"
"media_9daf4338101b2d8bd75f","Assault Bike (bicicleta de resistência a ar)","Assault Bike (bicicleta de resistência a ar)","Assuma a posição inicial de Assault Bike (bicicleta de resistência a ar), estabilize o tronco e execute o movimento mostrado de forma coordenada. Use uma amplitude que consiga controlar, evite impulso desnecessário e retorne à posição inicial antes da repetição seguinte.","Corpo inteiro","Elástico | Bicicleta | Academia","Corpo inteiro","","Musculação","Elástico | Bicicleta","Academia","Intermediário","gifs/cardio/Bicicleta de resistência a ar - Assault Bike.gif","https://raw.githubusercontent.com/brunofs3221/fortyn-exercise-media-extra/main/gifs/cardio/Bicicleta%20de%20resist%C3%AAncia%20a%20ar%20-%20Assault%20Bike.gif","C:\Users\bruno\Downloads\Exercicios renomeados\Assault Bike (bicicleta de resistência a ar)","MIGRADO_FONTE_REVISADA"
"media_594fdac437fdead12021","Avanço (passada)","Avanço (passada)","Dê o passo ou assuma a base dividida mostrada e mantenha o tronco estável. Flexione os dois joelhos até a profundidade controlada, mantendo o joelho da frente alinhado ao pé. Empurre o chão com a perna da frente para retornar ou avançar para a próxima repetição.","Quadríceps","Glúteos | Sem aparelhos | Casa","Quadríceps","Glúteos","Musculação","Sem aparelhos","Casa","Iniciante","gifs/Avanço - Passada.gif","https://raw.githubusercontent.com/brunofs3221/fortyn-exercise-media-extra/main/gifs/Avan%C3%A7o%20-%20Passada.gif","C:\Users\bruno\Downloads\Exercicios renomeados\Avanço (passada)","MIGRADO_FONTE_REVISADA"
"media_b8fc63947f73d93e8737","Avanço à frente no cabo","Avanço à frente na polia","Dê o passo ou assuma a base dividida mostrada e mantenha o tronco estável. Flexione os dois joelhos até a profundidade controlada, mantendo o joelho da frente alinhado ao pé. Empurre o chão com a perna da frente para retornar ou avançar para a próxima repetição.","Quadríceps","Polia/Cabo | Glúteos | Academia","Quadríceps","Glúteos","Musculação","Polia/Cabo","Academia","Intermediário","gifs/Exercícios sem marca d'água/Avanço para frente do cabo.gif","https://raw.githubusercontent.com/brunofs3221/fortyn-exercise-media-extra/main/gifs/Exerc%C3%ADcios%20sem%20marca%20d'%C3%A1gua/Avan%C3%A7o%20para%20frente%20do%20cabo.gif","C:\Users\bruno\Downloads\Exercicios renomeados\Avanço à frente no cabo","MIGRADO_FONTE_REVISADA"
"media_45e4e2c7ff6a183975ad","Avanço andando com barra","Avanço andando com barra","Com a barra apoiada com segurança, dê um passo à frente e flexione os dois joelhos até o joelho de trás se aproximar do chão. Empurre o solo com a perna da frente para avançar para o próximo passo. Mantenha o tronco firme e o joelho da frente alinhado com o pé.","Quadríceps","Glúteos | Barra | Academia","Quadríceps","Glúteos","Musculação","Barra","Academia","Iniciante","gifs/perna/Bodyweight walking avanço.gif","https://raw.githubusercontent.com/brunofs3221/fortyn-exercise-media-extra/main/gifs/perna/Bodyweight%20walking%20avan%C3%A7o.gif","C:\Users\bruno\Downloads\Exercicios renomeados\Avanço andando com barra","MIGRADO_FONTE_REVISADA"
"media_bf33024434d126cbcd82","Avanço caminhando com joelho alto","Afundo reverso com elevação de joelho","Mantenha o tronco ereto, olhar à frente e braços coordenados com as pernas. Execute as passadas ou deslocamentos no padrão mostrado, apoiando os pés com controle e mantendo um ritmo que permita conservar a técnica.","Cardio","Sem aparelhos | Casa | Corpo inteiro","Cardio","Corpo inteiro","Cardio","Sem aparelhos","Casa","Intermediário","gifs/Exercícios sem marca d'água/Andando com estocadas altas nos joelhos.gif","https://raw.githubusercontent.com/brunofs3221/fortyn-exercise-media-extra/main/gifs/Exerc%C3%ADcios%20sem%20marca%20d'%C3%A1gua/Andando%20com%20estocadas%20altas%20nos%20joelhos.gif","C:\Users\bruno\Downloads\Exercicios renomeados\Avanço caminhando com joelho alto","MIGRADO_FONTE_REVISADA"
"media_3604155c790e7773dad9","Avanço com barra","Avanço com barra","Parta em pé com a carga estabilizada. Dê um passo à frente e flexione os dois joelhos até o joelho de trás se aproximar do chão, mantendo o joelho da frente alinhado ao pé. Empurre o chão com a perna da frente para retornar e repita com controle.","Quadríceps","Glúteos | Barra | Academia","Quadríceps","Glúteos","Musculação","Barra","Academia","Intermediário","gifs/perna/Avanço lateral com barra.gif","https://raw.githubusercontent.com/brunofs3221/fortyn-exercise-media-extra/main/gifs/perna/Avan%C3%A7o%20lateral%20com%20barra.gif","","SEM_FONTE_REVISADA"
"media_86056df84075f61cb215","Avanço com barra","Avanço com barra","Dê o passo ou assuma a base dividida mostrada e mantenha o tronco estável. Flexione os dois joelhos até a profundidade controlada, mantendo o joelho da frente alinhado ao pé. Empurre o chão com a perna da frente para retornar ou avançar para a próxima repetição.","Quadríceps","Barra | Glúteos | Academia","Quadríceps","Glúteos","Musculação","Barra","Academia","Intermediário","gifs/Exercícios sem marca d'água/Avanço com barra.gif","https://raw.githubusercontent.com/brunofs3221/fortyn-exercise-media-extra/main/gifs/Exerc%C3%ADcios%20sem%20marca%20d'%C3%A1gua/Avan%C3%A7o%20com%20barra.gif","C:\Users\bruno\Downloads\Exercicios renomeados\Avanço com barra","MIGRADO_FONTE_REVISADA"
"media_b7f96901b8ff4ca51a65","Avanço com barra","","Exercício unilateral de membros inferiores com uma barra apoiada sobre a parte superior das costas. O praticante dá um passo à frente, desce flexionando quadris e joelhos e retorna à posição inicial empurrando o chão; a passada exige controle do joelho da frente e estabilidade do tronco sob carga.","Quadríceps","barra | anilhas | suporte para barra | academia","Quadríceps","","Musculação","barra | anilhas | suporte para barra","academia","","gifs/Avanço com barra - Passada com barra.gif","https://raw.githubusercontent.com/brunofs3221/fortyn-exercise-media-extra/main/gifs/Avan%C3%A7o%20com%20barra%20-%20Passada%20com%20barra.gif","","SEM_FONTE_REVISADA"
"media_21cfa5624897819f6a28","Avanço com halteres","Avanço com halteres","Parta em pé com a carga estabilizada. Dê um passo à frente e flexione os dois joelhos até o joelho de trás se aproximar do chão, mantendo o joelho da frente alinhado ao pé. Empurre o chão com a perna da frente para retornar e repita com controle.","Quadríceps","Glúteos | Halteres | Academia","Quadríceps","Glúteos","Musculação","Halteres","Academia","Intermediário","gifs/perna/Alongamento de avanço lateral.gif","https://raw.githubusercontent.com/brunofs3221/fortyn-exercise-media-extra/main/gifs/perna/Alongamento%20de%20avan%C3%A7o%20lateral.gif","","SEM_FONTE_REVISADA"
"media_b9bc429a3370c748bafe","Avanço com halteres","Afundo com halteres","Dê o passo ou assuma a base dividida mostrada e mantenha o tronco estável. Flexione os dois joelhos até a profundidade controlada, mantendo o joelho da frente alinhado ao pé. Empurre o chão com a perna da frente para retornar ou avançar para a próxima repetição.","Quadríceps","Halteres | Glúteos | Academia","Quadríceps","Glúteos","Musculação","Halteres","Academia","Intermediário","gifs/Exercícios sem marca d'água/Avanço com halteres.gif","https://raw.githubusercontent.com/brunofs3221/fortyn-exercise-media-extra/main/gifs/Exerc%C3%ADcios%20sem%20marca%20d'%C3%A1gua/Avan%C3%A7o%20com%20halteres.gif","C:\Users\bruno\Downloads\Exercicios renomeados\Avanço com halteres","MIGRADO_FONTE_REVISADA"
"media_010fa55019b633111f3f","Avanço com halteres - Variação 2","Avanço com halteres - Variação 2","Parta em pé com a carga estabilizada. Dê um passo à frente e flexione os dois joelhos até o joelho de trás se aproximar do chão, mantendo o joelho da frente alinhado ao pé. Empurre o chão com a perna da frente para retornar e repita com controle.","Quadríceps","Glúteos | Halteres | Academia","Quadríceps","Glúteos","Musculação","Halteres","Academia","Avançado","gifs/perna/Com halteres pistol agachamento.gif","https://raw.githubusercontent.com/brunofs3221/fortyn-exercise-media-extra/main/gifs/perna/Com%20halteres%20pistol%20agachamento.gif","C:\Users\bruno\Downloads\Exercicios renomeados\Avanço com halteres - Variação 2","MIGRADO_FONTE_REVISADA"
"media_ace214ee55fad25af31c","Avanço com peso corporal","Avanço com peso corporal","Parta em pé com a carga estabilizada. Dê um passo à frente e flexione os dois joelhos até o joelho de trás se aproximar do chão, mantendo o joelho da frente alinhado ao pé. Empurre o chão com a perna da frente para retornar e repita com controle.","Quadríceps","Glúteos | Sem aparelhos | Casa","Quadríceps","Glúteos","Musculação","Sem aparelhos","Casa","Iniciante","gifs/perna/Bodyweight avanço.gif","https://raw.githubusercontent.com/brunofs3221/fortyn-exercise-media-extra/main/gifs/perna/Bodyweight%20avan%C3%A7o.gif","C:\Users\bruno\Downloads\Exercicios renomeados\Avanço com peso corporal","MIGRADO_FONTE_REVISADA"
"media_f02a9ae17df06819456e","Avanço de joelho alto na bola bosu","Afundo reverso com joelhada na BOSU","Dê o passo ou assuma a base dividida mostrada e mantenha o tronco estável. Flexione os dois joelhos até a profundidade controlada, mantendo o joelho da frente alinhado ao pé. Empurre o chão com a perna da frente para retornar ou avançar para a próxima repetição.","Quadríceps","Bola | Glúteos | Academia","Quadríceps","Glúteos","Musculação","Bola","Academia","Avançado","gifs/Exercícios sem marca d'água/Avanço de joelho alto na bola bosu.gif","https://raw.githubusercontent.com/brunofs3221/fortyn-exercise-media-extra/main/gifs/Exerc%C3%ADcios%20sem%20marca%20d'%C3%A1gua/Avan%C3%A7o%20de%20joelho%20alto%20na%20bola%20bosu.gif","C:\Users\bruno\Downloads\Exercicios renomeados\Avanço de joelho alto na bola bosu","MIGRADO_FONTE_REVISADA"
"media_4197b976e29959797fdb","Avanço em reverência com halter","Avanço curtsy com halter","Dê o passo ou assuma a base dividida mostrada e mantenha o tronco estável. Flexione os dois joelhos até a profundidade controlada, mantendo o joelho da frente alinhado ao pé. Empurre o chão com a perna da frente para retornar ou avançar para a próxima repetição.","Quadríceps","Halteres | Glúteos | Academia","Quadríceps","Glúteos","Musculação","Halteres","Academia","Intermediário","gifs/Exercícios sem marca d'água/Halteres taça reverência avanço.gif","https://raw.githubusercontent.com/brunofs3221/fortyn-exercise-media-extra/main/gifs/Exerc%C3%ADcios%20sem%20marca%20d'%C3%A1gua/Halteres%20ta%C3%A7a%20rever%C3%AAncia%20avan%C3%A7o.gif","C:\Users\bruno\Downloads\Exercicios renomeados\Avanço em reverência com halter","MIGRADO_FONTE_REVISADA"
"media_5275ca8b97493acce857","Avanço estático","Afundo estático","Dê o passo ou assuma a base dividida mostrada e mantenha o tronco estável. Flexione os dois joelhos até a profundidade controlada, mantendo o joelho da frente alinhado ao pé. Empurre o chão com a perna da frente para retornar ou avançar para a próxima repetição.","Quadríceps","Glúteos | Sem aparelhos | Casa","Quadríceps","Glúteos","Musculação","Sem aparelhos","Casa","Iniciante","gifs/Exercícios sem marca d'água/Avanço estática.gif","https://raw.githubusercontent.com/brunofs3221/fortyn-exercise-media-extra/main/gifs/Exerc%C3%ADcios%20sem%20marca%20d'%C3%A1gua/Avan%C3%A7o%20est%C3%A1tica.gif","C:\Users\bruno\Downloads\Exercicios renomeados\Avanço estático","MIGRADO_FONTE_REVISADA"
"media_d14666c2a55e1afe6f7a","Avanço lateral com barra","Avanço lateral com barra","Dê o passo ou assuma a base dividida mostrada e mantenha o tronco estável. Flexione os dois joelhos até a profundidade controlada, mantendo o joelho da frente alinhado ao pé. Empurre o chão com a perna da frente para retornar ou avançar para a próxima repetição.","Quadríceps","Barra | Glúteos | Academia","Quadríceps","Glúteos","Musculação","Barra","Academia","Intermediário","gifs/Exercícios sem marca d'água/Avanço lateral com barra.gif","https://raw.githubusercontent.com/brunofs3221/fortyn-exercise-media-extra/main/gifs/Exerc%C3%ADcios%20sem%20marca%20d'%C3%A1gua/Avan%C3%A7o%20lateral%20com%20barra.gif","C:\Users\bruno\Downloads\Exercicios renomeados\Avanço lateral com barra","MIGRADO_FONTE_REVISADA"
"media_62ee179d34d60c0bf4b4","Avanço no Smith","Avanço no Smith","Parta em pé com a carga estabilizada. Dê um passo à frente e flexione os dois joelhos até o joelho de trás se aproximar do chão, mantendo o joelho da frente alinhado ao pé. Empurre o chão com a perna da frente para retornar e repita com controle.","Quadríceps","Glúteos | Máquina | Academia","Quadríceps","Glúteos","Musculação","Máquina","Academia","Intermediário","gifs/perna/Smith na máquina avanço.gif","https://raw.githubusercontent.com/brunofs3221/fortyn-exercise-media-extra/main/gifs/perna/Smith%20na%20m%C3%A1quina%20avan%C3%A7o.gif","C:\Users\bruno\Downloads\Exercicios renomeados\Avanço no Smith","MIGRADO_FONTE_REVISADA"
"media_84aadc1a87a366a3aa9f","Avanço reverso","Avanço reverso","Dê o passo ou assuma a base dividida mostrada e mantenha o tronco estável. Flexione os dois joelhos até a profundidade controlada, mantendo o joelho da frente alinhado ao pé. Empurre o chão com a perna da frente para retornar ou avançar para a próxima repetição.","Quadríceps","Glúteos | Sem aparelhos | Casa","Quadríceps","Glúteos","Musculação","Sem aparelhos","Casa","Iniciante","gifs/Exercícios sem marca d'água/Avanço reversa.gif","https://raw.githubusercontent.com/brunofs3221/fortyn-exercise-media-extra/main/gifs/Exerc%C3%ADcios%20sem%20marca%20d'%C3%A1gua/Avan%C3%A7o%20reversa.gif","C:\Users\bruno\Downloads\Exercicios renomeados\Avanço reverso","MIGRADO_FONTE_REVISADA"
"media_4adb2d380ec63f7847db","Avanço reverso com elevação do joelho","Afundo reverso com elevação de joelho","Dê o passo ou assuma a base dividida mostrada e mantenha o tronco estável. Flexione os dois joelhos até a profundidade controlada, mantendo o joelho da frente alinhado ao pé. Empurre o chão com a perna da frente para retornar ou avançar para a próxima repetição.","Quadríceps","Glúteos | Sem aparelhos | Casa","Quadríceps","Glúteos","Musculação","Sem aparelhos","Casa","Intermediário","gifs/Exercícios sem marca d'água/Joelho de avanço reversa.gif","https://raw.githubusercontent.com/brunofs3221/fortyn-exercise-media-extra/main/gifs/Exerc%C3%ADcios%20sem%20marca%20d'%C3%A1gua/Joelho%20de%20avan%C3%A7o%20reversa.gif","C:\Users\bruno\Downloads\Exercicios renomeados\Avanço reverso com elevação do joelho","MIGRADO_FONTE_REVISADA"
"media_184795bc4d3432403a0c","Avanço reverso com halteres","Avanço reverso com halteres","Dê o passo ou assuma a base dividida mostrada e mantenha o tronco estável. Flexione os dois joelhos até a profundidade controlada, mantendo o joelho da frente alinhado ao pé. Empurre o chão com a perna da frente para retornar ou avançar para a próxima repetição.","Quadríceps","Halteres | Glúteos | Academia","Quadríceps","Glúteos","Musculação","Halteres","Academia","Intermediário","gifs/Exercícios sem marca d'água/Avanço traseira com halteres.gif","https://raw.githubusercontent.com/brunofs3221/fortyn-exercise-media-extra/main/gifs/Exerc%C3%ADcios%20sem%20marca%20d'%C3%A1gua/Avan%C3%A7o%20traseira%20com%20halteres.gif","C:\Users\bruno\Downloads\Exercicios renomeados\Avanço reverso com halteres","MIGRADO_FONTE_REVISADA"
"media_53616f31faba330535bc","Avanço reverso com halteres","Avanço reverso com halteres","Em pé, dê um passo para trás e flexione os dois joelhos até o joelho de trás se aproximar do chão. Mantenha a maior parte do apoio na perna da frente e o tronco estável. Empurre o chão para voltar à posição inicial e repita.","Quadríceps","Glúteos | Halteres | Academia","Quadríceps","Glúteos","Musculação","Halteres","Academia","Intermediário","gifs/perna/Avanço traseira com halteres.gif","https://raw.githubusercontent.com/brunofs3221/fortyn-exercise-media-extra/main/gifs/perna/Avan%C3%A7o%20traseira%20com%20halteres.gif","","SEM_FONTE_REVISADA"
"media_b9d94b877abedf19671d","Avanço reverso com halteres - Variação 2","Avanço reverso com halteres - Variação 2","Em pé, dê um passo para trás e flexione os dois joelhos até o joelho de trás se aproximar do chão. Mantenha a maior parte do apoio na perna da frente e o tronco estável. Empurre o chão para voltar à posição inicial e repita.","Quadríceps","Glúteos | Halteres | Academia","Quadríceps","Glúteos","Musculação","Halteres","Academia","Intermediário","gifs/perna/Recusar avanço com halteres no banco - Variação 3.gif","https://raw.githubusercontent.com/brunofs3221/fortyn-exercise-media-extra/main/gifs/perna/Recusar%20avan%C3%A7o%20com%20halteres%20no%20banco%20-%20Varia%C3%A7%C3%A3o%203.gif","C:\Users\bruno\Downloads\Exercicios renomeados\Avanço reverso com halteres - Variação 2","MIGRADO_FONTE_REVISADA"
"media_44ecad2e6834f3d1b08d","Avanço reverso com halteres em déficit","Afundo búlgaro com halteres","Dê o passo ou assuma a base dividida mostrada e mantenha o tronco estável. Flexione os dois joelhos até a profundidade controlada, mantendo o joelho da frente alinhado ao pé. Empurre o chão com a perna da frente para retornar ou avançar para a próxima repetição.","Quadríceps","Halteres | Glúteos | Academia","Quadríceps","Glúteos","Musculação","Halteres","Academia","Intermediário","gifs/Exercícios sem marca d'água/Recusar avanço com halteres no banco.gif","https://raw.githubusercontent.com/brunofs3221/fortyn-exercise-media-extra/main/gifs/Exerc%C3%ADcios%20sem%20marca%20d'%C3%A1gua/Recusar%20avan%C3%A7o%20com%20halteres%20no%20banco.gif","C:\Users\bruno\Downloads\Exercicios renomeados\Avanço reverso com halteres em déficit","MIGRADO_FONTE_REVISADA"
"media_8e1f2015f0f89bd6146e","Avanço reverso com peso corporal","Avanço reverso com peso corporal","Em pé, dê um passo para trás e flexione os dois joelhos até o joelho de trás se aproximar do chão. Mantenha a maior parte do apoio na perna da frente e o tronco estável. Empurre o chão para voltar à posição inicial e repita.","Quadríceps","Glúteos | Sem aparelhos | Casa","Quadríceps","Glúteos","Musculação","Sem aparelhos","Casa","Iniciante","gifs/perna/Bodyweight avanço - Variação 2.gif","https://raw.githubusercontent.com/brunofs3221/fortyn-exercise-media-extra/main/gifs/perna/Bodyweight%20avan%C3%A7o%20-%20Varia%C3%A7%C3%A3o%202.gif","C:\Users\bruno\Downloads\Exercicios renomeados\Avanço reverso com peso corporal","MIGRADO_FONTE_REVISADA"
"media_d0bd3f6722231f630a34","Avanço reverso landmine","Avanço reverso landmine","Em pé, dê um passo para trás e flexione os dois joelhos até o joelho de trás se aproximar do chão. Mantenha a maior parte do apoio na perna da frente e o tronco estável. Empurre o chão para voltar à posição inicial e repita.","Quadríceps","Glúteos | Barra | Academia","Quadríceps","Glúteos","Musculação","Barra","Academia","Intermediário","gifs/perna/Landmine avanço.gif","https://raw.githubusercontent.com/brunofs3221/fortyn-exercise-media-extra/main/gifs/perna/Landmine%20avan%C3%A7o.gif","C:\Users\bruno\Downloads\Exercicios renomeados\Avanço reverso landmine","MIGRADO_FONTE_REVISADA"
"media_758e4621a53bd9bc2df1","Balanço de braços para trás","Elevação posterior em pé com halteres","Mantenha o tronco firme e execute Balanço de braços para trás movendo os braços pela trajetória mostrada. Evite balanço e elevação excessiva dos ombros e controle a fase de retorno.","Ombros","Sem aparelhos | Casa","Ombros","","Musculação","Sem aparelhos","Casa","Intermediário","gifs/Exercícios sem marca d'água/Aumento de backhand.gif","https://raw.githubusercontent.com/brunofs3221/fortyn-exercise-media-extra/main/gifs/Exerc%C3%ADcios%20sem%20marca%20d'%C3%A1gua/Aumento%20de%20backhand.gif","C:\Users\bruno\Downloads\Exercicios renomeados\Balanço de braços para trás","MIGRADO_FONTE_REVISADA"
"media_9834555f768c1fa8c02f","Balanço de kettlebell com um braço","Swing unilateral com kettlebell","Segure o kettlebell com as duas mãos ou uma mão e leve o quadril para trás mantendo a coluna neutra. Estenda o quadril de forma rápida para projetar o peso à frente. Deixe o kettlebell retornar entre as pernas e absorva o movimento novamente com o quadril, sem transformar o exercício em uma elevação de braços.","Corpo inteiro","Kettlebell | Academia","Corpo inteiro","","Musculação","Kettlebell","Academia","Intermediário","gifs/Exercícios sem marca d'água/Balanço de kettlebell com um braço.gif","https://raw.githubusercontent.com/brunofs3221/fortyn-exercise-media-extra/main/gifs/Exerc%C3%ADcios%20sem%20marca%20d'%C3%A1gua/Balan%C3%A7o%20de%20kettlebell%20com%20um%20bra%C3%A7o.gif","C:\Users\bruno\Downloads\Exercicios renomeados\Balanço de kettlebell com um braço","MIGRADO_FONTE_REVISADA"
"media_153169d5090bfdd3451b","Balanços de kettlebell","Swing com kettlebell","Assuma a posição inicial de Balanços de kettlebell, estabilize o tronco e execute o movimento mostrado de forma coordenada. Use uma amplitude que consiga controlar, evite impulso desnecessário e retorne à posição inicial antes da repetição seguinte.","Corpo inteiro","Kettlebell | Academia","Corpo inteiro","","Musculação","Kettlebell","Academia","Intermediário","gifs/Exercícios sem marca d'água/Balanços de kettlebell.gif","https://raw.githubusercontent.com/brunofs3221/fortyn-exercise-media-extra/main/gifs/Exerc%C3%ADcios%20sem%20marca%20d'%C3%A1gua/Balan%C3%A7os%20de%20kettlebell.gif","C:\Users\bruno\Downloads\Exercicios renomeados\Balanços de kettlebell","MIGRADO_FONTE_REVISADA"
"media_b8bab8072533376065df","Bandeira do dragão","Bandeira do dragão","Deite-se e segure firmemente o apoio atrás da cabeça. Eleve quadril e pernas mantendo o corpo rígido, apoiando principalmente a parte superior das costas. Desça o corpo lentamente sem deixar o quadril cair antes das pernas e retorne com controle.","Abdômen/Core","Sem aparelhos | Casa","Abdômen/Core","","Musculação","Sem aparelhos","Casa","Avançado","gifs/Exercícios sem marca d'água/Bandeira do dragão.gif","https://raw.githubusercontent.com/brunofs3221/fortyn-exercise-media-extra/main/gifs/Exerc%C3%ADcios%20sem%20marca%20d'%C3%A1gua/Bandeira%20do%20drag%C3%A3o.gif","C:\Users\bruno\Downloads\Exercicios renomeados\Bandeira do dragão","MIGRADO_FONTE_REVISADA"
"media_1ea4d467d2d1b8a2d59f","Bandeira humana","Bandeira humana","Segure o suporte vertical com as mãos em posições opostas e crie tensão entre empurrar e puxar. Contraia abdômen, dorsais e glúteos e eleve o corpo lateralmente até a amplitude dominada. Mantenha o corpo alinhado e desça de forma controlada.","Abdômen/Core","Sem aparelhos | Casa","Abdômen/Core","","Musculação","Sem aparelhos","Casa","Avançado","gifs/Exercícios sem marca d'água/Bandeira humana.gif","https://raw.githubusercontent.com/brunofs3221/fortyn-exercise-media-extra/main/gifs/Exerc%C3%ADcios%20sem%20marca%20d'%C3%A1gua/Bandeira%20humana.gif","C:\Users\bruno\Downloads\Exercicios renomeados\Bandeira humana","MIGRADO_FONTE_REVISADA"
"media_b928f2bc48129166b831","Barra fixa assistida na máquina","Barra fixa assistida na máquina","Ajuste o contrapeso e apoie os joelhos ou pés no suporte da máquina. Segure a barra com os braços estendidos, mantenha o peito aberto e puxe o corpo para cima levando o peito em direção à barra. Desça de forma controlada até quase estender os cotovelos e repita sem balançar.","Costas","Barra fixa | Máquina | Bíceps","Costas","Bíceps","Musculação","Barra fixa | Máquina","Academia","Iniciante","gifs/costas/Assisted barra fixa.gif","https://raw.githubusercontent.com/brunofs3221/fortyn-exercise-media-extra/main/gifs/costas/Assisted%20barra%20fixa.gif","C:\Users\bruno\Downloads\Exercicios renomeados\Barra fixa assistida na máquina","MIGRADO_FONTE_REVISADA"
"media_4dcab7ef8bb64971834a","Barra fixa atrás da nuca","Barra fixa atrás da nuca","Comece com a pegada firme e os ombros ativos. Puxe levando os cotovelos para baixo e para trás, elevando o corpo ou aproximando o pegador do tronco conforme a variação. Retorne com controle e evite balanço excessivo.","Costas","Barra fixa | Bíceps | Academia","Costas","Bíceps","Musculação","Barra fixa","Academia","Avançado","gifs/Exercícios sem marca d'água/exercicios_renomeados_pt_br/028_barra_fixa_atras_da_nuca.gif","https://raw.githubusercontent.com/brunofs3221/fortyn-exercise-media-extra/main/gifs/Exerc%C3%ADcios%20sem%20marca%20d'%C3%A1gua/exercicios_renomeados_pt_br/028_barra_fixa_atras_da_nuca.gif","C:\Users\bruno\Downloads\Exercicios renomeados\Barra fixa atrás da nuca","MIGRADO_FONTE_REVISADA"
"media_71334e611d74de0d9e31","Barra fixa com carga","Barra fixa com carga","Prenda a carga com segurança e fique suspenso na barra com os braços estendidos. Puxe o corpo para cima conduzindo os cotovelos para baixo até o queixo ultrapassar a barra ou o peito se aproximar dela. Desça lentamente até quase estender os cotovelos, mantendo o corpo estável e sem balanço.","Costas","Barra fixa | Bíceps","Costas","Bíceps","Musculação","Barra fixa","Academia","Avançado","gifs/costas/Weighted barra fixa.gif","https://raw.githubusercontent.com/brunofs3221/fortyn-exercise-media-extra/main/gifs/costas/Weighted%20barra%20fixa.gif","C:\Users\bruno\Downloads\Exercicios renomeados\Barra fixa com carga","MIGRADO_FONTE_REVISADA"
"media_81c324bef463f603edca","Barra fixa com salto","Barra fixa com salto","Comece com a pegada firme e os ombros ativos. Puxe levando os cotovelos para baixo e para trás, elevando o corpo ou aproximando o pegador do tronco conforme a variação. Retorne com controle e evite balanço excessivo.","Costas","Barra fixa | Bíceps | Academia","Costas","Bíceps","Musculação","Barra fixa","Academia","Iniciante","gifs/Exercícios sem marca d'água/Pulando, puxe para cima.gif","https://raw.githubusercontent.com/brunofs3221/fortyn-exercise-media-extra/main/gifs/Exerc%C3%ADcios%20sem%20marca%20d'%C3%A1gua/Pulando%2C%20puxe%20para%20cima.gif","C:\Users\bruno\Downloads\Exercicios renomeados\Barra fixa com salto","MIGRADO_FONTE_REVISADA"
"media_51e10f721c06535f7b0c","Barra fixa escapular","Barra fixa escapular","Fique suspenso na barra com os cotovelos estendidos. Sem dobrar os braços, afaste os ombros das orelhas e eleve levemente o corpo aproximando e deprimindo as escápulas. Volte de forma controlada à posição relaxada dos ombros e repita sem embalo.","Costas","Barra fixa","Costas","","Musculação","Barra fixa","Academia | Casa","Iniciante","gifs/costas/Scapula barra fixa.gif","https://raw.githubusercontent.com/brunofs3221/fortyn-exercise-media-extra/main/gifs/costas/Scapula%20barra%20fixa.gif","C:\Users\bruno\Downloads\Exercicios renomeados\Barra fixa escapular","MIGRADO_FONTE_REVISADA"
"media_026655e8cc00bf1edc17","Barra fixa pronada","Barra fixa pronada","Comece com a pegada firme e os ombros ativos. Puxe levando os cotovelos para baixo e para trás, elevando o corpo ou aproximando o pegador do tronco conforme a variação. Retorne com controle e evite balanço excessivo.","Costas","Barra fixa | Bíceps | Academia","Costas","Bíceps","Musculação","Barra fixa","Academia","Intermediário","gifs/Exercícios sem marca d'água/Puxe para cima.gif","https://raw.githubusercontent.com/brunofs3221/fortyn-exercise-media-extra/main/gifs/Exerc%C3%ADcios%20sem%20marca%20d'%C3%A1gua/Puxe%20para%20cima.gif","C:\Users\bruno\Downloads\Exercicios renomeados\Barra fixa pronada","MIGRADO_FONTE_REVISADA"
"media_e4603b1fcd8afe8294ed","Barra fixa supinada","Barra fixa supinada","Comece com a pegada firme e os ombros ativos. Puxe levando os cotovelos para baixo e para trás, elevando o corpo ou aproximando o pegador do tronco conforme a variação. Retorne com controle e evite balanço excessivo.","Costas","Barra fixa | Bíceps | Academia","Costas","Bíceps","Musculação","Barra fixa","Academia","Intermediário","gifs/Exercícios sem marca d'água/Queixo para cima.gif","https://raw.githubusercontent.com/brunofs3221/fortyn-exercise-media-extra/main/gifs/Exerc%C3%ADcios%20sem%20marca%20d'%C3%A1gua/Queixo%20para%20cima.gif","C:\Users\bruno\Downloads\Exercicios renomeados\Barra fixa supinada","MIGRADO_FONTE_REVISADA"
"media_787d2b7f30c21b05a6ba","Bear crawl","Caminhada do urso","Assuma a posição inicial mostrada e execute o movimento de forma coordenada, mantendo o abdômen ativo e joelhos alinhados. Quando houver salto, aterrisse suavemente; quando houver deslocamento ou carga, mantenha o tronco estável durante toda a repetição.","Corpo inteiro","Cardio | Sem aparelhos | Casa","Corpo inteiro","","Cardio","Sem aparelhos","Casa","Intermediário","gifs/Exercícios sem marca d'água/Urso rasteja.gif","https://raw.githubusercontent.com/brunofs3221/fortyn-exercise-media-extra/main/gifs/Exerc%C3%ADcios%20sem%20marca%20d'%C3%A1gua/Urso%20rasteja.gif","C:\Users\bruno\Downloads\Exercicios renomeados\Bear crawl","MIGRADO_FONTE_REVISADA"
"media_43eb9dc40f4929c45699","Bicicleta ergométrica","Bicicleta ergométrica","Ajuste o banco para que o joelho permaneça levemente flexionado no ponto mais baixo do pedal. Pedale com os joelhos alinhados aos pés e o tronco estável, mantendo uma cadência contínua. Ajuste resistência e ritmo à intensidade desejada.","Cardio","Máquina | Bicicleta | Academia","Cardio","","Cardio","Máquina | Bicicleta","Academia","Iniciante","gifs/cardio/Bicicleta ergométrica.gif","https://raw.githubusercontent.com/brunofs3221/fortyn-exercise-media-extra/main/gifs/cardio/Bicicleta%20ergom%C3%A9trica.gif","","SEM_FONTE_REVISADA"
"media_ef407b9761897c2cc114","Bicicleta ergométrica","Bicicleta ergométrica","Ajuste o banco para que o joelho permaneça levemente flexionado no ponto mais baixo do pedal. Pedale com os joelhos alinhados aos pés e o tronco estável, mantendo uma cadência contínua. Ajuste resistência e ritmo à intensidade desejada.","Cardio","Máquina | Bicicleta | Academia","Cardio","","Cardio","Máquina | Bicicleta","Academia","Iniciante","gifs/Exercícios sem marca d'água/Bicicleta.gif","https://raw.githubusercontent.com/brunofs3221/fortyn-exercise-media-extra/main/gifs/Exerc%C3%ADcios%20sem%20marca%20d'%C3%A1gua/Bicicleta.gif","C:\Users\bruno\Downloads\Exercicios renomeados\Bicicleta ergométrica","MIGRADO_FONTE_REVISADA"
"media_094d9361de1ff3d5ebbc","Bicicleta ergométrica de braços","Bicicleta ergométrica de braços","Ajuste o banco para que o joelho permaneça levemente flexionado no ponto mais baixo do pedal. Pedale com os joelhos alinhados aos pés e o tronco estável, mantendo uma cadência contínua. Ajuste resistência e ritmo à intensidade desejada.","Cardio","Máquina | Bicicleta | Academia","Cardio","","Cardio","Máquina | Bicicleta","Academia","Iniciante","gifs/Exercícios sem marca d'água/Bicicleta de mãos.gif","https://raw.githubusercontent.com/brunofs3221/fortyn-exercise-media-extra/main/gifs/Exerc%C3%ADcios%20sem%20marca%20d'%C3%A1gua/Bicicleta%20de%20m%C3%A3os.gif","C:\Users\bruno\Downloads\Exercicios renomeados\Bicicleta ergométrica de braços","MIGRADO_FONTE_REVISADA"
"media_a5757c493f0123f32e42","Bicicleta ergométrica horizontal","Bicicleta ergométrica horizontal","Ajuste o banco para que o joelho permaneça levemente flexionado no ponto mais baixo do pedal. Pedale com os joelhos alinhados aos pés e o tronco estável, mantendo uma cadência contínua. Ajuste resistência e ritmo à intensidade desejada.","Cardio","Máquina | Bicicleta | Academia","Cardio","","Cardio","Máquina | Bicicleta","Academia","Iniciante","gifs/cardio/Bicicleta ergométrica horizontal.gif","https://raw.githubusercontent.com/brunofs3221/fortyn-exercise-media-extra/main/gifs/cardio/Bicicleta%20ergom%C3%A9trica%20horizontal.gif","C:\Users\bruno\Downloads\Exercicios renomeados\Bicicleta ergométrica horizontal","MIGRADO_FONTE_REVISADA"
"media_642010fc477832ae4b29","Bicicleta ergométrica vertical","Bicicleta ergométrica vertical","Ajuste o banco para que o joelho permaneça levemente flexionado no ponto mais baixo do pedal. Pedale com os joelhos alinhados aos pés e o tronco estável, mantendo uma cadência contínua. Ajuste resistência e ritmo à intensidade desejada.","Cardio","Máquina | Bicicleta | Academia","Cardio","","Cardio","Máquina | Bicicleta","Academia","Iniciante","gifs/cardio/Bicicleta ergométrica vertical.gif","https://raw.githubusercontent.com/brunofs3221/fortyn-exercise-media-extra/main/gifs/cardio/Bicicleta%20ergom%C3%A9trica%20vertical.gif","C:\Users\bruno\Downloads\Exercicios renomeados\Bicicleta ergométrica vertical","MIGRADO_FONTE_REVISADA"
"media_266d8394c72b60e51234","Bird dog","Bird dog","Fique em quatro apoios com abdômen ativo. Estenda simultaneamente um braço e a perna oposta até alinhá-los ao tronco, mantendo quadril e ombros paralelos ao chão. Retorne com controle e alterne os lados.","Abdômen/Core","Sem aparelhos | Casa","Abdômen/Core","","Musculação","Sem aparelhos","Casa","Iniciante","gifs/Exercícios sem marca d'água/Braço perna levanta.gif","https://raw.githubusercontent.com/brunofs3221/fortyn-exercise-media-extra/main/gifs/Exerc%C3%ADcios%20sem%20marca%20d'%C3%A1gua/Bra%C3%A7o%20perna%20levanta.gif","C:\Users\bruno\Downloads\Exercicios renomeados\Bird dog","MIGRADO_FONTE_REVISADA"
"media_bb12c5fa78c5b89ff897","Bom dia","Bom dia com barra","Comece com os pés firmes e o abdômen ativo. Leve o quadril para trás mantendo a coluna neutra e a carga próxima ao corpo. Desça até sentir tensão nos posteriores sem perder a postura e volte estendendo o quadril de forma controlada.","Posterior de coxa","Glúteos | Sem aparelhos | Casa","Posterior de coxa","Glúteos","Musculação","Sem aparelhos","Casa","Avançado","gifs/Exercícios sem marca d'água/Bom dia.gif","https://raw.githubusercontent.com/brunofs3221/fortyn-exercise-media-extra/main/gifs/Exerc%C3%ADcios%20sem%20marca%20d'%C3%A1gua/Bom%20dia.gif","C:\Users\bruno\Downloads\Exercicios renomeados\Bom dia","MIGRADO_FONTE_REVISADA"
"media_52802d407ef264232c75","Bom dia na máquina Smith","Bom dia no Smith","Comece com os pés firmes e o abdômen ativo. Leve o quadril para trás mantendo a coluna neutra e a carga próxima ao corpo. Desça até sentir tensão nos posteriores sem perder a postura e volte estendendo o quadril de forma controlada.","Posterior de coxa","Máquina | Glúteos | Academia","Posterior de coxa","Glúteos","Musculação","Máquina","Academia","Intermediário","gifs/Exercícios sem marca d'água/Máquina smith bom dia.gif","https://raw.githubusercontent.com/brunofs3221/fortyn-exercise-media-extra/main/gifs/Exerc%C3%ADcios%20sem%20marca%20d'%C3%A1gua/M%C3%A1quina%20smith%20bom%20dia.gif","C:\Users\bruno\Downloads\Exercicios renomeados\Bom dia na máquina Smith","MIGRADO_FONTE_REVISADA"
"media_5f7be5b8e1ab3409cde4","Burpee jack","Burpee com polichinelo","Comece em pé, agache e apoie as mãos no chão. Leve os pés para trás até a prancha, execute a variação mostrada e retorne os pés para perto das mãos. Levante-se ou salte conforme o GIF, aterrissando de maneira suave.","Corpo inteiro","Cardio | Sem aparelhos | Casa","Corpo inteiro","","Cardio","Sem aparelhos","Casa","Avançado","gifs/Exercícios sem marca d'água/Jack burpee.gif","https://raw.githubusercontent.com/brunofs3221/fortyn-exercise-media-extra/main/gifs/Exerc%C3%ADcios%20sem%20marca%20d'%C3%A1gua/Jack%20burpee.gif","C:\Users\bruno\Downloads\Exercicios renomeados\Burpee jack","MIGRADO_FONTE_REVISADA"
"media_65f8cbd1c7beb95fc70a","Burpee Navy Seal","Burpee militar","Comece em pé, agache e apoie as mãos no chão. Leve os pés para trás até a prancha, execute a variação mostrada e retorne os pés para perto das mãos. Levante-se ou salte conforme o GIF, aterrissando de maneira suave.","Corpo inteiro","Cardio | Sem aparelhos | Casa","Corpo inteiro","","Cardio","Sem aparelhos","Casa","Avançado","gifs/Exercícios sem marca d'água/Burpee do selo da marinha.gif","https://raw.githubusercontent.com/brunofs3221/fortyn-exercise-media-extra/main/gifs/Exerc%C3%ADcios%20sem%20marca%20d'%C3%A1gua/Burpee%20do%20selo%20da%20marinha.gif","C:\Users\bruno\Downloads\Exercicios renomeados\Burpee Navy Seal","MIGRADO_FONTE_REVISADA"
"media_a9a26a95177d7762092b","Burpees","Burpee","Comece em pé, agache e apoie as mãos no chão. Leve os pés para trás até a prancha, execute a variação mostrada e retorne os pés para perto das mãos. Levante-se ou salte conforme o GIF, aterrissando de maneira suave.","Corpo inteiro","Cardio | Sem aparelhos | Casa","Corpo inteiro","","Cardio","Sem aparelhos","Casa","Intermediário","gifs/Exercícios sem marca d'água/Burpees.gif","https://raw.githubusercontent.com/brunofs3221/fortyn-exercise-media-extra/main/gifs/Exerc%C3%ADcios%20sem%20marca%20d'%C3%A1gua/Burpees.gif","C:\Users\bruno\Downloads\Exercicios renomeados\Burpees","MIGRADO_FONTE_REVISADA"
"media_6ce342104be997857bfc","Burpees com halteres","Burpee com halteres","Comece em pé, agache e apoie as mãos no chão. Leve os pés para trás até a prancha, execute a variação mostrada e retorne os pés para perto das mãos. Levante-se ou salte conforme o GIF, aterrissando de maneira suave.","Corpo inteiro","Halteres | Cardio | Academia","Corpo inteiro","","Cardio","Halteres","Academia","Avançado","gifs/Exercícios sem marca d'água/Burpees com halteres.gif","https://raw.githubusercontent.com/brunofs3221/fortyn-exercise-media-extra/main/gifs/Exerc%C3%ADcios%20sem%20marca%20d'%C3%A1gua/Burpees%20com%20halteres.gif","C:\Users\bruno\Downloads\Exercicios renomeados\Burpees com halteres","MIGRADO_FONTE_REVISADA"
"media_778b62c0e59221291293","Cadeira adutora","Cadeira adutora","Sente-se na máquina com as costas apoiadas e as pernas posicionadas contra as almofadas. Feche as pernas aproximando os joelhos de forma controlada, contraindo a parte interna das coxas. Retorne lentamente até a amplitude confortável, sem deixar o peso bater.","Adutores","Máquina | Academia","Adutores","","Musculação","Máquina","Academia","Iniciante","gifs/perna/Recusar avanço com halteres no banco - Variação 2.gif","https://raw.githubusercontent.com/brunofs3221/fortyn-exercise-media-extra/main/gifs/perna/Recusar%20avan%C3%A7o%20com%20halteres%20no%20banco%20-%20Varia%C3%A7%C3%A3o%202.gif","C:\Users\bruno\Downloads\Exercicios renomeados\Cadeira adutora","MIGRADO_FONTE_REVISADA"
"media_789f9fcb1b37d360f656","Cadeira extensora","Cadeira extensora","Sente-se com as costas apoiadas e ajuste o rolo logo acima dos tornozelos. Estenda o joelho até deixar a perna quase reta, contraindo o quadríceps, sem tirar o quadril do assento. Volte lentamente à posição inicial e repita com controle.","Quadríceps","Máquina | Academia","Quadríceps","","Musculação","Máquina","Academia","Iniciante","gifs/perna/Extensão de perna - Variação 2.gif","https://raw.githubusercontent.com/brunofs3221/fortyn-exercise-media-extra/main/gifs/perna/Extens%C3%A3o%20de%20perna%20-%20Varia%C3%A7%C3%A3o%202.gif","C:\Users\bruno\Downloads\Exercicios renomeados\Cadeira extensora","MIGRADO_FONTE_REVISADA"
"media_762704cf5193c9c57b5b","Cadeira extensora - Variação 2","Cadeira extensora - Variação 2","Sente-se com as costas apoiadas e ajuste o rolo logo acima dos tornozelos. Estenda o joelho até deixar a perna quase reta, contraindo o quadríceps, sem tirar o quadril do assento. Volte lentamente à posição inicial e repita com controle.","Quadríceps","Máquina | Academia","Quadríceps","","Musculação","Máquina","Academia","Iniciante","gifs/perna/Extensão de perna.gif","https://raw.githubusercontent.com/brunofs3221/fortyn-exercise-media-extra/main/gifs/perna/Extens%C3%A3o%20de%20perna.gif","C:\Users\bruno\Downloads\Exercicios renomeados\Cadeira extensora - Variação 2","MIGRADO_FONTE_REVISADA"
"media_eb9fb55e9ef115e35de7","Cadeira extensora unilateral","Cadeira extensora unilateral","Sente-se com as costas apoiadas e ajuste o rolo logo acima dos tornozelos. Estenda o joelho até deixar a perna quase reta, contraindo o quadríceps, sem tirar o quadril do assento. Volte lentamente à posição inicial e repita com controle.","Quadríceps","Máquina | Academia","Quadríceps","","Musculação","Máquina","Academia","Iniciante","gifs/perna/Extensão de perna - Variação 3.gif","https://raw.githubusercontent.com/brunofs3221/fortyn-exercise-media-extra/main/gifs/perna/Extens%C3%A3o%20de%20perna%20-%20Varia%C3%A7%C3%A3o%203.gif","C:\Users\bruno\Downloads\Exercicios renomeados\Cadeira extensora unilateral","MIGRADO_FONTE_REVISADA"
"media_6cc08b72e9f06a9ed4b7","Caminhada do fazendeiro","Caminhada do fazendeiro com halteres","Mantenha o tronco ereto, olhar à frente e braços coordenados com as pernas. Execute as passadas ou deslocamentos no padrão mostrado, apoiando os pés com controle e mantendo um ritmo que permita conservar a técnica.","Cardio","Sem aparelhos | Ao ar livre | Corpo inteiro","Cardio","Corpo inteiro","Cardio","Sem aparelhos","Ao ar livre","Intermediário","gifs/Exercícios sem marca d'água/Agricultores caminham.gif","https://raw.githubusercontent.com/brunofs3221/fortyn-exercise-media-extra/main/gifs/Exerc%C3%ADcios%20sem%20marca%20d'%C3%A1gua/Agricultores%20caminham.gif","C:\Users\bruno\Downloads\Exercicios renomeados\Caminhada do fazendeiro","MIGRADO_FONTE_REVISADA"
"media_8373beec51ab2caef14a","Caminhada do pato","Caminhada do pato","Mantenha o tronco ereto, olhar à frente e braços coordenados com as pernas. Execute as passadas ou deslocamentos no padrão mostrado, apoiando os pés com controle e mantendo um ritmo que permita conservar a técnica.","Cardio","Sem aparelhos | Ao ar livre | Corpo inteiro","Cardio","Corpo inteiro","Cardio","Sem aparelhos","Ao ar livre","Intermediário","gifs/Exercícios sem marca d'água/Passeio de pato.gif","https://raw.githubusercontent.com/brunofs3221/fortyn-exercise-media-extra/main/gifs/Exerc%C3%ADcios%20sem%20marca%20d'%C3%A1gua/Passeio%20de%20pato.gif","C:\Users\bruno\Downloads\Exercicios renomeados\Caminhada do pato","MIGRADO_FONTE_REVISADA"
"media_ee0c42be9fa8cb27a654","Caminhada em elástico","Caminhada lateral com miniband","Mantenha o tronco ereto, olhar à frente e braços coordenados com as pernas. Execute as passadas ou deslocamentos no padrão mostrado, apoiando os pés com controle e mantendo um ritmo que permita conservar a técnica.","Cardio","Elástico | Ao ar livre | Corpo inteiro","Cardio","Corpo inteiro","Cardio","Elástico","Ao ar livre","Iniciante","gifs/Exercícios sem marca d'água/Caminhada em elástico.gif","https://raw.githubusercontent.com/brunofs3221/fortyn-exercise-media-extra/main/gifs/Exerc%C3%ADcios%20sem%20marca%20d'%C3%A1gua/Caminhada%20em%20el%C3%A1stico.gif","C:\Users\bruno\Downloads\Exercicios renomeados\Caminhada em elástico","MIGRADO_FONTE_REVISADA"
"media_ff9175ec64940dc28d4c","Caminhada lateral com elástico de resistência","Caminhada lateral com miniband","Mantenha o tronco ereto, olhar à frente e braços coordenados com as pernas. Execute as passadas ou deslocamentos no padrão mostrado, apoiando os pés com controle e mantendo um ritmo que permita conservar a técnica.","Cardio","Elástico | Ao ar livre | Corpo inteiro","Cardio","Corpo inteiro","Cardio","Elástico","Ao ar livre","Iniciante","gifs/Exercícios sem marca d'água/Caminhada lateral com elástico de resistência.gif","https://raw.githubusercontent.com/brunofs3221/fortyn-exercise-media-extra/main/gifs/Exerc%C3%ADcios%20sem%20marca%20d'%C3%A1gua/Caminhada%20lateral%20com%20el%C3%A1stico%20de%20resist%C3%AAncia.gif","C:\Users\bruno\Downloads\Exercicios renomeados\Caminhada lateral com elástico de resistência","MIGRADO_FONTE_REVISADA"
"media_8fbf02503a0ce648bcc4","Caminhada na máquina Wave","Elíptico","Mantenha o tronco ereto, olhar à frente e braços coordenados com as pernas. Execute as passadas ou deslocamentos no padrão mostrado, apoiando os pés com controle e mantendo um ritmo que permita conservar a técnica.","Cardio","Máquina | Ao ar livre | Corpo inteiro","Cardio","Corpo inteiro","Cardio","Máquina","Ao ar livre","Iniciante","gifs/Exercícios sem marca d'água/Máquina de ondas de caminhada.gif","https://raw.githubusercontent.com/brunofs3221/fortyn-exercise-media-extra/main/gifs/Exerc%C3%ADcios%20sem%20marca%20d'%C3%A1gua/M%C3%A1quina%20de%20ondas%20de%20caminhada.gif","C:\Users\bruno\Downloads\Exercicios renomeados\Caminhada na máquina Wave","MIGRADO_FONTE_REVISADA"
"media_01d5b490f9b6cfaf4b1e","Caminhando rapidamente","Caminhada rápida","Mantenha o tronco ereto, olhar à frente e braços coordenados com as pernas. Execute as passadas ou deslocamentos no padrão mostrado, apoiando os pés com controle e mantendo um ritmo que permita conservar a técnica.","Cardio","Sem aparelhos | Casa | Corpo inteiro","Cardio","Corpo inteiro","Cardio","Sem aparelhos","Casa","Iniciante","gifs/Exercícios sem marca d'água/Caminhando rapidamente.gif","https://raw.githubusercontent.com/brunofs3221/fortyn-exercise-media-extra/main/gifs/Exerc%C3%ADcios%20sem%20marca%20d'%C3%A1gua/Caminhando%20rapidamente.gif","C:\Users\bruno\Downloads\Exercicios renomeados\Caminhando rapidamente","MIGRADO_FONTE_REVISADA"
"media_e1bd6d4568646d6011ba","Chute alternado de pernas no banco","Extensão de quadril no banco","Deite-se ou apoie-se conforme o GIF e mantenha a lombar controlada. Eleve ou alterne as pernas sem perder a estabilidade da pelve. Desça de maneira lenta, interrompendo a amplitude antes de a lombar arquear.","Abdômen/Core","Banco | Academia","Abdômen/Core","","Musculação","Banco","Academia","Iniciante","gifs/Exercícios sem marca d'água/Chutes de vibração de glúteos no banco.gif","https://raw.githubusercontent.com/brunofs3221/fortyn-exercise-media-extra/main/gifs/Exerc%C3%ADcios%20sem%20marca%20d'%C3%A1gua/Chutes%20de%20vibra%C3%A7%C3%A3o%20de%20gl%C3%BAteos%20no%20banco.gif","C:\Users\bruno\Downloads\Exercicios renomeados\Chute alternado de pernas no banco","MIGRADO_FONTE_REVISADA"
"media_a881870a637a1f10623d","Chute de gancho","Chute gancho no saco de pancadas","Assuma uma base estável, mantenha as mãos protegendo o rosto e o abdômen ativo. Execute o golpe mostrado girando quadril e tronco de forma coordenada, sem travar completamente as articulações. Retorne rapidamente à posição de guarda.","Cardio","Sem aparelhos | Casa | Corpo inteiro","Cardio","Corpo inteiro","Cardio","Sem aparelhos","Casa","Avançado","gifs/Exercícios sem marca d'água/Chute de gancho.gif","https://raw.githubusercontent.com/brunofs3221/fortyn-exercise-media-extra/main/gifs/Exerc%C3%ADcios%20sem%20marca%20d'%C3%A1gua/Chute%20de%20gancho.gif","C:\Users\bruno\Downloads\Exercicios renomeados\Chute de gancho","MIGRADO_FONTE_REVISADA"
"media_f114a46b8a4e119f875b","Círculo com um braço","Círculo unilateral com o braço","Execute Círculo com um braço lentamente, percorrendo uma amplitude confortável e sem usar impulso. Mantenha o restante do corpo estável e concentre o movimento na articulação que está sendo mobilizada.","Mobilidade","Sem aparelhos | Casa","Mobilidade","","Mobilidade","Sem aparelhos","Casa","Iniciante","gifs/Exercícios sem marca d'água/Círculos com os braços único.gif","https://raw.githubusercontent.com/brunofs3221/fortyn-exercise-media-extra/main/gifs/Exerc%C3%ADcios%20sem%20marca%20d'%C3%A1gua/C%C3%ADrculos%20com%20os%20bra%C3%A7os%20%C3%BAnico.gif","C:\Users\bruno\Downloads\Exercicios renomeados\Círculo com um braço","MIGRADO_FONTE_REVISADA"
"media_f151c8d0af26673a8358","Círculos com os braços","Círculos com os braços","Mantenha o tronco estável e mova os braços ou as escápulas pela amplitude mostrada, sem compensar com a lombar. Faça o movimento de forma lenta e contínua, priorizando controle e amplitude confortável.","Mobilidade","Sem aparelhos | Casa","Mobilidade","","Mobilidade","Sem aparelhos","Casa","Iniciante","gifs/Exercícios sem marca d'água/Círculos com os braços.gif","https://raw.githubusercontent.com/brunofs3221/fortyn-exercise-media-extra/main/gifs/Exerc%C3%ADcios%20sem%20marca%20d'%C3%A1gua/C%C3%ADrculos%20com%20os%20bra%C3%A7os.gif","C:\Users\bruno\Downloads\Exercicios renomeados\Círculos com os braços","MIGRADO_FONTE_REVISADA"
"media_9c6b0ae30ab6f670f146","Clean and jerk com kettlebell","Agachamento com desenvolvimento de kettlebell","Inicie com postura firme, abdômen ativo e a carga próxima ao corpo. Gere força com pernas e quadril e conduza a carga pela trajetória mostrada até a posição final. Estabilize o peso antes de retornar e controle cada etapa do movimento.","Corpo inteiro","Kettlebell | Academia","Corpo inteiro","","Musculação","Kettlebell","Academia","Avançado","gifs/Exercícios sem marca d'água/Kettlebell limpo e idiota - Kettlebell limpo e pressione.gif","https://raw.githubusercontent.com/brunofs3221/fortyn-exercise-media-extra/main/gifs/Exerc%C3%ADcios%20sem%20marca%20d'%C3%A1gua/Kettlebell%20limpo%20e%20idiota%20-%20Kettlebell%20limpo%20e%20pressione.gif","C:\Users\bruno\Downloads\Exercicios renomeados\Clean and jerk com kettlebell","MIGRADO_FONTE_REVISADA"
"media_de5f68cb66debc8557fd","Clean and jerk com kettlebell - variação 2","Arremesso e desenvolvimento unilateral com kettlebell","Inicie com postura firme, abdômen ativo e a carga próxima ao corpo. Gere força com pernas e quadril e conduza a carga pela trajetória mostrada até a posição final. Estabilize o peso antes de retornar e controle cada etapa do movimento.","Corpo inteiro","Kettlebell | Academia","Corpo inteiro","","Musculação","Kettlebell","Academia","Avançado","gifs/Exercícios sem marca d'água/Kettlebell limpo e idiota - Kettlebell limpo e pressione - Variação 2.gif","https://raw.githubusercontent.com/brunofs3221/fortyn-exercise-media-extra/main/gifs/Exerc%C3%ADcios%20sem%20marca%20d'%C3%A1gua/Kettlebell%20limpo%20e%20idiota%20-%20Kettlebell%20limpo%20e%20pressione%20-%20Varia%C3%A7%C3%A3o%202.gif","C:\Users\bruno\Downloads\Exercicios renomeados\Clean and jerk com kettlebell - variação 2","MIGRADO_FONTE_REVISADA"
"media_c1fdc05bd91fda763646","Clean and press com barra","Arremesso e desenvolvimento com barra","Inicie com postura firme, abdômen ativo e a carga próxima ao corpo. Gere força com pernas e quadril e conduza a carga pela trajetória mostrada até a posição final. Estabilize o peso antes de retornar e controle cada etapa do movimento.","Corpo inteiro","Barra | Academia","Corpo inteiro","","Musculação","Barra","Academia","Avançado","gifs/Exercícios sem marca d'água/Clean and press com barra.gif","https://raw.githubusercontent.com/brunofs3221/fortyn-exercise-media-extra/main/gifs/Exerc%C3%ADcios%20sem%20marca%20d'%C3%A1gua/Clean%20and%20press%20com%20barra.gif","C:\Users\bruno\Downloads\Exercicios renomeados\Clean and press com barra","MIGRADO_FONTE_REVISADA"
"media_632ab616e0f5d154bb11","Coice de burro de cabo","Coice de glúteo na polia","Estabilize o tronco e a pelve antes de mover a perna. Execute a extensão ou abertura do quadril mostrada sem girar o corpo para ganhar amplitude. Contraia o glúteo no final e retorne lentamente.","Glúteos","Polia/Cabo | Academia","Glúteos","","Musculação","Polia/Cabo","Academia","Iniciante","gifs/Exercícios sem marca d'água/Coice de burro de cabo.gif","https://raw.githubusercontent.com/brunofs3221/fortyn-exercise-media-extra/main/gifs/Exerc%C3%ADcios%20sem%20marca%20d'%C3%A1gua/Coice%20de%20burro%20de%20cabo.gif","C:\Users\bruno\Downloads\Exercicios renomeados\Coice de burro de cabo","MIGRADO_FONTE_REVISADA"
"media_a1737e5447fc1402669c","Coice de glúteo ajoelhado com elástico","Coice de glúteo ajoelhado com elástico","Estabilize o tronco e a pelve antes de mover a perna. Execute a extensão ou abertura do quadril mostrada sem girar o corpo para ganhar amplitude. Contraia o glúteo no final e retorne lentamente.","Glúteos","Elástico | Academia","Glúteos","","Musculação","Elástico","Academia","Iniciante","gifs/Exercícios sem marca d'água/exercicios_renomeados_pt_br/021_coice_ajoelhado_com_elastico.gif","https://raw.githubusercontent.com/brunofs3221/fortyn-exercise-media-extra/main/gifs/Exerc%C3%ADcios%20sem%20marca%20d'%C3%A1gua/exercicios_renomeados_pt_br/021_coice_ajoelhado_com_elastico.gif","C:\Users\bruno\Downloads\Exercicios renomeados\Coice de glúteo ajoelhado com elástico","MIGRADO_FONTE_REVISADA"
"media_7a768bbd1c5351e7e603","Coice de glúteo com elástico","Coice de glúteo com elástico","Estabilize o tronco e a pelve antes de mover a perna. Execute a extensão ou abertura do quadril mostrada sem girar o corpo para ganhar amplitude. Contraia o glúteo no final e retorne lentamente.","Glúteos","Elástico | Academia","Glúteos","","Musculação","Elástico","Academia","Iniciante","gifs/Exercícios sem marca d'água/Coice de glúteo com elástico.gif","https://raw.githubusercontent.com/brunofs3221/fortyn-exercise-media-extra/main/gifs/Exerc%C3%ADcios%20sem%20marca%20d'%C3%A1gua/Coice%20de%20gl%C3%BAteo%20com%20el%C3%A1stico.gif","C:\Users\bruno\Downloads\Exercicios renomeados\Coice de glúteo com elástico","MIGRADO_FONTE_REVISADA"
"media_c0e21e2b6be9b55d1243","Coice de glúteo em pé com elástico","Coice de glúteo em pé com elástico","Estabilize o tronco e a pelve antes de mover a perna. Execute a extensão ou abertura do quadril mostrada sem girar o corpo para ganhar amplitude. Contraia o glúteo no final e retorne lentamente.","Glúteos","Elástico | Academia","Glúteos","","Musculação","Elástico","Academia","Iniciante","gifs/Exercícios sem marca d'água/Coice de glúteo em pé com elástico.gif","https://raw.githubusercontent.com/brunofs3221/fortyn-exercise-media-extra/main/gifs/Exerc%C3%ADcios%20sem%20marca%20d'%C3%A1gua/Coice%20de%20gl%C3%BAteo%20em%20p%C3%A9%20com%20el%C3%A1stico.gif","C:\Users\bruno\Downloads\Exercicios renomeados\Coice de glúteo em pé com elástico","MIGRADO_FONTE_REVISADA"
"media_6430871bfe3d73304ab3","Coice de glúteo em pé na máquina","Coice de glúteo na máquina em pé","Estabilize o tronco e a pelve antes de mover a perna. Execute a extensão ou abertura do quadril mostrada sem girar o corpo para ganhar amplitude. Contraia o glúteo no final e retorne lentamente.","Glúteos","Máquina | Academia","Glúteos","","Musculação","Máquina","Academia","Iniciante","gifs/Exercícios sem marca d'água/Chute traseiro em pé na máquina.gif","https://raw.githubusercontent.com/brunofs3221/fortyn-exercise-media-extra/main/gifs/Exerc%C3%ADcios%20sem%20marca%20d'%C3%A1gua/Chute%20traseiro%20em%20p%C3%A9%20na%20m%C3%A1quina.gif","C:\Users\bruno\Downloads\Exercicios renomeados\Coice de glúteo em pé na máquina","MIGRADO_FONTE_REVISADA"
"media_87fb4728f3663fc79442","Coice de glúteo em pé na polia","Coice de glúteo em pé na polia","Prenda a tornozeleira à polia baixa e incline levemente o tronco com apoio. Leve a perna para trás estendendo o quadril, sem arquear a lombar ou girar a pelve. Retorne lentamente e repita antes de trocar de lado.","Glúteos","Polia/Cabo | Academia","Glúteos","","Musculação","Polia/Cabo","Academia","Iniciante","gifs/glúteos/Side hip abduction.gif","https://raw.githubusercontent.com/brunofs3221/fortyn-exercise-media-extra/main/gifs/gl%C3%BAteos/Side%20hip%20abduction.gif","C:\Users\bruno\Downloads\Exercicios renomeados\Coice de glúteo em pé na polia","MIGRADO_FONTE_REVISADA"
"media_5744c108e7b61ac95f38","Coice de glúteo em quatro apoios","Coice de glúteo em quatro apoios","Estabilize o tronco e a pelve antes de mover a perna. Execute a extensão ou abertura do quadril mostrada sem girar o corpo para ganhar amplitude. Contraia o glúteo no final e retorne lentamente.","Glúteos","Sem aparelhos | Casa","Glúteos","","Musculação","Sem aparelhos","Casa","Iniciante","gifs/Exercícios sem marca d'água/Burro chuta.gif","https://raw.githubusercontent.com/brunofs3221/fortyn-exercise-media-extra/main/gifs/Exerc%C3%ADcios%20sem%20marca%20d'%C3%A1gua/Burro%20chuta.gif","C:\Users\bruno\Downloads\Exercicios renomeados\Coice de glúteo em quatro apoios","MIGRADO_FONTE_REVISADA"
"media_7d1583860b02d101056b","Coice de glúteo em quatro apoios","Coice de glúteo em quatro apoios","Fique em quatro apoios com a coluna neutra. Mantendo o joelho flexionado, leve a coxa para trás e para cima até contrair o glúteo, sem girar a pelve. Retorne com controle sem apoiar completamente o joelho entre as repetições.","Glúteos","Sem aparelhos | Casa","Glúteos","","Musculação","Sem aparelhos","Casa","Iniciante","gifs/glúteos/Hidrante.gif","https://raw.githubusercontent.com/brunofs3221/fortyn-exercise-media-extra/main/gifs/gl%C3%BAteos/Hidrante.gif","","SEM_FONTE_REVISADA"
"media_5aeab25fa0bcb0dd6bd4","Coice de glúteo na máquina","Coice de glúteos na máquina","Estabilize o tronco e a pelve antes de mover a perna. Execute a extensão ou abertura do quadril mostrada sem girar o corpo para ganhar amplitude. Contraia o glúteo no final e retorne lentamente.","Glúteos","Máquina | Academia","Glúteos","","Musculação","Máquina","Academia","Iniciante","gifs/Exercícios sem marca d'água/Máquina de coice de glúteos.gif","https://raw.githubusercontent.com/brunofs3221/fortyn-exercise-media-extra/main/gifs/Exerc%C3%ADcios%20sem%20marca%20d'%C3%A1gua/M%C3%A1quina%20de%20coice%20de%20gl%C3%BAteos.gif","C:\Users\bruno\Downloads\Exercicios renomeados\Coice de glúteo na máquina","MIGRADO_FONTE_REVISADA"
"media_483617efe2b329d2853a","Coice de glúteo na máquina de extensão de perna","Coice de glúteo na cadeira extensora","Estabilize o tronco e a pelve antes de mover a perna. Execute a extensão ou abertura do quadril mostrada sem girar o corpo para ganhar amplitude. Contraia o glúteo no final e retorne lentamente.","Glúteos","Máquina | Academia","Glúteos","","Musculação","Máquina","Academia","Intermediário","gifs/Exercícios sem marca d'água/Coice de glúteo na máquina de extensão de perna.gif","https://raw.githubusercontent.com/brunofs3221/fortyn-exercise-media-extra/main/gifs/Exerc%C3%ADcios%20sem%20marca%20d'%C3%A1gua/Coice%20de%20gl%C3%BAteo%20na%20m%C3%A1quina%20de%20extens%C3%A3o%20de%20perna.gif","C:\Users\bruno\Downloads\Exercicios renomeados\Coice de glúteo na máquina de extensão de perna","MIGRADO_FONTE_REVISADA"
"media_35efed0c97abbf98d75e","Coice de glúteo na máquina de ferreiro","Coice de glúteo no Smith","Estabilize o tronco e a pelve antes de mover a perna. Execute a extensão ou abertura do quadril mostrada sem girar o corpo para ganhar amplitude. Contraia o glúteo no final e retorne lentamente.","Glúteos","Máquina | Academia","Glúteos","","Musculação","Máquina","Academia","Avançado","gifs/Exercícios sem marca d'água/Coice de glúteo na máquina de ferreiro.gif","https://raw.githubusercontent.com/brunofs3221/fortyn-exercise-media-extra/main/gifs/Exerc%C3%ADcios%20sem%20marca%20d'%C3%A1gua/Coice%20de%20gl%C3%BAteo%20na%20m%C3%A1quina%20de%20ferreiro.gif","C:\Users\bruno\Downloads\Exercicios renomeados\Coice de glúteo na máquina de ferreiro","MIGRADO_FONTE_REVISADA"
"media_de7a8389d0b9026f8428","Coice de glúteo na máquina deitado","Coice de glúteo na máquina deitado","Ajuste a máquina e posicione o pé ou a perna no apoio. Empurre para trás estendendo o quadril até contrair o glúteo, mantendo a pelve voltada para a frente. Retorne devagar sem deixar a carga voltar de forma brusca.","Glúteos","Máquina | Academia","Glúteos","","Musculação","Máquina","Academia","Iniciante","gifs/glúteos/Máquina de retrocesso de glúteos.gif","https://raw.githubusercontent.com/brunofs3221/fortyn-exercise-media-extra/main/gifs/gl%C3%BAteos/M%C3%A1quina%20de%20retrocesso%20de%20gl%C3%BAteos.gif","C:\Users\bruno\Downloads\Exercicios renomeados\Coice de glúteo na máquina deitado","MIGRADO_FONTE_REVISADA"
"media_e7323685179a48dce2d4","Coice de glúteo na máquina em pé","Coice de glúteo na máquina em pé","Ajuste a máquina e posicione o pé ou a perna no apoio. Empurre para trás estendendo o quadril até contrair o glúteo, mantendo a pelve voltada para a frente. Retorne devagar sem deixar a carga voltar de forma brusca.","Glúteos","Máquina | Academia","Glúteos","","Musculação","Máquina","Academia","Iniciante","gifs/glúteos/Abdução de quadril em pé.gif","https://raw.githubusercontent.com/brunofs3221/fortyn-exercise-media-extra/main/gifs/gl%C3%BAteos/Abdu%C3%A7%C3%A3o%20de%20quadril%20em%20p%C3%A9.gif","C:\Users\bruno\Downloads\Exercicios renomeados\Coice de glúteo na máquina em pé","MIGRADO_FONTE_REVISADA"
"media_e3e74af73c2adca949da","Coice de glúteo na máquina em pé - Variação 2","Coice de glúteo na máquina em pé - Variação 2","Ajuste a máquina e posicione o pé ou a perna no apoio. Empurre para trás estendendo o quadril até contrair o glúteo, mantendo a pelve voltada para a frente. Retorne devagar sem deixar a carga voltar de forma brusca.","Glúteos","Máquina | Academia","Glúteos","","Musculação","Máquina","Academia","Iniciante","gifs/glúteos/Low na polia tricep kickback - Variação 2.gif","https://raw.githubusercontent.com/brunofs3221/fortyn-exercise-media-extra/main/gifs/gl%C3%BAteos/Low%20na%20polia%20tricep%20kickback%20-%20Varia%C3%A7%C3%A3o%202.gif","C:\Users\bruno\Downloads\Exercicios renomeados\Coice de glúteo na máquina em pé - Variação 2","MIGRADO_FONTE_REVISADA"
"media_5eb24948448fca1620ba","Coice de glúteos com elástico","Coice de glúteo em quatro apoios com elástico","Estabilize o tronco e a pelve antes de mover a perna. Execute a extensão ou abertura do quadril mostrada sem girar o corpo para ganhar amplitude. Contraia o glúteo no final e retorne lentamente.","Glúteos","Elástico | Academia","Glúteos","","Musculação","Elástico","Academia","Iniciante","gifs/Exercícios sem marca d'água/Coice de glúteos com elástico.gif","https://raw.githubusercontent.com/brunofs3221/fortyn-exercise-media-extra/main/gifs/Exerc%C3%ADcios%20sem%20marca%20d'%C3%A1gua/Coice%20de%20gl%C3%BAteos%20com%20el%C3%A1stico.gif","C:\Users\bruno\Downloads\Exercicios renomeados\Coice de glúteos com elástico","MIGRADO_FONTE_REVISADA"
"media_535db44790309f2be456","Coice de tríceps com halter","Coice de tríceps com halter","Mantenha os ombros estáveis e controle a posição dos cotovelos. Estenda os cotovelos até contrair o tríceps e depois flexione-os lentamente para voltar. Evite usar o tronco ou os ombros para impulsionar a carga.","Tríceps","Halteres | Academia","Tríceps","","Musculação","Halteres","Academia","Iniciante","gifs/Exercícios sem marca d'água/Coice com halteres.gif","https://raw.githubusercontent.com/brunofs3221/fortyn-exercise-media-extra/main/gifs/Exerc%C3%ADcios%20sem%20marca%20d'%C3%A1gua/Coice%20com%20halteres.gif","C:\Users\bruno\Downloads\Exercicios renomeados\Coice de tríceps com halter","MIGRADO_FONTE_REVISADA"
"media_5e9f0882f78f4b3b5653","Coice de tríceps na polia","Coice de tríceps na polia","Mantenha os ombros estáveis e controle a posição dos cotovelos. Estenda os cotovelos até contrair o tríceps e depois flexione-os lentamente para voltar. Evite usar o tronco ou os ombros para impulsionar a carga.","Tríceps","Polia/Cabo | Academia","Tríceps","","Musculação","Polia/Cabo","Academia","Intermediário","gifs/tríceps/Bench dips on floor.gif","https://raw.githubusercontent.com/brunofs3221/fortyn-exercise-media-extra/main/gifs/tr%C3%ADceps/Bench%20dips%20on%20floor.gif","C:\Users\bruno\Downloads\Exercicios renomeados\Coice de tríceps na polia","MIGRADO_FONTE_REVISADA"
"media_54fdda4a4b95c1c43f3b","Coice reverso da máquina smith","Supino reto com pegada reversa no Smith","Estabilize o tronco e a pelve antes de mover a perna. Execute a extensão ou abertura do quadril mostrada sem girar o corpo para ganhar amplitude. Contraia o glúteo no final e retorne lentamente.","Glúteos","Máquina | Academia","Glúteos","","Musculação","Máquina","Academia","Avançado","gifs/Exercícios sem marca d'água/Coice reverso da máquina smith.gif","https://raw.githubusercontent.com/brunofs3221/fortyn-exercise-media-extra/main/gifs/Exerc%C3%ADcios%20sem%20marca%20d'%C3%A1gua/Coice%20reverso%20da%20m%C3%A1quina%20smith.gif","C:\Users\bruno\Downloads\Exercicios renomeados\Coice reverso da máquina smith","MIGRADO_FONTE_REVISADA"
"media_f9b947be81b5e011949c","Coice unilateral de tríceps ajoelhado na polia","Coice unilateral de tríceps ajoelhado na polia","Mantenha os ombros estáveis e controle a posição dos cotovelos. Estenda os cotovelos até contrair o tríceps e depois flexione-os lentamente para voltar. Evite usar o tronco ou os ombros para impulsionar a carga.","Tríceps","Polia/Cabo | Academia","Tríceps","","Musculação","Polia/Cabo","Academia","Intermediário","gifs/tríceps/Extensão de tríceps na máquina.gif","https://raw.githubusercontent.com/brunofs3221/fortyn-exercise-media-extra/main/gifs/tr%C3%ADceps/Extens%C3%A3o%20de%20tr%C3%ADceps%20na%20m%C3%A1quina.gif","C:\Users\bruno\Downloads\Exercicios renomeados\Coice unilateral de tríceps ajoelhado na polia","MIGRADO_FONTE_REVISADA"
"media_c9d8fac2c181276fe967","Contragolpe de perna reta","Coice de glúteo com perna estendida","Execute Contragolpe de perna reta mantendo a pelve estável e concentrando o movimento na extensão ou abdução do quadril. Contraia os glúteos na fase final e retorne devagar sem compensar com a lombar.","Glúteos","Sem aparelhos | Casa","Glúteos","","Musculação","Sem aparelhos","Casa","Iniciante","gifs/Exercícios sem marca d'água/Contragolpe de perna reta.gif","https://raw.githubusercontent.com/brunofs3221/fortyn-exercise-media-extra/main/gifs/Exerc%C3%ADcios%20sem%20marca%20d'%C3%A1gua/Contragolpe%20de%20perna%20reta.gif","C:\Users\bruno\Downloads\Exercicios renomeados\Contragolpe de perna reta","MIGRADO_FONTE_REVISADA"
"media_4e0edb0fb757e3dccb18","Correndo","Corrida estacionária","Assuma a posição inicial de Correndo, estabilize o tronco e execute o movimento mostrado de forma coordenada. Use uma amplitude que consiga controlar, evite impulso desnecessário e retorne à posição inicial antes da repetição seguinte.","Corpo inteiro","Sem aparelhos | Casa","Corpo inteiro","","Musculação","Sem aparelhos","Casa","Iniciante","gifs/Exercícios sem marca d'água/Correndo.gif","https://raw.githubusercontent.com/brunofs3221/fortyn-exercise-media-extra/main/gifs/Exerc%C3%ADcios%20sem%20marca%20d'%C3%A1gua/Correndo.gif","C:\Users\bruno\Downloads\Exercicios renomeados\Correndo","MIGRADO_FONTE_REVISADA"
"media_e5dfc0e56ee2d29a9a27","Correr no lugar","Corrida estacionária com joelhos altos","Mantenha o tronco ereto, olhar à frente e braços coordenados com as pernas. Execute as passadas ou deslocamentos no padrão mostrado, apoiando os pés com controle e mantendo um ritmo que permita conservar a técnica.","Cardio","Sem aparelhos | Casa | Corpo inteiro","Cardio","Corpo inteiro","Cardio","Sem aparelhos","Casa","Intermediário","gifs/Exercícios sem marca d'água/Correr no lugar.gif","https://raw.githubusercontent.com/brunofs3221/fortyn-exercise-media-extra/main/gifs/Exerc%C3%ADcios%20sem%20marca%20d'%C3%A1gua/Correr%20no%20lugar.gif","C:\Users\bruno\Downloads\Exercicios renomeados\Correr no lugar","MIGRADO_FONTE_REVISADA"
"media_123d87b625e01bafaffe","Corrida com calcanhar no glúteo","Corrida estacionária com calcanhares nos glúteos","Mantenha o tronco ereto, olhar à frente e braços coordenados com as pernas. Execute as passadas ou deslocamentos no padrão mostrado, apoiando os pés com controle e mantendo um ritmo que permita conservar a técnica.","Cardio","Sem aparelhos | Ao ar livre | Corpo inteiro","Cardio","Corpo inteiro","Cardio","Sem aparelhos","Ao ar livre","Iniciante","gifs/Exercícios sem marca d'água/Chutes na bunda.gif","https://raw.githubusercontent.com/brunofs3221/fortyn-exercise-media-extra/main/gifs/Exerc%C3%ADcios%20sem%20marca%20d'%C3%A1gua/Chutes%20na%20bunda.gif","C:\Users\bruno\Downloads\Exercicios renomeados\Corrida com calcanhar no glúteo","MIGRADO_FONTE_REVISADA"
"media_26f7d8e5eb41c2d4250f","Corrida com levantamento de joelhos altos","Corrida com joelhos altos","Mantenha o tronco ereto, olhar à frente e braços coordenados com as pernas. Execute as passadas ou deslocamentos no padrão mostrado, apoiando os pés com controle e mantendo um ritmo que permita conservar a técnica.","Cardio","Sem aparelhos | Ao ar livre | Corpo inteiro","Cardio","Corpo inteiro","Cardio","Sem aparelhos","Ao ar livre","Iniciante","gifs/Exercícios sem marca d'água/Corrida com levantamento de joelhos altos.gif","https://raw.githubusercontent.com/brunofs3221/fortyn-exercise-media-extra/main/gifs/Exerc%C3%ADcios%20sem%20marca%20d'%C3%A1gua/Corrida%20com%20levantamento%20de%20joelhos%20altos.gif","C:\Users\bruno\Downloads\Exercicios renomeados\Corrida com levantamento de joelhos altos","MIGRADO_FONTE_REVISADA"
"media_caaf3d5f4899b2e92455","Corrida com mudança de direção","Corrida estacionária","Mantenha o tronco ereto, olhar à frente e braços coordenados com as pernas. Execute as passadas ou deslocamentos no padrão mostrado, apoiando os pés com controle e mantendo um ritmo que permita conservar a técnica.","Cardio","Sem aparelhos | Ao ar livre | Corpo inteiro","Cardio","Corpo inteiro","Cardio","Sem aparelhos","Ao ar livre","Intermediário","gifs/Exercícios sem marca d'água/Corrida - Corrida de roda.gif","https://raw.githubusercontent.com/brunofs3221/fortyn-exercise-media-extra/main/gifs/Exerc%C3%ADcios%20sem%20marca%20d'%C3%A1gua/Corrida%20-%20Corrida%20de%20roda.gif","C:\Users\bruno\Downloads\Exercicios renomeados\Corrida com mudança de direção","MIGRADO_FONTE_REVISADA"
"media_2f20cf12e525daf6416e","Corrida com mudança de direção - variação 2","Corrida estacionária","Mantenha o tronco ereto, olhar à frente e braços coordenados com as pernas. Execute as passadas ou deslocamentos no padrão mostrado, apoiando os pés com controle e mantendo um ritmo que permita conservar a técnica.","Cardio","Sem aparelhos | Ao ar livre | Corpo inteiro","Cardio","Corpo inteiro","Cardio","Sem aparelhos","Ao ar livre","Iniciante","gifs/Exercícios sem marca d'água/Corrida - Corrida de roda - Variação 2.gif","https://raw.githubusercontent.com/brunofs3221/fortyn-exercise-media-extra/main/gifs/Exerc%C3%ADcios%20sem%20marca%20d'%C3%A1gua/Corrida%20-%20Corrida%20de%20roda%20-%20Varia%C3%A7%C3%A3o%202.gif","C:\Users\bruno\Downloads\Exercicios renomeados\Corrida com mudança de direção - variação 2","MIGRADO_FONTE_REVISADA"
"media_56b89e088a455dfe8341","Corrida curta","Corrida estacionária","Mantenha o tronco ereto, olhar à frente e braços coordenados com as pernas. Execute as passadas ou deslocamentos no padrão mostrado, apoiando os pés com controle e mantendo um ritmo que permita conservar a técnica.","Cardio","Sem aparelhos | Ao ar livre | Corpo inteiro","Cardio","Corpo inteiro","Cardio","Sem aparelhos","Ao ar livre","Iniciante","gifs/Exercícios sem marca d'água/Corrida curta.gif","https://raw.githubusercontent.com/brunofs3221/fortyn-exercise-media-extra/main/gifs/Exerc%C3%ADcios%20sem%20marca%20d'%C3%A1gua/Corrida%20curta.gif","C:\Users\bruno\Downloads\Exercicios renomeados\Corrida curta","MIGRADO_FONTE_REVISADA"
"media_2044b0318cce8dca700b","Corrida de joelho alto","Corrida estacionária com joelhos altos","Mantenha o tronco ereto, olhar à frente e braços coordenados com as pernas. Execute as passadas ou deslocamentos no padrão mostrado, apoiando os pés com controle e mantendo um ritmo que permita conservar a técnica.","Cardio","Sem aparelhos | Ao ar livre | Corpo inteiro","Cardio","Corpo inteiro","Cardio","Sem aparelhos","Ao ar livre","Iniciante","gifs/Exercícios sem marca d'água/Corrida de joelho alto.gif","https://raw.githubusercontent.com/brunofs3221/fortyn-exercise-media-extra/main/gifs/Exerc%C3%ADcios%20sem%20marca%20d'%C3%A1gua/Corrida%20de%20joelho%20alto.gif","C:\Users\bruno\Downloads\Exercicios renomeados\Corrida de joelho alto","MIGRADO_FONTE_REVISADA"
"media_16183aa3b50710307bfe","Corrida de joelhos altos na parede","Joelhos altos com apoio na parede","Mantenha o tronco ereto, olhar à frente e braços coordenados com as pernas. Execute as passadas ou deslocamentos no padrão mostrado, apoiando os pés com controle e mantendo um ritmo que permita conservar a técnica.","Cardio","Sem aparelhos | Ao ar livre | Corpo inteiro","Cardio","Corpo inteiro","Cardio","Sem aparelhos","Ao ar livre","Iniciante","gifs/Exercícios sem marca d'água/Joelhos altos contra a parede.gif","https://raw.githubusercontent.com/brunofs3221/fortyn-exercise-media-extra/main/gifs/Exerc%C3%ADcios%20sem%20marca%20d'%C3%A1gua/Joelhos%20altos%20contra%20a%20parede.gif","C:\Users\bruno\Downloads\Exercicios renomeados\Corrida de joelhos altos na parede","MIGRADO_FONTE_REVISADA"
"media_3928553c4d86d92e9341","Corrida de pés rápidos","Corrida rápida no lugar","Mantenha o tronco ereto, olhar à frente e braços coordenados com as pernas. Execute as passadas ou deslocamentos no padrão mostrado, apoiando os pés com controle e mantendo um ritmo que permita conservar a técnica.","Cardio","Sem aparelhos | Ao ar livre | Corpo inteiro","Cardio","Corpo inteiro","Cardio","Sem aparelhos","Ao ar livre","Iniciante","gifs/Exercícios sem marca d'água/Pés rápidos correm.gif","https://raw.githubusercontent.com/brunofs3221/fortyn-exercise-media-extra/main/gifs/Exerc%C3%ADcios%20sem%20marca%20d'%C3%A1gua/P%C3%A9s%20r%C3%A1pidos%20correm.gif","C:\Users\bruno\Downloads\Exercicios renomeados\Corrida de pés rápidos","MIGRADO_FONTE_REVISADA"
"media_dffc9594df3044c0cd33","Corrida de velocista assistida por elástico","Corrida de velocista com elástico","Mantenha o tronco ereto, olhar à frente e braços coordenados com as pernas. Execute as passadas ou deslocamentos no padrão mostrado, apoiando os pés com controle e mantendo um ritmo que permita conservar a técnica.","Cardio","Elástico | Ao ar livre | Corpo inteiro","Cardio","Corpo inteiro","Cardio","Elástico","Ao ar livre","Avançado","gifs/Exercícios sem marca d'água/Corrida de velocista assistida por elástico.gif","https://raw.githubusercontent.com/brunofs3221/fortyn-exercise-media-extra/main/gifs/Exerc%C3%ADcios%20sem%20marca%20d'%C3%A1gua/Corrida%20de%20velocista%20assistida%20por%20el%C3%A1stico.gif","C:\Users\bruno\Downloads\Exercicios renomeados\Corrida de velocista assistida por elástico","MIGRADO_FONTE_REVISADA"
"media_193a84220f7d9afed0b4","Corrida na esteira","Corrida na esteira","Mantenha o tronco ereto, olhar à frente e braços coordenados com as pernas. Execute as passadas ou deslocamentos no padrão mostrado, apoiando os pés com controle e mantendo um ritmo que permita conservar a técnica.","Cardio","Esteira | Ao ar livre | Corpo inteiro","Cardio","Corpo inteiro","Cardio","Esteira","Ao ar livre","Intermediário","gifs/cardio/Corrida na esteira.gif","https://raw.githubusercontent.com/brunofs3221/fortyn-exercise-media-extra/main/gifs/cardio/Corrida%20na%20esteira.gif","C:\Users\bruno\Downloads\Exercicios renomeados\Corrida na esteira","MIGRADO_FONTE_REVISADA"
"media_e3b386f85753a416abb8","Corrida na esteira curva","Corrida na esteira curva","Mantenha o tronco ereto, olhar à frente e braços coordenados com as pernas. Execute as passadas ou deslocamentos no padrão mostrado, apoiando os pés com controle e mantendo um ritmo que permita conservar a técnica.","Cardio","Esteira | Ao ar livre | Corpo inteiro","Cardio","Corpo inteiro","Cardio","Esteira","Ao ar livre","Intermediário","gifs/cardio/Corrida na esteira curva.gif","https://raw.githubusercontent.com/brunofs3221/fortyn-exercise-media-extra/main/gifs/cardio/Corrida%20na%20esteira%20curva.gif","C:\Users\bruno\Downloads\Exercicios renomeados\Corrida na esteira curva","MIGRADO_FONTE_REVISADA"
"media_7a6a8c28181f8a019c18","Corrida no Assault AirRunner","Corrida na esteira curva","Mantenha o tronco ereto, olhar à frente e braços coordenados com as pernas. Execute as passadas ou deslocamentos no padrão mostrado, apoiando os pés com controle e mantendo um ritmo que permita conservar a técnica.","Cardio","Máquina | Esteira | Ao ar livre","Cardio","","Cardio","Máquina | Esteira","Ao ar livre","Intermediário","gifs/Exercícios sem marca d'água/Corrida no Assault AirRunner.gif","https://raw.githubusercontent.com/brunofs3221/fortyn-exercise-media-extra/main/gifs/Exerc%C3%ADcios%20sem%20marca%20d'%C3%A1gua/Corrida%20no%20Assault%20AirRunner.gif","C:\Users\bruno\Downloads\Exercicios renomeados\Corrida no Assault AirRunner","MIGRADO_FONTE_REVISADA"
"media_2b54121a04e8f357f3fb","Corrida para trás","Corrida para trás","Mantenha o tronco ereto, olhar à frente e braços coordenados com as pernas. Execute as passadas ou deslocamentos no padrão mostrado, apoiando os pés com controle e mantendo um ritmo que permita conservar a técnica.","Cardio","Sem aparelhos | Ao ar livre | Corpo inteiro","Cardio","Corpo inteiro","Cardio","Sem aparelhos","Ao ar livre","Intermediário","gifs/Exercícios sem marca d'água/Corrida para trás.gif","https://raw.githubusercontent.com/brunofs3221/fortyn-exercise-media-extra/main/gifs/Exerc%C3%ADcios%20sem%20marca%20d'%C3%A1gua/Corrida%20para%20tr%C3%A1s.gif","C:\Users\bruno\Downloads\Exercicios renomeados\Corrida para trás","MIGRADO_FONTE_REVISADA"
"media_a7846d305c2dc974d864","Cotovelo ao joelho em pé","Cotovelo ao joelho em pé","Estabilize o tronco para executar Cotovelo ao joelho em pé. Mantenha o abdômen ativo durante toda a repetição e realize a trajetória mostrada sem usar balanço excessivo. Retorne à posição inicial de forma lenta e controlada.","Abdômen/Core","Sem aparelhos | Casa","Abdômen/Core","","Musculação","Sem aparelhos","Casa","Iniciante","gifs/Exercícios sem marca d'água/Torções de cotovelo a joelho.gif","https://raw.githubusercontent.com/brunofs3221/fortyn-exercise-media-extra/main/gifs/Exerc%C3%ADcios%20sem%20marca%20d'%C3%A1gua/Tor%C3%A7%C3%B5es%20de%20cotovelo%20a%20joelho.gif","C:\Users\bruno\Downloads\Exercicios renomeados\Cotovelo ao joelho em pé","MIGRADO_FONTE_REVISADA"
"media_e1c9b1636d26d992ee66","Cross de direita no boxe","Direto de direita no saco de pancadas","Assuma uma base estável, mantenha as mãos protegendo o rosto e o abdômen ativo. Execute o golpe mostrado girando quadril e tronco de forma coordenada, sem travar completamente as articulações. Retorne rapidamente à posição de guarda.","Cardio","Sem aparelhos | Casa | Corpo inteiro","Cardio","Corpo inteiro","Cardio","Sem aparelhos","Casa","Iniciante","gifs/Exercícios sem marca d'água/Boxe cruzado direito.gif","https://raw.githubusercontent.com/brunofs3221/fortyn-exercise-media-extra/main/gifs/Exerc%C3%ADcios%20sem%20marca%20d'%C3%A1gua/Boxe%20cruzado%20direito.gif","C:\Users\bruno\Downloads\Exercicios renomeados\Cross de direita no boxe","MIGRADO_FONTE_REVISADA"
"media_d13adbbe600872451f84","Crossover na polia","Crossover na polia","Fique em pé entre as polias, com uma alça em cada mão e os braços abertos. Mantendo os cotovelos levemente flexionados, aproxime as mãos à frente do peito em arco. Abra novamente de forma controlada sem deixar os ombros avançarem.","Peito","Ombros | Polia/Cabo","Peito","Ombros","Musculação","Polia/Cabo","Academia","Iniciante","gifs/peitoral/Cruzamento de cabo.gif","https://raw.githubusercontent.com/brunofs3221/fortyn-exercise-media-extra/main/gifs/peitoral/Cruzamento%20de%20cabo.gif","C:\Users\bruno\Downloads\Exercicios renomeados\Crossover na polia","MIGRADO_FONTE_REVISADA"
"media_a039cbf545245860086e","Crossover na polia alta","Crucifixo na polia alta","Comece com os braços abertos e os cotovelos levemente flexionados. Feche os braços em arco à frente do peito, contraindo o peitoral sem transformar o movimento em um supino. Abra novamente de forma lenta até a amplitude confortável.","Peito","Polia/Cabo | Ombros | Academia","Peito","Ombros","Musculação","Polia/Cabo","Academia","Intermediário","gifs/Exercícios sem marca d'água/Cruzamento de cabo alto.gif","https://raw.githubusercontent.com/brunofs3221/fortyn-exercise-media-extra/main/gifs/Exerc%C3%ADcios%20sem%20marca%20d'%C3%A1gua/Cruzamento%20de%20cabo%20alto.gif","C:\Users\bruno\Downloads\Exercicios renomeados\Crossover na polia alta","MIGRADO_FONTE_REVISADA"
"media_2338c709ba8a04c9256a","Crossover na polia baixa","Crossover baixo para cima","Comece com os braços abertos e os cotovelos levemente flexionados. Feche os braços em arco à frente do peito, contraindo o peitoral sem transformar o movimento em um supino. Abra novamente de forma lenta até a amplitude confortável.","Peito","Polia/Cabo | Ombros | Academia","Peito","Ombros","Musculação","Polia/Cabo","Academia","Intermediário","gifs/Exercícios sem marca d'água/Cruzamento de cabo baixo.gif","https://raw.githubusercontent.com/brunofs3221/fortyn-exercise-media-extra/main/gifs/Exerc%C3%ADcios%20sem%20marca%20d'%C3%A1gua/Cruzamento%20de%20cabo%20baixo.gif","C:\Users\bruno\Downloads\Exercicios renomeados\Crossover na polia baixa","MIGRADO_FONTE_REVISADA"
"media_48796bd36d11070af498","Crossover no cabo","Crossover na polia","Comece com os braços abertos e os cotovelos levemente flexionados. Feche os braços em arco à frente do peito, contraindo o peitoral sem transformar o movimento em um supino. Abra novamente de forma lenta até a amplitude confortável.","Peito","Polia/Cabo | Ombros | Academia","Peito","Ombros","Musculação","Polia/Cabo","Academia","Intermediário","gifs/Exercícios sem marca d'água/Cruzamento de cabo.gif","https://raw.githubusercontent.com/brunofs3221/fortyn-exercise-media-extra/main/gifs/Exerc%C3%ADcios%20sem%20marca%20d'%C3%A1gua/Cruzamento%20de%20cabo.gif","C:\Users\bruno\Downloads\Exercicios renomeados\Crossover no cabo","MIGRADO_FONTE_REVISADA"
"media_ac48f6a2218e2fee2ec1","Crossover no cabo de baixo para cima","Crucifixo na polia baixa para peitoral superior","Comece com os braços abertos e os cotovelos levemente flexionados. Feche os braços em arco à frente do peito, contraindo o peitoral sem transformar o movimento em um supino. Abra novamente de forma lenta até a amplitude confortável.","Peito","Polia/Cabo | Ombros | Academia","Peito","Ombros","Musculação","Polia/Cabo","Academia","Intermediário","gifs/Exercícios sem marca d'água/Cruzamentos da parte superior do tórax do cabo.gif","https://raw.githubusercontent.com/brunofs3221/fortyn-exercise-media-extra/main/gifs/Exerc%C3%ADcios%20sem%20marca%20d'%C3%A1gua/Cruzamentos%20da%20parte%20superior%20do%20t%C3%B3rax%20do%20cabo.gif","C:\Users\bruno\Downloads\Exercicios renomeados\Crossover no cabo de baixo para cima","MIGRADO_FONTE_REVISADA"
"media_01d7455df44bf9211b8a","Crossover unilateral no cabo","Crucifixo unilateral na polia em pé","Comece com os braços abertos e os cotovelos levemente flexionados. Feche os braços em arco à frente do peito, contraindo o peitoral sem transformar o movimento em um supino. Abra novamente de forma lenta até a amplitude confortável.","Peito","Polia/Cabo | Ombros | Academia","Peito","Ombros","Musculação","Polia/Cabo","Academia","Iniciante","gifs/Exercícios sem marca d'água/Cruzamento de cabo de braço único.gif","https://raw.githubusercontent.com/brunofs3221/fortyn-exercise-media-extra/main/gifs/Exerc%C3%ADcios%20sem%20marca%20d'%C3%A1gua/Cruzamento%20de%20cabo%20de%20bra%C3%A7o%20%C3%BAnico.gif","C:\Users\bruno\Downloads\Exercicios renomeados\Crossover unilateral no cabo","MIGRADO_FONTE_REVISADA"
"media_2093cb48e0d0fc3f80c9","Crucifixo ascendente com halteres","Elevação frontal com halteres","Comece com os braços abertos e os cotovelos levemente flexionados. Feche os braços em arco à frente do peito, contraindo o peitoral sem transformar o movimento em um supino. Abra novamente de forma lenta até a amplitude confortável.","Peito","Halteres | Ombros | Academia","Peito","Ombros","Musculação","Halteres","Academia","Iniciante","gifs/Exercícios sem marca d'água/Crucifixo para cima com halteres.gif","https://raw.githubusercontent.com/brunofs3221/fortyn-exercise-media-extra/main/gifs/Exerc%C3%ADcios%20sem%20marca%20d'%C3%A1gua/Crucifixo%20para%20cima%20com%20halteres.gif","C:\Users\bruno\Downloads\Exercicios renomeados\Crucifixo ascendente com halteres","MIGRADO_FONTE_REVISADA"
"media_dd27c4821b3134f73d2e","Crucifixo com halteres","Crucifixo reto com halteres","Comece com os braços abertos e os cotovelos levemente flexionados. Feche os braços em arco à frente do peito, contraindo o peitoral sem transformar o movimento em um supino. Abra novamente de forma lenta até a amplitude confortável.","Peito","Halteres | Ombros | Academia","Peito","Ombros","Musculação","Halteres","Academia","Intermediário","gifs/Exercícios sem marca d'água/Crucifixo com halteres.gif","https://raw.githubusercontent.com/brunofs3221/fortyn-exercise-media-extra/main/gifs/Exerc%C3%ADcios%20sem%20marca%20d'%C3%A1gua/Crucifixo%20com%20halteres.gif","C:\Users\bruno\Downloads\Exercicios renomeados\Crucifixo com halteres","MIGRADO_FONTE_REVISADA"
"media_32efff8a44da2bda6a3c","Crucifixo declinado com halteres","Crucifixo declinado com halteres","Comece com os braços abertos e os cotovelos levemente flexionados. Feche os braços em arco à frente do peito, contraindo o peitoral sem transformar o movimento em um supino. Abra novamente de forma lenta até a amplitude confortável.","Peito","Halteres | Banco | Ombros","Peito","Ombros","Musculação","Halteres | Banco","Academia","Intermediário","gifs/Exercícios sem marca d'água/Recusar crucifixo com halteres.gif","https://raw.githubusercontent.com/brunofs3221/fortyn-exercise-media-extra/main/gifs/Exerc%C3%ADcios%20sem%20marca%20d'%C3%A1gua/Recusar%20crucifixo%20com%20halteres.gif","C:\Users\bruno\Downloads\Exercicios renomeados\Crucifixo declinado com halteres","MIGRADO_FONTE_REVISADA"
"media_bf8249c0f027460a1902","Crucifixo declinado com halteres","Crucifixo declinado com halteres","Deite-se no banco declinado com um halter em cada mão e os braços acima do peito, mantendo os cotovelos levemente flexionados. Abra os braços em arco até sentir alongamento confortável no peitoral e feche novamente seguindo a mesma trajetória, sem transformar o movimento em um supino.","Peito","Ombros | Halteres | Banco | Academia | Casa","Peito","Ombros","Musculação","Halteres | Banco","Academia | Casa","Intermediário","gifs/peitoral/Crucifixo declinado com halteres.gif","https://raw.githubusercontent.com/brunofs3221/fortyn-exercise-media-extra/main/gifs/peitoral/Crucifixo%20declinado%20com%20halteres.gif","","SEM_FONTE_REVISADA"
"media_4dd3116b909ff4461da1","Crucifixo declinado com halteres - Variação 2","Crucifixo declinado com halteres - Variação 2","Deite-se no banco declinado com um halter em cada mão e os braços acima do peito, mantendo os cotovelos levemente flexionados. Abra os braços em arco até sentir alongamento confortável no peitoral e feche novamente seguindo a mesma trajetória, sem transformar o movimento em um supino.","Peito","Ombros | Halteres | Banco","Peito","Ombros","Musculação","Halteres | Banco","Academia | Casa","Intermediário","gifs/peitoral/Recusar crucifixo com halteres.gif","https://raw.githubusercontent.com/brunofs3221/fortyn-exercise-media-extra/main/gifs/peitoral/Recusar%20crucifixo%20com%20halteres.gif","C:\Users\bruno\Downloads\Exercicios renomeados\Crucifixo declinado com halteres - Variação 2","MIGRADO_FONTE_REVISADA"
"media_2af9a7c691410cae519b","Crucifixo declinado na polia","Crucifixo declinado na polia","Posicione-se no banco declinado entre as polias e segure as alças com os cotovelos levemente flexionados. Abra os braços até uma amplitude confortável e aproxime as mãos acima da região inferior do peito. Retorne lentamente seguindo a mesma trajetória.","Peito","Ombros | Banco | Polia/Cabo","Peito","Ombros","Musculação","Banco | Polia/Cabo","Academia","Intermediário","gifs/peitoral/Recusar voo de cabo.gif","https://raw.githubusercontent.com/brunofs3221/fortyn-exercise-media-extra/main/gifs/peitoral/Recusar%20voo%20de%20cabo.gif","C:\Users\bruno\Downloads\Exercicios renomeados\Crucifixo declinado na polia","MIGRADO_FONTE_REVISADA"
"media_63d7633c7ba75c100473","Crucifixo declinado no cabo","Crucifixo inclinado na polia","Comece com os braços abertos e os cotovelos levemente flexionados. Feche os braços em arco à frente do peito, contraindo o peitoral sem transformar o movimento em um supino. Abra novamente de forma lenta até a amplitude confortável.","Peito","Polia/Cabo | Banco | Ombros","Peito","Ombros","Musculação","Polia/Cabo | Banco","Academia","Intermediário","gifs/Exercícios sem marca d'água/Recusar voo de cabo.gif","https://raw.githubusercontent.com/brunofs3221/fortyn-exercise-media-extra/main/gifs/Exerc%C3%ADcios%20sem%20marca%20d'%C3%A1gua/Recusar%20voo%20de%20cabo.gif","C:\Users\bruno\Downloads\Exercicios renomeados\Crucifixo declinado no cabo","MIGRADO_FONTE_REVISADA"
"media_004d0341c40b57d75378","Crucifixo deitado no cabo","Crucifixo reto na polia deitado","Comece com os braços abertos e os cotovelos levemente flexionados. Feche os braços em arco à frente do peito, contraindo o peitoral sem transformar o movimento em um supino. Abra novamente de forma lenta até a amplitude confortável.","Peito","Polia/Cabo | Ombros | Academia","Peito","Ombros","Musculação","Polia/Cabo","Academia","Intermediário","gifs/Exercícios sem marca d'água/Crucifixo de cabo mentirosa.gif","https://raw.githubusercontent.com/brunofs3221/fortyn-exercise-media-extra/main/gifs/Exerc%C3%ADcios%20sem%20marca%20d'%C3%A1gua/Crucifixo%20de%20cabo%20mentirosa.gif","C:\Users\bruno\Downloads\Exercicios renomeados\Crucifixo deitado no cabo","MIGRADO_FONTE_REVISADA"
"media_53d541e6d9d4a311dca8","Crucifixo inclinado alternado com elástico","Face pull com elástico","Comece com os braços abertos e os cotovelos levemente flexionados. Feche os braços em arco à frente do peito, contraindo o peitoral sem transformar o movimento em um supino. Abra novamente de forma lenta até a amplitude confortável.","Peito","Elástico | Banco | Ombros","Peito","Ombros","Musculação","Elástico | Banco","Casa | Academia","Iniciante","gifs/Exercícios sem marca d'água/Elástico alternada de inclinação no peito.gif","https://raw.githubusercontent.com/brunofs3221/fortyn-exercise-media-extra/main/gifs/Exerc%C3%ADcios%20sem%20marca%20d'%C3%A1gua/El%C3%A1stico%20alternada%20de%20inclina%C3%A7%C3%A3o%20no%20peito.gif","C:\Users\bruno\Downloads\Exercicios renomeados\Crucifixo inclinado alternado com elástico","MIGRADO_FONTE_REVISADA"
"media_2c6aecde2c95ce11e1f1","Crucifixo inclinado com halteres","Crucifixo inclinado com halteres","Comece com os braços abertos e os cotovelos levemente flexionados. Feche os braços em arco à frente do peito, contraindo o peitoral sem transformar o movimento em um supino. Abra novamente de forma lenta até a amplitude confortável.","Peito","Halteres | Banco | Ombros","Peito","Ombros","Musculação","Halteres | Banco","Academia | Casa","Intermediário","gifs/Exercícios sem marca d'água/Crucifixo inclinada com halteres.gif","https://raw.githubusercontent.com/brunofs3221/fortyn-exercise-media-extra/main/gifs/Exerc%C3%ADcios%20sem%20marca%20d'%C3%A1gua/Crucifixo%20inclinada%20com%20halteres.gif","C:\Users\bruno\Downloads\Exercicios renomeados\Crucifixo inclinado com halteres","MIGRADO_FONTE_REVISADA"
"media_a96b4103cf30417948f9","Crucifixo inclinado com halteres","Crucifixo inclinado com halteres","Deite-se no banco inclinado com um halter em cada mão e os braços acima do peito, mantendo os cotovelos levemente flexionados. Abra os braços em arco até sentir alongamento confortável no peitoral e feche novamente seguindo a mesma trajetória, sem transformar o movimento em um supino.","Peito","Ombros | Halteres | Banco | Academia | Casa","Peito","Ombros","Musculação","Halteres | Banco","Academia | Casa","Intermediário","gifs/peitoral/Lever inclinado hammer supino.gif","https://raw.githubusercontent.com/brunofs3221/fortyn-exercise-media-extra/main/gifs/peitoral/Lever%20inclinado%20hammer%20supino.gif","","SEM_FONTE_REVISADA"
"media_4a8ca29ae7cf9cd317ed","Crucifixo inclinado na polia","Crucifixo inclinado na polia","Posicione-se no banco inclinado entre as polias e segure as alças com os braços abertos e cotovelos levemente flexionados. Feche os braços em arco à frente da parte superior do peito e retorne de forma controlada, mantendo as escápulas apoiadas.","Peito","Ombros | Banco | Polia/Cabo","Peito","Ombros","Musculação","Banco | Polia/Cabo","Academia","Intermediário","gifs/peitoral/Crucifixo inclinado na polia.gif","https://raw.githubusercontent.com/brunofs3221/fortyn-exercise-media-extra/main/gifs/peitoral/Crucifixo%20inclinado%20na%20polia.gif","C:\Users\bruno\Downloads\Exercicios renomeados\Crucifixo inclinado na polia","MIGRADO_FONTE_REVISADA"
"media_255c8274bb07b4c98a54","Crucifixo inclinado no cabo","Crucifixo inclinado na polia sentado","Comece com os braços abertos e os cotovelos levemente flexionados. Feche os braços em arco à frente do peito, contraindo o peitoral sem transformar o movimento em um supino. Abra novamente de forma lenta até a amplitude confortável.","Peito","Polia/Cabo | Banco | Ombros","Peito","Ombros","Musculação","Polia/Cabo | Banco","Academia","Intermediário","gifs/Exercícios sem marca d'água/Crucifixo de cabo inclinada.gif","https://raw.githubusercontent.com/brunofs3221/fortyn-exercise-media-extra/main/gifs/Exerc%C3%ADcios%20sem%20marca%20d'%C3%A1gua/Crucifixo%20de%20cabo%20inclinada.gif","C:\Users\bruno\Downloads\Exercicios renomeados\Crucifixo inclinado no cabo","MIGRADO_FONTE_REVISADA"
"media_c97dcc5db2496e206217","Crucifixo inverso com elástico","Crucifixo inverso com elástico","Mantenha o tronco estável e os cotovelos levemente flexionados. Abra os braços para os lados ou para trás conforme a trajetória mostrada, contraindo a parte posterior dos ombros sem encolher o trapézio. Retorne lentamente.","Ombros","Elástico | Academia","Ombros","","Musculação","Elástico","Academia","Iniciante","gifs/Exercícios sem marca d'água/exercicios_renomeados_pt_br/024_crucifixo_inverso_com_elastico.gif","https://raw.githubusercontent.com/brunofs3221/fortyn-exercise-media-extra/main/gifs/Exerc%C3%ADcios%20sem%20marca%20d'%C3%A1gua/exercicios_renomeados_pt_br/024_crucifixo_inverso_com_elastico.gif","C:\Users\bruno\Downloads\Exercicios renomeados\Crucifixo inverso com elástico","MIGRADO_FONTE_REVISADA"
"media_f67ee999bfd92c19abed","Crucifixo inverso com halteres","Crucifixo inverso inclinado com halteres","Mantenha o tronco estável e os cotovelos levemente flexionados. Abra os braços para os lados ou para trás conforme a trajetória mostrada, contraindo a parte posterior dos ombros sem encolher o trapézio. Retorne lentamente.","Ombros","Halteres | Academia","Ombros","","Musculação","Halteres","Academia","Intermediário","gifs/Exercícios sem marca d'água/Crucifixo inverso com halteres.gif","https://raw.githubusercontent.com/brunofs3221/fortyn-exercise-media-extra/main/gifs/Exerc%C3%ADcios%20sem%20marca%20d'%C3%A1gua/Crucifixo%20inverso%20com%20halteres.gif","C:\Users\bruno\Downloads\Exercicios renomeados\Crucifixo inverso com halteres","MIGRADO_FONTE_REVISADA"
"media_cba4622dfbd6bd12a0f8","Crucifixo inverso com halteres no banco inclinado","Crucifixo inverso com halteres no banco inclinado","Mantenha o tronco apoiado ou inclinado conforme o GIF e comece com os braços à frente ou abaixo do corpo. Abra os braços para os lados até aproximadamente a linha dos ombros, aproximando as escápulas sem encolher excessivamente os ombros. Retorne lentamente à posição inicial mantendo os cotovelos levemente flexionados.","Ombros","Halteres | Banco | Costas","Ombros","Costas","Musculação","Halteres | Banco","Academia | Casa","Iniciante","gifs/trapézio/Encolher de ombros inclinado com halteres.gif","https://raw.githubusercontent.com/brunofs3221/fortyn-exercise-media-extra/main/gifs/trap%C3%A9zio/Encolher%20de%20ombros%20inclinado%20com%20halteres.gif","C:\Users\bruno\Downloads\Exercicios renomeados\Crucifixo inverso com halteres no banco inclinado","MIGRADO_FONTE_REVISADA"
"media_2b2562486ff20796d06d","Crucifixo inverso curvado com halteres","Crucifixo inverso curvado com halteres","Mantenha o tronco apoiado ou inclinado conforme o GIF e comece com os braços à frente ou abaixo do corpo. Abra os braços para os lados até aproximadamente a linha dos ombros, aproximando as escápulas sem encolher excessivamente os ombros. Retorne lentamente à posição inicial mantendo os cotovelos levemente flexionados.","Ombros","Halteres | Costas","Ombros","Costas","Musculação","Halteres","Casa | Academia","Iniciante","gifs/trapézio/Behind the back com barra encolhimento.gif","https://raw.githubusercontent.com/brunofs3221/fortyn-exercise-media-extra/main/gifs/trap%C3%A9zio/Behind%20the%20back%20com%20barra%20encolhimento.gif","C:\Users\bruno\Downloads\Exercicios renomeados\Crucifixo inverso curvado com halteres","MIGRADO_FONTE_REVISADA"
"media_1445d3b8069de7fdea0d","Crucifixo inverso curvado no cabo","Crucifixo inverso inclinado na polia","Mantenha o tronco estável e os cotovelos levemente flexionados. Abra os braços para os lados ou para trás conforme a trajetória mostrada, contraindo a parte posterior dos ombros sem encolher o trapézio. Retorne lentamente.","Ombros","Polia/Cabo | Academia","Ombros","","Musculação","Polia/Cabo","Academia","Intermediário","gifs/Exercícios sem marca d'água/Curvado sobre a crucifixo inverso do cabo.gif","https://raw.githubusercontent.com/brunofs3221/fortyn-exercise-media-extra/main/gifs/Exerc%C3%ADcios%20sem%20marca%20d'%C3%A1gua/Curvado%20sobre%20a%20crucifixo%20inverso%20do%20cabo.gif","C:\Users\bruno\Downloads\Exercicios renomeados\Crucifixo inverso curvado no cabo","MIGRADO_FONTE_REVISADA"
"media_af9c1c99fc50e5aaf97e","Crucifixo inverso deitado no cabo","Crucifixo inverso deitado na polia","Mantenha o tronco estável e os cotovelos levemente flexionados. Abra os braços para os lados ou para trás conforme a trajetória mostrada, contraindo a parte posterior dos ombros sem encolher o trapézio. Retorne lentamente.","Ombros","Polia/Cabo | Academia","Ombros","","Musculação","Polia/Cabo","Academia","Intermediário","gifs/Exercícios sem marca d'água/Cabo deitado crucifixo inverso.gif","https://raw.githubusercontent.com/brunofs3221/fortyn-exercise-media-extra/main/gifs/Exerc%C3%ADcios%20sem%20marca%20d'%C3%A1gua/Cabo%20deitado%20crucifixo%20inverso.gif","C:\Users\bruno\Downloads\Exercicios renomeados\Crucifixo inverso deitado no cabo","MIGRADO_FONTE_REVISADA"
"media_a0de612f03d7ff3ffe9e","Crucifixo inverso inclinado com halteres","","Exercício de abdução horizontal dos ombros feito com o tronco inclinado e dois halteres. A posição reduz a participação do peitoral e favorece o deltoide posterior, enquanto a aproximação controlada das escápulas recruta a musculatura da parte alta das costas.","Ombros","halteres","Ombros","","Musculação","halteres","","","gifs/ombros/Alavanca de desenvolvimento de ombros.gif","https://raw.githubusercontent.com/brunofs3221/fortyn-exercise-media-extra/main/gifs/ombros/Alavanca%20de%20desenvolvimento%20de%20ombros.gif","","SEM_FONTE_REVISADA"
"media_0814ad01ce14be4d20be","Crucifixo inverso na máquina","Crucifixo inverso na máquina","Mantenha o tronco apoiado ou inclinado conforme o GIF e comece com os braços à frente ou abaixo do corpo. Abra os braços para os lados até aproximadamente a linha dos ombros, aproximando as escápulas sem encolher excessivamente os ombros. Retorne lentamente à posição inicial mantendo os cotovelos levemente flexionados.","Ombros","Costas | Máquina | Academia","Ombros","Costas","Musculação","Máquina","Academia","Iniciante","gifs/costas/Remada delt traseira com halteres.gif","https://raw.githubusercontent.com/brunofs3221/fortyn-exercise-media-extra/main/gifs/costas/Remada%20delt%20traseira%20com%20halteres.gif","","SEM_FONTE_REVISADA"
"media_3662cab0479c91c94a18","Crucifixo inverso na máquina","Voador inverso na máquina","Mantenha o tronco estável e os cotovelos levemente flexionados. Abra os braços para os lados ou para trás conforme a trajetória mostrada, contraindo a parte posterior dos ombros sem encolher o trapézio. Retorne lentamente.","Ombros","Máquina | Academia","Ombros","","Musculação","Máquina","Academia","Iniciante","gifs/Exercícios sem marca d'água/Crucifixo traseira da máquina delt.gif","https://raw.githubusercontent.com/brunofs3221/fortyn-exercise-media-extra/main/gifs/Exerc%C3%ADcios%20sem%20marca%20d'%C3%A1gua/Crucifixo%20traseira%20da%20m%C3%A1quina%20delt.gif","C:\Users\bruno\Downloads\Exercicios renomeados\Crucifixo inverso na máquina","MIGRADO_FONTE_REVISADA"
"media_d81cfb06437cf98e6e0f","Crucifixo inverso na máquina","","Exercício sentado e voltado para a máquina peck deck, no qual os braços se abrem em arco até a linha dos ombros. O encosto estabiliza o tronco e permite enfatizar deltoide posterior, romboides e trapézio médio por meio da abdução horizontal dos ombros e do controle escapular.","Ombros","máquina peck deck | academia","Ombros","","Musculação","máquina peck deck","academia","","gifs/ombros/Crucifixo traseira da máquina delt.gif","https://raw.githubusercontent.com/brunofs3221/fortyn-exercise-media-extra/main/gifs/ombros/Crucifixo%20traseira%20da%20m%C3%A1quina%20delt.gif","","SEM_FONTE_REVISADA"
"media_7cbc2aa6b7aac26f7867","Crucifixo inverso na máquina - Variação 2","Crucifixo inverso na máquina - Variação 2","Mantenha o tronco apoiado ou inclinado conforme o GIF e comece com os braços à frente ou abaixo do corpo. Abra os braços para os lados até aproximadamente a linha dos ombros, aproximando as escápulas sem encolher excessivamente os ombros. Retorne lentamente à posição inicial mantendo os cotovelos levemente flexionados.","Ombros","Máquina | Costas","Ombros","Costas","Musculação","Máquina","Academia","Iniciante","gifs/trapézio/Mergulhos da escápula - Variação 2.gif","https://raw.githubusercontent.com/brunofs3221/fortyn-exercise-media-extra/main/gifs/trap%C3%A9zio/Mergulhos%20da%20esc%C3%A1pula%20-%20Varia%C3%A7%C3%A3o%202.gif","C:\Users\bruno\Downloads\Exercicios renomeados\Crucifixo inverso na máquina - Variação 2","MIGRADO_FONTE_REVISADA"
"media_b7df7a6225ba47ca7abc","Crucifixo inverso na polia","Crucifixo inverso na polia","Mantenha o tronco apoiado ou inclinado conforme o GIF e comece com os braços à frente ou abaixo do corpo. Abra os braços para os lados até aproximadamente a linha dos ombros, aproximando as escápulas sem encolher excessivamente os ombros. Retorne lentamente à posição inicial mantendo os cotovelos levemente flexionados.","Ombros","Polia/Cabo | Costas","Ombros","Costas","Musculação","Polia/Cabo","Academia","Intermediário","gifs/trapézio/Encolher de ombros - Variação 2.gif","https://raw.githubusercontent.com/brunofs3221/fortyn-exercise-media-extra/main/gifs/trap%C3%A9zio/Encolher%20de%20ombros%20-%20Varia%C3%A7%C3%A3o%202.gif","C:\Users\bruno\Downloads\Exercicios renomeados\Crucifixo inverso na polia","MIGRADO_FONTE_REVISADA"
"media_00291dd66ebf0d854707","Crucifixo inverso no cabo","Crucifixo inverso na polia","Mantenha o tronco estável e os cotovelos levemente flexionados. Abra os braços para os lados ou para trás conforme a trajetória mostrada, contraindo a parte posterior dos ombros sem encolher o trapézio. Retorne lentamente.","Ombros","Polia/Cabo | Academia","Ombros","","Musculação","Polia/Cabo","Academia","Intermediário","gifs/Exercícios sem marca d'água/Cabo traseiro delt fly.gif","https://raw.githubusercontent.com/brunofs3221/fortyn-exercise-media-extra/main/gifs/Exerc%C3%ADcios%20sem%20marca%20d'%C3%A1gua/Cabo%20traseiro%20delt%20fly.gif","C:\Users\bruno\Downloads\Exercicios renomeados\Crucifixo inverso no cabo","MIGRADO_FONTE_REVISADA"
"media_ac4c5eb53924b9ec55a9","Crucifixo inverso no crossover","Crucifixo inverso no crossover","Fique entre as polias e segure as alças cruzadas à frente do corpo. Mantendo os braços quase estendidos, abra-os para os lados e para trás até alinhar com o tronco. Retorne lentamente mantendo as escápulas controladas.","Ombros","Polia/Cabo | Academia","Ombros","","Musculação","Polia/Cabo","Academia","Intermediário","gifs/ombros/Remada alta com halteres.gif","https://raw.githubusercontent.com/brunofs3221/fortyn-exercise-media-extra/main/gifs/ombros/Remada%20alta%20com%20halteres.gif","C:\Users\bruno\Downloads\Exercicios renomeados\Crucifixo inverso no crossover","MIGRADO_FONTE_REVISADA"
"media_54b8732bc63c52be47e2","Crucifixo inverso sentado com halteres","Crucifixo inverso sentado com halteres","Incline o tronco ou sente-se conforme mostrado, mantendo a coluna neutra. Com os halteres e os cotovelos levemente flexionados, abra os braços para os lados até contrair os deltoides posteriores. Retorne devagar sem usar balanço.","Ombros","Halteres | Banco | Academia","Ombros","","Musculação","Halteres | Banco","Academia","Intermediário","gifs/ombros/Haltere sentado curvado sobre a remada delt traseira.gif","https://raw.githubusercontent.com/brunofs3221/fortyn-exercise-media-extra/main/gifs/ombros/Haltere%20sentado%20curvado%20sobre%20a%20remada%20delt%20traseira.gif","C:\Users\bruno\Downloads\Exercicios renomeados\Crucifixo inverso sentado com halteres","MIGRADO_FONTE_REVISADA"
"media_4869c65d56b41321ed21","Crucifixo na máquina","Crucifixo na máquina","Comece com os braços abertos e os cotovelos levemente flexionados. Feche os braços em arco à frente do peito, contraindo o peitoral sem transformar o movimento em um supino. Abra novamente de forma lenta até a amplitude confortável.","Peito","Máquina | Ombros | Academia","Peito","Ombros","Musculação","Máquina","Academia","Iniciante","gifs/Exercícios sem marca d'água/Crucifixo da máquina.gif","https://raw.githubusercontent.com/brunofs3221/fortyn-exercise-media-extra/main/gifs/Exerc%C3%ADcios%20sem%20marca%20d'%C3%A1gua/Crucifixo%20da%20m%C3%A1quina.gif","C:\Users\bruno\Downloads\Exercicios renomeados\Crucifixo na máquina","MIGRADO_FONTE_REVISADA"
"media_d20403381df0571c142e","Crucifixo na máquina (peck deck)","Crucifixo na máquina (peck deck)","Ajuste o banco para que os braços ou manoplas fiquem alinhados ao peito. Comece com os braços abertos e aproxime-os à frente do corpo contraindo o peitoral. Retorne lentamente até a abertura confortável, sem projetar os ombros para a frente.","Peito","Ombros | Máquina","Peito","Ombros","Musculação","Máquina","Academia","Iniciante","gifs/peitoral/Crucifixo na máquina - Peck deck.gif","https://raw.githubusercontent.com/brunofs3221/fortyn-exercise-media-extra/main/gifs/peitoral/Crucifixo%20na%20m%C3%A1quina%20-%20Peck%20deck.gif","C:\Users\bruno\Downloads\Exercicios renomeados\Crucifixo na máquina (peck deck)","MIGRADO_FONTE_REVISADA"
"media_b6be818c5e7cb37291bf","Crucifixo na máquina (peck deck) - Variação 2","Crucifixo na máquina (peck deck) - Variação 2","Ajuste o banco para que os braços ou manoplas fiquem alinhados ao peito. Comece com os braços abertos e aproxime-os à frente do corpo contraindo o peitoral. Retorne lentamente até a abertura confortável, sem projetar os ombros para a frente.","Peito","Ombros | Máquina","Peito","Ombros","Musculação","Máquina","Academia","Iniciante","gifs/peitoral/Supino sentado na máquina - Variação.gif","https://raw.githubusercontent.com/brunofs3221/fortyn-exercise-media-extra/main/gifs/peitoral/Supino%20sentado%20na%20m%C3%A1quina%20-%20Varia%C3%A7%C3%A3o.gif","C:\Users\bruno\Downloads\Exercicios renomeados\Crucifixo na máquina (peck deck) - Variação 2","MIGRADO_FONTE_REVISADA"
"media_b034e0ce260ef775a4f9","Crucifixo na polia baixa","Crucifixo na polia baixa","Fique em pé com as polias ajustadas em posição baixa. Parta com as mãos ao lado do corpo e conduza as alças para a frente e para cima em arco, aproximando-as à frente do peito. Retorne lentamente sem usar impulso do tronco.","Peito","Ombros | Polia/Cabo","Peito","Ombros","Musculação","Polia/Cabo","Academia","Intermediário","gifs/peitoral/Cruzamento de cabo alto.gif","https://raw.githubusercontent.com/brunofs3221/fortyn-exercise-media-extra/main/gifs/peitoral/Cruzamento%20de%20cabo%20alto.gif","C:\Users\bruno\Downloads\Exercicios renomeados\Crucifixo na polia baixa","MIGRADO_FONTE_REVISADA"
"media_9866e9a1860f638ad34e","Crucifixo na polia em pé","Crucifixo na polia em pé","Fique em pé entre as polias, com uma alça em cada mão e os braços abertos. Mantendo os cotovelos levemente flexionados, aproxime as mãos à frente do peito em arco. Abra novamente de forma controlada sem deixar os ombros avançarem.","Peito","Ombros | Polia/Cabo","Peito","Ombros","Musculação","Polia/Cabo","Academia","Intermediário","gifs/peitoral/Prensa de martelo com halteres inclinado.gif","https://raw.githubusercontent.com/brunofs3221/fortyn-exercise-media-extra/main/gifs/peitoral/Prensa%20de%20martelo%20com%20halteres%20inclinado.gif","C:\Users\bruno\Downloads\Exercicios renomeados\Crucifixo na polia em pé","MIGRADO_FONTE_REVISADA"
"media_1d89a5ababf594223173","Crucifixo no peck deck","Crucifixo na máquina peitoral","Comece com os braços abertos e os cotovelos levemente flexionados. Feche os braços em arco à frente do peito, contraindo o peitoral sem transformar o movimento em um supino. Abra novamente de forma lenta até a amplitude confortável.","Peito","Máquina | Ombros | Academia","Peito","Ombros","Musculação","Máquina","Academia","Iniciante","gifs/Exercícios sem marca d'água/Crucifixo do convés pec.gif","https://raw.githubusercontent.com/brunofs3221/fortyn-exercise-media-extra/main/gifs/Exerc%C3%ADcios%20sem%20marca%20d'%C3%A1gua/Crucifixo%20do%20conv%C3%A9s%20pec.gif","C:\Users\bruno\Downloads\Exercicios renomeados\Crucifixo no peck deck","MIGRADO_FONTE_REVISADA"
"media_632495ff8c3413c080b9","Crucifixo reto na polia deitado","Crucifixo reto na polia deitado","Deite-se no banco entre as polias e segure uma alça em cada mão. Com os cotovelos levemente flexionados, abra os braços lateralmente e depois aproxime as mãos acima do peito em arco. Retorne devagar mantendo a tensão dos cabos e os ombros estáveis.","Peito","Ombros | Banco | Polia/Cabo","Peito","Ombros","Musculação","Banco | Polia/Cabo","Academia | Casa","Intermediário","gifs/peitoral/Supino reto com halteres - Variação 2.gif","https://raw.githubusercontent.com/brunofs3221/fortyn-exercise-media-extra/main/gifs/peitoral/Supino%20reto%20com%20halteres%20-%20Varia%C3%A7%C3%A3o%202.gif","C:\Users\bruno\Downloads\Exercicios renomeados\Crucifixo reto na polia deitado","MIGRADO_FONTE_REVISADA"
"media_71812b4fefce604106b6","Crucifixo sentado na polia","Crucifixo sentado na polia","Fique em pé entre as polias, com uma alça em cada mão e os braços abertos. Mantendo os cotovelos levemente flexionados, aproxime as mãos à frente do peito em arco. Abra novamente de forma controlada sem deixar os ombros avançarem.","Peito","Ombros | Banco | Polia/Cabo","Peito","Ombros","Musculação","Banco | Polia/Cabo","Academia","Intermediário","gifs/peitoral/Crucifixo sentado na polia.gif","https://raw.githubusercontent.com/brunofs3221/fortyn-exercise-media-extra/main/gifs/peitoral/Crucifixo%20sentado%20na%20polia.gif","C:\Users\bruno\Downloads\Exercicios renomeados\Crucifixo sentado na polia","MIGRADO_FONTE_REVISADA"
"media_01bec319901abd9600f1","Crucifixo unilateral declinado no cabo","Crucifixo unilateral na polia declinada","Comece com os braços abertos e os cotovelos levemente flexionados. Feche os braços em arco à frente do peito, contraindo o peitoral sem transformar o movimento em um supino. Abra novamente de forma lenta até a amplitude confortável.","Peito","Polia/Cabo | Banco | Ombros","Peito","Ombros","Musculação","Polia/Cabo | Banco","Academia","Intermediário","gifs/Exercícios sem marca d'água/Crucifixo de cabo com declínio de um braço.gif","https://raw.githubusercontent.com/brunofs3221/fortyn-exercise-media-extra/main/gifs/Exerc%C3%ADcios%20sem%20marca%20d'%C3%A1gua/Crucifixo%20de%20cabo%20com%20decl%C3%ADnio%20de%20um%20bra%C3%A7o.gif","C:\Users\bruno\Downloads\Exercicios renomeados\Crucifixo unilateral declinado no cabo","MIGRADO_FONTE_REVISADA"
"media_310d735ee620e16a3041","Crucifixo unilateral na polia alta","Crucifixo unilateral na polia alta","Ajuste a polia em posição alta e segure a alça. Com o tronco estável e o cotovelo levemente flexionado, conduza um braço em arco para a frente e para baixo até cruzar a linha do peito. Retorne devagar até sentir alongamento confortável.","Peito","Ombros | Polia/Cabo","Peito","Ombros","Musculação","Polia/Cabo","Academia","Intermediário","gifs/peitoral/Cruzamento de cabo de braço único.gif","https://raw.githubusercontent.com/brunofs3221/fortyn-exercise-media-extra/main/gifs/peitoral/Cruzamento%20de%20cabo%20de%20bra%C3%A7o%20%C3%BAnico.gif","C:\Users\bruno\Downloads\Exercicios renomeados\Crucifixo unilateral na polia alta","MIGRADO_FONTE_REVISADA"
"media_41da759efb2c7a9bcaf4","Crunch com elevação da perna","Abdominal com elevação de joelhos","Mantenha o abdômen contraído e a lombar controlada. Aproxime tronco e pernas conforme a variação mostrada, soltando o ar na fase de maior contração. Retorne lentamente, sem usar impulso do pescoço ou dos braços.","Abdômen/Core","Sem aparelhos | Casa","Abdômen/Core","","Musculação","Sem aparelhos","Casa","Intermediário","gifs/Exercícios sem marca d'água/Crunch com elevação da perna.gif","https://raw.githubusercontent.com/brunofs3221/fortyn-exercise-media-extra/main/gifs/Exerc%C3%ADcios%20sem%20marca%20d'%C3%A1gua/Crunch%20com%20eleva%C3%A7%C3%A3o%20da%20perna.gif","C:\Users\bruno\Downloads\Exercicios renomeados\Crunch com elevação da perna","MIGRADO_FONTE_REVISADA"
"media_689629e11f014249d919","Crunch com joelhos elevados","Abdominal supra com pernas elevadas","Mantenha o abdômen contraído e a lombar controlada. Aproxime tronco e pernas conforme a variação mostrada, soltando o ar na fase de maior contração. Retorne lentamente, sem usar impulso do pescoço ou dos braços.","Abdômen/Core","Sem aparelhos | Casa","Abdômen/Core","","Musculação","Sem aparelhos","Casa","Iniciante","gifs/Exercícios sem marca d'água/Dobra crocante.gif","https://raw.githubusercontent.com/brunofs3221/fortyn-exercise-media-extra/main/gifs/Exerc%C3%ADcios%20sem%20marca%20d'%C3%A1gua/Dobra%20crocante.gif","C:\Users\bruno\Downloads\Exercicios renomeados\Crunch com joelhos elevados","MIGRADO_FONTE_REVISADA"
"media_9f314bcac05ad81cd3bc","Crunch com joelhos flexionados","Crunch com joelhos flexionados","Mantenha o abdômen contraído e a lombar controlada. Aproxime tronco e pernas conforme a variação mostrada, soltando o ar na fase de maior contração. Retorne lentamente, sem usar impulso do pescoço ou dos braços.","Abdômen/Core","Sem aparelhos | Casa","Abdômen/Core","","Musculação","Sem aparelhos","Casa","Iniciante","gifs/abdominais/Alpinista - Variação 2.gif","https://raw.githubusercontent.com/brunofs3221/fortyn-exercise-media-extra/main/gifs/abdominais/Alpinista%20-%20Varia%C3%A7%C3%A3o%202.gif","C:\Users\bruno\Downloads\Exercicios renomeados\Crunch com joelhos flexionados","MIGRADO_FONTE_REVISADA"
"media_36d0689945413594996c","Crunch curto com pernas estendidas","Crunch curto com pernas estendidas","Mantenha o abdômen contraído e a lombar controlada. Aproxime tronco e pernas conforme a variação mostrada, soltando o ar na fase de maior contração. Retorne lentamente, sem usar impulso do pescoço ou dos braços.","Abdômen/Core","Sem aparelhos | Casa","Abdômen/Core","","Musculação","Sem aparelhos","Casa","Intermediário","gifs/abdominais/Lançamento de barra - Variação 2.gif","https://raw.githubusercontent.com/brunofs3221/fortyn-exercise-media-extra/main/gifs/abdominais/Lan%C3%A7amento%20de%20barra%20-%20Varia%C3%A7%C3%A3o%202.gif","C:\Users\bruno\Downloads\Exercicios renomeados\Crunch curto com pernas estendidas","MIGRADO_FONTE_REVISADA"
"media_786aebbbab78a204a78c","Crunch tradicional","Crunch tradicional","Mantenha o abdômen contraído e a lombar controlada. Aproxime tronco e pernas conforme a variação mostrada, soltando o ar na fase de maior contração. Retorne lentamente, sem usar impulso do pescoço ou dos braços.","Abdômen/Core","Sem aparelhos | Casa","Abdômen/Core","","Musculação","Sem aparelhos","Casa","Iniciante","gifs/abdominais/Crunch com elevação da perna - Variação 3.gif","https://raw.githubusercontent.com/brunofs3221/fortyn-exercise-media-extra/main/gifs/abdominais/Crunch%20com%20eleva%C3%A7%C3%A3o%20da%20perna%20-%20Varia%C3%A7%C3%A3o%203.gif","C:\Users\bruno\Downloads\Exercicios renomeados\Crunch tradicional","MIGRADO_FONTE_REVISADA"
"media_ccd352815ced24e4f303","Cruz de ferro com halteres","Cruz de ferro com halteres","Assuma a posição inicial de Cruz de ferro com halteres, estabilize o tronco e execute o movimento mostrado de forma coordenada. Use uma amplitude que consiga controlar, evite impulso desnecessário e retorne à posição inicial antes da repetição seguinte.","Corpo inteiro","Halteres | Academia","Corpo inteiro","","Musculação","Halteres","Academia","Intermediário","gifs/Exercícios sem marca d'água/Cruz de ferro com halteres.gif","https://raw.githubusercontent.com/brunofs3221/fortyn-exercise-media-extra/main/gifs/Exerc%C3%ADcios%20sem%20marca%20d'%C3%A1gua/Cruz%20de%20ferro%20com%20halteres.gif","C:\Users\bruno\Downloads\Exercicios renomeados\Cruz de ferro com halteres","MIGRADO_FONTE_REVISADA"
"media_3c20bf7d10405945bec4","Dead bug","Abdominal dead bug","Deite-se de costas com quadris e joelhos flexionados e braços apontando para cima. Pressione suavemente a lombar contra o chão e estenda braço e perna opostos sem perder essa posição. Retorne ao centro e alterne os lados.","Abdômen/Core","Sem aparelhos | Casa","Abdômen/Core","","Musculação","Sem aparelhos","Casa","Iniciante","gifs/Exercícios sem marca d'água/Inseto morto.gif","https://raw.githubusercontent.com/brunofs3221/fortyn-exercise-media-extra/main/gifs/Exerc%C3%ADcios%20sem%20marca%20d'%C3%A1gua/Inseto%20morto.gif","C:\Users\bruno\Downloads\Exercicios renomeados\Dead bug","MIGRADO_FONTE_REVISADA"
"media_da39b27821f4e15dfa88","Dead bug (inseto morto)","Dead bug (inseto morto)","Deite-se de costas com quadris e joelhos flexionados e os braços posicionados conforme o GIF. Pressione suavemente a lombar contra o chão e estenda os membros de forma controlada sem perder a estabilidade do tronco. Retorne e repita mantendo o abdômen ativo.","Abdômen/Core","Sem aparelhos | Casa","Abdômen/Core","","Musculação","Sem aparelhos","Casa","Iniciante","gifs/abdominais/Weighted deitado twist.gif","https://raw.githubusercontent.com/brunofs3221/fortyn-exercise-media-extra/main/gifs/abdominais/Weighted%20deitado%20twist.gif","C:\Users\bruno\Downloads\Exercicios renomeados\Dead bug (inseto morto)","MIGRADO_FONTE_REVISADA"
"media_2aa3a12a2f26138e1fd1","Dead bug com braços elevados","Dead bug","Deite-se de costas com quadris e joelhos flexionados e braços apontando para cima. Pressione suavemente a lombar contra o chão e estenda braço e perna opostos sem perder essa posição. Retorne ao centro e alterne os lados.","Abdômen/Core","Sem aparelhos | Casa","Abdômen/Core","","Musculação","Sem aparelhos","Casa","Iniciante","gifs/Exercícios sem marca d'água/Mãos no ar, inseto morto.gif","https://raw.githubusercontent.com/brunofs3221/fortyn-exercise-media-extra/main/gifs/Exerc%C3%ADcios%20sem%20marca%20d'%C3%A1gua/M%C3%A3os%20no%20ar%2C%20inseto%20morto.gif","C:\Users\bruno\Downloads\Exercicios renomeados\Dead bug com braços elevados","MIGRADO_FONTE_REVISADA"
"media_ca799fce1a672240b906","Dedos dos pés na barra","Toes to bar","Fique suspenso na barra com os ombros ativos e o tronco firme. Eleve os joelhos ou as pernas em direção ao peito ou à barra sem usar balanço excessivo. Desça lentamente até a posição inicial mantendo o controle abdominal.","Abdômen/Core","Barra fixa | Academia","Abdômen/Core","","Musculação","Barra fixa","Academia","Avançado","gifs/Exercícios sem marca d'água/Dedos dos pés na barra.gif","https://raw.githubusercontent.com/brunofs3221/fortyn-exercise-media-extra/main/gifs/Exerc%C3%ADcios%20sem%20marca%20d'%C3%A1gua/Dedos%20dos%20p%C3%A9s%20na%20barra.gif","C:\Users\bruno\Downloads\Exercicios renomeados\Dedos dos pés na barra","MIGRADO_FONTE_REVISADA"
"media_51b178e5a9acf9aa2c1f","Desenvolvimento alternado com barra EZ","Desenvolvimento em pé com barra EZ","Comece com as mãos ou a carga na altura apropriada dos ombros e mantenha o abdômen ativo. Empurre para cima até estender os braços com controle. Desça de volta sem deixar os ombros subirem excessivamente em direção às orelhas.","Ombros","Barra | Tríceps | Academia","Ombros","Tríceps","Musculação","Barra","Academia","Intermediário","gifs/Exercícios sem marca d'água/Ez bar imprensa dissimulada.gif","https://raw.githubusercontent.com/brunofs3221/fortyn-exercise-media-extra/main/gifs/Exerc%C3%ADcios%20sem%20marca%20d'%C3%A1gua/Ez%20bar%20imprensa%20dissimulada.gif","C:\Users\bruno\Downloads\Exercicios renomeados\Desenvolvimento alternado com barra EZ","MIGRADO_FONTE_REVISADA"
"media_30c91e25d5f6dc810edf","Desenvolvimento alternado com halteres em pé","Desenvolvimento alternado com halteres em pé","Posicione o halter ou os halteres na altura dos ombros. Pressione a carga acima da cabeça até quase estender os cotovelos, mantendo o abdômen firme e evitando arquear a lombar. Retorne devagar à altura dos ombros e repita.","Ombros","Halteres | Academia","Ombros","","Musculação","Halteres","Academia","Intermediário","gifs/ombros/Elevação frontal da placa de peso - Variação 6.gif","https://raw.githubusercontent.com/brunofs3221/fortyn-exercise-media-extra/main/gifs/ombros/Eleva%C3%A7%C3%A3o%20frontal%20da%20placa%20de%20peso%20-%20Varia%C3%A7%C3%A3o%206.gif","","SEM_FONTE_REVISADA"
"media_f86a0c1ca1e275ae71f5","Desenvolvimento alternado com halteres em pé","Desenvolvimento alternado com halteres em pé","Comece com as mãos ou a carga na altura apropriada dos ombros e mantenha o abdômen ativo. Empurre para cima até estender os braços com controle. Desça de volta sem deixar os ombros subirem excessivamente em direção às orelhas.","Ombros","Halteres | Tríceps | Academia","Ombros","Tríceps","Musculação","Halteres","Academia","Intermediário","gifs/Exercícios sem marca d'água/Supino alternado com halteres em pé.gif","https://raw.githubusercontent.com/brunofs3221/fortyn-exercise-media-extra/main/gifs/Exerc%C3%ADcios%20sem%20marca%20d'%C3%A1gua/Supino%20alternado%20com%20halteres%20em%20p%C3%A9.gif","C:\Users\bruno\Downloads\Exercicios renomeados\Desenvolvimento alternado com halteres em pé","MIGRADO_FONTE_REVISADA"
"media_1f0a76569a43523117a0","Desenvolvimento alternado com halteres em pé - Variação 2","Desenvolvimento alternado com halteres em pé - Variação 2","Posicione o halter ou os halteres na altura dos ombros. Pressione a carga acima da cabeça até quase estender os cotovelos, mantendo o abdômen firme e evitando arquear a lombar. Retorne devagar à altura dos ombros e repita.","Ombros","Halteres | Academia","Ombros","","Musculação","Halteres","Academia","Iniciante","gifs/ombros/Face pull with resistance band - Variação 3.gif","https://raw.githubusercontent.com/brunofs3221/fortyn-exercise-media-extra/main/gifs/ombros/Face%20pull%20with%20resistance%20band%20-%20Varia%C3%A7%C3%A3o%203.gif","C:\Users\bruno\Downloads\Exercicios renomeados\Desenvolvimento alternado com halteres em pé - Variação 2","MIGRADO_FONTE_REVISADA"
"media_b5a9f739d2b6ef4a3158","Desenvolvimento atrás da nuca na máquina Smith","Desenvolvimento atrás da nuca no Smith","Comece com as mãos ou a carga na altura apropriada dos ombros e mantenha o abdômen ativo. Empurre para cima até estender os braços com controle. Desça de volta sem deixar os ombros subirem excessivamente em direção às orelhas.","Ombros","Máquina | Tríceps | Academia","Ombros","Tríceps","Musculação","Máquina","Academia","Avançado","gifs/Exercícios sem marca d'água/Máquina smith atrás do pescoço.gif","https://raw.githubusercontent.com/brunofs3221/fortyn-exercise-media-extra/main/gifs/Exerc%C3%ADcios%20sem%20marca%20d'%C3%A1gua/M%C3%A1quina%20smith%20atr%C3%A1s%20do%20pesco%C3%A7o.gif","C:\Users\bruno\Downloads\Exercicios renomeados\Desenvolvimento atrás da nuca na máquina Smith","MIGRADO_FONTE_REVISADA"
"media_30a01fe445607e39f555","Desenvolvimento com barra sentado","Desenvolvimento no Smith sentado","Comece com as mãos ou a carga na altura apropriada dos ombros e mantenha o abdômen ativo. Empurre para cima até estender os braços com controle. Desça de volta sem deixar os ombros subirem excessivamente em direção às orelhas.","Ombros","Barra | Tríceps | Academia","Ombros","Tríceps","Musculação","Barra","Academia","Iniciante","gifs/Exercícios sem marca d'água/Desenvolvimento de ombros com barra.gif","https://raw.githubusercontent.com/brunofs3221/fortyn-exercise-media-extra/main/gifs/Exerc%C3%ADcios%20sem%20marca%20d'%C3%A1gua/Desenvolvimento%20de%20ombros%20com%20barra.gif","C:\Users\bruno\Downloads\Exercicios renomeados\Desenvolvimento com barra sentado","MIGRADO_FONTE_REVISADA"
"media_63f51b37a61a47d9965c","Desenvolvimento com barra sentado","Desenvolvimento com barra sentado","Segure a barra um pouco além da largura dos ombros e posicione-a na altura superior do peito. Pressione a barra acima da cabeça até quase estender os cotovelos. Desça de forma controlada sem arquear excessivamente a lombar.","Ombros","Barra | Banco | Academia","Ombros","","Musculação","Barra | Banco","Academia","Intermediário","gifs/ombros/Press de ombro com barra.gif","https://raw.githubusercontent.com/brunofs3221/fortyn-exercise-media-extra/main/gifs/ombros/Press%20de%20ombro%20com%20barra.gif","","SEM_FONTE_REVISADA"
"media_35ef171dc96ee35d9b54","Desenvolvimento com halteres em pé e pegada neutra","Desenvolvimento com halteres em pé, pegada neutra","Apoie ou estabilize o antebraço e mova principalmente o punho ou a pegada conforme a variação. Faça a contração sem usar impulso do braço e retorne devagar para trabalhar toda a amplitude.","Antebraços","Halteres | Academia","Antebraços","","Musculação","Halteres","Academia","Intermediário","gifs/Exercícios sem marca d'água/Halteres em pé com as palmas das mãos na imprensa.gif","https://raw.githubusercontent.com/brunofs3221/fortyn-exercise-media-extra/main/gifs/Exerc%C3%ADcios%20sem%20marca%20d'%C3%A1gua/Halteres%20em%20p%C3%A9%20com%20as%20palmas%20das%20m%C3%A3os%20na%20imprensa.gif","C:\Users\bruno\Downloads\Exercicios renomeados\Desenvolvimento com halteres em pé e pegada neutra","MIGRADO_FONTE_REVISADA"
"media_0f94dcbd29df44bcba5c","Desenvolvimento com halteres em pegada neutra","Desenvolvimento com halteres em pegada neutra","Posicione o halter ou os halteres na altura dos ombros. Pressione a carga acima da cabeça até quase estender os cotovelos, mantendo o abdômen firme e evitando arquear a lombar. Retorne devagar à altura dos ombros e repita.","Ombros","Halteres | Academia","Ombros","","Musculação","Halteres","Academia","Iniciante","gifs/ombros/Elevação frontal da placa de peso - Variação 7.gif","https://raw.githubusercontent.com/brunofs3221/fortyn-exercise-media-extra/main/gifs/ombros/Eleva%C3%A7%C3%A3o%20frontal%20da%20placa%20de%20peso%20-%20Varia%C3%A7%C3%A3o%207.gif","C:\Users\bruno\Downloads\Exercicios renomeados\Desenvolvimento com halteres em pegada neutra","MIGRADO_FONTE_REVISADA"
"media_a78f6e5ec3ac66fbe9ca","Desenvolvimento com halteres em pegada neutra - Variação 2","Desenvolvimento com halteres em pegada neutra - Variação 2","Posicione o halter ou os halteres na altura dos ombros. Pressione a carga acima da cabeça até quase estender os cotovelos, mantendo o abdômen firme e evitando arquear a lombar. Retorne devagar à altura dos ombros e repita.","Ombros","Halteres | Academia","Ombros","","Musculação","Halteres","Academia","Intermediário","gifs/ombros/Face pull with resistance band.gif","https://raw.githubusercontent.com/brunofs3221/fortyn-exercise-media-extra/main/gifs/ombros/Face%20pull%20with%20resistance%20band.gif","C:\Users\bruno\Downloads\Exercicios renomeados\Desenvolvimento com halteres em pegada neutra - Variação 2","MIGRADO_FONTE_REVISADA"
"media_73fff0106ec6850ed69f","Desenvolvimento com halteres sentado","","Exercício de empurrar acima da cabeça realizado sentado com apoio no encosto. Os halteres partem ao lado dos ombros e são pressionados verticalmente até a extensão dos cotovelos, enfatizando deltoides e tríceps com menor possibilidade de impulsão pelas pernas.","Ombros","","Ombros","","Musculação","","","","gifs/peitoral/Supino com halteres sentado.gif","https://raw.githubusercontent.com/brunofs3221/fortyn-exercise-media-extra/main/gifs/peitoral/Supino%20com%20halteres%20sentado.gif","","SEM_FONTE_REVISADA"
"media_b1e35224e3747566ebaf","Desenvolvimento com halteres sentado","Desenvolvimento com halteres sentado","Posicione o halter ou os halteres na altura dos ombros. Pressione a carga acima da cabeça até quase estender os cotovelos, mantendo o abdômen firme e evitando arquear a lombar. Retorne devagar à altura dos ombros e repita.","Ombros","Halteres | Banco | Academia","Ombros","","Musculação","Halteres | Banco","Academia","Intermediário","gifs/ombros/Face pull with resistance band - Variação 2.gif","https://raw.githubusercontent.com/brunofs3221/fortyn-exercise-media-extra/main/gifs/ombros/Face%20pull%20with%20resistance%20band%20-%20Varia%C3%A7%C3%A3o%202.gif","C:\Users\bruno\Downloads\Exercicios renomeados\Desenvolvimento com halteres sentado","MIGRADO_FONTE_REVISADA"
"media_0b8f566d689b143e2c02","Desenvolvimento com halteres sentado - Variação 2","Desenvolvimento com halteres sentado - Variação 2","Posicione o halter ou os halteres na altura dos ombros. Pressione a carga acima da cabeça até quase estender os cotovelos, mantendo o abdômen firme e evitando arquear a lombar. Retorne devagar à altura dos ombros e repita.","Ombros","Halteres | Banco | Academia","Ombros","","Musculação","Halteres | Banco","Academia","Intermediário","gifs/ombros/Máquina de elevação lateral - Variação 2.gif","https://raw.githubusercontent.com/brunofs3221/fortyn-exercise-media-extra/main/gifs/ombros/M%C3%A1quina%20de%20eleva%C3%A7%C3%A3o%20lateral%20-%20Varia%C3%A7%C3%A3o%202.gif","C:\Users\bruno\Downloads\Exercicios renomeados\Desenvolvimento com halteres sentado - Variação 2","MIGRADO_FONTE_REVISADA"
"media_c76296e3a9a13b39ec3b","Desenvolvimento com halteres sentado - Variação 3","Desenvolvimento com halteres sentado - Variação 3","Posicione o halter ou os halteres na altura dos ombros. Pressione a carga acima da cabeça até quase estender os cotovelos, mantendo o abdômen firme e evitando arquear a lombar. Retorne devagar à altura dos ombros e repita.","Ombros","Halteres | Banco | Academia","Ombros","","Musculação","Halteres | Banco","Academia","Intermediário","gifs/ombros/Remada alta da barra ez.gif","https://raw.githubusercontent.com/brunofs3221/fortyn-exercise-media-extra/main/gifs/ombros/Remada%20alta%20da%20barra%20ez.gif","C:\Users\bruno\Downloads\Exercicios renomeados\Desenvolvimento com halteres sentado - Variação 3","MIGRADO_FONTE_REVISADA"
"media_bff1fba82ab80a4a6da4","Desenvolvimento com um halter em pé","Desenvolvimento com um halter em pé","Posicione o halter ou os halteres na altura dos ombros. Pressione a carga acima da cabeça até quase estender os cotovelos, mantendo o abdômen firme e evitando arquear a lombar. Retorne devagar à altura dos ombros e repita.","Ombros","Halteres | Academia","Ombros","","Musculação","Halteres","Academia","Intermediário","gifs/ombros/Imprensa scott.gif","https://raw.githubusercontent.com/brunofs3221/fortyn-exercise-media-extra/main/gifs/ombros/Imprensa%20scott.gif","C:\Users\bruno\Downloads\Exercicios renomeados\Desenvolvimento com um halter em pé","MIGRADO_FONTE_REVISADA"
"media_6aa923654afbc439e9c8","Desenvolvimento cubano com halteres","Desenvolvimento cubano com halteres","Comece com as mãos ou a carga na altura apropriada dos ombros e mantenha o abdômen ativo. Empurre para cima até estender os braços com controle. Desça de volta sem deixar os ombros subirem excessivamente em direção às orelhas.","Ombros","Halteres | Tríceps | Academia","Ombros","Tríceps","Musculação","Halteres","Academia","Avançado","gifs/Exercícios sem marca d'água/Imprensa cubana com halteres.gif","https://raw.githubusercontent.com/brunofs3221/fortyn-exercise-media-extra/main/gifs/Exerc%C3%ADcios%20sem%20marca%20d'%C3%A1gua/Imprensa%20cubana%20com%20halteres.gif","C:\Users\bruno\Downloads\Exercicios renomeados\Desenvolvimento cubano com halteres","MIGRADO_FONTE_REVISADA"
"media_2052816ce53bf20adbef","Desenvolvimento cubano sentado com halteres","Desenvolvimento cubano sentado com halteres","Sentado, comece com os halteres baixos e os cotovelos próximos ao corpo. Eleve os cotovelos, faça a rotação externa levando os antebraços para cima e então pressione os halteres acima da cabeça. Inverta a sequência lentamente até voltar ao início.","Ombros","Halteres | Banco | Academia","Ombros","","Musculação","Halteres | Banco","Academia","Intermediário","gifs/ombros/Remada alta com halteres - Variação 5.gif","https://raw.githubusercontent.com/brunofs3221/fortyn-exercise-media-extra/main/gifs/ombros/Remada%20alta%20com%20halteres%20-%20Varia%C3%A7%C3%A3o%205.gif","","SEM_FONTE_REVISADA"
"media_6920eb862729677485cc","Desenvolvimento cubano sentado com halteres","Desenvolvimento cubano sentado com halteres","Comece com as mãos ou a carga na altura apropriada dos ombros e mantenha o abdômen ativo. Empurre para cima até estender os braços com controle. Desça de volta sem deixar os ombros subirem excessivamente em direção às orelhas.","Ombros","Halteres | Tríceps | Academia","Ombros","Tríceps","Musculação","Halteres","Academia","Avançado","gifs/Exercícios sem marca d'água/Imprensa cubana sentada com halteres.gif","https://raw.githubusercontent.com/brunofs3221/fortyn-exercise-media-extra/main/gifs/Exerc%C3%ADcios%20sem%20marca%20d'%C3%A1gua/Imprensa%20cubana%20sentada%20com%20halteres.gif","C:\Users\bruno\Downloads\Exercicios renomeados\Desenvolvimento cubano sentado com halteres","MIGRADO_FONTE_REVISADA"
"media_1b375112a6411791ed79","Desenvolvimento de ombros com halteres","Desenvolvimento de ombros sentado com halteres","Comece com as mãos ou a carga na altura apropriada dos ombros e mantenha o abdômen ativo. Empurre para cima até estender os braços com controle. Desça de volta sem deixar os ombros subirem excessivamente em direção às orelhas.","Ombros","Halteres | Tríceps | Academia","Ombros","Tríceps","Musculação","Halteres","Academia","Intermediário","gifs/Exercícios sem marca d'água/Desenvolvimento de ombros com halteres.gif","https://raw.githubusercontent.com/brunofs3221/fortyn-exercise-media-extra/main/gifs/Exerc%C3%ADcios%20sem%20marca%20d'%C3%A1gua/Desenvolvimento%20de%20ombros%20com%20halteres.gif","C:\Users\bruno\Downloads\Exercicios renomeados\Desenvolvimento de ombros com halteres","MIGRADO_FONTE_REVISADA"
"media_ee803fd0d91256fbefab","Desenvolvimento de ombros com kettlebell","Desenvolvimento com kettlebells","Comece com as mãos ou a carga na altura apropriada dos ombros e mantenha o abdômen ativo. Empurre para cima até estender os braços com controle. Desça de volta sem deixar os ombros subirem excessivamente em direção às orelhas.","Ombros","Kettlebell | Tríceps | Academia","Ombros","Tríceps","Musculação","Kettlebell","Academia","Intermediário","gifs/Exercícios sem marca d'água/Desenvolvimento de ombros com kettlebell.gif","https://raw.githubusercontent.com/brunofs3221/fortyn-exercise-media-extra/main/gifs/Exerc%C3%ADcios%20sem%20marca%20d'%C3%A1gua/Desenvolvimento%20de%20ombros%20com%20kettlebell.gif","C:\Users\bruno\Downloads\Exercicios renomeados\Desenvolvimento de ombros com kettlebell","MIGRADO_FONTE_REVISADA"
"media_7ac5e41df5763c80b9a8","Desenvolvimento de ombros deitado com halteres","Desenvolvimento de ombros deitado de bruços com halteres","Comece com as mãos ou a carga na altura apropriada dos ombros e mantenha o abdômen ativo. Empurre para cima até estender os braços com controle. Desça de volta sem deixar os ombros subirem excessivamente em direção às orelhas.","Ombros","Halteres | Tríceps | Academia","Ombros","Tríceps","Musculação","Halteres","Academia","Avançado","gifs/Exercícios sem marca d'água/Imprensa de ombro deitado.gif","https://raw.githubusercontent.com/brunofs3221/fortyn-exercise-media-extra/main/gifs/Exerc%C3%ADcios%20sem%20marca%20d'%C3%A1gua/Imprensa%20de%20ombro%20deitado.gif","C:\Users\bruno\Downloads\Exercicios renomeados\Desenvolvimento de ombros deitado com halteres","MIGRADO_FONTE_REVISADA"
"media_b0b5482ded7c4254ad4b","Desenvolvimento de ombros em pé na máquina Smith","Desenvolvimento de ombros em pé na máquina Smith","Ajuste o banco para que as mãos iniciem aproximadamente na altura dos ombros. Pressione a carga para cima até quase estender os cotovelos, mantendo o tronco apoiado e o abdômen firme. Desça com controle até a amplitude confortável e repita.","Ombros","Barra | Máquina | Academia","Ombros","","Musculação","Barra | Máquina","Academia","Iniciante","gifs/ombros/Banded shoulder flexion.gif","https://raw.githubusercontent.com/brunofs3221/fortyn-exercise-media-extra/main/gifs/ombros/Banded%20shoulder%20flexion.gif","C:\Users\bruno\Downloads\Exercicios renomeados\Desenvolvimento de ombros em pé na máquina Smith","MIGRADO_FONTE_REVISADA"
"media_36bc0e3a1c8140da7c94","Desenvolvimento de ombros inclinado na máquina articulada","Desenvolvimento de ombros inclinado na máquina articulada","Ajuste o banco para que as mãos iniciem aproximadamente na altura dos ombros. Pressione a carga para cima até quase estender os cotovelos, mantendo o tronco apoiado e o abdômen firme. Desça com controle até a amplitude confortável e repita.","Ombros","Máquina | Academia","Ombros","","Musculação","Máquina","Academia","Iniciante","gifs/ombros/Banded shoulder flexion - Variação 2.gif","https://raw.githubusercontent.com/brunofs3221/fortyn-exercise-media-extra/main/gifs/ombros/Banded%20shoulder%20flexion%20-%20Varia%C3%A7%C3%A3o%202.gif","C:\Users\bruno\Downloads\Exercicios renomeados\Desenvolvimento de ombros inclinado na máquina articulada","MIGRADO_FONTE_REVISADA"
"media_a95f3ff19f05a71e5615","Desenvolvimento de ombros na máquina","Desenvolvimento de ombros na máquina","Comece com as mãos ou a carga na altura apropriada dos ombros e mantenha o abdômen ativo. Empurre para cima até estender os braços com controle. Desça de volta sem deixar os ombros subirem excessivamente em direção às orelhas.","Ombros","Máquina | Tríceps | Academia","Ombros","Tríceps","Musculação","Máquina","Academia","Iniciante","gifs/Exercícios sem marca d'água/Máquina de desenvolvimento de ombros.gif","https://raw.githubusercontent.com/brunofs3221/fortyn-exercise-media-extra/main/gifs/Exerc%C3%ADcios%20sem%20marca%20d'%C3%A1gua/M%C3%A1quina%20de%20desenvolvimento%20de%20ombros.gif","C:\Users\bruno\Downloads\Exercicios renomeados\Desenvolvimento de ombros na máquina","MIGRADO_FONTE_REVISADA"
"media_8b59d52a5ae0c87a243b","Desenvolvimento de ombros na máquina articulada","Desenvolvimento de ombros na máquina articulada","Ajuste o banco para que as alças fiquem próximas à altura dos ombros. Segure as manoplas e empurre-as para cima seguindo a trajetória da máquina, sem elevar os ombros em direção às orelhas. Retorne lentamente até a posição inicial mantendo o tronco apoiado.","Ombros","Tríceps | Máquina","Ombros","Tríceps","Musculação","Máquina","Academia","Iniciante","gifs/peitoral/Supino inclinado na máquina.gif","https://raw.githubusercontent.com/brunofs3221/fortyn-exercise-media-extra/main/gifs/peitoral/Supino%20inclinado%20na%20m%C3%A1quina.gif","C:\Users\bruno\Downloads\Exercicios renomeados\Desenvolvimento de ombros na máquina articulada","MIGRADO_FONTE_REVISADA"
"media_ed28cec12db4a467b819","Desenvolvimento de ombros na máquina com pegada neutra","Desenvolvimento de ombros na máquina com pegada neutra","Ajuste o banco para que as mãos iniciem aproximadamente na altura dos ombros. Pressione a carga para cima até quase estender os cotovelos, mantendo o tronco apoiado e o abdômen firme. Desça com controle até a amplitude confortável e repita.","Ombros","Máquina | Academia","Ombros","","Musculação","Máquina","Academia","Iniciante","gifs/ombros/Lever desenvolvimento de ombros hammer grip - Variação 2.gif","https://raw.githubusercontent.com/brunofs3221/fortyn-exercise-media-extra/main/gifs/ombros/Lever%20desenvolvimento%20de%20ombros%20hammer%20grip%20-%20Varia%C3%A7%C3%A3o%202.gif","C:\Users\bruno\Downloads\Exercicios renomeados\Desenvolvimento de ombros na máquina com pegada neutra","MIGRADO_FONTE_REVISADA"
"media_a108243aa00840bc0740","Desenvolvimento de ombros na máquina com pegada neutra - Variação 2","Desenvolvimento de ombros na máquina com pegada neutra - Variação 2","Ajuste o banco para que as mãos iniciem aproximadamente na altura dos ombros. Pressione a carga para cima até quase estender os cotovelos, mantendo o tronco apoiado e o abdômen firme. Desça com controle até a amplitude confortável e repita.","Ombros","Máquina | Academia","Ombros","","Musculação","Máquina","Academia","Iniciante","gifs/ombros/Lever desenvolvimento de ombros hammer grip.gif","https://raw.githubusercontent.com/brunofs3221/fortyn-exercise-media-extra/main/gifs/ombros/Lever%20desenvolvimento%20de%20ombros%20hammer%20grip.gif","C:\Users\bruno\Downloads\Exercicios renomeados\Desenvolvimento de ombros na máquina com pegada neutra - Variação 2","MIGRADO_FONTE_REVISADA"
"media_a351cf766d928cb138af","Desenvolvimento de ombros na máquina plate-loaded","Desenvolvimento de ombros na máquina plate-loaded","Ajuste o banco para que as mãos iniciem aproximadamente na altura dos ombros. Pressione a carga para cima até quase estender os cotovelos, mantendo o tronco apoiado e o abdômen firme. Desça com controle até a amplitude confortável e repita.","Ombros","Anilhas | Máquina | Academia","Ombros","","Musculação","Anilhas | Máquina","Academia","Iniciante","gifs/ombros/Plate loaded desenvolvimento de ombros.gif","https://raw.githubusercontent.com/brunofs3221/fortyn-exercise-media-extra/main/gifs/ombros/Plate%20loaded%20desenvolvimento%20de%20ombros.gif","C:\Users\bruno\Downloads\Exercicios renomeados\Desenvolvimento de ombros na máquina plate-loaded","MIGRADO_FONTE_REVISADA"
"media_0ac5c9d784c783160f44","Desenvolvimento de ombros no cabo","Desenvolvimento de ombros na polia baixa","Comece com as mãos ou a carga na altura apropriada dos ombros e mantenha o abdômen ativo. Empurre para cima até estender os braços com controle. Desça de volta sem deixar os ombros subirem excessivamente em direção às orelhas.","Ombros","Polia/Cabo | Tríceps | Academia","Ombros","Tríceps","Musculação","Polia/Cabo","Academia","Intermediário","gifs/Exercícios sem marca d'água/Prensa de ombro de cabo.gif","https://raw.githubusercontent.com/brunofs3221/fortyn-exercise-media-extra/main/gifs/Exerc%C3%ADcios%20sem%20marca%20d'%C3%A1gua/Prensa%20de%20ombro%20de%20cabo.gif","C:\Users\bruno\Downloads\Exercicios renomeados\Desenvolvimento de ombros no cabo","MIGRADO_FONTE_REVISADA"
"media_0fa6a4086f89b6f9293a","Desenvolvimento de ombros sentado com elástico","Desenvolvimento sentado com faixa elástica","Comece com as mãos ou a carga na altura apropriada dos ombros e mantenha o abdômen ativo. Empurre para cima até estender os braços com controle. Desça de volta sem deixar os ombros subirem excessivamente em direção às orelhas.","Ombros","Elástico | Tríceps | Academia","Ombros","Tríceps","Musculação","Elástico","Academia","Iniciante","gifs/Exercícios sem marca d'água/Elástico de resistência para ombros sentados.gif","https://raw.githubusercontent.com/brunofs3221/fortyn-exercise-media-extra/main/gifs/Exerc%C3%ADcios%20sem%20marca%20d'%C3%A1gua/El%C3%A1stico%20de%20resist%C3%AAncia%20para%20ombros%20sentados.gif","C:\Users\bruno\Downloads\Exercicios renomeados\Desenvolvimento de ombros sentado com elástico","MIGRADO_FONTE_REVISADA"
"media_ddd2efe7106b48b467c7","Desenvolvimento em pé na máquina Smith","Desenvolvimento militar em pé no Smith","Comece com as mãos ou a carga na altura apropriada dos ombros e mantenha o abdômen ativo. Empurre para cima até estender os braços com controle. Desça de volta sem deixar os ombros subirem excessivamente em direção às orelhas.","Ombros","Máquina | Tríceps | Academia","Ombros","Tríceps","Musculação","Máquina","Academia","Intermediário","gifs/Exercícios sem marca d'água/Prensa de ombro em máquina smith em pé.gif","https://raw.githubusercontent.com/brunofs3221/fortyn-exercise-media-extra/main/gifs/Exerc%C3%ADcios%20sem%20marca%20d'%C3%A1gua/Prensa%20de%20ombro%20em%20m%C3%A1quina%20smith%20em%20p%C3%A9.gif","C:\Users\bruno\Downloads\Exercicios renomeados\Desenvolvimento em pé na máquina Smith","MIGRADO_FONTE_REVISADA"
"media_e32fee54e6b5594a7f17","Desenvolvimento landmine com duas mãos","Desenvolvimento landmine com duas mãos","Segure a extremidade livre da barra na altura do ombro, com a outra ponta apoiada no landmine. Pressione a barra para cima e para frente até estender o braço ou os braços sem perder o controle do tronco. Retorne lentamente até a posição inicial.","Ombros","Barra | Academia","Ombros","","Musculação","Barra","Academia","Intermediário","gifs/ombros/Elevação frontal da placa de peso - Variação 8.gif","https://raw.githubusercontent.com/brunofs3221/fortyn-exercise-media-extra/main/gifs/ombros/Eleva%C3%A7%C3%A3o%20frontal%20da%20placa%20de%20peso%20-%20Varia%C3%A7%C3%A3o%208.gif","C:\Users\bruno\Downloads\Exercicios renomeados\Desenvolvimento landmine com duas mãos","MIGRADO_FONTE_REVISADA"
"media_dee00c04df2889aed0ec","Desenvolvimento landmine unilateral","Desenvolvimento landmine unilateral","Segure a extremidade livre da barra na altura do ombro, com a outra ponta apoiada no landmine. Pressione a barra para cima e para frente até estender o braço ou os braços sem perder o controle do tronco. Retorne lentamente até a posição inicial.","Ombros","Barra | Academia","Ombros","","Musculação","Barra","Academia","Intermediário","gifs/ombros/Elevação frontal com barra.gif","https://raw.githubusercontent.com/brunofs3221/fortyn-exercise-media-extra/main/gifs/ombros/Eleva%C3%A7%C3%A3o%20frontal%20com%20barra.gif","C:\Users\bruno\Downloads\Exercicios renomeados\Desenvolvimento landmine unilateral","MIGRADO_FONTE_REVISADA"
"media_0ed092ea7050d420c5a4","Desenvolvimento militar com barra","Desenvolvimento militar em pé com barra","Comece com as mãos ou a carga na altura apropriada dos ombros e mantenha o abdômen ativo. Empurre para cima até estender os braços com controle. Desça de volta sem deixar os ombros subirem excessivamente em direção às orelhas.","Ombros","Barra | Tríceps | Academia","Ombros","Tríceps","Musculação","Barra","Academia","Intermediário","gifs/Exercícios sem marca d'água/exercicios_renomeados_pt_br/031_desenvolvimento_militar_com_barra.gif","https://raw.githubusercontent.com/brunofs3221/fortyn-exercise-media-extra/main/gifs/Exerc%C3%ADcios%20sem%20marca%20d'%C3%A1gua/exercicios_renomeados_pt_br/031_desenvolvimento_militar_com_barra.gif","C:\Users\bruno\Downloads\Exercicios renomeados\Desenvolvimento militar com barra","MIGRADO_FONTE_REVISADA"
"media_08279b0479d5199ce0b0","Desenvolvimento militar com barra e pegada aberta","Desenvolvimento militar com barra e pegada aberta","Segure a barra um pouco além da largura dos ombros e posicione-a na altura superior do peito. Pressione a barra acima da cabeça até quase estender os cotovelos. Desça de forma controlada sem arquear excessivamente a lombar.","Ombros","Barra | Academia","Ombros","","Musculação","Barra","Academia","Intermediário","gifs/ombros/Cabo traseiro delt fly.gif","https://raw.githubusercontent.com/brunofs3221/fortyn-exercise-media-extra/main/gifs/ombros/Cabo%20traseiro%20delt%20fly.gif","","SEM_FONTE_REVISADA"
"media_c4290788a9ffb48813ba","Desenvolvimento militar com barra e pegada aberta","Desenvolvimento militar com barra pegada aberta","Apoie ou estabilize o antebraço e mova principalmente o punho ou a pegada conforme a variação. Faça a contração sem usar impulso do braço e retorne devagar para trabalhar toda a amplitude.","Antebraços","Barra | Academia","Antebraços","","Musculação","Barra","Academia","Intermediário","gifs/Exercícios sem marca d'água/exercicios_renomeados_pt_br/026_desenvolvimento_militar_com_barra_pegada_aberta.gif","https://raw.githubusercontent.com/brunofs3221/fortyn-exercise-media-extra/main/gifs/Exerc%C3%ADcios%20sem%20marca%20d'%C3%A1gua/exercicios_renomeados_pt_br/026_desenvolvimento_militar_com_barra_pegada_aberta.gif","C:\Users\bruno\Downloads\Exercicios renomeados\Desenvolvimento militar com barra e pegada aberta","MIGRADO_FONTE_REVISADA"
"media_fdd43b649392ecc5a0df","Desenvolvimento militar com barra e pegada fechada","Desenvolvimento militar em pé com barra pegada fechada","Apoie ou estabilize o antebraço e mova principalmente o punho ou a pegada conforme a variação. Faça a contração sem usar impulso do braço e retorne devagar para trabalhar toda a amplitude.","Antebraços","Barra | Academia","Antebraços","","Musculação","Barra","Academia","Intermediário","gifs/Exercícios sem marca d'água/Barra em pé aperto próximo imprensa militar.gif","https://raw.githubusercontent.com/brunofs3221/fortyn-exercise-media-extra/main/gifs/Exerc%C3%ADcios%20sem%20marca%20d'%C3%A1gua/Barra%20em%20p%C3%A9%20aperto%20pr%C3%B3ximo%20imprensa%20militar.gif","C:\Users\bruno\Downloads\Exercicios renomeados\Desenvolvimento militar com barra e pegada fechada","MIGRADO_FONTE_REVISADA"
"media_9159aaf9f8ea4c751688","Desenvolvimento militar com peso corporal","Desenvolvimento acima da cabeça sem carga","Comece com as mãos ou a carga na altura apropriada dos ombros e mantenha o abdômen ativo. Empurre para cima até estender os braços com controle. Desça de volta sem deixar os ombros subirem excessivamente em direção às orelhas.","Ombros","Tríceps | Sem aparelhos | Casa","Ombros","Tríceps","Musculação","Sem aparelhos","Casa","Iniciante","gifs/Exercícios sem marca d'água/Imprensa militar de peso corporal.gif","https://raw.githubusercontent.com/brunofs3221/fortyn-exercise-media-extra/main/gifs/Exerc%C3%ADcios%20sem%20marca%20d'%C3%A1gua/Imprensa%20militar%20de%20peso%20corporal.gif","C:\Users\bruno\Downloads\Exercicios renomeados\Desenvolvimento militar com peso corporal","MIGRADO_FONTE_REVISADA"
"media_875c99e8b3e6d98b52d2","Desenvolvimento militar unilateral com kettlebell","Desenvolvimento militar unilateral com kettlebell","Comece com as mãos ou a carga na altura apropriada dos ombros e mantenha o abdômen ativo. Empurre para cima até estender os braços com controle. Desça de volta sem deixar os ombros subirem excessivamente em direção às orelhas.","Ombros","Kettlebell | Tríceps | Academia","Ombros","Tríceps","Musculação","Kettlebell","Academia","Intermediário","gifs/Exercícios sem marca d'água/Kettlebell imprensa militar de um braço.gif","https://raw.githubusercontent.com/brunofs3221/fortyn-exercise-media-extra/main/gifs/Exerc%C3%ADcios%20sem%20marca%20d'%C3%A1gua/Kettlebell%20imprensa%20militar%20de%20um%20bra%C3%A7o.gif","C:\Users\bruno\Downloads\Exercicios renomeados\Desenvolvimento militar unilateral com kettlebell","MIGRADO_FONTE_REVISADA"
"media_75a75f119c0e20c92726","Desenvolvimento na máquina Smith sentado","Desenvolvimento na máquina Smith sentado","Ajuste o banco para que as mãos iniciem aproximadamente na altura dos ombros. Pressione a carga para cima até quase estender os cotovelos, mantendo o tronco apoiado e o abdômen firme. Desça com controle até a amplitude confortável e repita.","Ombros","Barra | Máquina | Academia","Ombros","","Musculação","Barra | Máquina","Academia","Intermediário","gifs/ombros/Prensa de ombro para máquina smith - Variação 2.gif","https://raw.githubusercontent.com/brunofs3221/fortyn-exercise-media-extra/main/gifs/ombros/Prensa%20de%20ombro%20para%20m%C3%A1quina%20smith%20-%20Varia%C3%A7%C3%A3o%202.gif","C:\Users\bruno\Downloads\Exercicios renomeados\Desenvolvimento na máquina Smith sentado","MIGRADO_FONTE_REVISADA"
"media_7c16c3f0ab5e324cf676","Desenvolvimento na máquina Smith sentado - Variação 2","Desenvolvimento na máquina Smith sentado - Variação 2","Ajuste o banco para que as mãos iniciem aproximadamente na altura dos ombros. Pressione a carga para cima até quase estender os cotovelos, mantendo o tronco apoiado e o abdômen firme. Desça com controle até a amplitude confortável e repita.","Ombros","Barra | Máquina | Academia","Ombros","","Musculação","Barra | Máquina","Academia","Intermediário","gifs/ombros/Prensa de ombro para máquina smith - Variação 3.gif","https://raw.githubusercontent.com/brunofs3221/fortyn-exercise-media-extra/main/gifs/ombros/Prensa%20de%20ombro%20para%20m%C3%A1quina%20smith%20-%20Varia%C3%A7%C3%A3o%203.gif","C:\Users\bruno\Downloads\Exercicios renomeados\Desenvolvimento na máquina Smith sentado - Variação 2","MIGRADO_FONTE_REVISADA"
"media_f3521a52d7e97e142563","Desenvolvimento reverso na máquina","Desenvolvimento de ombros na máquina","Comece com as mãos ou a carga na altura apropriada dos ombros e mantenha o abdômen ativo. Empurre para cima até estender os braços com controle. Desça de volta sem deixar os ombros subirem excessivamente em direção às orelhas.","Ombros","Máquina | Tríceps | Academia","Ombros","Tríceps","Musculação","Máquina","Academia","Iniciante","gifs/Exercícios sem marca d'água/Máquina de desenvolvimento de ombros reversa.gif","https://raw.githubusercontent.com/brunofs3221/fortyn-exercise-media-extra/main/gifs/Exerc%C3%ADcios%20sem%20marca%20d'%C3%A1gua/M%C3%A1quina%20de%20desenvolvimento%20de%20ombros%20reversa.gif","C:\Users\bruno\Downloads\Exercicios renomeados\Desenvolvimento reverso na máquina","MIGRADO_FONTE_REVISADA"
"media_dd3a9b1f538e608ab930","Desenvolvimento sentado na máquina Smith","Desenvolvimento militar sentado no Smith","Comece com as mãos ou a carga na altura apropriada dos ombros e mantenha o abdômen ativo. Empurre para cima até estender os braços com controle. Desça de volta sem deixar os ombros subirem excessivamente em direção às orelhas.","Ombros","Máquina | Tríceps | Academia","Ombros","Tríceps","Musculação","Máquina","Academia","Intermediário","gifs/Exercícios sem marca d'água/Prensa de ombro para máquina smith.gif","https://raw.githubusercontent.com/brunofs3221/fortyn-exercise-media-extra/main/gifs/Exerc%C3%ADcios%20sem%20marca%20d'%C3%A1gua/Prensa%20de%20ombro%20para%20m%C3%A1quina%20smith.gif","C:\Users\bruno\Downloads\Exercicios renomeados\Desenvolvimento sentado na máquina Smith","MIGRADO_FONTE_REVISADA"
"media_567d99cfd1563c0f103f","Desenvolvimento unilateral com halter","Desenvolvimento unilateral com halter","Comece com as mãos ou a carga na altura apropriada dos ombros e mantenha o abdômen ativo. Empurre para cima até estender os braços com controle. Desça de volta sem deixar os ombros subirem excessivamente em direção às orelhas.","Ombros","Halteres | Tríceps | Academia","Ombros","Tríceps","Musculação","Halteres","Academia","Intermediário","gifs/Exercícios sem marca d'água/Halteres com um braço e ombros.gif","https://raw.githubusercontent.com/brunofs3221/fortyn-exercise-media-extra/main/gifs/Exerc%C3%ADcios%20sem%20marca%20d'%C3%A1gua/Halteres%20com%20um%20bra%C3%A7o%20e%20ombros.gif","C:\Users\bruno\Downloads\Exercicios renomeados\Desenvolvimento unilateral com halter","MIGRADO_FONTE_REVISADA"
"media_1ca726fb520bd04d8ab8","Desenvolvimento unilateral com halter em pé","Desenvolvimento unilateral com halter em pé","Posicione o halter ou os halteres na altura dos ombros. Pressione a carga acima da cabeça até quase estender os cotovelos, mantendo o abdômen firme e evitando arquear a lombar. Retorne devagar à altura dos ombros e repita.","Ombros","Halteres | Academia","Ombros","","Musculação","Halteres","Academia","Intermediário","gifs/ombros/Remada alta com halteres - Variação 4.gif","https://raw.githubusercontent.com/brunofs3221/fortyn-exercise-media-extra/main/gifs/ombros/Remada%20alta%20com%20halteres%20-%20Varia%C3%A7%C3%A3o%204.gif","C:\Users\bruno\Downloads\Exercicios renomeados\Desenvolvimento unilateral com halter em pé","MIGRADO_FONTE_REVISADA"
"media_2780fe5e4ff79ba7e476","Desenvolvimento unilateral com halter em pé - Variação 2","Desenvolvimento unilateral com halter em pé - Variação 2","Posicione o halter ou os halteres na altura dos ombros. Pressione a carga acima da cabeça até quase estender os cotovelos, mantendo o abdômen firme e evitando arquear a lombar. Retorne devagar à altura dos ombros e repita.","Ombros","Halteres | Academia","Ombros","","Musculação","Halteres","Academia","Intermediário","gifs/ombros/Resistance band bent over deltoide posterior crucifixo.gif","https://raw.githubusercontent.com/brunofs3221/fortyn-exercise-media-extra/main/gifs/ombros/Resistance%20band%20bent%20over%20deltoide%20posterior%20crucifixo.gif","C:\Users\bruno\Downloads\Exercicios renomeados\Desenvolvimento unilateral com halter em pé - Variação 2","MIGRADO_FONTE_REVISADA"
"media_2ae985efb10a10094052","Desenvolvimento unilateral de ombro com elástico","Desenvolvimento unilateral com elástico","Comece com as mãos ou a carga na altura apropriada dos ombros e mantenha o abdômen ativo. Empurre para cima até estender os braços com controle. Desça de volta sem deixar os ombros subirem excessivamente em direção às orelhas.","Ombros","Elástico | Tríceps | Academia","Ombros","Tríceps","Musculação","Elástico","Academia","Iniciante","gifs/Exercícios sem marca d'água/Elástico de desenvolvimento de ombros com um braço.gif","https://raw.githubusercontent.com/brunofs3221/fortyn-exercise-media-extra/main/gifs/Exerc%C3%ADcios%20sem%20marca%20d'%C3%A1gua/El%C3%A1stico%20de%20desenvolvimento%20de%20ombros%20com%20um%20bra%C3%A7o.gif","C:\Users\bruno\Downloads\Exercicios renomeados\Desenvolvimento unilateral de ombro com elástico","MIGRADO_FONTE_REVISADA"
"media_892aad96d0a368e7d063","Desenvolvimento W com halteres","Desenvolvimento em W com halteres","Comece com as mãos ou a carga na altura apropriada dos ombros e mantenha o abdômen ativo. Empurre para cima até estender os braços com controle. Desça de volta sem deixar os ombros subirem excessivamente em direção às orelhas.","Ombros","Halteres | Tríceps | Academia","Ombros","Tríceps","Musculação","Halteres","Academia","Intermediário","gifs/Exercícios sem marca d'água/Haltere w press.gif","https://raw.githubusercontent.com/brunofs3221/fortyn-exercise-media-extra/main/gifs/Exerc%C3%ADcios%20sem%20marca%20d'%C3%A1gua/Haltere%20w%20press.gif","C:\Users\bruno\Downloads\Exercicios renomeados\Desenvolvimento W com halteres","MIGRADO_FONTE_REVISADA"
"media_50782b1a6d64ae8cb4bb","Deslizamento de braços na parede","Deslizamento de braços na parede","Mantenha o tronco estável e mova os braços ou as escápulas pela amplitude mostrada, sem compensar com a lombar. Faça o movimento de forma lenta e contínua, priorizando controle e amplitude confortável.","Mobilidade","Sem aparelhos | Casa","Mobilidade","","Mobilidade","Sem aparelhos","Casa","Iniciante","gifs/Exercícios sem marca d'água/Corrediças de parede.gif","https://raw.githubusercontent.com/brunofs3221/fortyn-exercise-media-extra/main/gifs/Exerc%C3%ADcios%20sem%20marca%20d'%C3%A1gua/Corredi%C3%A7as%20de%20parede.gif","C:\Users\bruno\Downloads\Exercicios renomeados\Deslizamento de braços na parede","MIGRADO_FONTE_REVISADA"
"media_faa90e79037e01eb2306","Deslocamento lateral com toque no chão","Afundo lateral","Assuma a posição inicial de Deslocamento lateral com toque no chão, estabilize o tronco e execute o movimento mostrado de forma coordenada. Use uma amplitude que consiga controlar, evite impulso desnecessário e retorne à posição inicial antes da repetição seguinte.","Corpo inteiro","Sem aparelhos | Casa","Corpo inteiro","","Musculação","Sem aparelhos","Casa","Iniciante","gifs/Exercícios sem marca d'água/Lançadeira lateral.gif","https://raw.githubusercontent.com/brunofs3221/fortyn-exercise-media-extra/main/gifs/Exerc%C3%ADcios%20sem%20marca%20d'%C3%A1gua/Lan%C3%A7adeira%20lateral.gif","C:\Users\bruno\Downloads\Exercicios renomeados\Deslocamento lateral com toque no chão","MIGRADO_FONTE_REVISADA"
"media_4766cf26a589ad5f1760","Devil press com halteres","Devil press com halteres","Inicie com postura firme, abdômen ativo e a carga próxima ao corpo. Gere força com pernas e quadril e conduza a carga pela trajetória mostrada até a posição final. Estabilize o peso antes de retornar e controle cada etapa do movimento.","Corpo inteiro","Halteres | Academia","Corpo inteiro","","Musculação","Halteres","Academia","Avançado","gifs/Exercícios sem marca d'água/Imprensa do diabo com halteres.gif","https://raw.githubusercontent.com/brunofs3221/fortyn-exercise-media-extra/main/gifs/Exerc%C3%ADcios%20sem%20marca%20d'%C3%A1gua/Imprensa%20do%20diabo%20com%20halteres.gif","C:\Users\bruno\Downloads\Exercicios renomeados\Devil press com halteres","MIGRADO_FONTE_REVISADA"
"media_91d713ba2261458d84a8","Double Leg Stretch (Pilates)","Alongamento de pernas duplas do Pilates","Assuma a posição inicial de Double Leg Stretch (Pilates), estabilize o tronco e execute o movimento mostrado de forma coordenada. Use uma amplitude que consiga controlar, evite impulso desnecessário e retorne à posição inicial antes da repetição seguinte.","Corpo inteiro","Sem aparelhos | Casa","Corpo inteiro","","Musculação","Sem aparelhos","Casa","Intermediário","gifs/Exercícios sem marca d'água/Alongamento de perna dupla.gif","https://raw.githubusercontent.com/brunofs3221/fortyn-exercise-media-extra/main/gifs/Exerc%C3%ADcios%20sem%20marca%20d'%C3%A1gua/Alongamento%20de%20perna%20dupla.gif","C:\Users\bruno\Downloads\Exercicios renomeados\Double Leg Stretch (Pilates)","MIGRADO_FONTE_REVISADA"
"media_b9be3a9f6b7d1e541cf3","Drill em I de agilidade","Drill de agilidade em L","Mantenha o tronco ereto, olhar à frente e braços coordenados com as pernas. Execute as passadas ou deslocamentos no padrão mostrado, apoiando os pés com controle e mantendo um ritmo que permita conservar a técnica.","Cardio","Sem aparelhos | Casa | Corpo inteiro","Cardio","Corpo inteiro","Cardio","Sem aparelhos","Casa","Intermediário","gifs/Exercícios sem marca d'água/exercicios_renomeados_pt_br/006_drill_em_l_de_agilidade.gif","https://raw.githubusercontent.com/brunofs3221/fortyn-exercise-media-extra/main/gifs/Exerc%C3%ADcios%20sem%20marca%20d'%C3%A1gua/exercicios_renomeados_pt_br/006_drill_em_l_de_agilidade.gif","C:\Users\bruno\Downloads\Exercicios renomeados\Drill em I de agilidade","MIGRADO_FONTE_REVISADA"
"media_fac37bf08d5307c24903","Drill pliométrico de agilidade","Salto lateral sobre marcações","Mantenha o tronco ereto, olhar à frente e braços coordenados com as pernas. Execute as passadas ou deslocamentos no padrão mostrado, apoiando os pés com controle e mantendo um ritmo que permita conservar a técnica.","Cardio","Sem aparelhos | Casa | Corpo inteiro","Cardio","Corpo inteiro","Cardio","Sem aparelhos","Casa","Intermediário","gifs/Exercícios sem marca d'água/exercicios_renomeados_pt_br/008_drill_pliometrico_de_agilidade.gif","https://raw.githubusercontent.com/brunofs3221/fortyn-exercise-media-extra/main/gifs/Exerc%C3%ADcios%20sem%20marca%20d'%C3%A1gua/exercicios_renomeados_pt_br/008_drill_pliometrico_de_agilidade.gif","C:\Users\bruno\Downloads\Exercicios renomeados\Drill pliométrico de agilidade","MIGRADO_FONTE_REVISADA"
"media_b19f404ad8b36f775b70","Elevação alternada de pernas deitado","Elevação alternada de pernas deitada","Assuma a posição inicial de Elevação alternada de pernas deitado, estabilize o tronco e execute o movimento mostrado de forma coordenada. Use uma amplitude que consiga controlar, evite impulso desnecessário e retorne à posição inicial antes da repetição seguinte.","Corpo inteiro","Sem aparelhos | Casa","Corpo inteiro","","Musculação","Sem aparelhos","Casa","Intermediário","gifs/Exercícios sem marca d'água/Elevação alternada da perna deitada no chão.gif","https://raw.githubusercontent.com/brunofs3221/fortyn-exercise-media-extra/main/gifs/Exerc%C3%ADcios%20sem%20marca%20d'%C3%A1gua/Eleva%C3%A7%C3%A3o%20alternada%20da%20perna%20deitada%20no%20ch%C3%A3o.gif","C:\Users\bruno\Downloads\Exercicios renomeados\Elevação alternada de pernas deitado","MIGRADO_FONTE_REVISADA"
"media_b34d752f2f41520da005","Elevação alternada de pernas deitado","Elevação alternada de pernas deitado","Assuma a posição inicial de Elevação alternada de pernas deitado, estabilize o tronco e execute o movimento mostrado de forma coordenada. Use uma amplitude que consiga controlar, evite impulso desnecessário e retorne à posição inicial antes da repetição seguinte.","Abdômen/Core","Sem aparelhos | Casa","Abdômen/Core","","Musculação","Sem aparelhos","Casa","Intermediário","gifs/abdominais/Elevações alternadas das pernas.gif","https://raw.githubusercontent.com/brunofs3221/fortyn-exercise-media-extra/main/gifs/abdominais/Eleva%C3%A7%C3%B5es%20alternadas%20das%20pernas.gif","","SEM_FONTE_REVISADA"
"media_52b33c4b8230a24ec13d","Elevação da ponta dos pés (dorsiflexão)","Dorsiflexão em pé","Apoie a parte da frente dos pés com firmeza e mantenha os tornozelos alinhados. Eleve os calcanhares o máximo que conseguir sem perder o equilíbrio. Contraia a panturrilha no topo e desça lentamente até a posição inicial.","Panturrilhas","Sem aparelhos | Casa","Panturrilhas","","Musculação","Sem aparelhos","Casa","Iniciante","gifs/Exercícios sem marca d'água/Dorsiflexão em pé.gif","https://raw.githubusercontent.com/brunofs3221/fortyn-exercise-media-extra/main/gifs/Exerc%C3%ADcios%20sem%20marca%20d'%C3%A1gua/Dorsiflex%C3%A3o%20em%20p%C3%A9.gif","C:\Users\bruno\Downloads\Exercicios renomeados\Elevação da ponta dos pés (dorsiflexão)","MIGRADO_FONTE_REVISADA"
"media_e13090b7ee903a21369e","Elevação de braços na parede","Elevação de braços na parede","Mantenha o tronco estável e mova os braços ou as escápulas pela amplitude mostrada, sem compensar com a lombar. Faça o movimento de forma lenta e contínua, priorizando controle e amplitude confortável.","Mobilidade","Sem aparelhos | Casa","Mobilidade","","Mobilidade","Sem aparelhos","Casa","Iniciante","gifs/Exercícios sem marca d'água/Braço apoiado na parede levanta.gif","https://raw.githubusercontent.com/brunofs3221/fortyn-exercise-media-extra/main/gifs/Exerc%C3%ADcios%20sem%20marca%20d'%C3%A1gua/Bra%C3%A7o%20apoiado%20na%20parede%20levanta.gif","C:\Users\bruno\Downloads\Exercicios renomeados\Elevação de braços na parede","MIGRADO_FONTE_REVISADA"
"media_3d0a7039d00a5ef74406","Elevação de joelhos deitado","Elevação de joelhos deitado","Estabilize o tronco para executar Elevação de joelhos deitado. Mantenha o abdômen ativo durante toda a repetição e realize a trajetória mostrada sem usar balanço excessivo. Retorne à posição inicial de forma lenta e controlada.","Abdômen/Core","Sem aparelhos | Casa","Abdômen/Core","","Musculação","Sem aparelhos","Casa","Iniciante","gifs/Exercícios sem marca d'água/Deitado, joelho levantado.gif","https://raw.githubusercontent.com/brunofs3221/fortyn-exercise-media-extra/main/gifs/Exerc%C3%ADcios%20sem%20marca%20d'%C3%A1gua/Deitado%2C%20joelho%20levantado.gif","C:\Users\bruno\Downloads\Exercicios renomeados\Elevação de joelhos deitado","MIGRADO_FONTE_REVISADA"
"media_541ebc3f3c283bacb104","Elevação de joelhos deitado","Elevação de joelhos deitado","Estabilize o tronco para executar Elevação de joelhos deitado. Mantenha o abdômen ativo durante toda a repetição e realize a trajetória mostrada sem usar balanço excessivo. Retorne à posição inicial de forma lenta e controlada.","Abdômen/Core","Sem aparelhos | Casa","Abdômen/Core","","Musculação","Sem aparelhos","Casa","Iniciante","gifs/abdominais/Deitado, joelho levantado - Variação 3.gif","https://raw.githubusercontent.com/brunofs3221/fortyn-exercise-media-extra/main/gifs/abdominais/Deitado%2C%20joelho%20levantado%20-%20Varia%C3%A7%C3%A3o%203.gif","","SEM_FONTE_REVISADA"
"media_ff554606361db65574bb","Elevação de joelhos na barra fixa","Elevação de joelhos na barra fixa","Estabilize o tronco para executar Elevação de joelhos na barra fixa. Mantenha o abdômen ativo durante toda a repetição e realize a trajetória mostrada sem usar balanço excessivo. Retorne à posição inicial de forma lenta e controlada.","Abdômen/Core","Barra fixa | Academia","Abdômen/Core","","Musculação","Barra fixa","Academia","Intermediário","gifs/abdominais/Joelho pendurado levanta.gif","https://raw.githubusercontent.com/brunofs3221/fortyn-exercise-media-extra/main/gifs/abdominais/Joelho%20pendurado%20levanta.gif","C:\Users\bruno\Downloads\Exercicios renomeados\Elevação de joelhos na barra fixa","MIGRADO_FONTE_REVISADA"
"media_53be4a4bef992efad2bb","Elevação de joelhos na barra fixa - Variação 2","Elevação de joelhos na barra fixa - Variação 2","Fique suspenso na barra com a pegada firme e os ombros ativos. Contraia o abdômen e eleve os joelhos em direção ao peito sem balançar o corpo. Desça lentamente até estender novamente as pernas.","Abdômen/Core","Barra fixa | Academia","Abdômen/Core","","Musculação","Barra fixa","Academia","Iniciante","gifs/abdominais/Prancha frontal ponderada.gif","https://raw.githubusercontent.com/brunofs3221/fortyn-exercise-media-extra/main/gifs/abdominais/Prancha%20frontal%20ponderada.gif","C:\Users\bruno\Downloads\Exercicios renomeados\Elevação de joelhos na barra fixa - Variação 2","MIGRADO_FONTE_REVISADA"
"media_8a917e29aeae65cf1f97","Elevação de joelhos suspenso","Elevação de joelhos na barra fixa","Fique suspenso na barra com os ombros ativos e o tronco firme. Eleve os joelhos ou as pernas em direção ao peito ou à barra sem usar balanço excessivo. Desça lentamente até a posição inicial mantendo o controle abdominal.","Abdômen/Core","Barra fixa | Academia","Abdômen/Core","","Musculação","Barra fixa","Academia","Intermediário","gifs/Exercícios sem marca d'água/Joelho pendurado levanta.gif","https://raw.githubusercontent.com/brunofs3221/fortyn-exercise-media-extra/main/gifs/Exerc%C3%ADcios%20sem%20marca%20d'%C3%A1gua/Joelho%20pendurado%20levanta.gif","C:\Users\bruno\Downloads\Exercicios renomeados\Elevação de joelhos suspenso","MIGRADO_FONTE_REVISADA"
"media_6e6af6cfb5007391dcb0","Elevação de ombros em 4 direções com halteres","Elevação frontal com halteres","Mantenha os braços na posição indicada e eleve os ombros em direção às orelhas sem fazer rotação. Contraia no topo por um instante e desça lentamente, sem flexionar os cotovelos para ajudar.","Ombros","Halteres | Academia","Ombros","","Musculação","Halteres","Academia","Iniciante","gifs/Exercícios sem marca d'água/Haltere 4 maneiras de elevação lateral.gif","https://raw.githubusercontent.com/brunofs3221/fortyn-exercise-media-extra/main/gifs/Exerc%C3%ADcios%20sem%20marca%20d'%C3%A1gua/Haltere%204%20maneiras%20de%20eleva%C3%A7%C3%A3o%20lateral.gif","C:\Users\bruno\Downloads\Exercicios renomeados\Elevação de ombros em 4 direções com halteres","MIGRADO_FONTE_REVISADA"
"media_9908e3495013d3bad276","Elevação de ombros em 6 direções com halteres","Elevação lateral com desenvolvimento com halteres","Mantenha os braços na posição indicada e eleve os ombros em direção às orelhas sem fazer rotação. Contraia no topo por um instante e desça lentamente, sem flexionar os cotovelos para ajudar.","Ombros","Halteres | Academia","Ombros","","Musculação","Halteres","Academia","Avançado","gifs/Exercícios sem marca d'água/Haltere 6 maneiras de levantar.gif","https://raw.githubusercontent.com/brunofs3221/fortyn-exercise-media-extra/main/gifs/Exerc%C3%ADcios%20sem%20marca%20d'%C3%A1gua/Haltere%206%20maneiras%20de%20levantar.gif","C:\Users\bruno\Downloads\Exercicios renomeados\Elevação de ombros em 6 direções com halteres","MIGRADO_FONTE_REVISADA"
"media_54d9628b0fefb12ba76f","Elevação de panturrilha unilateral no leg press 45 graus","Elevação de panturrilha unilateral no leg press 45 graus","Posicione apenas a parte da frente dos pés na borda da plataforma do leg press, mantendo os joelhos praticamente estendidos. Empurre a plataforma pela ponta dos pés, elevando os calcanhares, e contraia as panturrilhas. Retorne devagar deixando os calcanhares descerem em amplitude confortável, sem dobrar excessivamente os joelhos.","Panturrilhas","Máquina | Academia","Panturrilhas","","Musculação","Máquina","Academia","Intermediário","gifs/panturrilha/Elevação de panturrilha unilateral no hack.gif","https://raw.githubusercontent.com/brunofs3221/fortyn-exercise-media-extra/main/gifs/panturrilha/Eleva%C3%A7%C3%A3o%20de%20panturrilha%20unilateral%20no%20hack.gif","C:\Users\bruno\Downloads\Exercicios renomeados\Elevação de panturrilha unilateral no leg press 45 graus","MIGRADO_FONTE_REVISADA"
"media_b7118e82164991f2b2af","Elevação de panturrilhas com elástico","Elevação de panturrilha em pé com elástico","Apoie a parte da frente dos pés com firmeza e mantenha os tornozelos alinhados. Eleve os calcanhares o máximo que conseguir sem perder o equilíbrio. Contraia a panturrilha no topo e desça lentamente até a posição inicial.","Panturrilhas","Elástico | Academia","Panturrilhas","","Musculação","Elástico","Academia","Iniciante","gifs/Exercícios sem marca d'água/Panturrilha com elástico de resistência.gif","https://raw.githubusercontent.com/brunofs3221/fortyn-exercise-media-extra/main/gifs/Exerc%C3%ADcios%20sem%20marca%20d'%C3%A1gua/Panturrilha%20com%20el%C3%A1stico%20de%20resist%C3%AAncia.gif","C:\Users\bruno\Downloads\Exercicios renomeados\Elevação de panturrilhas com elástico","MIGRADO_FONTE_REVISADA"
"media_17863675884105ecf008","Elevação de panturrilhas com halteres","Elevação de panturrilha em pé com halteres","Apoie a parte da frente dos pés com firmeza e mantenha os tornozelos alinhados. Eleve os calcanhares o máximo que conseguir sem perder o equilíbrio. Contraia a panturrilha no topo e desça lentamente até a posição inicial.","Panturrilhas","Halteres | Academia","Panturrilhas","","Musculação","Halteres","Academia","Intermediário","gifs/Exercícios sem marca d'água/Aumento de panturrilha.gif","https://raw.githubusercontent.com/brunofs3221/fortyn-exercise-media-extra/main/gifs/Exerc%C3%ADcios%20sem%20marca%20d'%C3%A1gua/Aumento%20de%20panturrilha.gif","C:\Users\bruno\Downloads\Exercicios renomeados\Elevação de panturrilhas com halteres","MIGRADO_FONTE_REVISADA"
"media_c31bfce4b46b8c5aa9d7","Elevação de panturrilhas donkey","Elevação de panturrilha de burro","Apoie a parte da frente dos pés com firmeza e mantenha os tornozelos alinhados. Eleve os calcanhares o máximo que conseguir sem perder o equilíbrio. Contraia a panturrilha no topo e desça lentamente até a posição inicial.","Panturrilhas","Sem aparelhos | Casa","Panturrilhas","","Musculação","Sem aparelhos","Casa","Iniciante","gifs/Exercícios sem marca d'água/Elevação de panturrilha de burro.gif","https://raw.githubusercontent.com/brunofs3221/fortyn-exercise-media-extra/main/gifs/Exerc%C3%ADcios%20sem%20marca%20d'%C3%A1gua/Eleva%C3%A7%C3%A3o%20de%20panturrilha%20de%20burro.gif","C:\Users\bruno\Downloads\Exercicios renomeados\Elevação de panturrilhas donkey","MIGRADO_FONTE_REVISADA"
"media_03e61dea448efa9198c6","Elevação de panturrilhas donkey com peso","Elevação de panturrilha donkey com carga","Apoie a parte da frente dos pés com firmeza e mantenha os tornozelos alinhados. Eleve os calcanhares o máximo que conseguir sem perder o equilíbrio. Contraia a panturrilha no topo e desça lentamente até a posição inicial.","Panturrilhas","Sem aparelhos | Casa","Panturrilhas","","Musculação","Sem aparelhos","Casa","Intermediário","gifs/Exercícios sem marca d'água/Criação com peso de bezerro de burro.gif","https://raw.githubusercontent.com/brunofs3221/fortyn-exercise-media-extra/main/gifs/Exerc%C3%ADcios%20sem%20marca%20d'%C3%A1gua/Cria%C3%A7%C3%A3o%20com%20peso%20de%20bezerro%20de%20burro.gif","C:\Users\bruno\Downloads\Exercicios renomeados\Elevação de panturrilhas donkey com peso","MIGRADO_FONTE_REVISADA"
"media_777383e359c11c5f51ad","Elevação de panturrilhas donkey na máquina","Elevação de panturrilha burro na máquina","Apoie a parte da frente dos pés com firmeza e mantenha os tornozelos alinhados. Eleve os calcanhares o máximo que conseguir sem perder o equilíbrio. Contraia a panturrilha no topo e desça lentamente até a posição inicial.","Panturrilhas","Máquina | Academia","Panturrilhas","","Musculação","Máquina","Academia","Intermediário","gifs/Exercícios sem marca d'água/Elevação de panturrilha de burro na máquina.gif","https://raw.githubusercontent.com/brunofs3221/fortyn-exercise-media-extra/main/gifs/Exerc%C3%ADcios%20sem%20marca%20d'%C3%A1gua/Eleva%C3%A7%C3%A3o%20de%20panturrilha%20de%20burro%20na%20m%C3%A1quina.gif","C:\Users\bruno\Downloads\Exercicios renomeados\Elevação de panturrilhas donkey na máquina","MIGRADO_FONTE_REVISADA"
"media_fc2d4a88893c9883e217","Elevação de panturrilhas em pé","Elevação de panturrilha em pé no degrau","Apoie a parte da frente dos pés com firmeza e mantenha os tornozelos alinhados. Eleve os calcanhares o máximo que conseguir sem perder o equilíbrio. Contraia a panturrilha no topo e desça lentamente até a posição inicial.","Panturrilhas","Sem aparelhos | Casa","Panturrilhas","","Musculação","Sem aparelhos","Casa","Iniciante","gifs/Exercícios sem marca d'água/Panturrilha em pé.gif","https://raw.githubusercontent.com/brunofs3221/fortyn-exercise-media-extra/main/gifs/Exerc%C3%ADcios%20sem%20marca%20d'%C3%A1gua/Panturrilha%20em%20p%C3%A9.gif","C:\Users\bruno\Downloads\Exercicios renomeados\Elevação de panturrilhas em pé","MIGRADO_FONTE_REVISADA"
"media_0e75df0d48644ddb1bba","Elevação de panturrilhas em pé com barra","Elevação de panturrilhas em pé com barra","Apoie a parte da frente dos pés com firmeza e mantenha os tornozelos alinhados. Eleve os calcanhares o máximo que conseguir sem perder o equilíbrio. Contraia a panturrilha no topo e desça lentamente até a posição inicial.","Panturrilhas","Barra | Academia","Panturrilhas","","Musculação","Barra","Academia","Intermediário","gifs/Exercícios sem marca d'água/Panturrilha em pé com barra.gif","https://raw.githubusercontent.com/brunofs3221/fortyn-exercise-media-extra/main/gifs/Exerc%C3%ADcios%20sem%20marca%20d'%C3%A1gua/Panturrilha%20em%20p%C3%A9%20com%20barra.gif","C:\Users\bruno\Downloads\Exercicios renomeados\Elevação de panturrilhas em pé com barra","MIGRADO_FONTE_REVISADA"
"media_936ed88ed436afac77fa","Elevação de panturrilhas em pé na máquina","Elevação de panturrilhas em pé na máquina","Apoie a parte da frente dos pés com firmeza e mantenha os tornozelos alinhados. Eleve os calcanhares o máximo que conseguir sem perder o equilíbrio. Contraia a panturrilha no topo e desça lentamente até a posição inicial.","Panturrilhas","Máquina | Academia","Panturrilhas","","Musculação","Máquina","Academia","Iniciante","gifs/Exercícios sem marca d'água/Máquina de supino em pé para panturrilha.gif","https://raw.githubusercontent.com/brunofs3221/fortyn-exercise-media-extra/main/gifs/Exerc%C3%ADcios%20sem%20marca%20d'%C3%A1gua/M%C3%A1quina%20de%20supino%20em%20p%C3%A9%20para%20panturrilha.gif","C:\Users\bruno\Downloads\Exercicios renomeados\Elevação de panturrilhas em pé na máquina","MIGRADO_FONTE_REVISADA"
"media_f382a374c92d1910752a","Elevação de panturrilhas em pé na máquina","Elevação de panturrilhas em pé na máquina","Apoie a parte da frente dos pés na plataforma e mantenha o corpo estável. Eleve os calcanhares ficando na ponta dos pés e contraia as panturrilhas no topo. Desça de forma controlada até sentir alongamento, evitando balanços ou impulsos.","Panturrilhas","Máquina | Academia","Panturrilhas","","Musculação","Máquina","Academia","Iniciante","gifs/panturrilha/Elevação de panturrilhas em pé na máquina.gif","https://raw.githubusercontent.com/brunofs3221/fortyn-exercise-media-extra/main/gifs/panturrilha/Eleva%C3%A7%C3%A3o%20de%20panturrilhas%20em%20p%C3%A9%20na%20m%C3%A1quina.gif","","SEM_FONTE_REVISADA"
"media_e337530bc1a2c2d5307f","Elevação de panturrilhas na máquina hack","Panturrilha no hack squat","Apoie a parte da frente dos pés com firmeza e mantenha os tornozelos alinhados. Eleve os calcanhares o máximo que conseguir sem perder o equilíbrio. Contraia a panturrilha no topo e desça lentamente até a posição inicial.","Panturrilhas","Máquina | Academia","Panturrilhas","","Musculação","Máquina","Academia","Intermediário","gifs/Exercícios sem marca d'água/Hackear agachamento de panturrilha.gif","https://raw.githubusercontent.com/brunofs3221/fortyn-exercise-media-extra/main/gifs/Exerc%C3%ADcios%20sem%20marca%20d'%C3%A1gua/Hackear%20agachamento%20de%20panturrilha.gif","C:\Users\bruno\Downloads\Exercicios renomeados\Elevação de panturrilhas na máquina hack","MIGRADO_FONTE_REVISADA"
"media_ab42667074597952479e","Elevação de panturrilhas no leg press 45 graus","Elevação de panturrilhas no leg press 45 graus","Posicione apenas a parte da frente dos pés na borda da plataforma do leg press, mantendo os joelhos praticamente estendidos. Empurre a plataforma pela ponta dos pés, elevando os calcanhares, e contraia as panturrilhas. Retorne devagar deixando os calcanhares descerem em amplitude confortável, sem dobrar excessivamente os joelhos.","Panturrilhas","Máquina | Academia","Panturrilhas","","Musculação","Máquina","Academia","Intermediário","gifs/panturrilha/Elevação de panturrilhas no leg press 45 graus.gif","https://raw.githubusercontent.com/brunofs3221/fortyn-exercise-media-extra/main/gifs/panturrilha/Eleva%C3%A7%C3%A3o%20de%20panturrilhas%20no%20leg%20press%2045%20graus.gif","C:\Users\bruno\Downloads\Exercicios renomeados\Elevação de panturrilhas no leg press 45 graus","MIGRADO_FONTE_REVISADA"
"media_f475382b956556a2bce3","Elevação de panturrilhas no leg press 45 graus - Variação 2","Elevação de panturrilhas no leg press 45 graus - Variação 2","Posicione apenas a parte da frente dos pés na borda da plataforma do leg press, mantendo os joelhos praticamente estendidos. Empurre a plataforma pela ponta dos pés, elevando os calcanhares, e contraia as panturrilhas. Retorne devagar deixando os calcanhares descerem em amplitude confortável, sem dobrar excessivamente os joelhos.","Panturrilhas","Máquina | Academia","Panturrilhas","","Musculação","Máquina","Academia","Iniciante","gifs/perna/Leg press panturrilha - Variação 2.gif","https://raw.githubusercontent.com/brunofs3221/fortyn-exercise-media-extra/main/gifs/perna/Leg%20press%20panturrilha%20-%20Varia%C3%A7%C3%A3o%202.gif","C:\Users\bruno\Downloads\Exercicios renomeados\Elevação de panturrilhas no leg press 45 graus - Variação 2","MIGRADO_FONTE_REVISADA"
"media_b9fb15782103c20c3617","Elevação de panturrilhas no leg press 45 graus - Variação 3","Elevação de panturrilhas no leg press 45 graus - Variação 3","Posicione apenas a parte da frente dos pés na borda da plataforma do leg press, mantendo os joelhos praticamente estendidos. Empurre a plataforma pela ponta dos pés, elevando os calcanhares, e contraia as panturrilhas. Retorne devagar deixando os calcanhares descerem em amplitude confortável, sem dobrar excessivamente os joelhos.","Panturrilhas","Máquina | Academia","Panturrilhas","","Musculação","Máquina","Academia","Intermediário","gifs/perna/Leg press panturrilha.gif","https://raw.githubusercontent.com/brunofs3221/fortyn-exercise-media-extra/main/gifs/perna/Leg%20press%20panturrilha.gif","C:\Users\bruno\Downloads\Exercicios renomeados\Elevação de panturrilhas no leg press 45 graus - Variação 3","MIGRADO_FONTE_REVISADA"
"media_027f142af60ea1b3571a","Elevação de panturrilhas no leg press horizontal","Elevação de panturrilhas no leg press horizontal","Posicione apenas a parte da frente dos pés na borda da plataforma do leg press, mantendo os joelhos praticamente estendidos. Empurre a plataforma pela ponta dos pés, elevando os calcanhares, e contraia as panturrilhas. Retorne devagar deixando os calcanhares descerem em amplitude confortável, sem dobrar excessivamente os joelhos.","Panturrilhas","Máquina | Academia","Panturrilhas","","Musculação","Máquina","Academia","Iniciante","gifs/panturrilha/Elevação de panturrilhas no leg press horizontal.gif","https://raw.githubusercontent.com/brunofs3221/fortyn-exercise-media-extra/main/gifs/panturrilha/Eleva%C3%A7%C3%A3o%20de%20panturrilhas%20no%20leg%20press%20horizontal.gif","C:\Users\bruno\Downloads\Exercicios renomeados\Elevação de panturrilhas no leg press horizontal","MIGRADO_FONTE_REVISADA"
"media_497ea238f2e06028b467","Elevação de panturrilhas sentado com barra","Elevação de panturrilhas sentado com barra","Sente-se com os pés apoiados pela parte da frente e os calcanhares livres. Mantenha a carga apoiada sobre as coxas e eleve os calcanhares o máximo que conseguir, contraindo as panturrilhas. Desça lentamente até sentir alongamento e repita sem quicar a carga.","Panturrilhas","Barra | Banco | Academia","Panturrilhas","","Musculação","Barra | Banco","Academia","Iniciante","gifs/perna/Agachamento com barra.gif","https://raw.githubusercontent.com/brunofs3221/fortyn-exercise-media-extra/main/gifs/perna/Agachamento%20com%20barra.gif","","SEM_FONTE_REVISADA"
"media_e33ff75c8986a659aa70","Elevação de panturrilhas sentado com barra","Panturrilha sentada com barra","Apoie a parte da frente dos pés com firmeza e mantenha os tornozelos alinhados. Eleve os calcanhares o máximo que conseguir sem perder o equilíbrio. Contraia a panturrilha no topo e desça lentamente até a posição inicial.","Panturrilhas","Barra | Academia","Panturrilhas","","Musculação","Barra","Academia","Intermediário","gifs/Exercícios sem marca d'água/Panturrilha sentada com barra.gif","https://raw.githubusercontent.com/brunofs3221/fortyn-exercise-media-extra/main/gifs/Exerc%C3%ADcios%20sem%20marca%20d'%C3%A1gua/Panturrilha%20sentada%20com%20barra.gif","C:\Users\bruno\Downloads\Exercicios renomeados\Elevação de panturrilhas sentado com barra","MIGRADO_FONTE_REVISADA"
"media_b73851a943f54a8cace9","Elevação de panturrilhas sentado com peso","Elevação de panturrilha sentado com anilha","Apoie a parte da frente dos pés com firmeza e mantenha os tornozelos alinhados. Eleve os calcanhares o máximo que conseguir sem perder o equilíbrio. Contraia a panturrilha no topo e desça lentamente até a posição inicial.","Panturrilhas","Sem aparelhos | Casa","Panturrilhas","","Musculação","Sem aparelhos","Casa","Iniciante","gifs/Exercícios sem marca d'água/Panturrilha sentada com peso.gif","https://raw.githubusercontent.com/brunofs3221/fortyn-exercise-media-extra/main/gifs/Exerc%C3%ADcios%20sem%20marca%20d'%C3%A1gua/Panturrilha%20sentada%20com%20peso.gif","C:\Users\bruno\Downloads\Exercicios renomeados\Elevação de panturrilhas sentado com peso","MIGRADO_FONTE_REVISADA"
"media_63dc38bafa145195622d","Elevação de panturrilhas sentado na máquina","Elevação de panturrilhas sentado na máquina","Sente-se com os pés apoiados pela parte da frente e os calcanhares livres. Mantenha a carga apoiada sobre as coxas e eleve os calcanhares o máximo que conseguir, contraindo as panturrilhas. Desça lentamente até sentir alongamento e repita sem quicar a carga.","Panturrilhas","Máquina | Academia","Panturrilhas","","Musculação","Máquina","Academia","Iniciante","gifs/panturrilha/Elevação de panturrilhas sentado.gif","https://raw.githubusercontent.com/brunofs3221/fortyn-exercise-media-extra/main/gifs/panturrilha/Eleva%C3%A7%C3%A3o%20de%20panturrilhas%20sentado.gif","C:\Users\bruno\Downloads\Exercicios renomeados\Elevação de panturrilhas sentado na máquina","MIGRADO_FONTE_REVISADA"
"media_e565c87218f343cc8f24","Elevação de perna em pé na máquina","Flexão de joelho em pé na máquina","Estabilize o tronco e a pelve e mova a perna no sentido mostrado em Elevação de perna em pé na máquina. Faça a adução, rotação ou flexão do quadril sem inclinar o corpo para ganhar amplitude e retorne lentamente à posição inicial.","Quadril","Máquina | Academia","Quadril","","Musculação","Máquina","Academia","Iniciante","gifs/Exercícios sem marca d'água/Máquina de elevação da perna em pé.gif","https://raw.githubusercontent.com/brunofs3221/fortyn-exercise-media-extra/main/gifs/Exerc%C3%ADcios%20sem%20marca%20d'%C3%A1gua/M%C3%A1quina%20de%20eleva%C3%A7%C3%A3o%20da%20perna%20em%20p%C3%A9.gif","C:\Users\bruno\Downloads\Exercicios renomeados\Elevação de perna em pé na máquina","MIGRADO_FONTE_REVISADA"
"media_af3e0f272de587555d9d","Elevação de perna em prancha","Prancha com elevação alternada de pernas","Apoie mãos ou antebraços conforme a variação e mantenha cabeça, tronco e quadril alinhados. Contraia abdômen e glúteos para estabilizar a lombar. Execute o movimento adicional mostrado sem perder o alinhamento do corpo.","Abdômen/Core","Sem aparelhos | Casa","Abdômen/Core","","Musculação","Sem aparelhos","Casa","Intermediário","gifs/Exercícios sem marca d'água/Levantamento de perna de prancha.gif","https://raw.githubusercontent.com/brunofs3221/fortyn-exercise-media-extra/main/gifs/Exerc%C3%ADcios%20sem%20marca%20d'%C3%A1gua/Levantamento%20de%20perna%20de%20prancha.gif","C:\Users\bruno\Downloads\Exercicios renomeados\Elevação de perna em prancha","MIGRADO_FONTE_REVISADA"
"media_36b306c17c825c4dcc54","Elevação de perna na prancha lateral","Elevação de perna na prancha lateral","Apoie mãos ou antebraços conforme a variação e mantenha cabeça, tronco e quadril alinhados. Contraia abdômen e glúteos para estabilizar a lombar. Execute o movimento adicional mostrado sem perder o alinhamento do corpo.","Abdômen/Core","Sem aparelhos | Casa","Abdômen/Core","","Musculação","Sem aparelhos","Casa","Intermediário","gifs/Exercícios sem marca d'água/Elevação de perna na prancha lateral.gif","https://raw.githubusercontent.com/brunofs3221/fortyn-exercise-media-extra/main/gifs/Exerc%C3%ADcios%20sem%20marca%20d'%C3%A1gua/Eleva%C3%A7%C3%A3o%20de%20perna%20na%20prancha%20lateral.gif","C:\Users\bruno\Downloads\Exercicios renomeados\Elevação de perna na prancha lateral","MIGRADO_FONTE_REVISADA"
"media_0839112e00d4f6719204","Elevação de pernas deitado","Elevação de pernas deitado","Deite-se ou apoie-se conforme o GIF e mantenha a lombar controlada. Eleve ou alterne as pernas sem perder a estabilidade da pelve. Desça de maneira lenta, interrompendo a amplitude antes de a lombar arquear.","Abdômen/Core","Sem aparelhos | Casa","Abdômen/Core","","Musculação","Sem aparelhos","Casa","Intermediário","gifs/abdominais/Abdominal - Variação 9.gif","https://raw.githubusercontent.com/brunofs3221/fortyn-exercise-media-extra/main/gifs/abdominais/Abdominal%20-%20Varia%C3%A7%C3%A3o%209.gif","","SEM_FONTE_REVISADA"
"media_eb8a95c08f066f266c77","Elevação de pernas deitado","Elevação de pernas deitado","Deite-se ou apoie-se conforme o GIF e mantenha a lombar controlada. Eleve ou alterne as pernas sem perder a estabilidade da pelve. Desça de maneira lenta, interrompendo a amplitude antes de a lombar arquear.","Abdômen/Core","Sem aparelhos | Casa","Abdômen/Core","","Musculação","Sem aparelhos","Casa","Iniciante","gifs/Exercícios sem marca d'água/Elevação da perna.gif","https://raw.githubusercontent.com/brunofs3221/fortyn-exercise-media-extra/main/gifs/Exerc%C3%ADcios%20sem%20marca%20d'%C3%A1gua/Eleva%C3%A7%C3%A3o%20da%20perna.gif","C:\Users\bruno\Downloads\Exercicios renomeados\Elevação de pernas deitado","MIGRADO_FONTE_REVISADA"
"media_fdcbe7cefa9718431b4c","Elevação de pernas deitado - Variação 2","Elevação de pernas deitado - Variação 2","Deite-se ou apoie-se conforme o GIF e mantenha a lombar controlada. Eleve ou alterne as pernas sem perder a estabilidade da pelve. Desça de maneira lenta, interrompendo a amplitude antes de a lombar arquear.","Abdômen/Core","Sem aparelhos | Casa","Abdômen/Core","","Musculação","Sem aparelhos","Casa","Iniciante","gifs/abdominais/Sentado abdominal na máquina.gif","https://raw.githubusercontent.com/brunofs3221/fortyn-exercise-media-extra/main/gifs/abdominais/Sentado%20abdominal%20na%20m%C3%A1quina.gif","C:\Users\bruno\Downloads\Exercicios renomeados\Elevação de pernas deitado - Variação 2","MIGRADO_FONTE_REVISADA"
"media_637f5e7343df64dcb494","Elevação de pernas deitado na polia","Elevação de pernas deitado na polia","Deite-se ou apoie-se conforme o GIF e mantenha a lombar controlada. Eleve ou alterne as pernas sem perder a estabilidade da pelve. Desça de maneira lenta, interrompendo a amplitude antes de a lombar arquear.","Abdômen/Core","Polia/Cabo | Academia","Abdômen/Core","","Musculação","Polia/Cabo","Academia","Intermediário","gifs/abdominais/Torção de mina terrestre - Variação 2.gif","https://raw.githubusercontent.com/brunofs3221/fortyn-exercise-media-extra/main/gifs/abdominais/Tor%C3%A7%C3%A3o%20de%20mina%20terrestre%20-%20Varia%C3%A7%C3%A3o%202.gif","C:\Users\bruno\Downloads\Exercicios renomeados\Elevação de pernas deitado na polia","MIGRADO_FONTE_REVISADA"
"media_b3c8449518084ebf4224","Elevação de pernas e quadril no banco inclinado","Elevação de quadril no banco com pernas estendidas","Deite-se ou apoie-se conforme o GIF e mantenha a lombar controlada. Eleve ou alterne as pernas sem perder a estabilidade da pelve. Desça de maneira lenta, interrompendo a amplitude antes de a lombar arquear.","Abdômen/Core","Banco | Academia","Abdômen/Core","","Musculação","Banco","Academia","Intermediário","gifs/Exercícios sem marca d'água/Inclinação da perna elevação do quadril.gif","https://raw.githubusercontent.com/brunofs3221/fortyn-exercise-media-extra/main/gifs/Exerc%C3%ADcios%20sem%20marca%20d'%C3%A1gua/Inclina%C3%A7%C3%A3o%20da%20perna%20eleva%C3%A7%C3%A3o%20do%20quadril.gif","C:\Users\bruno\Downloads\Exercicios renomeados\Elevação de pernas e quadril no banco inclinado","MIGRADO_FONTE_REVISADA"
"media_d5e1bb0127d858ad654d","Elevação de pernas na barra fixa","Elevação de pernas na barra fixa","Deite-se ou apoie-se conforme o GIF e mantenha a lombar controlada. Eleve ou alterne as pernas sem perder a estabilidade da pelve. Desça de maneira lenta, interrompendo a amplitude antes de a lombar arquear.","Abdômen/Core","Barra fixa | Academia","Abdômen/Core","","Musculação","Barra fixa","Academia","Intermediário","gifs/abdominais/Weighted hanging knee raises.gif","https://raw.githubusercontent.com/brunofs3221/fortyn-exercise-media-extra/main/gifs/abdominais/Weighted%20hanging%20knee%20raises.gif","C:\Users\bruno\Downloads\Exercicios renomeados\Elevação de pernas na barra fixa","MIGRADO_FONTE_REVISADA"
"media_e9fff91e504d402e450f","Elevação de pernas na cadeira do capitão","Elevação de pernas na cadeira do capitão","Deite-se ou apoie-se conforme o GIF e mantenha a lombar controlada. Eleve ou alterne as pernas sem perder a estabilidade da pelve. Desça de maneira lenta, interrompendo a amplitude antes de a lombar arquear.","Abdômen/Core","Sem aparelhos | Casa","Abdômen/Core","","Musculação","Sem aparelhos","Casa","Intermediário","gifs/abdominais/Elevação da perna da cadeira do capitão.gif","https://raw.githubusercontent.com/brunofs3221/fortyn-exercise-media-extra/main/gifs/abdominais/Eleva%C3%A7%C3%A3o%20da%20perna%20da%20cadeira%20do%20capit%C3%A3o.gif","C:\Users\bruno\Downloads\Exercicios renomeados\Elevação de pernas na cadeira do capitão","MIGRADO_FONTE_REVISADA"
"media_97452559c6b8d2c0322f","Elevação de pernas na cadeira romana","Elevação de pernas na cadeira romana","Deite-se ou apoie-se conforme o GIF e mantenha a lombar controlada. Eleve ou alterne as pernas sem perder a estabilidade da pelve. Desça de maneira lenta, interrompendo a amplitude antes de a lombar arquear.","Abdômen/Core","Sem aparelhos | Casa","Abdômen/Core","","Musculação","Sem aparelhos","Casa","Intermediário","gifs/Exercícios sem marca d'água/Elevação da perna da cadeira do capitão.gif","https://raw.githubusercontent.com/brunofs3221/fortyn-exercise-media-extra/main/gifs/Exerc%C3%ADcios%20sem%20marca%20d'%C3%A1gua/Eleva%C3%A7%C3%A3o%20da%20perna%20da%20cadeira%20do%20capit%C3%A3o.gif","C:\Users\bruno\Downloads\Exercicios renomeados\Elevação de pernas na cadeira romana","MIGRADO_FONTE_REVISADA"
"media_8f5da1b340d091c95ec7","Elevação de pernas no banco com elevação de quadril","Elevação de pernas no banco com elevação de quadril","Deite-se no banco e segure o apoio atrás da cabeça. Eleve as pernas estendidas e, ao final, tire levemente o quadril do banco levando os pés para cima. Desça o quadril primeiro e depois as pernas com controle, sem arquear a lombar.","Abdômen/Core","Banco | Academia","Abdômen/Core","","Musculação","Banco","Academia","Intermediário","gifs/abdominais/Alpinista.gif","https://raw.githubusercontent.com/brunofs3221/fortyn-exercise-media-extra/main/gifs/abdominais/Alpinista.gif","C:\Users\bruno\Downloads\Exercicios renomeados\Elevação de pernas no banco com elevação de quadril","MIGRADO_FONTE_REVISADA"
"media_c90a5c6ac32276fc6c57","Elevação de pernas no banco declinado","Elevação de pernas no banco declinado","Deite-se ou apoie-se conforme o GIF e mantenha a lombar controlada. Eleve ou alterne as pernas sem perder a estabilidade da pelve. Desça de maneira lenta, interrompendo a amplitude antes de a lombar arquear.","Abdômen/Core","Banco | Academia","Abdômen/Core","","Musculação","Banco","Academia","Intermediário","gifs/abdominais/Abdominal - Variação 3.gif","https://raw.githubusercontent.com/brunofs3221/fortyn-exercise-media-extra/main/gifs/abdominais/Abdominal%20-%20Varia%C3%A7%C3%A3o%203.gif","C:\Users\bruno\Downloads\Exercicios renomeados\Elevação de pernas no banco declinado","MIGRADO_FONTE_REVISADA"
"media_60fa5a4dcb045b9623e5","Elevação de quadril com barra","Elevação de quadril com barra","Deite-se com a parte superior das costas apoiada e posicione a barra sobre o quadril. Empurre o chão com os pés e eleve o quadril até alinhar joelhos, quadris e tronco. Contraia os glúteos no topo e desça de forma controlada sem hiperestender a lombar.","Glúteos","Posterior de coxa | Barra | Academia","Glúteos","Posterior de coxa","Musculação","Barra","Academia","Intermediário","gifs/perna/Flexão de perna - Variação 2.gif","https://raw.githubusercontent.com/brunofs3221/fortyn-exercise-media-extra/main/gifs/perna/Flex%C3%A3o%20de%20perna%20-%20Varia%C3%A7%C3%A3o%202.gif","C:\Users\bruno\Downloads\Exercicios renomeados\Elevação de quadril com barra","MIGRADO_FONTE_REVISADA"
"media_f73ab2ae583e3173f577","Elevação de quadril deitado com elástico","Flexão de quadril unilateral com elástico deitado","Apoie os pés com firmeza e mantenha os joelhos alinhados. Contraia o abdômen e eleve o quadril apertando os glúteos até alinhar tronco e coxas. Evite hiperestender a lombar e desça o quadril lentamente.","Glúteos","Elástico | Academia","Glúteos","","Musculação","Elástico","Academia","Iniciante","gifs/Exercícios sem marca d'água/Perna deitada com elástico e elevação do quadril.gif","https://raw.githubusercontent.com/brunofs3221/fortyn-exercise-media-extra/main/gifs/Exerc%C3%ADcios%20sem%20marca%20d'%C3%A1gua/Perna%20deitada%20com%20el%C3%A1stico%20e%20eleva%C3%A7%C3%A3o%20do%20quadril.gif","C:\Users\bruno\Downloads\Exercicios renomeados\Elevação de quadril deitado com elástico","MIGRADO_FONTE_REVISADA"
"media_4dd4e8e8251fc92ef635","Elevação frontal ajoelhada na polia","Elevação frontal ajoelhada na polia","Segure o acessório da polia à frente do corpo com os braços quase estendidos. Eleve-o pela frente até aproximadamente a altura dos ombros, mantendo o tronco estável. Retorne devagar sem deixar o peso puxar os ombros para frente.","Ombros","Polia/Cabo | Academia","Ombros","","Musculação","Polia/Cabo","Academia","Intermediário","gifs/ombros/Remada alta com halteres - Variação 6.gif","https://raw.githubusercontent.com/brunofs3221/fortyn-exercise-media-extra/main/gifs/ombros/Remada%20alta%20com%20halteres%20-%20Varia%C3%A7%C3%A3o%206.gif","C:\Users\bruno\Downloads\Exercicios renomeados\Elevação frontal ajoelhada na polia","MIGRADO_FONTE_REVISADA"
"media_075aed4bce982e87db50","Elevação frontal alternada com halteres","Elevação frontal alternada com halteres","Segure os halteres à frente ou ao lado das coxas. Eleve um ou os dois braços à frente até aproximadamente a altura dos ombros, mantendo os cotovelos levemente flexionados. Desça com controle e evite balançar o tronco.","Ombros","Halteres | Academia","Ombros","","Musculação","Halteres","Academia","Intermediário","gifs/ombros/Remada alta com barra - Variação 2.gif","https://raw.githubusercontent.com/brunofs3221/fortyn-exercise-media-extra/main/gifs/ombros/Remada%20alta%20com%20barra%20-%20Varia%C3%A7%C3%A3o%202.gif","","SEM_FONTE_REVISADA"
"media_2ab7c051830a5ab0096d","Elevação frontal alternada com halteres","Elevação frontal alternada com halteres","Com o tronco estável e os braços quase estendidos, eleve a carga à frente ou no plano indicado até aproximadamente a altura dos ombros. Evite impulso do quadril e retorne de forma controlada.","Ombros","Halteres | Academia","Ombros","","Musculação","Halteres","Academia","Iniciante","gifs/Exercícios sem marca d'água/Elevação frontal alternado com halteres.gif","https://raw.githubusercontent.com/brunofs3221/fortyn-exercise-media-extra/main/gifs/Exerc%C3%ADcios%20sem%20marca%20d'%C3%A1gua/Eleva%C3%A7%C3%A3o%20frontal%20alternado%20com%20halteres.gif","C:\Users\bruno\Downloads\Exercicios renomeados\Elevação frontal alternada com halteres","MIGRADO_FONTE_REVISADA"
"media_b359e324cf2d1c78b261","Elevação frontal apoiada no banco com halteres","Elevação frontal com halteres no banco inclinado","Com o tronco estável e os braços quase estendidos, eleve a carga à frente ou no plano indicado até aproximadamente a altura dos ombros. Evite impulso do quadril e retorne de forma controlada.","Ombros","Halteres | Banco | Academia","Ombros","","Musculação","Halteres | Banco","Academia","Intermediário","gifs/Exercícios sem marca d'água/Levantamentos frontais com halteres apoiados no peito.gif","https://raw.githubusercontent.com/brunofs3221/fortyn-exercise-media-extra/main/gifs/Exerc%C3%ADcios%20sem%20marca%20d'%C3%A1gua/Levantamentos%20frontais%20com%20halteres%20apoiados%20no%20peito.gif","C:\Users\bruno\Downloads\Exercicios renomeados\Elevação frontal apoiada no banco com halteres","MIGRADO_FONTE_REVISADA"
"media_5b342bc56963ecc5e222","Elevação frontal com anilha","Elevação frontal com anilha","Segure a anilha à frente das coxas com os braços quase estendidos. Eleve-a à frente do corpo até aproximadamente a altura dos ombros. Desça de forma controlada, mantendo abdômen firme e evitando inclinar o tronco para trás.","Ombros","Anilhas | Academia","Ombros","","Musculação","Anilhas","Academia","Iniciante","gifs/ombros/Elevação frontal da placa de peso - Variação 4.gif","https://raw.githubusercontent.com/brunofs3221/fortyn-exercise-media-extra/main/gifs/ombros/Eleva%C3%A7%C3%A3o%20frontal%20da%20placa%20de%20peso%20-%20Varia%C3%A7%C3%A3o%204.gif","","SEM_FONTE_REVISADA"
"media_b6b95c22f809905250d0","Elevação frontal com anilha","Elevação frontal com anilha","Com o tronco estável e os braços quase estendidos, eleve a carga à frente ou no plano indicado até aproximadamente a altura dos ombros. Evite impulso do quadril e retorne de forma controlada.","Ombros","Anilhas | Academia","Ombros","","Musculação","Anilhas","Academia","Iniciante","gifs/Exercícios sem marca d'água/Elevação frontal da placa de peso.gif","https://raw.githubusercontent.com/brunofs3221/fortyn-exercise-media-extra/main/gifs/Exerc%C3%ADcios%20sem%20marca%20d'%C3%A1gua/Eleva%C3%A7%C3%A3o%20frontal%20da%20placa%20de%20peso.gif","C:\Users\bruno\Downloads\Exercicios renomeados\Elevação frontal com anilha","MIGRADO_FONTE_REVISADA"
"media_67217bfce5dfe23be6f9","Elevação frontal com anilhas","","Elevação frontal em pé com anilhas, na qual os braços sobem à frente do corpo até a altura dos ombros. A resistência posicionada à frente aumenta a exigência do deltoide anterior e pede tronco firme para evitar balanço.","Ombros","anilhas | academia | casa","Ombros","","Musculação","anilhas","academia | casa","","gifs/ombros/Elevação frontal da placa de peso - Variação 9.gif","https://raw.githubusercontent.com/brunofs3221/fortyn-exercise-media-extra/main/gifs/ombros/Eleva%C3%A7%C3%A3o%20frontal%20da%20placa%20de%20peso%20-%20Varia%C3%A7%C3%A3o%209.gif","","SEM_FONTE_REVISADA"
"media_886ba7e6278a3f07a237","Elevação frontal com barra","Elevação frontal com barra","Com o tronco estável e os braços quase estendidos, eleve a carga à frente ou no plano indicado até aproximadamente a altura dos ombros. Evite impulso do quadril e retorne de forma controlada.","Ombros","Barra | Academia","Ombros","","Musculação","Barra","Academia","Iniciante","gifs/Exercícios sem marca d'água/Elevação frontal com barra.gif","https://raw.githubusercontent.com/brunofs3221/fortyn-exercise-media-extra/main/gifs/Exerc%C3%ADcios%20sem%20marca%20d'%C3%A1gua/Eleva%C3%A7%C3%A3o%20frontal%20com%20barra.gif","C:\Users\bruno\Downloads\Exercicios renomeados\Elevação frontal com barra","MIGRADO_FONTE_REVISADA"
"media_a7872048d9895c8e58d2","Elevação frontal com barra e rotação","Elevação frontal com barra","Com o tronco estável e os braços quase estendidos, eleve a carga à frente ou no plano indicado até aproximadamente a altura dos ombros. Evite impulso do quadril e retorne de forma controlada.","Ombros","Barra | Academia","Ombros","","Musculação","Barra","Academia","Iniciante","gifs/Exercícios sem marca d'água/Torção de elevação frontal com barra.gif","https://raw.githubusercontent.com/brunofs3221/fortyn-exercise-media-extra/main/gifs/Exerc%C3%ADcios%20sem%20marca%20d'%C3%A1gua/Tor%C3%A7%C3%A3o%20de%20eleva%C3%A7%C3%A3o%20frontal%20com%20barra.gif","C:\Users\bruno\Downloads\Exercicios renomeados\Elevação frontal com barra e rotação","MIGRADO_FONTE_REVISADA"
"media_fe8938b05a18f5efa6ce","Elevação frontal com barra no banco inclinado","Elevação frontal com barra no banco inclinado","Segure a barra com as mãos na largura indicada e mantenha os braços quase estendidos. Eleve a barra à frente até aproximadamente a altura dos ombros e retorne lentamente. Evite usar impulso ou arquear a lombar.","Ombros","Barra | Banco | Academia","Ombros","","Musculação","Barra | Banco","Academia","Intermediário","gifs/ombros/Elevações laterais apoiadas no peito com halteres.gif","https://raw.githubusercontent.com/brunofs3221/fortyn-exercise-media-extra/main/gifs/ombros/Eleva%C3%A7%C3%B5es%20laterais%20apoiadas%20no%20peito%20com%20halteres.gif","C:\Users\bruno\Downloads\Exercicios renomeados\Elevação frontal com barra no banco inclinado","MIGRADO_FONTE_REVISADA"
"media_00dc19505218d6bdd7af","Elevação frontal com cabo de dois braços","Elevação frontal na polia com barra","Com o tronco estável e os braços quase estendidos, eleve a carga à frente ou no plano indicado até aproximadamente a altura dos ombros. Evite impulso do quadril e retorne de forma controlada.","Ombros","Polia/Cabo | Academia","Ombros","","Musculação","Polia/Cabo","Academia","Iniciante","gifs/Exercícios sem marca d'água/Elevação frontal com cabo de dois braços.gif","https://raw.githubusercontent.com/brunofs3221/fortyn-exercise-media-extra/main/gifs/Exerc%C3%ADcios%20sem%20marca%20d'%C3%A1gua/Eleva%C3%A7%C3%A3o%20frontal%20com%20cabo%20de%20dois%20bra%C3%A7os.gif","C:\Users\bruno\Downloads\Exercicios renomeados\Elevação frontal com cabo de dois braços","MIGRADO_FONTE_REVISADA"
"media_a6955b3d6b5ae7108c52","Elevação frontal com cabo duplo","Crucifixo na polia baixa","Com o tronco estável e os braços quase estendidos, eleve a carga à frente ou no plano indicado até aproximadamente a altura dos ombros. Evite impulso do quadril e retorne de forma controlada.","Ombros","Polia/Cabo | Academia","Ombros","","Musculação","Polia/Cabo","Academia","Intermediário","gifs/Exercícios sem marca d'água/Elevação frontal com cabo duplo.gif","https://raw.githubusercontent.com/brunofs3221/fortyn-exercise-media-extra/main/gifs/Exerc%C3%ADcios%20sem%20marca%20d'%C3%A1gua/Eleva%C3%A7%C3%A3o%20frontal%20com%20cabo%20duplo.gif","C:\Users\bruno\Downloads\Exercicios renomeados\Elevação frontal com cabo duplo","MIGRADO_FONTE_REVISADA"
"media_acc5dd489702819108a8","Elevação frontal com halteres","Elevação frontal com halteres","Com o tronco estável e os braços quase estendidos, eleve a carga à frente ou no plano indicado até aproximadamente a altura dos ombros. Evite impulso do quadril e retorne de forma controlada.","Ombros","Halteres | Academia","Ombros","","Musculação","Halteres","Academia","Iniciante","gifs/Exercícios sem marca d'água/Elevação frontal com halteres.gif","https://raw.githubusercontent.com/brunofs3221/fortyn-exercise-media-extra/main/gifs/Exerc%C3%ADcios%20sem%20marca%20d'%C3%A1gua/Eleva%C3%A7%C3%A3o%20frontal%20com%20halteres.gif","C:\Users\bruno\Downloads\Exercicios renomeados\Elevação frontal com halteres","MIGRADO_FONTE_REVISADA"
"media_e3f4dc43b857f66c3c2b","Elevação frontal com halteres","Elevação frontal com halteres","Segure os halteres à frente ou ao lado das coxas. Eleve um ou os dois braços à frente até aproximadamente a altura dos ombros, mantendo os cotovelos levemente flexionados. Desça com controle e evite balançar o tronco.","Ombros","Halteres | Academia","Ombros","","Musculação","Halteres","Academia","Iniciante","gifs/ombros/Elevação frontal da placa de peso - Variação 2.gif","https://raw.githubusercontent.com/brunofs3221/fortyn-exercise-media-extra/main/gifs/ombros/Eleva%C3%A7%C3%A3o%20frontal%20da%20placa%20de%20peso%20-%20Varia%C3%A7%C3%A3o%202.gif","","SEM_FONTE_REVISADA"
"media_1656b852dc13177aea31","Elevação frontal com halteres de dois braços","Elevação frontal bilateral com halteres","Com o tronco estável e os braços quase estendidos, eleve a carga à frente ou no plano indicado até aproximadamente a altura dos ombros. Evite impulso do quadril e retorne de forma controlada.","Ombros","Halteres | Academia","Ombros","","Musculação","Halteres","Academia","Iniciante","gifs/Exercícios sem marca d'água/Elevação frontal com halteres de dois braços.gif","https://raw.githubusercontent.com/brunofs3221/fortyn-exercise-media-extra/main/gifs/Exerc%C3%ADcios%20sem%20marca%20d'%C3%A1gua/Eleva%C3%A7%C3%A3o%20frontal%20com%20halteres%20de%20dois%20bra%C3%A7os.gif","C:\Users\bruno\Downloads\Exercicios renomeados\Elevação frontal com halteres de dois braços","MIGRADO_FONTE_REVISADA"
"media_006aaaa8382e13e34653","Elevação frontal com halteres sentado","Elevação frontal sentada com halteres","Com o tronco estável e os braços quase estendidos, eleve a carga à frente ou no plano indicado até aproximadamente a altura dos ombros. Evite impulso do quadril e retorne de forma controlada.","Ombros","Halteres | Academia","Ombros","","Musculação","Halteres","Academia","Iniciante","gifs/Exercícios sem marca d'água/Elevação frontal com halteres sentado.gif","https://raw.githubusercontent.com/brunofs3221/fortyn-exercise-media-extra/main/gifs/Exerc%C3%ADcios%20sem%20marca%20d'%C3%A1gua/Eleva%C3%A7%C3%A3o%20frontal%20com%20halteres%20sentado.gif","C:\Users\bruno\Downloads\Exercicios renomeados\Elevação frontal com halteres sentado","MIGRADO_FONTE_REVISADA"
"media_c6150befa50c9d8f8236","Elevação frontal com halteres sentado","Elevação frontal com halteres sentado","Segure os halteres à frente ou ao lado das coxas. Eleve um ou os dois braços à frente até aproximadamente a altura dos ombros, mantendo os cotovelos levemente flexionados. Desça com controle e evite balançar o tronco.","Ombros","Halteres | Academia","Ombros","","Musculação","Halteres","Academia","Iniciante","gifs/ombros/Elevações laterais apoiadas no peito com halteres - Variação 3.gif","https://raw.githubusercontent.com/brunofs3221/fortyn-exercise-media-extra/main/gifs/ombros/Eleva%C3%A7%C3%B5es%20laterais%20apoiadas%20no%20peito%20com%20halteres%20-%20Varia%C3%A7%C3%A3o%203.gif","","SEM_FONTE_REVISADA"
"media_198dc751bdde6f796202","Elevação frontal do cabo","Elevação frontal unilateral na polia baixa","Com o tronco estável e os braços quase estendidos, eleve a carga à frente ou no plano indicado até aproximadamente a altura dos ombros. Evite impulso do quadril e retorne de forma controlada.","Ombros","Polia/Cabo | Academia","Ombros","","Musculação","Polia/Cabo","Academia","Iniciante","gifs/Exercícios sem marca d'água/Elevação frontal do cabo.gif","https://raw.githubusercontent.com/brunofs3221/fortyn-exercise-media-extra/main/gifs/Exerc%C3%ADcios%20sem%20marca%20d'%C3%A1gua/Eleva%C3%A7%C3%A3o%20frontal%20do%20cabo.gif","C:\Users\bruno\Downloads\Exercicios renomeados\Elevação frontal do cabo","MIGRADO_FONTE_REVISADA"
"media_7a01dfc231d8c0163342","Elevação frontal na polia com barra reta","Elevação frontal na polia com barra reta","Segure o acessório da polia à frente do corpo com os braços quase estendidos. Eleve-o pela frente até aproximadamente a altura dos ombros, mantendo o tronco estável. Retorne devagar sem deixar o peso puxar os ombros para frente.","Ombros","Barra | Polia/Cabo | Academia","Ombros","","Musculação","Barra | Polia/Cabo","Academia","Intermediário","gifs/ombros/Remada alta com barra.gif","https://raw.githubusercontent.com/brunofs3221/fortyn-exercise-media-extra/main/gifs/ombros/Remada%20alta%20com%20barra.gif","C:\Users\bruno\Downloads\Exercicios renomeados\Elevação frontal na polia com barra reta","MIGRADO_FONTE_REVISADA"
"media_f7ff455f188239889f95","Elevação lateral alternada com halteres","Elevação lateral alternada com halteres","Mantenha o tronco ereto e os halteres ao lado do corpo. Com os cotovelos levemente flexionados, eleve os braços lateralmente até aproximadamente a altura dos ombros. Desça lentamente e evite usar balanço do tronco.","Ombros","Halteres | Academia","Ombros","","Musculação","Halteres","Academia","Iniciante","gifs/ombros/Alternate com halteres elevação lateral.gif","https://raw.githubusercontent.com/brunofs3221/fortyn-exercise-media-extra/main/gifs/ombros/Alternate%20com%20halteres%20eleva%C3%A7%C3%A3o%20lateral.gif","C:\Users\bruno\Downloads\Exercicios renomeados\Elevação lateral alternada com halteres","MIGRADO_FONTE_REVISADA"
"media_70b7e9440f7d29ce84f1","Elevação lateral alternada com halteres - Variação 2","Elevação lateral alternada com halteres - Variação 2","Mantenha o tronco ereto e os halteres ao lado do corpo. Com os cotovelos levemente flexionados, eleve os braços lateralmente até aproximadamente a altura dos ombros. Desça lentamente e evite usar balanço do tronco.","Ombros","Halteres | Academia","Ombros","","Musculação","Halteres","Academia","Intermediário","gifs/ombros/Remada alta com halteres - Variação 2.gif","https://raw.githubusercontent.com/brunofs3221/fortyn-exercise-media-extra/main/gifs/ombros/Remada%20alta%20com%20halteres%20-%20Varia%C3%A7%C3%A3o%202.gif","C:\Users\bruno\Downloads\Exercicios renomeados\Elevação lateral alternada com halteres - Variação 2","MIGRADO_FONTE_REVISADA"
"media_f505add36b8c84820ceb","Elevação lateral com cabo de dois braços","Elevação lateral bilateral na polia","Mantenha os cotovelos levemente flexionados e eleve os braços para os lados até aproximadamente a altura dos ombros. Evite usar balanço do tronco ou encolher os ombros e desça lentamente.","Ombros","Polia/Cabo | Academia","Ombros","","Musculação","Polia/Cabo","Academia","Intermediário","gifs/Exercícios sem marca d'água/Elevação lateral com cabo de dois braços.gif","https://raw.githubusercontent.com/brunofs3221/fortyn-exercise-media-extra/main/gifs/Exerc%C3%ADcios%20sem%20marca%20d'%C3%A1gua/Eleva%C3%A7%C3%A3o%20lateral%20com%20cabo%20de%20dois%20bra%C3%A7os.gif","C:\Users\bruno\Downloads\Exercicios renomeados\Elevação lateral com cabo de dois braços","MIGRADO_FONTE_REVISADA"
"media_4465405e7809b638e2a1","Elevação lateral com halteres","Elevação lateral com halteres","Mantenha o tronco ereto e os halteres ao lado do corpo. Com os cotovelos levemente flexionados, eleve os braços lateralmente até aproximadamente a altura dos ombros. Desça lentamente e evite usar balanço do tronco.","Ombros","Halteres | Academia","Ombros","","Musculação","Halteres","Academia","Iniciante","gifs/ombros/Elevação frontal da placa de peso - Variação 5.gif","https://raw.githubusercontent.com/brunofs3221/fortyn-exercise-media-extra/main/gifs/ombros/Eleva%C3%A7%C3%A3o%20frontal%20da%20placa%20de%20peso%20-%20Varia%C3%A7%C3%A3o%205.gif","","SEM_FONTE_REVISADA"
"media_c6ce58984b229dd1a1f7","Elevação lateral com halteres","Elevação frontal com halteres","Mantenha os cotovelos levemente flexionados e eleve os braços para os lados até aproximadamente a altura dos ombros. Evite usar balanço do tronco ou encolher os ombros e desça lentamente.","Ombros","Halteres | Academia","Ombros","","Musculação","Halteres","Academia","Iniciante","gifs/Exercícios sem marca d'água/Elevação lateral com halteres.gif","https://raw.githubusercontent.com/brunofs3221/fortyn-exercise-media-extra/main/gifs/Exerc%C3%ADcios%20sem%20marca%20d'%C3%A1gua/Eleva%C3%A7%C3%A3o%20lateral%20com%20halteres.gif","C:\Users\bruno\Downloads\Exercicios renomeados\Elevação lateral com halteres","MIGRADO_FONTE_REVISADA"
"media_5ac99891fcbbb60899c3","Elevação lateral com halteres apoiado no banco inclinado","Elevação lateral com halteres apoiado no banco inclinado","Apoie o peito no banco inclinado e deixe os halteres ao lado do corpo. Eleve os braços lateralmente até aproximadamente a altura dos ombros, mantendo uma leve flexão nos cotovelos. Desça de forma controlada sem balançar o tronco.","Ombros","Halteres | Banco","Ombros","","Musculação","Halteres | Banco","Academia | Casa","Intermediário","gifs/trapézio/Encolher de ombros inclinado com halteres - Variação 5.gif","https://raw.githubusercontent.com/brunofs3221/fortyn-exercise-media-extra/main/gifs/trap%C3%A9zio/Encolher%20de%20ombros%20inclinado%20com%20halteres%20-%20Varia%C3%A7%C3%A3o%205.gif","C:\Users\bruno\Downloads\Exercicios renomeados\Elevação lateral com halteres apoiado no banco inclinado","MIGRADO_FONTE_REVISADA"
"media_f45022d04b6f2ee24494","Elevação lateral com halteres para frente","Elevação frontal com halteres","Mantenha os cotovelos levemente flexionados e eleve os braços para os lados até aproximadamente a altura dos ombros. Evite usar balanço do tronco ou encolher os ombros e desça lentamente.","Ombros","Halteres | Academia","Ombros","","Musculação","Halteres","Academia","Iniciante","gifs/Exercícios sem marca d'água/Elevação lateral com halteres para frente.gif","https://raw.githubusercontent.com/brunofs3221/fortyn-exercise-media-extra/main/gifs/Exerc%C3%ADcios%20sem%20marca%20d'%C3%A1gua/Eleva%C3%A7%C3%A3o%20lateral%20com%20halteres%20para%20frente.gif","C:\Users\bruno\Downloads\Exercicios renomeados\Elevação lateral com halteres para frente","MIGRADO_FONTE_REVISADA"
"media_8a2ef003e16bff12ac94","Elevação lateral com halteres sentado","Elevação lateral com halteres sentado","Mantenha o tronco ereto e os halteres ao lado do corpo. Com os cotovelos levemente flexionados, eleve os braços lateralmente até aproximadamente a altura dos ombros. Desça lentamente e evite usar balanço do tronco.","Ombros","Halteres | Banco | Academia","Ombros","","Musculação","Halteres | Banco","Academia","Iniciante","gifs/ombros/Sentado com halteres elevação lateral.gif","https://raw.githubusercontent.com/brunofs3221/fortyn-exercise-media-extra/main/gifs/ombros/Sentado%20com%20halteres%20eleva%C3%A7%C3%A3o%20lateral.gif","C:\Users\bruno\Downloads\Exercicios renomeados\Elevação lateral com halteres sentado","MIGRADO_FONTE_REVISADA"
"media_3157857e28f1e26b991f","Elevação lateral completa com halteres","Elevação lateral completa com halteres","Comece com os halteres ao lado do corpo. Eleve os braços lateralmente em arco, continuando o movimento acima da cabeça conforme o GIF, sem usar balanço. Retorne pela mesma trajetória de forma lenta e mantenha os ombros afastados das orelhas.","Ombros","Halteres | Academia","Ombros","","Musculação","Halteres","Academia","Avançado","gifs/ombros/Elevação frontal da placa de peso.gif","https://raw.githubusercontent.com/brunofs3221/fortyn-exercise-media-extra/main/gifs/ombros/Eleva%C3%A7%C3%A3o%20frontal%20da%20placa%20de%20peso.gif","C:\Users\bruno\Downloads\Exercicios renomeados\Elevação lateral completa com halteres","MIGRADO_FONTE_REVISADA"
"media_f36c497ac228ac596cdd","Elevação lateral curvado com halteres","Crucifixo inverso curvado com halteres","Mantenha os cotovelos levemente flexionados e eleve os braços para os lados até aproximadamente a altura dos ombros. Evite usar balanço do tronco ou encolher os ombros e desça lentamente.","Ombros","Halteres | Academia","Ombros","","Musculação","Halteres","Academia","Intermediário","gifs/Exercícios sem marca d'água/Curvado sobre elevação lateral.gif","https://raw.githubusercontent.com/brunofs3221/fortyn-exercise-media-extra/main/gifs/Exerc%C3%ADcios%20sem%20marca%20d'%C3%A1gua/Curvado%20sobre%20eleva%C3%A7%C3%A3o%20lateral.gif","C:\Users\bruno\Downloads\Exercicios renomeados\Elevação lateral curvado com halteres","MIGRADO_FONTE_REVISADA"
"media_8bbd95b346b1ae81af32","Elevação lateral de braços sem peso","Elevação lateral sem carga","Mantenha os cotovelos levemente flexionados e eleve os braços para os lados até aproximadamente a altura dos ombros. Evite usar balanço do tronco ou encolher os ombros e desça lentamente.","Ombros","Sem aparelhos | Casa","Ombros","","Musculação","Sem aparelhos","Casa","Iniciante","gifs/Exercícios sem marca d'água/Braço lateral levanta.gif","https://raw.githubusercontent.com/brunofs3221/fortyn-exercise-media-extra/main/gifs/Exerc%C3%ADcios%20sem%20marca%20d'%C3%A1gua/Bra%C3%A7o%20lateral%20levanta.gif","C:\Users\bruno\Downloads\Exercicios renomeados\Elevação lateral de braços sem peso","MIGRADO_FONTE_REVISADA"
"media_c989c5ab7b2f1f7eedd8","Elevação lateral de joelhos na barra fixa","Elevação lateral de joelhos na barra fixa","Mantenha os cotovelos levemente flexionados e eleve os braços para os lados até aproximadamente a altura dos ombros. Evite usar balanço do tronco ou encolher os ombros e desça lentamente.","Ombros","Barra fixa | Academia","Ombros","","Musculação","Barra fixa","Academia","Intermediário","gifs/abdominais/Hanging side knee raises.gif","https://raw.githubusercontent.com/brunofs3221/fortyn-exercise-media-extra/main/gifs/abdominais/Hanging%20side%20knee%20raises.gif","C:\Users\bruno\Downloads\Exercicios renomeados\Elevação lateral de joelhos na barra fixa","MIGRADO_FONTE_REVISADA"
"media_4054aba26c9c9342e8d4","Elevação lateral de landmine","Elevação lateral unilateral no landmine","Mantenha os cotovelos levemente flexionados e eleve os braços para os lados até aproximadamente a altura dos ombros. Evite usar balanço do tronco ou encolher os ombros e desça lentamente.","Ombros","Barra | Academia","Ombros","","Musculação","Barra","Academia","Intermediário","gifs/Exercícios sem marca d'água/Elevação lateral de landmine.gif","https://raw.githubusercontent.com/brunofs3221/fortyn-exercise-media-extra/main/gifs/Exerc%C3%ADcios%20sem%20marca%20d'%C3%A1gua/Eleva%C3%A7%C3%A3o%20lateral%20de%20landmine.gif","C:\Users\bruno\Downloads\Exercicios renomeados\Elevação lateral de landmine","MIGRADO_FONTE_REVISADA"
"media_154903db657da1f6344a","Elevação lateral deltóide traseiro com halteres","Elevação para deltoide posterior com halter apoiado no banco","Mantenha os cotovelos levemente flexionados e eleve os braços para os lados até aproximadamente a altura dos ombros. Evite usar balanço do tronco ou encolher os ombros e desça lentamente.","Ombros","Halteres | Academia","Ombros","","Musculação","Halteres","Academia","Intermediário","gifs/Exercícios sem marca d'água/Elevação lateral deltóide traseiro com halteres.gif","https://raw.githubusercontent.com/brunofs3221/fortyn-exercise-media-extra/main/gifs/Exerc%C3%ADcios%20sem%20marca%20d'%C3%A1gua/Eleva%C3%A7%C3%A3o%20lateral%20delt%C3%B3ide%20traseiro%20com%20halteres.gif","C:\Users\bruno\Downloads\Exercicios renomeados\Elevação lateral deltóide traseiro com halteres","MIGRADO_FONTE_REVISADA"
"media_7ce93fbe567716b3cc79","Elevação lateral do braço dobrado","Elevação lateral com cotovelos flexionados","Mantenha os cotovelos levemente flexionados e eleve os braços para os lados até aproximadamente a altura dos ombros. Evite usar balanço do tronco ou encolher os ombros e desça lentamente.","Ombros","Sem aparelhos | Casa","Ombros","","Musculação","Sem aparelhos","Casa","Iniciante","gifs/Exercícios sem marca d'água/Elevação lateral do braço dobrado.gif","https://raw.githubusercontent.com/brunofs3221/fortyn-exercise-media-extra/main/gifs/Exerc%C3%ADcios%20sem%20marca%20d'%C3%A1gua/Eleva%C3%A7%C3%A3o%20lateral%20do%20bra%C3%A7o%20dobrado.gif","C:\Users\bruno\Downloads\Exercicios renomeados\Elevação lateral do braço dobrado","MIGRADO_FONTE_REVISADA"
"media_2a8aec42b9a334f70e80","Elevação lateral do cabo","Elevação lateral unilateral na polia baixa","Mantenha os cotovelos levemente flexionados e eleve os braços para os lados até aproximadamente a altura dos ombros. Evite usar balanço do tronco ou encolher os ombros e desça lentamente.","Ombros","Polia/Cabo | Academia","Ombros","","Musculação","Polia/Cabo","Academia","Iniciante","gifs/Exercícios sem marca d'água/Elevação lateral do cabo.gif","https://raw.githubusercontent.com/brunofs3221/fortyn-exercise-media-extra/main/gifs/Exerc%C3%ADcios%20sem%20marca%20d'%C3%A1gua/Eleva%C3%A7%C3%A3o%20lateral%20do%20cabo.gif","C:\Users\bruno\Downloads\Exercicios renomeados\Elevação lateral do cabo","MIGRADO_FONTE_REVISADA"
"media_3d1a52a202a870041808","Elevação lateral do cabo inclinado","Elevação lateral inclinada na polia","Mantenha os cotovelos levemente flexionados e eleve os braços para os lados até aproximadamente a altura dos ombros. Evite usar balanço do tronco ou encolher os ombros e desça lentamente.","Ombros","Polia/Cabo | Banco | Academia","Ombros","","Musculação","Polia/Cabo | Banco","Academia","Intermediário","gifs/Exercícios sem marca d'água/Elevação lateral do cabo inclinado.gif","https://raw.githubusercontent.com/brunofs3221/fortyn-exercise-media-extra/main/gifs/Exerc%C3%ADcios%20sem%20marca%20d'%C3%A1gua/Eleva%C3%A7%C3%A3o%20lateral%20do%20cabo%20inclinado.gif","C:\Users\bruno\Downloads\Exercicios renomeados\Elevação lateral do cabo inclinado","MIGRADO_FONTE_REVISADA"
"media_03b9755779d3c5440a8b","Elevação lateral inclinada com halteres","Elevação lateral com halter deitado em banco inclinado","Mantenha os cotovelos levemente flexionados e eleve os braços para os lados até aproximadamente a altura dos ombros. Evite usar balanço do tronco ou encolher os ombros e desça lentamente.","Ombros","Halteres | Academia","Ombros","","Musculação","Halteres","Academia","Intermediário","gifs/Exercícios sem marca d'água/Inclinação lateral com halteres elevação lateral.gif","https://raw.githubusercontent.com/brunofs3221/fortyn-exercise-media-extra/main/gifs/Exerc%C3%ADcios%20sem%20marca%20d'%C3%A1gua/Inclina%C3%A7%C3%A3o%20lateral%20com%20halteres%20eleva%C3%A7%C3%A3o%20lateral.gif","C:\Users\bruno\Downloads\Exercicios renomeados\Elevação lateral inclinada com halteres","MIGRADO_FONTE_REVISADA"
"media_21761ea8609e3a78358d","Elevação lateral inclinado com haltere de braço único","Elevação lateral inclinada unilateral com halter","Mantenha os cotovelos levemente flexionados e eleve os braços para os lados até aproximadamente a altura dos ombros. Evite usar balanço do tronco ou encolher os ombros e desça lentamente.","Ombros","Halteres | Banco | Academia","Ombros","","Musculação","Halteres | Banco","Academia","Intermediário","gifs/Exercícios sem marca d'água/Elevação lateral inclinado com haltere de braço único.gif","https://raw.githubusercontent.com/brunofs3221/fortyn-exercise-media-extra/main/gifs/Exerc%C3%ADcios%20sem%20marca%20d'%C3%A1gua/Eleva%C3%A7%C3%A3o%20lateral%20inclinado%20com%20haltere%20de%20bra%C3%A7o%20%C3%BAnico.gif","C:\Users\bruno\Downloads\Exercicios renomeados\Elevação lateral inclinado com haltere de braço único","MIGRADO_FONTE_REVISADA"
"media_24e4a6315b1cf32fe07d","Elevação lateral na máquina","Elevação lateral na máquina","Mantenha os cotovelos levemente flexionados e eleve os braços para os lados até aproximadamente a altura dos ombros. Evite usar balanço do tronco ou encolher os ombros e desça lentamente.","Ombros","Máquina | Academia","Ombros","","Musculação","Máquina","Academia","Iniciante","gifs/Exercícios sem marca d'água/Elevação lateral na máquina.gif","https://raw.githubusercontent.com/brunofs3221/fortyn-exercise-media-extra/main/gifs/Exerc%C3%ADcios%20sem%20marca%20d'%C3%A1gua/Eleva%C3%A7%C3%A3o%20lateral%20na%20m%C3%A1quina.gif","C:\Users\bruno\Downloads\Exercicios renomeados\Elevação lateral na máquina","MIGRADO_FONTE_REVISADA"
"media_8dd3a39236ffa91bc781","Elevação lateral na máquina","Elevação lateral na máquina","Sente-se e ajuste o banco para que os braços fiquem alinhados com os apoios da máquina. Mantendo o tronco firme, eleve os braços para os lados até aproximadamente a linha dos ombros. Desça devagar sem deixar o peso bater e repita sem encolher os ombros.","Ombros","Máquina | Academia","Ombros","","Musculação","Máquina","Academia","Iniciante","gifs/ombros/Máquina de elevação lateral.gif","https://raw.githubusercontent.com/brunofs3221/fortyn-exercise-media-extra/main/gifs/ombros/M%C3%A1quina%20de%20eleva%C3%A7%C3%A3o%20lateral.gif","","SEM_FONTE_REVISADA"
"media_1f3bc8ced33e2ad9012e","Elevação lateral na máquina - variação 2","Elevação lateral na máquina","Mantenha os cotovelos levemente flexionados e eleve os braços para os lados até aproximadamente a altura dos ombros. Evite usar balanço do tronco ou encolher os ombros e desça lentamente.","Ombros","Máquina | Academia","Ombros","","Musculação","Máquina","Academia","Iniciante","gifs/Exercícios sem marca d'água/Máquina de elevação lateral.gif","https://raw.githubusercontent.com/brunofs3221/fortyn-exercise-media-extra/main/gifs/Exerc%C3%ADcios%20sem%20marca%20d'%C3%A1gua/M%C3%A1quina%20de%20eleva%C3%A7%C3%A3o%20lateral.gif","C:\Users\bruno\Downloads\Exercicios renomeados\Elevação lateral na máquina - variação 2","MIGRADO_FONTE_REVISADA"
"media_7bb90ed783ce15b2680d","Elevação lateral na máquina articulada","Elevação lateral na máquina articulada","Sente-se e ajuste o banco para que os braços fiquem alinhados com os apoios da máquina. Mantendo o tronco firme, eleve os braços para os lados até aproximadamente a linha dos ombros. Desça devagar sem deixar o peso bater e repita sem encolher os ombros.","Ombros","Máquina | Academia","Ombros","","Musculação","Máquina","Academia","Iniciante","gifs/ombros/Alavanca de desenvolvimento de ombros - Variação 2.gif","https://raw.githubusercontent.com/brunofs3221/fortyn-exercise-media-extra/main/gifs/ombros/Alavanca%20de%20desenvolvimento%20de%20ombros%20-%20Varia%C3%A7%C3%A3o%202.gif","C:\Users\bruno\Downloads\Exercicios renomeados\Elevação lateral na máquina articulada","MIGRADO_FONTE_REVISADA"
"media_ffdf98f90480af67b8d0","Elevação lateral traseira com halteres sentado","Elevação lateral sentada com halteres","Mantenha os cotovelos levemente flexionados e eleve os braços para os lados até aproximadamente a altura dos ombros. Evite usar balanço do tronco ou encolher os ombros e desça lentamente.","Ombros","Halteres | Academia","Ombros","","Musculação","Halteres","Academia","Iniciante","gifs/Exercícios sem marca d'água/Elevação lateral traseira com halteres sentado.gif","https://raw.githubusercontent.com/brunofs3221/fortyn-exercise-media-extra/main/gifs/Exerc%C3%ADcios%20sem%20marca%20d'%C3%A1gua/Eleva%C3%A7%C3%A3o%20lateral%20traseira%20com%20halteres%20sentado.gif","C:\Users\bruno\Downloads\Exercicios renomeados\Elevação lateral traseira com halteres sentado","MIGRADO_FONTE_REVISADA"
"media_d67bcf20520a5f1ea0f6","Elevação lateral unilateral curvado no cabo","Elevação lateral unilateral na polia baixa inclinada","Mantenha os cotovelos levemente flexionados e eleve os braços para os lados até aproximadamente a altura dos ombros. Evite usar balanço do tronco ou encolher os ombros e desça lentamente.","Ombros","Polia/Cabo | Academia","Ombros","","Musculação","Polia/Cabo","Academia","Intermediário","gifs/Exercícios sem marca d'água/Um braço dobrado sobre o cabo elevação lateral.gif","https://raw.githubusercontent.com/brunofs3221/fortyn-exercise-media-extra/main/gifs/Exerc%C3%ADcios%20sem%20marca%20d'%C3%A1gua/Um%20bra%C3%A7o%20dobrado%20sobre%20o%20cabo%20eleva%C3%A7%C3%A3o%20lateral.gif","C:\Users\bruno\Downloads\Exercicios renomeados\Elevação lateral unilateral curvado no cabo","MIGRADO_FONTE_REVISADA"
"media_aca68719c54680f1f8f2","Elevação lateral unilateral deitado no banco inclinado","Elevação lateral unilateral deitado no banco inclinado","Apoie o corpo no banco conforme mostrado e segure o halter com o braço de trabalho. Mantendo o cotovelo levemente flexionado, eleve o braço para o lado até a amplitude confortável. Desça de forma controlada sem girar o tronco.","Ombros","Banco | Academia","Ombros","","Musculação","Banco","Academia","Intermediário","gifs/ombros/Inclinação lateral com halteres elevação lateral.gif","https://raw.githubusercontent.com/brunofs3221/fortyn-exercise-media-extra/main/gifs/ombros/Inclina%C3%A7%C3%A3o%20lateral%20com%20halteres%20eleva%C3%A7%C3%A3o%20lateral.gif","C:\Users\bruno\Downloads\Exercicios renomeados\Elevação lateral unilateral deitado no banco inclinado","MIGRADO_FONTE_REVISADA"
"media_ff4945cc546a6db15e04","Elevação lateral unilateral inclinada com halter","Elevação lateral unilateral inclinada com halter","Mantenha o tronco ereto e os halteres ao lado do corpo. Com os cotovelos levemente flexionados, eleve os braços lateralmente até aproximadamente a altura dos ombros. Desça lentamente e evite usar balanço do tronco.","Ombros","Halteres | Academia","Ombros","","Musculação","Halteres","Academia","Intermediário","gifs/ombros/Elevação lateral inclinado com haltere de braço único.gif","https://raw.githubusercontent.com/brunofs3221/fortyn-exercise-media-extra/main/gifs/ombros/Eleva%C3%A7%C3%A3o%20lateral%20inclinado%20com%20haltere%20de%20bra%C3%A7o%20%C3%BAnico.gif","C:\Users\bruno\Downloads\Exercicios renomeados\Elevação lateral unilateral inclinada com halter","MIGRADO_FONTE_REVISADA"
"media_4349c945e0f909407090","Elevação lateral unilateral na polia","Elevação lateral unilateral na polia","Posicione-se ao lado da polia e segure o cabo com o braço de trabalho. Com o cotovelo levemente flexionado e o tronco estável, eleve o braço lateralmente até perto da altura do ombro. Retorne lentamente, evitando inclinar o corpo para gerar impulso.","Ombros","Polia/Cabo | Academia","Ombros","","Musculação","Polia/Cabo","Academia","Iniciante","gifs/ombros/Elevação frontal da placa de peso - Variação 3.gif","https://raw.githubusercontent.com/brunofs3221/fortyn-exercise-media-extra/main/gifs/ombros/Eleva%C3%A7%C3%A3o%20frontal%20da%20placa%20de%20peso%20-%20Varia%C3%A7%C3%A3o%203.gif","C:\Users\bruno\Downloads\Exercicios renomeados\Elevação lateral unilateral na polia","MIGRADO_FONTE_REVISADA"
"media_d0ef9c1ae8bd3cbe7a83","Elevação no plano escapular com halteres","Elevação escapular com halteres","Com o tronco estável e os braços quase estendidos, eleve a carga à frente ou no plano indicado até aproximadamente a altura dos ombros. Evite impulso do quadril e retorne de forma controlada.","Ombros","Halteres | Academia","Ombros","","Musculação","Halteres","Academia","Iniciante","gifs/Exercícios sem marca d'água/Escapção com halteres.gif","https://raw.githubusercontent.com/brunofs3221/fortyn-exercise-media-extra/main/gifs/Exerc%C3%ADcios%20sem%20marca%20d'%C3%A1gua/Escap%C3%A7%C3%A3o%20com%20halteres.gif","C:\Users\bruno\Downloads\Exercicios renomeados\Elevação no plano escapular com halteres","MIGRADO_FONTE_REVISADA"
"media_d1b3fb2f8897c2724ceb","Elevação pélvica com barra","Elevação pélvica com barra","Apoie os pés com firmeza e mantenha os joelhos alinhados. Contraia o abdômen e eleve o quadril apertando os glúteos até alinhar tronco e coxas. Evite hiperestender a lombar e desça o quadril lentamente.","Glúteos","Barra | Academia","Glúteos","","Musculação","Barra","Academia","Intermediário","gifs/Exercícios sem marca d'água/Elevação pélvica com barra.gif","https://raw.githubusercontent.com/brunofs3221/fortyn-exercise-media-extra/main/gifs/Exerc%C3%ADcios%20sem%20marca%20d'%C3%A1gua/Eleva%C3%A7%C3%A3o%20p%C3%A9lvica%20com%20barra.gif","C:\Users\bruno\Downloads\Exercicios renomeados\Elevação pélvica com barra","MIGRADO_FONTE_REVISADA"
"media_c72936925ea2578c92a9","Elevação pélvica com barra - variação 2","Elevação pélvica com barra","Apoie os pés com firmeza e mantenha os joelhos alinhados. Contraia o abdômen e eleve o quadril apertando os glúteos até alinhar tronco e coxas. Evite hiperestender a lombar e desça o quadril lentamente.","Glúteos","Barra | Academia","Glúteos","","Musculação","Barra","Academia","Intermediário","gifs/Exercícios sem marca d'água/exercicios_renomeados_pt_br/015_elevacao_pelvica_com_barra.gif","https://raw.githubusercontent.com/brunofs3221/fortyn-exercise-media-extra/main/gifs/Exerc%C3%ADcios%20sem%20marca%20d'%C3%A1gua/exercicios_renomeados_pt_br/015_elevacao_pelvica_com_barra.gif","C:\Users\bruno\Downloads\Exercicios renomeados\Elevação pélvica com barra - variação 2","MIGRADO_FONTE_REVISADA"
"media_bb51a0f742533e3c753b","Elevação pélvica com peso corporal","Elevação pélvica com peso corporal","Apoie os pés com firmeza e mantenha os joelhos alinhados. Contraia o abdômen e eleve o quadril apertando os glúteos até alinhar tronco e coxas. Evite hiperestender a lombar e desça o quadril lentamente.","Glúteos","Sem aparelhos | Casa","Glúteos","","Musculação","Sem aparelhos","Casa","Iniciante","gifs/Exercícios sem marca d'água/Elevação pélvica com peso corporal.gif","https://raw.githubusercontent.com/brunofs3221/fortyn-exercise-media-extra/main/gifs/Exerc%C3%ADcios%20sem%20marca%20d'%C3%A1gua/Eleva%C3%A7%C3%A3o%20p%C3%A9lvica%20com%20peso%20corporal.gif","C:\Users\bruno\Downloads\Exercicios renomeados\Elevação pélvica com peso corporal","MIGRADO_FONTE_REVISADA"
"media_7a906c1c159b957fb672","Elevação pélvica de perna única com barra","Elevação pélvica unilateral com barra","Apoie os pés com firmeza e mantenha os joelhos alinhados. Contraia o abdômen e eleve o quadril apertando os glúteos até alinhar tronco e coxas. Evite hiperestender a lombar e desça o quadril lentamente.","Glúteos","Barra | Academia","Glúteos","","Musculação","Barra","Academia","Avançado","gifs/Exercícios sem marca d'água/Elevação pélvica de perna única com barra.gif","https://raw.githubusercontent.com/brunofs3221/fortyn-exercise-media-extra/main/gifs/Exerc%C3%ADcios%20sem%20marca%20d'%C3%A1gua/Eleva%C3%A7%C3%A3o%20p%C3%A9lvica%20de%20perna%20%C3%BAnica%20com%20barra.gif","C:\Users\bruno\Downloads\Exercicios renomeados\Elevação pélvica de perna única com barra","MIGRADO_FONTE_REVISADA"
"media_acc3c2ef0d313a60c309","Elevação pélvica na máquina","Elevação pélvica na máquina","Apoie os pés com firmeza e mantenha os joelhos alinhados. Contraia o abdômen e eleve o quadril apertando os glúteos até alinhar tronco e coxas. Evite hiperestender a lombar e desça o quadril lentamente.","Glúteos","Máquina | Academia","Glúteos","","Musculação","Máquina","Academia","Iniciante","gifs/Exercícios sem marca d'água/Máquina de elevação pélvica.gif","https://raw.githubusercontent.com/brunofs3221/fortyn-exercise-media-extra/main/gifs/Exerc%C3%ADcios%20sem%20marca%20d'%C3%A1gua/M%C3%A1quina%20de%20eleva%C3%A7%C3%A3o%20p%C3%A9lvica.gif","C:\Users\bruno\Downloads\Exercicios renomeados\Elevação pélvica na máquina","MIGRADO_FONTE_REVISADA"
"media_d3b7a65073600caf2a61","Elevação pélvica na máquina extensora","Elevação pélvica na cadeira extensora","Apoie os pés com firmeza e mantenha os joelhos alinhados. Contraia o abdômen e eleve o quadril apertando os glúteos até alinhar tronco e coxas. Evite hiperestender a lombar e desça o quadril lentamente.","Glúteos","Máquina | Academia","Glúteos","","Musculação","Máquina","Academia","Avançado","gifs/Exercícios sem marca d'água/Elevação pélvica na máquina de extensão de perna.gif","https://raw.githubusercontent.com/brunofs3221/fortyn-exercise-media-extra/main/gifs/Exerc%C3%ADcios%20sem%20marca%20d'%C3%A1gua/Eleva%C3%A7%C3%A3o%20p%C3%A9lvica%20na%20m%C3%A1quina%20de%20extens%C3%A3o%20de%20perna.gif","C:\Users\bruno\Downloads\Exercicios renomeados\Elevação pélvica na máquina extensora","MIGRADO_FONTE_REVISADA"
"media_8180b15d38850ea9f14b","Elevação posterior apoiado no banco com halteres","Crucifixo inverso no banco inclinado com halteres","Mantenha o tronco estável e os cotovelos levemente flexionados. Abra os braços para os lados ou para trás conforme a trajetória mostrada, contraindo a parte posterior dos ombros sem encolher o trapézio. Retorne lentamente.","Ombros","Halteres | Banco | Academia","Ombros","","Musculação","Halteres | Banco","Academia","Iniciante","gifs/Exercícios sem marca d'água/Curvado sobre o deltóide traseiro com halteres e a cabeça no banco.gif","https://raw.githubusercontent.com/brunofs3221/fortyn-exercise-media-extra/main/gifs/Exerc%C3%ADcios%20sem%20marca%20d'%C3%A1gua/Curvado%20sobre%20o%20delt%C3%B3ide%20traseiro%20com%20halteres%20e%20a%20cabe%C3%A7a%20no%20banco.gif","C:\Users\bruno\Downloads\Exercicios renomeados\Elevação posterior apoiado no banco com halteres","MIGRADO_FONTE_REVISADA"
"media_47a5d17aa48c815f7e8c","Elevação posterior com barra","Remada alta com barra","Mantenha o tronco estável e os cotovelos levemente flexionados. Abra os braços para os lados ou para trás conforme a trajetória mostrada, contraindo a parte posterior dos ombros sem encolher o trapézio. Retorne lentamente.","Ombros","Barra | Academia","Ombros","","Musculação","Barra","Academia","Intermediário","gifs/Exercícios sem marca d'água/Elevação para deltoide posterior com barra.gif","https://raw.githubusercontent.com/brunofs3221/fortyn-exercise-media-extra/main/gifs/Exerc%C3%ADcios%20sem%20marca%20d'%C3%A1gua/Eleva%C3%A7%C3%A3o%20para%20deltoide%20posterior%20com%20barra.gif","C:\Users\bruno\Downloads\Exercicios renomeados\Elevação posterior com barra","MIGRADO_FONTE_REVISADA"
"media_aa9c72c4f9529dbc641a","Elevação posterior curvado com barra","Crucifixo inverso curvado com barra","Mantenha o tronco estável e os cotovelos levemente flexionados. Abra os braços para os lados ou para trás conforme a trajetória mostrada, contraindo a parte posterior dos ombros sem encolher o trapézio. Retorne lentamente.","Ombros","Barra | Academia","Ombros","","Musculação","Barra","Academia","Avançado","gifs/Exercícios sem marca d'água/Curvado sobre levantamento reverso com barra.gif","https://raw.githubusercontent.com/brunofs3221/fortyn-exercise-media-extra/main/gifs/Exerc%C3%ADcios%20sem%20marca%20d'%C3%A1gua/Curvado%20sobre%20levantamento%20reverso%20com%20barra.gif","C:\Users\bruno\Downloads\Exercicios renomeados\Elevação posterior curvado com barra","MIGRADO_FONTE_REVISADA"
"media_138976a003191ea57cdd","Elevação posterior unilateral deitado com halter","Elevação lateral posterior unilateral deitado com halter","Mantenha o tronco estável e os cotovelos levemente flexionados. Abra os braços para os lados ou para trás conforme a trajetória mostrada, contraindo a parte posterior dos ombros sem encolher o trapézio. Retorne lentamente.","Ombros","Halteres | Academia","Ombros","","Musculação","Halteres","Academia","Intermediário","gifs/Exercícios sem marca d'água/Haltere deitado com um braço elevação lateral traseira.gif","https://raw.githubusercontent.com/brunofs3221/fortyn-exercise-media-extra/main/gifs/Exerc%C3%ADcios%20sem%20marca%20d'%C3%A1gua/Haltere%20deitado%20com%20um%20bra%C3%A7o%20eleva%C3%A7%C3%A3o%20lateral%20traseira.gif","C:\Users\bruno\Downloads\Exercicios renomeados\Elevação posterior unilateral deitado com halter","MIGRADO_FONTE_REVISADA"
"media_1921317218fb8c998ff5","Elevação T com halteres no banco inclinado","Elevação T com halteres no banco inclinado","Mantenha o tronco apoiado ou inclinado conforme o GIF e comece com os braços à frente ou abaixo do corpo. Abra os braços para os lados até aproximadamente a linha dos ombros, aproximando as escápulas sem encolher excessivamente os ombros. Retorne lentamente à posição inicial mantendo os cotovelos levemente flexionados.","Ombros","Halteres | Banco | Costas","Ombros","Costas","Musculação","Halteres | Banco","Academia | Casa","Intermediário","gifs/trapézio/Encolher de ombros inclinado com halteres - Variação 3.gif","https://raw.githubusercontent.com/brunofs3221/fortyn-exercise-media-extra/main/gifs/trap%C3%A9zio/Encolher%20de%20ombros%20inclinado%20com%20halteres%20-%20Varia%C3%A7%C3%A3o%203.gif","C:\Users\bruno\Downloads\Exercicios renomeados\Elevação T com halteres no banco inclinado","MIGRADO_FONTE_REVISADA"
"media_73d6a19bea9134d3030e","Elevação T inclinada com halteres","Elevação em T inclinada com halteres","Mantenha o tronco estável e os cotovelos levemente flexionados. Abra os braços para os lados ou para trás conforme a trajetória mostrada, contraindo a parte posterior dos ombros sem encolher o trapézio. Retorne lentamente.","Ombros","Halteres | Academia","Ombros","","Musculação","Halteres","Academia","Intermediário","gifs/Exercícios sem marca d'água/Inclinação do haltere t levantar.gif","https://raw.githubusercontent.com/brunofs3221/fortyn-exercise-media-extra/main/gifs/Exerc%C3%ADcios%20sem%20marca%20d'%C3%A1gua/Inclina%C3%A7%C3%A3o%20do%20haltere%20t%20levantar.gif","C:\Users\bruno\Downloads\Exercicios renomeados\Elevação T inclinada com halteres","MIGRADO_FONTE_REVISADA"
"media_3a7620cd811cf80b9b27","Elevação unilateral de panturrilha com apoio","Elevação de panturrilha unilateral em pé com apoio","Apoie a parte da frente dos pés com firmeza e mantenha os tornozelos alinhados. Eleve os calcanhares o máximo que conseguir sem perder o equilíbrio. Contraia a panturrilha no topo e desça lentamente até a posição inicial.","Panturrilhas","Sem aparelhos | Casa","Panturrilhas","","Musculação","Sem aparelhos","Casa","Iniciante","gifs/Exercícios sem marca d'água/Elevação de panturrilha com uma perna.gif","https://raw.githubusercontent.com/brunofs3221/fortyn-exercise-media-extra/main/gifs/Exerc%C3%ADcios%20sem%20marca%20d'%C3%A1gua/Eleva%C3%A7%C3%A3o%20de%20panturrilha%20com%20uma%20perna.gif","C:\Users\bruno\Downloads\Exercicios renomeados\Elevação unilateral de panturrilha com apoio","MIGRADO_FONTE_REVISADA"
"media_6757a6066c00b9b19088","Elevação Y com halteres no banco inclinado","Elevação Y com halteres no banco inclinado","Apoie o peito no banco inclinado e deixe os halteres pendentes. Eleve os braços para a frente e para fora formando um Y, mantendo os polegares orientados para cima e os ombros longe das orelhas. Desça devagar até a posição inicial sem usar impulso.","Ombros","Halteres | Banco","Ombros","","Musculação","Halteres | Banco","Academia","Intermediário","gifs/trapézio/Encolher de ombros inclinado com halteres - Variação 2.gif","https://raw.githubusercontent.com/brunofs3221/fortyn-exercise-media-extra/main/gifs/trap%C3%A9zio/Encolher%20de%20ombros%20inclinado%20com%20halteres%20-%20Varia%C3%A7%C3%A3o%202.gif","C:\Users\bruno\Downloads\Exercicios renomeados\Elevação Y com halteres no banco inclinado","MIGRADO_FONTE_REVISADA"
"media_6f7058f64d57a27854d8","Elevação Y inclinada com halteres","Elevação em Y com halteres no banco inclinado","Mantenha o tronco estável e os cotovelos levemente flexionados. Abra os braços para os lados ou para trás conforme a trajetória mostrada, contraindo a parte posterior dos ombros sem encolher o trapézio. Retorne lentamente.","Ombros","Halteres | Academia","Ombros","","Musculação","Halteres","Academia","Intermediário","gifs/Exercícios sem marca d'água/Inclinar haltere e levantar.gif","https://raw.githubusercontent.com/brunofs3221/fortyn-exercise-media-extra/main/gifs/Exerc%C3%ADcios%20sem%20marca%20d'%C3%A1gua/Inclinar%20haltere%20e%20levantar.gif","C:\Users\bruno\Downloads\Exercicios renomeados\Elevação Y inclinada com halteres","MIGRADO_FONTE_REVISADA"
"media_4feae14e8b6273de31e2","Elevação Y na polia","Elevação Y na polia","Fique em pé entre as polias baixas e segure uma alça em cada mão. Com os braços quase estendidos, eleve-os em diagonal para cima formando um “Y”, sem encolher excessivamente os ombros. Desça lentamente até a posição inicial e mantenha o tronco estável durante todo o movimento.","Ombros","Peito | Polia/Cabo","Ombros","Peito","Musculação","Polia/Cabo","Academia","Intermediário","gifs/peitoral/Flexão de braços to renegade remada.gif","https://raw.githubusercontent.com/brunofs3221/fortyn-exercise-media-extra/main/gifs/peitoral/Flex%C3%A3o%20de%20bra%C3%A7os%20to%20renegade%20remada.gif","C:\Users\bruno\Downloads\Exercicios renomeados\Elevação Y na polia","MIGRADO_FONTE_REVISADA"
"media_f43b9e2ba56dfe145497","Elevações alternadas das pernas","Elevação alternada de pernas","Deite-se ou apoie-se conforme o GIF e mantenha a lombar controlada. Eleve ou alterne as pernas sem perder a estabilidade da pelve. Desça de maneira lenta, interrompendo a amplitude antes de a lombar arquear.","Abdômen/Core","Sem aparelhos | Casa","Abdômen/Core","","Musculação","Sem aparelhos","Casa","Intermediário","gifs/Exercícios sem marca d'água/Elevações alternadas das pernas.gif","https://raw.githubusercontent.com/brunofs3221/fortyn-exercise-media-extra/main/gifs/Exerc%C3%ADcios%20sem%20marca%20d'%C3%A1gua/Eleva%C3%A7%C3%B5es%20alternadas%20das%20pernas.gif","C:\Users\bruno\Downloads\Exercicios renomeados\Elevações alternadas das pernas","MIGRADO_FONTE_REVISADA"
"media_d60953ed26ae64f21ab9","Elevações laterais apoiadas no peito com halteres","Crucifixo inverso com halteres no banco inclinado","Assuma a posição inicial de Elevações laterais apoiadas no peito com halteres, estabilize o tronco e execute o movimento mostrado de forma coordenada. Use uma amplitude que consiga controlar, evite impulso desnecessário e retorne à posição inicial antes da repetição seguinte.","Corpo inteiro","Halteres | Academia","Corpo inteiro","","Musculação","Halteres","Academia","Iniciante","gifs/Exercícios sem marca d'água/Elevações laterais apoiadas no peito com halteres.gif","https://raw.githubusercontent.com/brunofs3221/fortyn-exercise-media-extra/main/gifs/Exerc%C3%ADcios%20sem%20marca%20d'%C3%A1gua/Eleva%C3%A7%C3%B5es%20laterais%20apoiadas%20no%20peito%20com%20halteres.gif","C:\Users\bruno\Downloads\Exercicios renomeados\Elevações laterais apoiadas no peito com halteres","MIGRADO_FONTE_REVISADA"
"media_b18f3aa2373c7edaf2cc","Elíptico","Elíptico","Apoie os pés nas plataformas e segure as alças. Empurre e puxe alternadamente braços e pernas em movimento contínuo, mantendo o tronco ereto. Use uma cadência estável e ajuste a resistência sem perder a coordenação.","Cardio","Corpo inteiro | Máquina | Academia","Cardio","Corpo inteiro","Cardio","Máquina","Academia","Iniciante","gifs/cardio/Elíptico.gif","https://raw.githubusercontent.com/brunofs3221/fortyn-exercise-media-extra/main/gifs/cardio/El%C3%ADptico.gif","","SEM_FONTE_REVISADA"
"media_cc635b67c677c9633be3","Elíptico","Elíptico","Apoie os pés nas plataformas e segure as alças. Empurre e puxe alternadamente braços e pernas em movimento contínuo, mantendo o tronco ereto. Use uma cadência estável e ajuste a resistência sem perder a coordenação.","Cardio","Máquina | Academia | Corpo inteiro","Cardio","Corpo inteiro","Cardio","Máquina","Academia","Iniciante","gifs/Exercícios sem marca d'água/Máquina elíptica.gif","https://raw.githubusercontent.com/brunofs3221/fortyn-exercise-media-extra/main/gifs/Exerc%C3%ADcios%20sem%20marca%20d'%C3%A1gua/M%C3%A1quina%20el%C3%ADptica.gif","C:\Users\bruno\Downloads\Exercicios renomeados\Elíptico","MIGRADO_FONTE_REVISADA"
"media_5a7b83169004fefcd1d7","Elíptico com braços","Elíptico com braços","Apoie os pés nas plataformas e segure as alças. Empurre e puxe alternadamente braços e pernas em movimento contínuo, mantendo o tronco ereto. Use uma cadência estável e ajuste a resistência sem perder a coordenação.","Cardio","Máquina | Academia | Corpo inteiro","Cardio","Corpo inteiro","Cardio","Máquina","Academia","Iniciante","gifs/cardio/Elíptico com braços.gif","https://raw.githubusercontent.com/brunofs3221/fortyn-exercise-media-extra/main/gifs/cardio/El%C3%ADptico%20com%20bra%C3%A7os.gif","C:\Users\bruno\Downloads\Exercicios renomeados\Elíptico com braços","MIGRADO_FONTE_REVISADA"
"media_06eb797aba61b49a91ef","Em pé, alongamento do peito com um braço","Alongamento de peitoral na parede com um braço","Apoie o braço conforme mostrado e abra o peito girando ou avançando o tronco de maneira suave. Mantenha o ombro relaxado e pare ao sentir alongamento confortável no peitoral e na frente do ombro. Retorne lentamente.","Alongamento","Peito | Sem aparelhos | Casa","Alongamento","Peito","Alongamento","Sem aparelhos","Casa","Iniciante","gifs/Exercícios sem marca d'água/Em pé, alongamento do peito com um braço.gif","https://raw.githubusercontent.com/brunofs3221/fortyn-exercise-media-extra/main/gifs/Exerc%C3%ADcios%20sem%20marca%20d'%C3%A1gua/Em%20p%C3%A9%2C%20alongamento%20do%20peito%20com%20um%20bra%C3%A7o.gif","C:\Users\bruno\Downloads\Exercicios renomeados\Em pé, alongamento do peito com um braço","MIGRADO_FONTE_REVISADA"
"media_441566631008a3903842","Encolhimento com barra acima da cabeça","Encolhimento com barra acima da cabeça","Mantenha os braços na posição indicada e eleve os ombros em direção às orelhas sem fazer rotação. Contraia no topo por um instante e desça lentamente, sem flexionar os cotovelos para ajudar.","Ombros","Barra | Academia","Ombros","","Musculação","Barra","Academia","Avançado","gifs/Exercícios sem marca d'água/Encolhimento de ombros - Variação 2.gif","https://raw.githubusercontent.com/brunofs3221/fortyn-exercise-media-extra/main/gifs/Exerc%C3%ADcios%20sem%20marca%20d'%C3%A1gua/Encolhimento%20de%20ombros%20-%20Varia%C3%A7%C3%A3o%202.gif","C:\Users\bruno\Downloads\Exercicios renomeados\Encolhimento com barra acima da cabeça","MIGRADO_FONTE_REVISADA"
"media_3bf852fb5d393017c6f7","Encolhimento de ombros com barra","Encolhimento de ombros com barra","Segure a carga com os braços estendidos ao lado do corpo. Eleve os ombros verticalmente em direção às orelhas, faça uma breve contração no alto e abaixe lentamente. Evite girar os ombros em círculos ou usar impulso com as pernas.","Costas","Ombros | Barra | Academia","Costas","Ombros","Musculação","Barra","Academia","Iniciante","gifs/trapézio/Encolher de ombros com barra.gif","https://raw.githubusercontent.com/brunofs3221/fortyn-exercise-media-extra/main/gifs/trap%C3%A9zio/Encolher%20de%20ombros%20com%20barra.gif","","SEM_FONTE_REVISADA"
"media_6e8a4181e0592047c294","Encolhimento de ombros com barra","Encolhimento de ombros com barra","Mantenha os braços na posição indicada e eleve os ombros em direção às orelhas sem fazer rotação. Contraia no topo por um instante e desça lentamente, sem flexionar os cotovelos para ajudar.","Ombros","Barra | Academia","Ombros","","Musculação","Barra","Academia","Iniciante","gifs/Exercícios sem marca d'água/Encolhimento de ombros com barra.gif","https://raw.githubusercontent.com/brunofs3221/fortyn-exercise-media-extra/main/gifs/Exerc%C3%ADcios%20sem%20marca%20d'%C3%A1gua/Encolhimento%20de%20ombros%20com%20barra.gif","C:\Users\bruno\Downloads\Exercicios renomeados\Encolhimento de ombros com barra","MIGRADO_FONTE_REVISADA"
"media_5c1e48c4bc795db80328","Encolhimento de ombros com halteres","Encolhimento com halteres","Mantenha os braços na posição indicada e eleve os ombros em direção às orelhas sem fazer rotação. Contraia no topo por um instante e desça lentamente, sem flexionar os cotovelos para ajudar.","Ombros","Halteres | Academia","Ombros","","Musculação","Halteres","Academia","Iniciante","gifs/Exercícios sem marca d'água/Encolhimento de ombros com halteres.gif","https://raw.githubusercontent.com/brunofs3221/fortyn-exercise-media-extra/main/gifs/Exerc%C3%ADcios%20sem%20marca%20d'%C3%A1gua/Encolhimento%20de%20ombros%20com%20halteres.gif","C:\Users\bruno\Downloads\Exercicios renomeados\Encolhimento de ombros com halteres","MIGRADO_FONTE_REVISADA"
"media_e263f191fee375377650","Encolhimento de ombros com halteres","Encolhimento de ombros com halteres","Segure a carga com os braços estendidos ao lado do corpo. Eleve os ombros verticalmente em direção às orelhas, faça uma breve contração no alto e abaixe lentamente. Evite girar os ombros em círculos ou usar impulso com as pernas.","Costas","Ombros | Halteres | Academia","Costas","Ombros","Musculação","Halteres","Academia","Iniciante","gifs/trapézio/Encolher de ombros com halteres.gif","https://raw.githubusercontent.com/brunofs3221/fortyn-exercise-media-extra/main/gifs/trap%C3%A9zio/Encolher%20de%20ombros%20com%20halteres.gif","","SEM_FONTE_REVISADA"
"media_c88cba6792ff2b343d30","Encolhimento de ombros inclinado","Encolhimento inclinado com halteres","Mantenha os braços na posição indicada e eleve os ombros em direção às orelhas sem fazer rotação. Contraia no topo por um instante e desça lentamente, sem flexionar os cotovelos para ajudar.","Ombros","Banco | Academia","Ombros","","Musculação","Banco","Academia","Iniciante","gifs/Exercícios sem marca d'água/Encolhimento de ombros inclinado.gif","https://raw.githubusercontent.com/brunofs3221/fortyn-exercise-media-extra/main/gifs/Exerc%C3%ADcios%20sem%20marca%20d'%C3%A1gua/Encolhimento%20de%20ombros%20inclinado.gif","C:\Users\bruno\Downloads\Exercicios renomeados\Encolhimento de ombros inclinado","MIGRADO_FONTE_REVISADA"
"media_f546459b34d491eb2927","Encolhimento de ombros inclinado com halteres","Encolhimento inclinado com halteres","Mantenha os braços na posição indicada e eleve os ombros em direção às orelhas sem fazer rotação. Contraia no topo por um instante e desça lentamente, sem flexionar os cotovelos para ajudar.","Ombros","Halteres | Banco | Academia","Ombros","","Musculação","Halteres | Banco","Academia","Iniciante","gifs/Exercícios sem marca d'água/Encolhimento de ombros inclinado com halteres.gif","https://raw.githubusercontent.com/brunofs3221/fortyn-exercise-media-extra/main/gifs/Exerc%C3%ADcios%20sem%20marca%20d'%C3%A1gua/Encolhimento%20de%20ombros%20inclinado%20com%20halteres.gif","C:\Users\bruno\Downloads\Exercicios renomeados\Encolhimento de ombros inclinado com halteres","MIGRADO_FONTE_REVISADA"
"media_c9e207645310c6213977","Encolhimento de ombros na máquina Smith","Encolhimento de ombros na máquina Smith","Segure a carga com os braços estendidos ao lado do corpo. Eleve os ombros verticalmente em direção às orelhas, faça uma breve contração no alto e abaixe lentamente. Evite girar os ombros em círculos ou usar impulso com as pernas.","Costas","Barra | Ombros","Costas","Ombros","Musculação","Barra","Academia","Intermediário","gifs/trapézio/Remada alta da barra ez - Variação 3.gif","https://raw.githubusercontent.com/brunofs3221/fortyn-exercise-media-extra/main/gifs/trap%C3%A9zio/Remada%20alta%20da%20barra%20ez%20-%20Varia%C3%A7%C3%A3o%203.gif","C:\Users\bruno\Downloads\Exercicios renomeados\Encolhimento de ombros na máquina Smith","MIGRADO_FONTE_REVISADA"
"media_b2166f058fb2373fb5f0","Encolhimento de ombros na polia baixa","Encolhimento de ombros na polia baixa","Segure a carga com os braços estendidos ao lado do corpo. Eleve os ombros verticalmente em direção às orelhas, faça uma breve contração no alto e abaixe lentamente. Evite girar os ombros em círculos ou usar impulso com as pernas.","Costas","Polia/Cabo | Ombros","Costas","Ombros","Musculação","Polia/Cabo","Academia","Iniciante","gifs/trapézio/Encolher de ombros.gif","https://raw.githubusercontent.com/brunofs3221/fortyn-exercise-media-extra/main/gifs/trap%C3%A9zio/Encolher%20de%20ombros.gif","C:\Users\bruno\Downloads\Exercicios renomeados\Encolhimento de ombros na polia baixa","MIGRADO_FONTE_REVISADA"
"media_fe627a1d47d228af562b","Encolhimento escapular nas paralelas","Encolhimento escapular nas paralelas","Sustente o corpo nas barras paralelas com os cotovelos estendidos. Sem dobrar os braços, deixe os ombros subirem levemente e depois empurre as barras para baixo, afastando os ombros das orelhas e elevando o tronco. Repita apenas com o movimento das escápulas, mantendo o corpo estável.","Costas","Sem aparelhos | Ombros","Costas","Ombros","Musculação","Sem aparelhos","Academia","Intermediário","gifs/trapézio/Dip shrugs serratus shrugs.gif","https://raw.githubusercontent.com/brunofs3221/fortyn-exercise-media-extra/main/gifs/trap%C3%A9zio/Dip%20shrugs%20serratus%20shrugs.gif","C:\Users\bruno\Downloads\Exercicios renomeados\Encolhimento escapular nas paralelas","MIGRADO_FONTE_REVISADA"
"media_8c09ddcd9df0f326d5d6","Encolhimento Gittleson","Flexão lateral de pescoço com halter sentado","Mantenha os braços na posição indicada e eleve os ombros em direção às orelhas sem fazer rotação. Contraia no topo por um instante e desça lentamente, sem flexionar os cotovelos para ajudar.","Ombros","Sem aparelhos | Casa","Ombros","","Musculação","Sem aparelhos","Casa","Avançado","gifs/Exercícios sem marca d'água/Gittleson dá de ombros.gif","https://raw.githubusercontent.com/brunofs3221/fortyn-exercise-media-extra/main/gifs/Exerc%C3%ADcios%20sem%20marca%20d'%C3%A1gua/Gittleson%20d%C3%A1%20de%20ombros.gif","C:\Users\bruno\Downloads\Exercicios renomeados\Encolhimento Gittleson","MIGRADO_FONTE_REVISADA"
"media_28d1aaf6e395d0113bf8","Encolhimento na máquina","Encolhimento com barra","Mantenha os braços na posição indicada e eleve os ombros em direção às orelhas sem fazer rotação. Contraia no topo por um instante e desça lentamente, sem flexionar os cotovelos para ajudar.","Ombros","Máquina | Academia","Ombros","","Musculação","Máquina","Academia","Iniciante","gifs/Exercícios sem marca d'água/Encolhimento de ombros - Variação 3.gif","https://raw.githubusercontent.com/brunofs3221/fortyn-exercise-media-extra/main/gifs/Exerc%C3%ADcios%20sem%20marca%20d'%C3%A1gua/Encolhimento%20de%20ombros%20-%20Varia%C3%A7%C3%A3o%203.gif","C:\Users\bruno\Downloads\Exercicios renomeados\Encolhimento na máquina","MIGRADO_FONTE_REVISADA"
"media_4dce2ed64ec5aa728817","Encolhimento na máquina sem pegada","Encolhimento na máquina","Apoie ou estabilize o antebraço e mova principalmente o punho ou a pegada conforme a variação. Faça a contração sem usar impulso do braço e retorne devagar para trabalhar toda a amplitude.","Antebraços","Máquina | Academia","Antebraços","","Musculação","Máquina","Academia","Iniciante","gifs/Exercícios sem marca d'água/Encolhimento de ombros sem aperto na máquina.gif","https://raw.githubusercontent.com/brunofs3221/fortyn-exercise-media-extra/main/gifs/Exerc%C3%ADcios%20sem%20marca%20d'%C3%A1gua/Encolhimento%20de%20ombros%20sem%20aperto%20na%20m%C3%A1quina.gif","C:\Users\bruno\Downloads\Exercicios renomeados\Encolhimento na máquina sem pegada","MIGRADO_FONTE_REVISADA"
"media_bb47de33231e3923cd1f","Encolhimento no cabo","Rosca bíceps na polia baixa com barra reta","Mantenha os braços na posição indicada e eleve os ombros em direção às orelhas sem fazer rotação. Contraia no topo por um instante e desça lentamente, sem flexionar os cotovelos para ajudar.","Ombros","Polia/Cabo | Academia","Ombros","","Musculação","Polia/Cabo","Academia","Iniciante","gifs/Exercícios sem marca d'água/Encolhimento de ombros.gif","https://raw.githubusercontent.com/brunofs3221/fortyn-exercise-media-extra/main/gifs/Exerc%C3%ADcios%20sem%20marca%20d'%C3%A1gua/Encolhimento%20de%20ombros.gif","C:\Users\bruno\Downloads\Exercicios renomeados\Encolhimento no cabo","MIGRADO_FONTE_REVISADA"
"media_0e2667140863733a4e38","Ergômetro de braços","Ergômetro de braços","Assuma a posição inicial de Ergômetro de braços, estabilize o tronco e execute o movimento mostrado de forma coordenada. Use uma amplitude que consiga controlar, evite impulso desnecessário e retorne à posição inicial antes da repetição seguinte.","Corpo inteiro","Sem aparelhos | Casa","Corpo inteiro","","Musculação","Sem aparelhos","Casa","Iniciante","gifs/cardio/Ergômetro de braços - Bicicleta de braços.gif","https://raw.githubusercontent.com/brunofs3221/fortyn-exercise-media-extra/main/gifs/cardio/Erg%C3%B4metro%20de%20bra%C3%A7os%20-%20Bicicleta%20de%20bra%C3%A7os.gif","C:\Users\bruno\Downloads\Exercicios renomeados\Ergômetro de braços","MIGRADO_FONTE_REVISADA"
"media_6e7780b2d402ae54919e","Escada de agilidade frontal","Corrida frontal na escada de agilidade","Mantenha o tronco ereto, olhar à frente e braços coordenados com as pernas. Execute as passadas ou deslocamentos no padrão mostrado, apoiando os pés com controle e mantendo um ritmo que permita conservar a técnica.","Cardio","Sem aparelhos | Casa | Corpo inteiro","Cardio","Corpo inteiro","Cardio","Sem aparelhos","Casa","Iniciante","gifs/Exercícios sem marca d'água/exercicios_renomeados_pt_br/009_escada_de_agilidade_frontal.gif","https://raw.githubusercontent.com/brunofs3221/fortyn-exercise-media-extra/main/gifs/Exerc%C3%ADcios%20sem%20marca%20d'%C3%A1gua/exercicios_renomeados_pt_br/009_escada_de_agilidade_frontal.gif","C:\Users\bruno\Downloads\Exercicios renomeados\Escada de agilidade frontal","MIGRADO_FONTE_REVISADA"
"media_4ae24eac651893ec01f5","Escada de agilidade lateral","Deslocamento lateral na escada de agilidade","Mantenha o tronco ereto, olhar à frente e braços coordenados com as pernas. Execute as passadas ou deslocamentos no padrão mostrado, apoiando os pés com controle e mantendo um ritmo que permita conservar a técnica.","Cardio","Sem aparelhos | Casa | Corpo inteiro","Cardio","Corpo inteiro","Cardio","Sem aparelhos","Casa","Iniciante","gifs/Exercícios sem marca d'água/exercicios_renomeados_pt_br/007_escada_de_agilidade_lateral.gif","https://raw.githubusercontent.com/brunofs3221/fortyn-exercise-media-extra/main/gifs/Exerc%C3%ADcios%20sem%20marca%20d'%C3%A1gua/exercicios_renomeados_pt_br/007_escada_de_agilidade_lateral.gif","C:\Users\bruno\Downloads\Exercicios renomeados\Escada de agilidade lateral","MIGRADO_FONTE_REVISADA"
"media_22620fa426bc238ef5a2","Escada ergométrica","Escada simuladora","Suba os degraus mantendo o tronco ereto e os pés bem apoiados. Use o corrimão apenas para equilíbrio, sem descarregar o peso dos braços. Mantenha um ritmo constante e controle a passada.","Cardio","Máquina | Academia | Corpo inteiro","Cardio","Corpo inteiro","Cardio","Máquina","Academia","Iniciante","gifs/Exercícios sem marca d'água/Máquina para escalar escadas.gif","https://raw.githubusercontent.com/brunofs3221/fortyn-exercise-media-extra/main/gifs/Exerc%C3%ADcios%20sem%20marca%20d'%C3%A1gua/M%C3%A1quina%20para%20escalar%20escadas.gif","C:\Users\bruno\Downloads\Exercicios renomeados\Escada ergométrica","MIGRADO_FONTE_REVISADA"
"media_fdd2e7b062d30afc55b3","Escada ergométrica","Escada ergométrica","Suba os degraus mantendo o tronco ereto e os pés bem apoiados. Use o corrimão apenas para equilíbrio, sem descarregar o peso dos braços. Mantenha um ritmo constante e controle a passada.","Cardio","Corpo inteiro | Máquina | Academia","Cardio","Corpo inteiro","Cardio","Máquina","Academia","Iniciante","gifs/cardio/Simulador de escada.gif","https://raw.githubusercontent.com/brunofs3221/fortyn-exercise-media-extra/main/gifs/cardio/Simulador%20de%20escada.gif","","SEM_FONTE_REVISADA"
"media_7d3709150966cd6f7afd","Escalada de corda","Escalada na corda","Segure a corda com as duas mãos e mantenha o corpo próximo a ela. Puxe alternando as mãos e, quando a técnica usar as pernas, prenda a corda com os pés para auxiliar a subida. Suba de forma coordenada e desça sempre sob controle.","Costas","Corda | Academia","Costas","","Musculação","Corda","Academia","Avançado","gifs/Exercícios sem marca d'água/Escalada de corda.gif","https://raw.githubusercontent.com/brunofs3221/fortyn-exercise-media-extra/main/gifs/Exerc%C3%ADcios%20sem%20marca%20d'%C3%A1gua/Escalada%20de%20corda.gif","C:\Users\bruno\Downloads\Exercicios renomeados\Escalada de corda","MIGRADO_FONTE_REVISADA"
"media_2dc1df89ee21cdc78c3f","Escalador cruzado","","Variação dinâmica do escalador feita em posição de prancha, levando alternadamente cada joelho em direção ao cotovelo oposto. Além de elevar a demanda cardiovascular, combina flexão de quadril com forte estabilização do tronco, envolvendo abdômen, oblíquos e cintura escapular.","Abdômen/Core","peso corporal | colchonete opcional | casa | academia","Abdômen/Core","","Cardio","peso corporal | colchonete opcional","casa | academia","","gifs/Escalador - Mountain climber.gif","https://raw.githubusercontent.com/brunofs3221/fortyn-exercise-media-extra/main/gifs/Escalador%20-%20Mountain%20climber.gif","","SEM_FONTE_REVISADA"
"media_6186845cf57400811ad0","Esteira","Caminhada na esteira","Assuma a posição inicial de Esteira, estabilize o tronco e execute o movimento mostrado de forma coordenada. Use uma amplitude que consiga controlar, evite impulso desnecessário e retorne à posição inicial antes da repetição seguinte.","Corpo inteiro","Esteira | Academia","Corpo inteiro","","Musculação","Esteira","Academia","Iniciante","gifs/Exercícios sem marca d'água/Esteira.gif","https://raw.githubusercontent.com/brunofs3221/fortyn-exercise-media-extra/main/gifs/Exerc%C3%ADcios%20sem%20marca%20d'%C3%A1gua/Esteira.gif","C:\Users\bruno\Downloads\Exercicios renomeados\Esteira","MIGRADO_FONTE_REVISADA"
"media_0f1bbd4ee5650b3776bb","Esteira - Variação 2","Corrida na esteira","Assuma a posição inicial de Esteira - Variação 2, estabilize o tronco e execute o movimento mostrado de forma coordenada. Use uma amplitude que consiga controlar, evite impulso desnecessário e retorne à posição inicial antes da repetição seguinte.","Corpo inteiro","Esteira | Academia","Corpo inteiro","","Musculação","Esteira","Academia","Intermediário","gifs/Exercícios sem marca d'água/Esteira - Variação 2.gif","https://raw.githubusercontent.com/brunofs3221/fortyn-exercise-media-extra/main/gifs/Exerc%C3%ADcios%20sem%20marca%20d'%C3%A1gua/Esteira%20-%20Varia%C3%A7%C3%A3o%202.gif","C:\Users\bruno\Downloads\Exercicios renomeados\Esteira - Variação 2","MIGRADO_FONTE_REVISADA"
"media_bc49881a64be554ff97a","Esteira inclinada","Caminhada inclinada na esteira","Assuma a posição inicial de Esteira inclinada, estabilize o tronco e execute o movimento mostrado de forma coordenada. Use uma amplitude que consiga controlar, evite impulso desnecessário e retorne à posição inicial antes da repetição seguinte.","Corpo inteiro","Esteira | Academia","Corpo inteiro","","Musculação","Esteira","Academia","Iniciante","gifs/Exercícios sem marca d'água/Esteira inclinada.gif","https://raw.githubusercontent.com/brunofs3221/fortyn-exercise-media-extra/main/gifs/Exerc%C3%ADcios%20sem%20marca%20d'%C3%A1gua/Esteira%20inclinada.gif","C:\Users\bruno\Downloads\Exercicios renomeados\Esteira inclinada","MIGRADO_FONTE_REVISADA"
"media_8444ec372e803bafaf02","Extensão cervical com arnês","Extensão de pescoço com arnês e peso","Mantenha o tronco imóvel e mova a cabeça lentamente na direção indicada. Quando houver resistência, use carga leve e mantenha uma amplitude controlada. Retorne sem movimentos bruscos e evite compensar elevando os ombros.","Pescoço","Sem aparelhos | Casa","Pescoço","","Musculação","Sem aparelhos","Casa","Avançado","gifs/Exercícios sem marca d'água/Extensão de arnês de pescoço com peso.gif","https://raw.githubusercontent.com/brunofs3221/fortyn-exercise-media-extra/main/gifs/Exerc%C3%ADcios%20sem%20marca%20d'%C3%A1gua/Extens%C3%A3o%20de%20arn%C3%AAs%20de%20pesco%C3%A7o%20com%20peso.gif","C:\Users\bruno\Downloads\Exercicios renomeados\Extensão cervical com arnês","MIGRADO_FONTE_REVISADA"
"media_34ca7a2c220fd7ffeffa","Extensão cervical com peso deitado","Extensão cervical com arnês no banco inclinado","Mantenha o tronco imóvel e mova a cabeça lentamente na direção indicada. Quando houver resistência, use carga leve e mantenha uma amplitude controlada. Retorne sem movimentos bruscos e evite compensar elevando os ombros.","Pescoço","Sem aparelhos | Casa","Pescoço","","Musculação","Sem aparelhos","Casa","Avançado","gifs/Exercícios sem marca d'água/Extensão com peso do pescoço deitado.gif","https://raw.githubusercontent.com/brunofs3221/fortyn-exercise-media-extra/main/gifs/Exerc%C3%ADcios%20sem%20marca%20d'%C3%A1gua/Extens%C3%A3o%20com%20peso%20do%20pesco%C3%A7o%20deitado.gif","C:\Users\bruno\Downloads\Exercicios renomeados\Extensão cervical com peso deitado","MIGRADO_FONTE_REVISADA"
"media_0d389bd7d0b1d6a1e7f5","Extensão cervical com peso deitado - variação 2","Extensão cervical em decúbito ventral com anilha","Mantenha o tronco imóvel e mova a cabeça lentamente na direção indicada. Quando houver resistência, use carga leve e mantenha uma amplitude controlada. Retorne sem movimentos bruscos e evite compensar elevando os ombros.","Pescoço","Sem aparelhos | Casa","Pescoço","","Musculação","Sem aparelhos","Casa","Avançado","gifs/Exercícios sem marca d'água/Extensão de pescoço com peso deitada.gif","https://raw.githubusercontent.com/brunofs3221/fortyn-exercise-media-extra/main/gifs/Exerc%C3%ADcios%20sem%20marca%20d'%C3%A1gua/Extens%C3%A3o%20de%20pesco%C3%A7o%20com%20peso%20deitada.gif","C:\Users\bruno\Downloads\Exercicios renomeados\Extensão cervical com peso deitado - variação 2","MIGRADO_FONTE_REVISADA"
"media_6ea6e2e6bfaea7786407","Extensão cervical deitado de bruços","Extensão cervical deitado de barriga para baixo","Mantenha o tronco imóvel e mova a cabeça lentamente na direção indicada. Quando houver resistência, use carga leve e mantenha uma amplitude controlada. Retorne sem movimentos bruscos e evite compensar elevando os ombros.","Pescoço","Sem aparelhos | Casa","Pescoço","","Musculação","Sem aparelhos","Casa","Iniciante","gifs/Exercícios sem marca d'água/Extensão cervical propensa.gif","https://raw.githubusercontent.com/brunofs3221/fortyn-exercise-media-extra/main/gifs/Exerc%C3%ADcios%20sem%20marca%20d'%C3%A1gua/Extens%C3%A3o%20cervical%20propensa.gif","C:\Users\bruno\Downloads\Exercicios renomeados\Extensão cervical deitado de bruços","MIGRADO_FONTE_REVISADA"
"media_1d2274cbb15ad7bc514f","Extensão cervical sentado no cabo com arnês","Extensão cervical sentada na polia com arnês","Mantenha o tronco imóvel e mova a cabeça lentamente na direção indicada. Quando houver resistência, use carga leve e mantenha uma amplitude controlada. Retorne sem movimentos bruscos e evite compensar elevando os ombros.","Pescoço","Polia/Cabo | Academia","Pescoço","","Musculação","Polia/Cabo","Academia","Avançado","gifs/Exercícios sem marca d'água/Extensão de pescoço assentada por cabo com arnês de cabeça.gif","https://raw.githubusercontent.com/brunofs3221/fortyn-exercise-media-extra/main/gifs/Exerc%C3%ADcios%20sem%20marca%20d'%C3%A1gua/Extens%C3%A3o%20de%20pesco%C3%A7o%20assentada%20por%20cabo%20com%20arn%C3%AAs%20de%20cabe%C3%A7a.gif","C:\Users\bruno\Downloads\Exercicios renomeados\Extensão cervical sentado no cabo com arnês","MIGRADO_FONTE_REVISADA"
"media_67ddf1893c83671e49b7","Extensão da coluna em pé (Yoga)","Postura da roda em pé","Entre na posição de Extensão da coluna em pé (Yoga) de forma controlada. Ajuste o corpo até sentir um alongamento confortável na região trabalhada, mantenha a respiração normal e evite rebotes. Retorne lentamente e repita do outro lado quando necessário.","Alongamento","Costas | Sem aparelhos | Casa","Alongamento","Costas","Alongamento","Sem aparelhos","Casa","Iniciante","gifs/Exercícios sem marca d'água/Anuvittasana postura de backbend em pé.gif","https://raw.githubusercontent.com/brunofs3221/fortyn-exercise-media-extra/main/gifs/Exerc%C3%ADcios%20sem%20marca%20d'%C3%A1gua/Anuvittasana%20postura%20de%20backbend%20em%20p%C3%A9.gif","C:\Users\bruno\Downloads\Exercicios renomeados\Extensão da coluna em pé (Yoga)","MIGRADO_FONTE_REVISADA"
"media_ec29af6b204cc24c0dd2","Extensão de ombro no cabo","Extensão unilateral de tríceps na polia","Assuma a posição inicial de Extensão de ombro no cabo, estabilize o tronco e execute o movimento mostrado de forma coordenada. Use uma amplitude que consiga controlar, evite impulso desnecessário e retorne à posição inicial antes da repetição seguinte.","Corpo inteiro","Polia/Cabo | Academia","Corpo inteiro","","Musculação","Polia/Cabo","Academia","Iniciante","gifs/Exercícios sem marca d'água/Acionamento traseiro por cabo.gif","https://raw.githubusercontent.com/brunofs3221/fortyn-exercise-media-extra/main/gifs/Exerc%C3%ADcios%20sem%20marca%20d'%C3%A1gua/Acionamento%20traseiro%20por%20cabo.gif","C:\Users\bruno\Downloads\Exercicios renomeados\Extensão de ombro no cabo","MIGRADO_FONTE_REVISADA"
"media_3a3efd979b67bd3557f2","Extensão de pernas na máquina","Cadeira extensora","Ajuste o equipamento para que o joelho fique alinhado ao eixo da máquina e o apoio sobre a parte inferior da perna. Estenda o joelho de forma controlada e retorne devagar sem deixar a carga despencar.","Quadríceps","Máquina | Academia","Quadríceps","","Musculação","Máquina","Academia","Iniciante","gifs/Exercícios sem marca d'água/Extensão de perna.gif","https://raw.githubusercontent.com/brunofs3221/fortyn-exercise-media-extra/main/gifs/Exerc%C3%ADcios%20sem%20marca%20d'%C3%A1gua/Extens%C3%A3o%20de%20perna.gif","C:\Users\bruno\Downloads\Exercicios renomeados\Extensão de pernas na máquina","MIGRADO_FONTE_REVISADA"
"media_d508aa4c2cc52ede0109","Extensão de pescoço na máquina com anilhas","Desenvolvimento unilateral na máquina","Mantenha o tronco imóvel e mova a cabeça lentamente na direção indicada. Quando houver resistência, use carga leve e mantenha uma amplitude controlada. Retorne sem movimentos bruscos e evite compensar elevando os ombros.","Pescoço","Anilhas | Máquina | Academia","Pescoço","","Musculação","Anilhas | Máquina","Academia","Iniciante","gifs/Exercícios sem marca d'água/Placa de extensão do pescoço na máquina carregada.gif","https://raw.githubusercontent.com/brunofs3221/fortyn-exercise-media-extra/main/gifs/Exerc%C3%ADcios%20sem%20marca%20d'%C3%A1gua/Placa%20de%20extens%C3%A3o%20do%20pesco%C3%A7o%20na%20m%C3%A1quina%20carregada.gif","C:\Users\bruno\Downloads\Exercicios renomeados\Extensão de pescoço na máquina com anilhas","MIGRADO_FONTE_REVISADA"
"media_934ca567aca2846de35d","Extensão de quadril ajoelhado na polia","Extensão de quadril ajoelhado na polia","Ajoelhe-se de frente para a polia e mantenha o cabo posicionado para oferecer resistência ao quadril. Leve o quadril para trás e depois estenda-o até ficar ereto sobre os joelhos, contraindo os glúteos. Retorne lentamente mantendo a coluna neutra.","Glúteos","Polia/Cabo | Academia","Glúteos","","Musculação","Polia/Cabo","Academia","Intermediário","gifs/glúteos/Resistance band hip thrusts on knees.gif","https://raw.githubusercontent.com/brunofs3221/fortyn-exercise-media-extra/main/gifs/gl%C3%BAteos/Resistance%20band%20hip%20thrusts%20on%20knees.gif","C:\Users\bruno\Downloads\Exercicios renomeados\Extensão de quadril ajoelhado na polia","MIGRADO_FONTE_REVISADA"
"media_f39e6793b455e785a3f5","Extensão de quadril em pé","Extensão de quadril em pé na polia","Estabilize o tronco e a pelve antes de mover a perna. Execute a extensão ou abertura do quadril mostrada sem girar o corpo para ganhar amplitude. Contraia o glúteo no final e retorne lentamente.","Glúteos","Sem aparelhos | Casa","Glúteos","","Musculação","Sem aparelhos","Casa","Iniciante","gifs/Exercícios sem marca d'água/Extensão de quadril em pé.gif","https://raw.githubusercontent.com/brunofs3221/fortyn-exercise-media-extra/main/gifs/Exerc%C3%ADcios%20sem%20marca%20d'%C3%A1gua/Extens%C3%A3o%20de%20quadril%20em%20p%C3%A9.gif","C:\Users\bruno\Downloads\Exercicios renomeados\Extensão de quadril em pé","MIGRADO_FONTE_REVISADA"
"media_b4356c4de8163ab1a895","Extensão de quadril em pé com elástico","Extensão de quadril em pé com elástico","Mantenha o tronco estável e leve a perna para trás contra a resistência, estendendo o quadril até contrair o glúteo. Retorne lentamente sem arquear a lombar ou girar a pelve.","Glúteos","Elástico | Casa","Glúteos","","Musculação","Elástico","Casa","Iniciante","gifs/glúteos/Extensão de quadril por cabo.gif","https://raw.githubusercontent.com/brunofs3221/fortyn-exercise-media-extra/main/gifs/gl%C3%BAteos/Extens%C3%A3o%20de%20quadril%20por%20cabo.gif","C:\Users\bruno\Downloads\Exercicios renomeados\Extensão de quadril em pé com elástico","MIGRADO_FONTE_REVISADA"
"media_2b4874dc4eba22b912f0","Extensão de quadril na máquina","Extensão de quadril na máquina","Ajuste a máquina e posicione o pé ou a perna no apoio. Empurre para trás estendendo o quadril até contrair o glúteo, mantendo a pelve voltada para a frente. Retorne devagar sem deixar a carga voltar de forma brusca.","Glúteos","Máquina | Academia","Glúteos","","Musculação","Máquina","Academia","Iniciante","gifs/glúteos/Máquina de impulso de quadril.gif","https://raw.githubusercontent.com/brunofs3221/fortyn-exercise-media-extra/main/gifs/gl%C3%BAteos/M%C3%A1quina%20de%20impulso%20de%20quadril.gif","C:\Users\bruno\Downloads\Exercicios renomeados\Extensão de quadril na máquina","MIGRADO_FONTE_REVISADA"
"media_0d2817d24094af2721eb","Extensão de quadril no banco","Extensão de quadril em quatro apoios no banco","Estabilize o tronco e a pelve antes de mover a perna. Execute a extensão ou abertura do quadril mostrada sem girar o corpo para ganhar amplitude. Contraia o glúteo no final e retorne lentamente.","Glúteos","Banco | Academia","Glúteos","","Musculação","Banco","Academia","Iniciante","gifs/Exercícios sem marca d'água/Extensão de quadril no banco.gif","https://raw.githubusercontent.com/brunofs3221/fortyn-exercise-media-extra/main/gifs/Exerc%C3%ADcios%20sem%20marca%20d'%C3%A1gua/Extens%C3%A3o%20de%20quadril%20no%20banco.gif","C:\Users\bruno\Downloads\Exercicios renomeados\Extensão de quadril no banco","MIGRADO_FONTE_REVISADA"
"media_f304dee81f15d1b0624d","Extensão de quadril no banco romano","Extensão de quadril no banco romano","Ajuste o banco para apoiar o quadril e prenda os pés com firmeza. Incline o tronco à frente mantendo a coluna neutra e depois estenda o quadril até alinhar o corpo. Contraia glúteos e posteriores no topo sem jogar a lombar para trás.","Glúteos","Posterior de coxa | Banco | Academia","Glúteos","Posterior de coxa","Musculação","Banco","Academia","Avançado","gifs/perna/Anjaneyasana pose de avanço baixa.gif","https://raw.githubusercontent.com/brunofs3221/fortyn-exercise-media-extra/main/gifs/perna/Anjaneyasana%20pose%20de%20avan%C3%A7o%20baixa.gif","C:\Users\bruno\Downloads\Exercicios renomeados\Extensão de quadril no banco romano","MIGRADO_FONTE_REVISADA"
"media_023991c951b11f9e43b3","Extensão de quadril no cabo","Extensão de quadril na polia","Estabilize o tronco e a pelve antes de mover a perna. Execute a extensão ou abertura do quadril mostrada sem girar o corpo para ganhar amplitude. Contraia o glúteo no final e retorne lentamente.","Glúteos","Polia/Cabo | Academia","Glúteos","","Musculação","Polia/Cabo","Academia","Iniciante","gifs/Exercícios sem marca d'água/Extensão de quadril por cabo.gif","https://raw.githubusercontent.com/brunofs3221/fortyn-exercise-media-extra/main/gifs/Exerc%C3%ADcios%20sem%20marca%20d'%C3%A1gua/Extens%C3%A3o%20de%20quadril%20por%20cabo.gif","C:\Users\bruno\Downloads\Exercicios renomeados\Extensão de quadril no cabo","MIGRADO_FONTE_REVISADA"
"media_25e2b4fe879185e2edcf","Extensão de tríceps acima da cabeça ajoelhado na polia","Extensão de tríceps acima da cabeça ajoelhado na polia","Mantenha os ombros estáveis e controle a posição dos cotovelos. Estenda os cotovelos até contrair o tríceps e depois flexione-os lentamente para voltar. Evite usar o tronco ou os ombros para impulsionar a carga.","Tríceps","Polia/Cabo | Academia","Tríceps","","Musculação","Polia/Cabo","Academia","Intermediário","gifs/tríceps/Extensão de tríceps com halteres de um braço sentado.gif","https://raw.githubusercontent.com/brunofs3221/fortyn-exercise-media-extra/main/gifs/tr%C3%ADceps/Extens%C3%A3o%20de%20tr%C3%ADceps%20com%20halteres%20de%20um%20bra%C3%A7o%20sentado.gif","C:\Users\bruno\Downloads\Exercicios renomeados\Extensão de tríceps acima da cabeça ajoelhado na polia","MIGRADO_FONTE_REVISADA"
"media_fc84af06ba9c4de2bd7d","Extensão de tríceps acima da cabeça ajoelhado na polia - Variação 2","Extensão de tríceps acima da cabeça ajoelhado na polia - Variação 2","Mantenha os ombros estáveis e controle a posição dos cotovelos. Estenda os cotovelos até contrair o tríceps e depois flexione-os lentamente para voltar. Evite usar o tronco ou os ombros para impulsionar a carga.","Tríceps","Polia/Cabo | Academia","Tríceps","","Musculação","Polia/Cabo","Academia","Intermediário","gifs/tríceps/Kneeling na polia extensão de tríceps 2.gif","https://raw.githubusercontent.com/brunofs3221/fortyn-exercise-media-extra/main/gifs/tr%C3%ADceps/Kneeling%20na%20polia%20extens%C3%A3o%20de%20tr%C3%ADceps%202.gif","C:\Users\bruno\Downloads\Exercicios renomeados\Extensão de tríceps acima da cabeça ajoelhado na polia - Variação 2","MIGRADO_FONTE_REVISADA"
"media_39478360a2479680ca44","Extensão de tríceps acima da cabeça com barra em pé","Extensão de tríceps acima da cabeça com barra em pé","Mantenha os ombros estáveis e controle a posição dos cotovelos. Estenda os cotovelos até contrair o tríceps e depois flexione-os lentamente para voltar. Evite usar o tronco ou os ombros para impulsionar a carga.","Tríceps","Barra | Academia","Tríceps","","Musculação","Barra","Academia","Intermediário","gifs/tríceps/Sentado ez bar overhead extensão de tríceps.gif","https://raw.githubusercontent.com/brunofs3221/fortyn-exercise-media-extra/main/gifs/tr%C3%ADceps/Sentado%20ez%20bar%20overhead%20extens%C3%A3o%20de%20tr%C3%ADceps.gif","C:\Users\bruno\Downloads\Exercicios renomeados\Extensão de tríceps acima da cabeça com barra em pé","MIGRADO_FONTE_REVISADA"
"media_212c524808292dcbdf91","Extensão de tríceps acima da cabeça com barra EZ no banco inclinado","Extensão de tríceps acima da cabeça com barra EZ no banco inclinado","Apoie as mãos no banco, cadeira ou barras conforme a variação e mantenha os ombros estáveis. Flexione os cotovelos para descer o corpo em amplitude confortável. Estenda os cotovelos para retornar, evitando balanço.","Tríceps","Barra | Banco | Academia","Tríceps","","Musculação","Barra | Banco","Academia","Intermediário","gifs/tríceps/Inclinado ez bar extensão de tríceps.gif","https://raw.githubusercontent.com/brunofs3221/fortyn-exercise-media-extra/main/gifs/tr%C3%ADceps/Inclinado%20ez%20bar%20extens%C3%A3o%20de%20tr%C3%ADceps.gif","C:\Users\bruno\Downloads\Exercicios renomeados\Extensão de tríceps acima da cabeça com barra EZ no banco inclinado","MIGRADO_FONTE_REVISADA"
"media_e30c1dd1afd7a1b43f58","Extensão de tríceps acima da cabeça com halter em pé","Extensão de tríceps acima da cabeça com halter em pé","Mantenha os ombros estáveis e controle a posição dos cotovelos. Estenda os cotovelos até contrair o tríceps e depois flexione-os lentamente para voltar. Evite usar o tronco ou os ombros para impulsionar a carga.","Tríceps","Halteres | Academia","Tríceps","","Musculação","Halteres","Academia","Intermediário","gifs/tríceps/Bench dips on floor - Variação 4.gif","https://raw.githubusercontent.com/brunofs3221/fortyn-exercise-media-extra/main/gifs/tr%C3%ADceps/Bench%20dips%20on%20floor%20-%20Varia%C3%A7%C3%A3o%204.gif","C:\Users\bruno\Downloads\Exercicios renomeados\Extensão de tríceps acima da cabeça com halter em pé","MIGRADO_FONTE_REVISADA"
"media_30668254aec6895ee7f3","Extensão de tríceps acima da cabeça na polia","Tríceps na polia acima da cabeça","Mantenha os ombros estáveis e controle a posição dos cotovelos. Estenda os cotovelos até contrair o tríceps e depois flexione-os lentamente para voltar. Evite usar o tronco ou os ombros para impulsionar a carga.","Tríceps","Polia/Cabo | Academia","Tríceps","","Musculação","Polia/Cabo","Academia","Intermediário","gifs/Exercícios sem marca d'água/Extensão de tríceps acima da polia alta.gif","https://raw.githubusercontent.com/brunofs3221/fortyn-exercise-media-extra/main/gifs/Exerc%C3%ADcios%20sem%20marca%20d'%C3%A1gua/Extens%C3%A3o%20de%20tr%C3%ADceps%20acima%20da%20polia%20alta.gif","C:\Users\bruno\Downloads\Exercicios renomeados\Extensão de tríceps acima da cabeça na polia","MIGRADO_FONTE_REVISADA"
"media_45d976bdfc586c4e200c","Extensão de tríceps acima da cabeça na polia","Extensão de tríceps acima da cabeça na polia","Mantenha os ombros estáveis e controle a posição dos cotovelos. Estenda os cotovelos até contrair o tríceps e depois flexione-os lentamente para voltar. Evite usar o tronco ou os ombros para impulsionar a carga.","Tríceps","Polia/Cabo | Academia","Tríceps","","Musculação","Polia/Cabo","Academia","Intermediário","gifs/tríceps/Na polia deitado extensão de tríceps.gif","https://raw.githubusercontent.com/brunofs3221/fortyn-exercise-media-extra/main/gifs/tr%C3%ADceps/Na%20polia%20deitado%20extens%C3%A3o%20de%20tr%C3%ADceps.gif","","SEM_FONTE_REVISADA"
"media_91cb466dca20a0bf7e3f","Extensão de tríceps acima da cabeça sentado com halter","Extensão de tríceps acima da cabeça sentado com halter","Mantenha os ombros estáveis e controle a posição dos cotovelos. Estenda os cotovelos até contrair o tríceps e depois flexione-os lentamente para voltar. Evite usar o tronco ou os ombros para impulsionar a carga.","Tríceps","Halteres | Academia","Tríceps","","Musculação","Halteres","Academia","Intermediário","gifs/tríceps/Unilateral single leg bench dips.gif","https://raw.githubusercontent.com/brunofs3221/fortyn-exercise-media-extra/main/gifs/tr%C3%ADceps/Unilateral%20single%20leg%20bench%20dips.gif","C:\Users\bruno\Downloads\Exercicios renomeados\Extensão de tríceps acima da cabeça sentado com halter","MIGRADO_FONTE_REVISADA"
"media_e105497904032f41f7d8","Extensão de tríceps na máquina","Extensão de tríceps na máquina","Mantenha os ombros estáveis e controle a posição dos cotovelos. Estenda os cotovelos até contrair o tríceps e depois flexione-os lentamente para voltar. Evite usar o tronco ou os ombros para impulsionar a carga.","Tríceps","Máquina | Academia","Tríceps","","Musculação","Máquina","Academia","Iniciante","gifs/tríceps/Extensão de tríceps na máquina - Variação 2.gif","https://raw.githubusercontent.com/brunofs3221/fortyn-exercise-media-extra/main/gifs/tr%C3%ADceps/Extens%C3%A3o%20de%20tr%C3%ADceps%20na%20m%C3%A1quina%20-%20Varia%C3%A7%C3%A3o%202.gif","C:\Users\bruno\Downloads\Exercicios renomeados\Extensão de tríceps na máquina","MIGRADO_FONTE_REVISADA"
"media_407b769c7256c26917b9","Extensão de tríceps na máquina sentado","Extensão de tríceps na máquina sentado","Mantenha os ombros estáveis e controle a posição dos cotovelos. Estenda os cotovelos até contrair o tríceps e depois flexione-os lentamente para voltar. Evite usar o tronco ou os ombros para impulsionar a carga.","Tríceps","Máquina | Academia","Tríceps","","Musculação","Máquina","Academia","Iniciante","gifs/tríceps/Lever extensão de tríceps.gif","https://raw.githubusercontent.com/brunofs3221/fortyn-exercise-media-extra/main/gifs/tr%C3%ADceps/Lever%20extens%C3%A3o%20de%20tr%C3%ADceps.gif","C:\Users\bruno\Downloads\Exercicios renomeados\Extensão de tríceps na máquina sentado","MIGRADO_FONTE_REVISADA"
"media_f9ba9eecbc62b24d90f8","Extensão de tríceps na polia sentado inclinado","Extensão de tríceps na polia sentado inclinado","Mantenha os ombros estáveis e controle a posição dos cotovelos. Estenda os cotovelos até contrair o tríceps e depois flexione-os lentamente para voltar. Evite usar o tronco ou os ombros para impulsionar a carga.","Tríceps","Polia/Cabo | Banco | Academia","Tríceps","","Musculação","Polia/Cabo | Banco","Academia","Intermediário","gifs/tríceps/Na polia inclinado extensão de tríceps.gif","https://raw.githubusercontent.com/brunofs3221/fortyn-exercise-media-extra/main/gifs/tr%C3%ADceps/Na%20polia%20inclinado%20extens%C3%A3o%20de%20tr%C3%ADceps.gif","C:\Users\bruno\Downloads\Exercicios renomeados\Extensão de tríceps na polia sentado inclinado","MIGRADO_FONTE_REVISADA"
"media_3051376b2de09cafe7a1","Extensão de tríceps unilateral com halter sentado","Tríceps francês unilateral sentado com halter","Mantenha os ombros estáveis e controle a posição dos cotovelos. Estenda os cotovelos até contrair o tríceps e depois flexione-os lentamente para voltar. Evite usar o tronco ou os ombros para impulsionar a carga.","Tríceps","Halteres | Academia","Tríceps","","Musculação","Halteres","Academia","Iniciante","gifs/Exercícios sem marca d'água/Extensão de tríceps com halteres de um braço sentado.gif","https://raw.githubusercontent.com/brunofs3221/fortyn-exercise-media-extra/main/gifs/Exerc%C3%ADcios%20sem%20marca%20d'%C3%A1gua/Extens%C3%A3o%20de%20tr%C3%ADceps%20com%20halteres%20de%20um%20bra%C3%A7o%20sentado.gif","C:\Users\bruno\Downloads\Exercicios renomeados\Extensão de tríceps unilateral com halter sentado","MIGRADO_FONTE_REVISADA"
"media_1e570accb3fa8397ebad","Extensão de tronco na máquina","Extensão lombar na máquina sentada","Mantenha o abdômen firme e eleve o tronco ou os membros conforme a variação, estendendo a coluna e o quadril sem usar impulso. Pare ao alinhar o corpo e retorne lentamente, evitando hiperextensão exagerada da lombar.","Costas","Máquina | Academia","Costas","","Musculação","Máquina","Academia","Iniciante","gifs/Exercícios sem marca d'água/Extensão de encosto sentado.gif","https://raw.githubusercontent.com/brunofs3221/fortyn-exercise-media-extra/main/gifs/Exerc%C3%ADcios%20sem%20marca%20d'%C3%A1gua/Extens%C3%A3o%20de%20encosto%20sentado.gif","C:\Users\bruno\Downloads\Exercicios renomeados\Extensão de tronco na máquina","MIGRADO_FONTE_REVISADA"
"media_a764e659f2e02a06009a","Extensão e recolhimento de pernas deitado","Extensão e recolhimento de pernas deitado","Assuma a posição inicial de Extensão e recolhimento de pernas deitado, estabilize o tronco e execute o movimento mostrado de forma coordenada. Use uma amplitude que consiga controlar, evite impulso desnecessário e retorne à posição inicial antes da repetição seguinte.","Corpo inteiro","Sem aparelhos | Casa","Corpo inteiro","","Musculação","Sem aparelhos","Casa","Intermediário","gifs/abdominais/Abdominal - Variação 4.gif","https://raw.githubusercontent.com/brunofs3221/fortyn-exercise-media-extra/main/gifs/abdominais/Abdominal%20-%20Varia%C3%A7%C3%A3o%204.gif","C:\Users\bruno\Downloads\Exercicios renomeados\Extensão e recolhimento de pernas deitado","MIGRADO_FONTE_REVISADA"
"media_12dc8f2fd4d64b75b8b1","Extensão unilateral de perna","Cadeira extensora unilateral","Ajuste o equipamento para que o joelho fique alinhado ao eixo da máquina e o apoio sobre a parte inferior da perna. Estenda o joelho de forma controlada e retorne devagar sem deixar a carga despencar.","Quadríceps","Sem aparelhos | Casa","Quadríceps","","Musculação","Sem aparelhos","Casa","Iniciante","gifs/Exercícios sem marca d'água/Extensão de perna única.gif","https://raw.githubusercontent.com/brunofs3221/fortyn-exercise-media-extra/main/gifs/Exerc%C3%ADcios%20sem%20marca%20d'%C3%A1gua/Extens%C3%A3o%20de%20perna%20%C3%BAnica.gif","C:\Users\bruno\Downloads\Exercicios renomeados\Extensão unilateral de perna","MIGRADO_FONTE_REVISADA"
"media_1381daa2371eba4994f9","Extensão unilateral de tríceps acima da cabeça sentado com halter","Extensão unilateral de tríceps acima da cabeça sentado com halter","Mantenha os ombros estáveis e controle a posição dos cotovelos. Estenda os cotovelos até contrair o tríceps e depois flexione-os lentamente para voltar. Evite usar o tronco ou os ombros para impulsionar a carga.","Tríceps","Halteres | Academia","Tríceps","","Musculação","Halteres","Academia","Iniciante","gifs/tríceps/Unilateral single leg bench dips - Variação 3.gif","https://raw.githubusercontent.com/brunofs3221/fortyn-exercise-media-extra/main/gifs/tr%C3%ADceps/Unilateral%20single%20leg%20bench%20dips%20-%20Varia%C3%A7%C3%A3o%203.gif","C:\Users\bruno\Downloads\Exercicios renomeados\Extensão unilateral de tríceps acima da cabeça sentado com halter","MIGRADO_FONTE_REVISADA"
"media_14b0e6f40bfcc4a36337","Extensão unilateral de tríceps na polia","Extensão unilateral de tríceps na polia","Mantenha os ombros estáveis e controle a posição dos cotovelos. Estenda os cotovelos até contrair o tríceps e depois flexione-os lentamente para voltar. Evite usar o tronco ou os ombros para impulsionar a carga.","Tríceps","Polia/Cabo | Academia","Tríceps","","Musculação","Polia/Cabo","Academia","Intermediário","gifs/tríceps/Com halteres tate press.gif","https://raw.githubusercontent.com/brunofs3221/fortyn-exercise-media-extra/main/gifs/tr%C3%ADceps/Com%20halteres%20tate%20press.gif","C:\Users\bruno\Downloads\Exercicios renomeados\Extensão unilateral de tríceps na polia","MIGRADO_FONTE_REVISADA"
"media_3457e8ee712a4ff676de","Extensão unilateral de tríceps na polia com braço elevado","Extensão unilateral de tríceps na polia com braço elevado","Mantenha os ombros estáveis e controle a posição dos cotovelos. Estenda os cotovelos até contrair o tríceps e depois flexione-os lentamente para voltar. Evite usar o tronco ou os ombros para impulsionar a carga.","Tríceps","Polia/Cabo | Academia","Tríceps","","Musculação","Polia/Cabo","Academia","Intermediário","gifs/tríceps/Bent over triceps kick back - Variação 3.gif","https://raw.githubusercontent.com/brunofs3221/fortyn-exercise-media-extra/main/gifs/tr%C3%ADceps/Bent%20over%20triceps%20kick%20back%20-%20Varia%C3%A7%C3%A3o%203.gif","C:\Users\bruno\Downloads\Exercicios renomeados\Extensão unilateral de tríceps na polia com braço elevado","MIGRADO_FONTE_REVISADA"
"media_b9216a3c1d353a676e99","Face pull","Face pull na polia","Mantenha o tronco firme e inicie puxando os cotovelos para trás. Traga a carga ou o pegador em direção ao tronco sem elevar os ombros, aproximando as escápulas no final. Retorne lentamente até os braços se estenderem.","Costas","Polia/Cabo | Academia","Costas","","Musculação","Polia/Cabo","Academia","Iniciante","gifs/Exercícios sem marca d'água/Puxar o rosto.gif","https://raw.githubusercontent.com/brunofs3221/fortyn-exercise-media-extra/main/gifs/Exerc%C3%ADcios%20sem%20marca%20d'%C3%A1gua/Puxar%20o%20rosto.gif","C:\Users\bruno\Downloads\Exercicios renomeados\Face pull","MIGRADO_FONTE_REVISADA"
"media_23a75a44c173a8374b02","Face pull na polia","Face pull na polia","Ajuste a polia na altura do rosto e segure o pegador. Puxe em direção ao rosto levando os cotovelos para fora e para trás, terminando com as mãos próximas às laterais da cabeça. Retorne devagar até estender os braços, mantendo o tronco firme e evitando elevar os ombros.","Ombros","Polia/Cabo | Costas","Ombros","Costas","Musculação","Polia/Cabo","Academia","Iniciante","gifs/trapézio/Puxar o rosto.gif","https://raw.githubusercontent.com/brunofs3221/fortyn-exercise-media-extra/main/gifs/trap%C3%A9zio/Puxar%20o%20rosto.gif","C:\Users\bruno\Downloads\Exercicios renomeados\Face pull na polia","MIGRADO_FONTE_REVISADA"
"media_bc638321888854679e51","Face pull na polia com corda","Face pull na polia com corda","Ajuste a polia na altura do rosto e segure o pegador. Puxe em direção ao rosto levando os cotovelos para fora e para trás, terminando com as mãos próximas às laterais da cabeça. Retorne devagar até estender os braços, mantendo o tronco firme e evitando elevar os ombros.","Ombros","Polia/Cabo | Costas","Ombros","Costas","Musculação","Polia/Cabo","Academia","Iniciante","gifs/trapézio/Encolher de ombros inclinado.gif","https://raw.githubusercontent.com/brunofs3221/fortyn-exercise-media-extra/main/gifs/trap%C3%A9zio/Encolher%20de%20ombros%20inclinado.gif","C:\Users\bruno\Downloads\Exercicios renomeados\Face pull na polia com corda","MIGRADO_FONTE_REVISADA"
"media_20df8f8b99d4bd167911","Fire hydrant","Hidrante","Estabilize o tronco e a pelve antes de mover a perna. Execute a extensão ou abertura do quadril mostrada sem girar o corpo para ganhar amplitude. Contraia o glúteo no final e retorne lentamente.","Glúteos","Sem aparelhos | Casa","Glúteos","","Musculação","Sem aparelhos","Casa","Iniciante","gifs/Exercícios sem marca d'água/Hidrante.gif","https://raw.githubusercontent.com/brunofs3221/fortyn-exercise-media-extra/main/gifs/Exerc%C3%ADcios%20sem%20marca%20d'%C3%A1gua/Hidrante.gif","C:\Users\bruno\Downloads\Exercicios renomeados\Fire hydrant","MIGRADO_FONTE_REVISADA"
"media_dd51385df295bad4d4c7","Fire hydrant com elástico","Hidrante com mini band","Estabilize o tronco e a pelve antes de mover a perna. Execute a extensão ou abertura do quadril mostrada sem girar o corpo para ganhar amplitude. Contraia o glúteo no final e retorne lentamente.","Glúteos","Elástico | Academia","Glúteos","","Musculação","Elástico","Academia","Iniciante","gifs/Exercícios sem marca d'água/Hidrante em elástico.gif","https://raw.githubusercontent.com/brunofs3221/fortyn-exercise-media-extra/main/gifs/Exerc%C3%ADcios%20sem%20marca%20d'%C3%A1gua/Hidrante%20em%20el%C3%A1stico.gif","C:\Users\bruno\Downloads\Exercicios renomeados\Fire hydrant com elástico","MIGRADO_FONTE_REVISADA"
"media_36924520d5d0f6fb57a4","Flexão alternada de ombros na parede","Flexão alternada de ombros na parede","Assuma a posição inicial de Flexão alternada de ombros na parede, estabilize o tronco e execute o movimento mostrado de forma coordenada. Use uma amplitude que consiga controlar, evite impulso desnecessário e retorne à posição inicial antes da repetição seguinte.","Corpo inteiro","Sem aparelhos | Casa","Corpo inteiro","","Musculação","Sem aparelhos","Casa","Iniciante","gifs/Exercícios sem marca d'água/Costas contra a parede flexão alternada dos ombros.gif","https://raw.githubusercontent.com/brunofs3221/fortyn-exercise-media-extra/main/gifs/Exerc%C3%ADcios%20sem%20marca%20d'%C3%A1gua/Costas%20contra%20a%20parede%20flex%C3%A3o%20alternada%20dos%20ombros.gif","C:\Users\bruno\Downloads\Exercicios renomeados\Flexão alternada de ombros na parede","MIGRADO_FONTE_REVISADA"
"media_cdef662b84598539d694","Flexão cervical deitado com peso","Flexão cervical deitado com anilha","Mantenha o tronco imóvel e mova a cabeça lentamente na direção indicada. Quando houver resistência, use carga leve e mantenha uma amplitude controlada. Retorne sem movimentos bruscos e evite compensar elevando os ombros.","Pescoço","Sem aparelhos | Casa","Pescoço","","Musculação","Sem aparelhos","Casa","Avançado","gifs/Exercícios sem marca d'água/Flexão com peso do pescoço deitado.gif","https://raw.githubusercontent.com/brunofs3221/fortyn-exercise-media-extra/main/gifs/Exerc%C3%ADcios%20sem%20marca%20d'%C3%A1gua/Flex%C3%A3o%20com%20peso%20do%20pesco%C3%A7o%20deitado.gif","C:\Users\bruno\Downloads\Exercicios renomeados\Flexão cervical deitado com peso","MIGRADO_FONTE_REVISADA"
"media_9752000c22d7659a7f83","Flexão cervical deitado com peso - variação 2","Flexão cervical deitado no banco inclinado","Mantenha o tronco imóvel e mova a cabeça lentamente na direção indicada. Quando houver resistência, use carga leve e mantenha uma amplitude controlada. Retorne sem movimentos bruscos e evite compensar elevando os ombros.","Pescoço","Sem aparelhos | Casa","Pescoço","","Musculação","Sem aparelhos","Casa","Avançado","gifs/Exercícios sem marca d'água/Flexão com peso do pescoço deitado - Variação 2.gif","https://raw.githubusercontent.com/brunofs3221/fortyn-exercise-media-extra/main/gifs/Exerc%C3%ADcios%20sem%20marca%20d'%C3%A1gua/Flex%C3%A3o%20com%20peso%20do%20pesco%C3%A7o%20deitado%20-%20Varia%C3%A7%C3%A3o%202.gif","C:\Users\bruno\Downloads\Exercicios renomeados\Flexão cervical deitado com peso - variação 2","MIGRADO_FONTE_REVISADA"
"media_ad91aab2e92471d84a6d","Flexão cervical sentado no cabo com arnês","Flexão cervical sentada na polia com arnês","Mantenha o tronco imóvel e mova a cabeça lentamente na direção indicada. Quando houver resistência, use carga leve e mantenha uma amplitude controlada. Retorne sem movimentos bruscos e evite compensar elevando os ombros.","Pescoço","Polia/Cabo | Academia","Pescoço","","Musculação","Polia/Cabo","Academia","Avançado","gifs/Exercícios sem marca d'água/Flexão do pescoço sentado no cabo com arnês de cabeça.gif","https://raw.githubusercontent.com/brunofs3221/fortyn-exercise-media-extra/main/gifs/Exerc%C3%ADcios%20sem%20marca%20d'%C3%A1gua/Flex%C3%A3o%20do%20pesco%C3%A7o%20sentado%20no%20cabo%20com%20arn%C3%AAs%20de%20cabe%C3%A7a.gif","C:\Users\bruno\Downloads\Exercicios renomeados\Flexão cervical sentado no cabo com arnês","MIGRADO_FONTE_REVISADA"
"media_5312e0a540c55f9cc07a","Flexão com barras de apoio","Flexão de braços nas barras push-up","Apoie as mãos conforme a variação e mantenha cabeça, tronco e quadril alinhados. Flexione os cotovelos para aproximar o peito do apoio, mantendo o abdômen ativo. Empurre o chão para voltar sem deixar a lombar afundar.","Peito","Barra | Tríceps | Academia","Peito","Tríceps","Musculação","Barra","Academia","Intermediário","gifs/Exercícios sem marca d'água/Push up com barras push-up.gif","https://raw.githubusercontent.com/brunofs3221/fortyn-exercise-media-extra/main/gifs/Exerc%C3%ADcios%20sem%20marca%20d'%C3%A1gua/Push%20up%20com%20barras%20push-up.gif","C:\Users\bruno\Downloads\Exercicios renomeados\Flexão com barras de apoio","MIGRADO_FONTE_REVISADA"
"media_a351d08b046238041cd0","Flexão com bola medicinal","Flexão de braço com bola medicinal","Apoie as mãos conforme a variação e mantenha cabeça, tronco e quadril alinhados. Flexione os cotovelos para aproximar o peito do apoio, mantendo o abdômen ativo. Empurre o chão para voltar sem deixar a lombar afundar.","Peito","Bola | Tríceps | Academia","Peito","Tríceps","Musculação","Bola","Academia","Avançado","gifs/Exercícios sem marca d'água/Empurre a bola medicinal.gif","https://raw.githubusercontent.com/brunofs3221/fortyn-exercise-media-extra/main/gifs/Exerc%C3%ADcios%20sem%20marca%20d'%C3%A1gua/Empurre%20a%20bola%20medicinal.gif","C:\Users\bruno\Downloads\Exercicios renomeados\Flexão com bola medicinal","MIGRADO_FONTE_REVISADA"
"media_6a1a9619b5be5420ad21","Flexão com joelhos apoiados","Flexão de braços com joelhos apoiados","Assuma a posição inicial de Flexão com joelhos apoiados, estabilize o tronco e execute o movimento mostrado de forma coordenada. Use uma amplitude que consiga controlar, evite impulso desnecessário e retorne à posição inicial antes da repetição seguinte.","Corpo inteiro","Sem aparelhos | Casa","Corpo inteiro","","Musculação","Sem aparelhos","Casa","Iniciante","gifs/Exercícios sem marca d'água/Flexão de joelho para cima.gif","https://raw.githubusercontent.com/brunofs3221/fortyn-exercise-media-extra/main/gifs/Exerc%C3%ADcios%20sem%20marca%20d'%C3%A1gua/Flex%C3%A3o%20de%20joelho%20para%20cima.gif","C:\Users\bruno\Downloads\Exercicios renomeados\Flexão com joelhos apoiados","MIGRADO_FONTE_REVISADA"
"media_d2feaa2e6c6cba5f0325","Flexão com palmas","Flexão com toque de ombro","Apoie as mãos conforme a variação e mantenha cabeça, tronco e quadril alinhados. Flexione os cotovelos para aproximar o peito do apoio, mantendo o abdômen ativo. Empurre o chão para voltar sem deixar a lombar afundar.","Peito","Tríceps | Sem aparelhos | Casa","Peito","Tríceps","Musculação","Sem aparelhos","Casa","Intermediário","gifs/Exercícios sem marca d'água/Bater palmas, empurrar para cima.gif","https://raw.githubusercontent.com/brunofs3221/fortyn-exercise-media-extra/main/gifs/Exerc%C3%ADcios%20sem%20marca%20d'%C3%A1gua/Bater%20palmas%2C%20empurrar%20para%20cima.gif","C:\Users\bruno\Downloads\Exercicios renomeados\Flexão com palmas","MIGRADO_FONTE_REVISADA"
"media_2ab431060006d9ef39fd","Flexão com rotação para prancha lateral","Flexão com rotação para prancha lateral","Comece em posição de flexão com o corpo alinhado. Desça o peito com controle e, ao subir, gire o tronco abrindo um braço para cima até entrar em uma prancha lateral. Volte a mão ao chão, faça a próxima flexão e alterne o lado.","Peito","Sem aparelhos | Casa | Tríceps","Peito","Tríceps","Musculação","Sem aparelhos","Casa","Avançado","gifs/tríceps/Bent over triceps kick back - Variação 4.gif","https://raw.githubusercontent.com/brunofs3221/fortyn-exercise-media-extra/main/gifs/tr%C3%ADceps/Bent%20over%20triceps%20kick%20back%20-%20Varia%C3%A7%C3%A3o%204.gif","C:\Users\bruno\Downloads\Exercicios renomeados\Flexão com rotação para prancha lateral","MIGRADO_FONTE_REVISADA"
"media_14ee0cd648b8169f0532","Flexão com toque no pé","Flexão de braços com toque nos pés","Apoie as mãos conforme a variação e mantenha cabeça, tronco e quadril alinhados. Flexione os cotovelos para aproximar o peito do apoio, mantendo o abdômen ativo. Empurre o chão para voltar sem deixar a lombar afundar.","Peito","Tríceps | Sem aparelhos | Casa","Peito","Tríceps","Musculação","Sem aparelhos","Casa","Avançado","gifs/Exercícios sem marca d'água/Empurrar para cima o toque do dedo do pé.gif","https://raw.githubusercontent.com/brunofs3221/fortyn-exercise-media-extra/main/gifs/Exerc%C3%ADcios%20sem%20marca%20d'%C3%A1gua/Empurrar%20para%20cima%20o%20toque%20do%20dedo%20do%20p%C3%A9.gif","C:\Users\bruno\Downloads\Exercicios renomeados\Flexão com toque no pé","MIGRADO_FONTE_REVISADA"
"media_16ab1dbc47f2fa998db3","Flexão com toque no peito","Flexão com toque no peito","Apoie as mãos conforme a variação e mantenha cabeça, tronco e quadril alinhados. Flexione os cotovelos para aproximar o peito do apoio, mantendo o abdômen ativo. Empurre o chão para voltar sem deixar a lombar afundar.","Peito","Tríceps | Sem aparelhos | Casa","Peito","Tríceps","Musculação","Sem aparelhos","Casa","Avançado","gifs/Exercícios sem marca d'água/Toque no peito push up.gif","https://raw.githubusercontent.com/brunofs3221/fortyn-exercise-media-extra/main/gifs/Exerc%C3%ADcios%20sem%20marca%20d'%C3%A1gua/Toque%20no%20peito%20push%20up.gif","C:\Users\bruno\Downloads\Exercicios renomeados\Flexão com toque no peito","MIGRADO_FONTE_REVISADA"
"media_aeafac67eab0c40c0945","Flexão cruzada","Flexão de braço com deslocamento lateral","Apoie as mãos conforme a variação e mantenha cabeça, tronco e quadril alinhados. Flexione os cotovelos para aproximar o peito do apoio, mantendo o abdômen ativo. Empurre o chão para voltar sem deixar a lombar afundar.","Peito","Tríceps | Sem aparelhos | Casa","Peito","Tríceps","Musculação","Sem aparelhos","Casa","Avançado","gifs/Exercícios sem marca d'água/Flexão de corpo cruzado.gif","https://raw.githubusercontent.com/brunofs3221/fortyn-exercise-media-extra/main/gifs/Exerc%C3%ADcios%20sem%20marca%20d'%C3%A1gua/Flex%C3%A3o%20de%20corpo%20cruzado.gif","C:\Users\bruno\Downloads\Exercicios renomeados\Flexão cruzada","MIGRADO_FONTE_REVISADA"
"media_4ee02330e3762d5a169f","Flexão de braços","Flexão de braços","Apoie as mãos conforme a variação e mantenha cabeça, tronco e quadril alinhados. Flexione os cotovelos para aproximar o peito do apoio, mantendo o abdômen ativo. Empurre o chão para voltar sem deixar a lombar afundar.","Peito","Tríceps | Sem aparelhos | Casa","Peito","Tríceps","Musculação","Sem aparelhos","Casa","Iniciante","gifs/Exercícios sem marca d'água/Empurrar para cima.gif","https://raw.githubusercontent.com/brunofs3221/fortyn-exercise-media-extra/main/gifs/Exerc%C3%ADcios%20sem%20marca%20d'%C3%A1gua/Empurrar%20para%20cima.gif","C:\Users\bruno\Downloads\Exercicios renomeados\Flexão de braços","MIGRADO_FONTE_REVISADA"
"media_7a521567896c1987f95d","Flexão de braços","","Flexão de braços no solo, utilizando o peso corporal em prancha. O corpo desce em bloco pela flexão dos cotovelos e retorna com a extensão dos braços, trabalhando peitoral, tríceps e deltoides anteriores enquanto o tronco resiste à perda de alinhamento.","Peito","peso corporal | academia | casa | ao ar livre","Peito","","Musculação","peso corporal","academia | casa | ao ar livre","","gifs/flexão de braços.gif","https://raw.githubusercontent.com/brunofs3221/fortyn-exercise-media-extra/main/gifs/flex%C3%A3o%20de%20bra%C3%A7os.gif","","SEM_FONTE_REVISADA"
"media_205c839f8b5f19977fd5","Flexão de braços na bola suíça","Flexão com mãos na bola suíça","Apoie as mãos conforme a variação e mantenha cabeça, tronco e quadril alinhados. Flexione os cotovelos para aproximar o peito do apoio, mantendo o abdômen ativo. Empurre o chão para voltar sem deixar a lombar afundar.","Peito","Bola | Tríceps | Academia","Peito","Tríceps","Musculação","Bola","Academia","Avançado","gifs/Exercícios sem marca d'água/Flexão de bola suíça.gif","https://raw.githubusercontent.com/brunofs3221/fortyn-exercise-media-extra/main/gifs/Exerc%C3%ADcios%20sem%20marca%20d'%C3%A1gua/Flex%C3%A3o%20de%20bola%20su%C3%AD%C3%A7a.gif","C:\Users\bruno\Downloads\Exercicios renomeados\Flexão de braços na bola suíça","MIGRADO_FONTE_REVISADA"
"media_1cbe6256bdbf2f21ce88","Flexão de joelho com deslizamento do calcanhar","Deslizamento unilateral de calcanhar","Mantenha quadril e tronco estáveis e flexione os joelhos aproximando os calcanhares dos glúteos conforme a variação. Controle a volta até quase estender os joelhos, sem deixar o quadril perder a posição.","Posterior de coxa","Sem aparelhos | Casa","Posterior de coxa","","Musculação","Sem aparelhos","Casa","Iniciante","gifs/Exercícios sem marca d'água/Slide do inferno.gif","https://raw.githubusercontent.com/brunofs3221/fortyn-exercise-media-extra/main/gifs/Exerc%C3%ADcios%20sem%20marca%20d'%C3%A1gua/Slide%20do%20inferno.gif","C:\Users\bruno\Downloads\Exercicios renomeados\Flexão de joelho com deslizamento do calcanhar","MIGRADO_FONTE_REVISADA"
"media_2f144a2ee74fb0466828","Flexão de joelhos ajoelhado na máquina","Flexora ajoelhada unilateral","Mantenha quadril e tronco estáveis e flexione os joelhos aproximando os calcanhares dos glúteos conforme a variação. Controle a volta até quase estender os joelhos, sem deixar o quadril perder a posição.","Posterior de coxa","Máquina | Academia","Posterior de coxa","","Musculação","Máquina","Academia","Intermediário","gifs/Exercícios sem marca d'água/Máquina ajoelhada flexão de perna.gif","https://raw.githubusercontent.com/brunofs3221/fortyn-exercise-media-extra/main/gifs/Exerc%C3%ADcios%20sem%20marca%20d'%C3%A1gua/M%C3%A1quina%20ajoelhada%20flex%C3%A3o%20de%20perna.gif","C:\Users\bruno\Downloads\Exercicios renomeados\Flexão de joelhos ajoelhado na máquina","MIGRADO_FONTE_REVISADA"
"media_79eda1f83b8b3cb5c4f1","Flexão de joelhos ajoelhado na máquina","Flexão de joelhos ajoelhado na máquina","Ajoelhe-se na máquina com o joelho de trabalho alinhado ao eixo e o rolo apoiado próximo ao tornozelo. Flexione o joelho levando o calcanhar para trás, contraindo os posteriores da coxa. Retorne devagar sem soltar o peso de uma vez.","Posterior de coxa","Máquina | Academia","Posterior de coxa","","Musculação","Máquina","Academia","Intermediário","gifs/perna/Alavanca ajoelhada flexão de perna.gif","https://raw.githubusercontent.com/brunofs3221/fortyn-exercise-media-extra/main/gifs/perna/Alavanca%20ajoelhada%20flex%C3%A3o%20de%20perna.gif","","SEM_FONTE_REVISADA"
"media_3cab195f3a79ae6d170c","Flexão de joelhos com toalha","Flexão de joelhos deslizante com toalha","Mantenha quadril e tronco estáveis e flexione os joelhos aproximando os calcanhares dos glúteos conforme a variação. Controle a volta até quase estender os joelhos, sem deixar o quadril perder a posição.","Posterior de coxa","Sem aparelhos | Casa","Posterior de coxa","","Musculação","Sem aparelhos","Casa","Intermediário","gifs/Exercícios sem marca d'água/Enrolamento de perna de toalha.gif","https://raw.githubusercontent.com/brunofs3221/fortyn-exercise-media-extra/main/gifs/Exerc%C3%ADcios%20sem%20marca%20d'%C3%A1gua/Enrolamento%20de%20perna%20de%20toalha.gif","C:\Users\bruno\Downloads\Exercicios renomeados\Flexão de joelhos com toalha","MIGRADO_FONTE_REVISADA"
"media_e017f8f67ab2aa6b51d3","Flexão de joelhos declinada com halter","Flexão de joelhos com halter","Mantenha quadril e tronco estáveis e flexione os joelhos aproximando os calcanhares dos glúteos conforme a variação. Controle a volta até quase estender os joelhos, sem deixar o quadril perder a posição.","Posterior de coxa","Halteres | Academia","Posterior de coxa","","Musculação","Halteres","Academia","Intermediário","gifs/Exercícios sem marca d'água/Recusar flexão de perna com halteres.gif","https://raw.githubusercontent.com/brunofs3221/fortyn-exercise-media-extra/main/gifs/Exerc%C3%ADcios%20sem%20marca%20d'%C3%A1gua/Recusar%20flex%C3%A3o%20de%20perna%20com%20halteres.gif","C:\Users\bruno\Downloads\Exercicios renomeados\Flexão de joelhos declinada com halter","MIGRADO_FONTE_REVISADA"
"media_d136b22673894c4ad9a8","Flexão de joelhos deitado com halter","Flexão de pernas deitado com halter","Mantenha quadril e tronco estáveis e flexione os joelhos aproximando os calcanhares dos glúteos conforme a variação. Controle a volta até quase estender os joelhos, sem deixar o quadril perder a posição.","Posterior de coxa","Halteres | Academia","Posterior de coxa","","Musculação","Halteres","Academia","Intermediário","gifs/Exercícios sem marca d'água/Flexão de perna com halteres deitado.gif","https://raw.githubusercontent.com/brunofs3221/fortyn-exercise-media-extra/main/gifs/Exerc%C3%ADcios%20sem%20marca%20d'%C3%A1gua/Flex%C3%A3o%20de%20perna%20com%20halteres%20deitado.gif","C:\Users\bruno\Downloads\Exercicios renomeados\Flexão de joelhos deitado com halter","MIGRADO_FONTE_REVISADA"
"media_bf7dcd05de3fcbcbe200","Flexão de joelhos deitado na máquina","Mesa flexora deitada","Mantenha quadril e tronco estáveis e flexione os joelhos aproximando os calcanhares dos glúteos conforme a variação. Controle a volta até quase estender os joelhos, sem deixar o quadril perder a posição.","Posterior de coxa","Máquina | Academia","Posterior de coxa","","Musculação","Máquina","Academia","Iniciante","gifs/Exercícios sem marca d'água/Flexão de perna.gif","https://raw.githubusercontent.com/brunofs3221/fortyn-exercise-media-extra/main/gifs/Exerc%C3%ADcios%20sem%20marca%20d'%C3%A1gua/Flex%C3%A3o%20de%20perna.gif","C:\Users\bruno\Downloads\Exercicios renomeados\Flexão de joelhos deitado na máquina","MIGRADO_FONTE_REVISADA"
"media_df41698b4743784b404a","Flexão de joelhos deitado na máquina","Flexão de joelhos deitado na máquina","Deite-se na máquina com os joelhos alinhados ao eixo e o rolo apoiado próximo aos tornozelos. Flexione os joelhos levando os calcanhares em direção aos glúteos e contraia os posteriores da coxa. Retorne lentamente até quase estender as pernas.","Posterior de coxa","Máquina | Academia","Posterior de coxa","","Musculação","Máquina","Academia","Iniciante","gifs/perna/Flexão de perna.gif","https://raw.githubusercontent.com/brunofs3221/fortyn-exercise-media-extra/main/gifs/perna/Flex%C3%A3o%20de%20perna.gif","","SEM_FONTE_REVISADA"
"media_1070a81e5b6958fb1ad9","Flexão de joelhos na bola suíça","Flexão de joelhos na bola suíça","Deite-se de costas com os calcanhares sobre a bola e eleve o quadril. Puxe a bola em direção ao corpo dobrando os joelhos e contraindo os posteriores da coxa. Estenda novamente as pernas de forma lenta, mantendo o quadril elevado e estável.","Posterior de coxa","Glúteos | Bola | Casa","Posterior de coxa","Glúteos","Musculação","Bola","Casa","Intermediário","gifs/perna/Hackear agachamento de panturrilha.gif","https://raw.githubusercontent.com/brunofs3221/fortyn-exercise-media-extra/main/gifs/perna/Hackear%20agachamento%20de%20panturrilha.gif","","SEM_FONTE_REVISADA"
"media_c95c01dfe332cc066b32","Flexão de joelhos na bola suíça","Flexão de pernas na bola suíça","Mantenha quadril e tronco estáveis e flexione os joelhos aproximando os calcanhares dos glúteos conforme a variação. Controle a volta até quase estender os joelhos, sem deixar o quadril perder a posição.","Posterior de coxa","Bola | Academia","Posterior de coxa","","Musculação","Bola","Academia","Intermediário","gifs/Exercícios sem marca d'água/Flexão de perna na bola suíça.gif","https://raw.githubusercontent.com/brunofs3221/fortyn-exercise-media-extra/main/gifs/Exerc%C3%ADcios%20sem%20marca%20d'%C3%A1gua/Flex%C3%A3o%20de%20perna%20na%20bola%20su%C3%AD%C3%A7a.gif","C:\Users\bruno\Downloads\Exercicios renomeados\Flexão de joelhos na bola suíça","MIGRADO_FONTE_REVISADA"
"media_086cebe84a251fe4c88f","Flexão de joelhos sentado na máquina","Cadeira extensora","Mantenha quadril e tronco estáveis e flexione os joelhos aproximando os calcanhares dos glúteos conforme a variação. Controle a volta até quase estender os joelhos, sem deixar o quadril perder a posição.","Posterior de coxa","Máquina | Academia","Posterior de coxa","","Musculação","Máquina","Academia","Iniciante","gifs/Exercícios sem marca d'água/Flexão de perna sentada.gif","https://raw.githubusercontent.com/brunofs3221/fortyn-exercise-media-extra/main/gifs/Exerc%C3%ADcios%20sem%20marca%20d'%C3%A1gua/Flex%C3%A3o%20de%20perna%20sentada.gif","C:\Users\bruno\Downloads\Exercicios renomeados\Flexão de joelhos sentado na máquina","MIGRADO_FONTE_REVISADA"
"media_161874debce2311fe3e1","Flexão de joelhos unilateral deitado na máquina","Flexão de joelhos unilateral deitado na máquina","Deite-se na máquina com os joelhos alinhados ao eixo e o rolo apoiado próximo aos tornozelos. Flexione os joelhos levando os calcanhares em direção aos glúteos e contraia os posteriores da coxa. Retorne lentamente até quase estender as pernas.","Posterior de coxa","Máquina | Academia","Posterior de coxa","","Musculação","Máquina","Academia","Iniciante","gifs/perna/Flexão de perna única com alavanca - Variação 2.gif","https://raw.githubusercontent.com/brunofs3221/fortyn-exercise-media-extra/main/gifs/perna/Flex%C3%A3o%20de%20perna%20%C3%BAnica%20com%20alavanca%20-%20Varia%C3%A7%C3%A3o%202.gif","C:\Users\bruno\Downloads\Exercicios renomeados\Flexão de joelhos unilateral deitado na máquina","MIGRADO_FONTE_REVISADA"
"media_09626abf43ce963b14d7","Flexão de joelhos unilateral em pé na máquina","Flexão de joelhos unilateral em pé na máquina","Fique em pé na máquina, estabilize o tronco e mantenha o joelho de trabalho alinhado ao eixo. Dobre o joelho levando o calcanhar para trás contra a resistência. Desça lentamente até quase estender a perna, sem movimentar o quadril.","Posterior de coxa","Máquina | Academia","Posterior de coxa","","Musculação","Máquina","Academia","Iniciante","gifs/perna/Leg press panturrilha - Variação 3.gif","https://raw.githubusercontent.com/brunofs3221/fortyn-exercise-media-extra/main/gifs/perna/Leg%20press%20panturrilha%20-%20Varia%C3%A7%C3%A3o%203.gif","C:\Users\bruno\Downloads\Exercicios renomeados\Flexão de joelhos unilateral em pé na máquina","MIGRADO_FONTE_REVISADA"
"media_9f2ab609a2edb4347995","Flexão de joelhos unilateral em pé na máquina - Variação 2","Flexão de joelhos unilateral em pé na máquina - Variação 2","Fique em pé na máquina, estabilize o tronco e mantenha o joelho de trabalho alinhado ao eixo. Dobre o joelho levando o calcanhar para trás contra a resistência. Desça lentamente até quase estender a perna, sem movimentar o quadril.","Posterior de coxa","Máquina | Academia","Posterior de coxa","","Musculação","Máquina","Academia","Iniciante","gifs/perna/Pistol agachamento to box.gif","https://raw.githubusercontent.com/brunofs3221/fortyn-exercise-media-extra/main/gifs/perna/Pistol%20agachamento%20to%20box.gif","C:\Users\bruno\Downloads\Exercicios renomeados\Flexão de joelhos unilateral em pé na máquina - Variação 2","MIGRADO_FONTE_REVISADA"
"media_afccb696f72c457a9f80","Flexão de ombro ajoelhado no cabo","Flexão de ombro ajoelhado na polia","Mantenha o tronco firme e execute Flexão de ombro ajoelhado no cabo movendo os braços pela trajetória mostrada. Evite balanço e elevação excessiva dos ombros e controle a fase de retorno.","Ombros","Polia/Cabo | Academia","Ombros","","Musculação","Polia/Cabo","Academia","Intermediário","gifs/Exercícios sem marca d'água/Flexão de ombro com cabo ajoelhado.gif","https://raw.githubusercontent.com/brunofs3221/fortyn-exercise-media-extra/main/gifs/Exerc%C3%ADcios%20sem%20marca%20d'%C3%A1gua/Flex%C3%A3o%20de%20ombro%20com%20cabo%20ajoelhado.gif","C:\Users\bruno\Downloads\Exercicios renomeados\Flexão de ombro ajoelhado no cabo","MIGRADO_FONTE_REVISADA"
"media_b1e9e13c8cd64549a889","Flexão declinada","Flexão declinada","Apoie as mãos conforme a variação e mantenha cabeça, tronco e quadril alinhados. Flexione os cotovelos para aproximar o peito do apoio, mantendo o abdômen ativo. Empurre o chão para voltar sem deixar a lombar afundar.","Peito","Tríceps | Sem aparelhos | Casa","Peito","Tríceps","Musculação","Sem aparelhos","Casa","Intermediário","gifs/Exercícios sem marca d'água/Recusar empurrar para cima.gif","https://raw.githubusercontent.com/brunofs3221/fortyn-exercise-media-extra/main/gifs/Exerc%C3%ADcios%20sem%20marca%20d'%C3%A1gua/Recusar%20empurrar%20para%20cima.gif","C:\Users\bruno\Downloads\Exercicios renomeados\Flexão declinada","MIGRADO_FONTE_REVISADA"
"media_362ad10d865d69256e17","Flexão declinada na bola suíça","Flexão declinada com bola suíça","Apoie as mãos conforme a variação e mantenha cabeça, tronco e quadril alinhados. Flexione os cotovelos para aproximar o peito do apoio, mantendo o abdômen ativo. Empurre o chão para voltar sem deixar a lombar afundar.","Peito","Bola | Tríceps | Academia","Peito","Tríceps","Musculação","Bola","Academia","Avançado","gifs/Exercícios sem marca d'água/Flexão de declínio de bola suíça.gif","https://raw.githubusercontent.com/brunofs3221/fortyn-exercise-media-extra/main/gifs/Exerc%C3%ADcios%20sem%20marca%20d'%C3%A1gua/Flex%C3%A3o%20de%20decl%C3%ADnio%20de%20bola%20su%C3%AD%C3%A7a.gif","C:\Users\bruno\Downloads\Exercicios renomeados\Flexão declinada na bola suíça","MIGRADO_FONTE_REVISADA"
"media_af3167e6617f830935dc","Flexão diamante","Flexão diamante","Apoie as mãos conforme a variação e mantenha cabeça, tronco e quadril alinhados. Flexione os cotovelos para aproximar o peito do apoio, mantendo o abdômen ativo. Empurre o chão para voltar sem deixar a lombar afundar.","Peito","Tríceps | Sem aparelhos | Casa","Peito","Tríceps","Musculação","Sem aparelhos","Casa","Intermediário","gifs/Exercícios sem marca d'água/Flexão de diamante.gif","https://raw.githubusercontent.com/brunofs3221/fortyn-exercise-media-extra/main/gifs/Exerc%C3%ADcios%20sem%20marca%20d'%C3%A1gua/Flex%C3%A3o%20de%20diamante.gif","C:\Users\bruno\Downloads\Exercicios renomeados\Flexão diamante","MIGRADO_FONTE_REVISADA"
"media_40687f2cc4fff4fdda4f","Flexão hindu","Flexão hindu","Apoie as mãos conforme a variação e mantenha cabeça, tronco e quadril alinhados. Flexione os cotovelos para aproximar o peito do apoio, mantendo o abdômen ativo. Empurre o chão para voltar sem deixar a lombar afundar.","Peito","Tríceps | Sem aparelhos | Casa","Peito","Tríceps","Musculação","Sem aparelhos","Casa","Intermediário","gifs/Exercícios sem marca d'água/Flexões hindus.gif","https://raw.githubusercontent.com/brunofs3221/fortyn-exercise-media-extra/main/gifs/Exerc%C3%ADcios%20sem%20marca%20d'%C3%A1gua/Flex%C3%B5es%20hindus.gif","C:\Users\bruno\Downloads\Exercicios renomeados\Flexão hindu","MIGRADO_FONTE_REVISADA"
"media_4f5678671b2f3a25427a","Flexão inclinada","Flexão inclinada","Apoie as mãos conforme a variação e mantenha cabeça, tronco e quadril alinhados. Flexione os cotovelos para aproximar o peito do apoio, mantendo o abdômen ativo. Empurre o chão para voltar sem deixar a lombar afundar.","Peito","Tríceps | Sem aparelhos | Casa","Peito","Tríceps","Musculação","Sem aparelhos","Casa","Iniciante","gifs/Exercícios sem marca d'água/Flexão inclinada.gif","https://raw.githubusercontent.com/brunofs3221/fortyn-exercise-media-extra/main/gifs/Exerc%C3%ADcios%20sem%20marca%20d'%C3%A1gua/Flex%C3%A3o%20inclinada.gif","C:\Users\bruno\Downloads\Exercicios renomeados\Flexão inclinada","MIGRADO_FONTE_REVISADA"
"media_8154cd5b4b68059982bd","Flexão lateral de pescoço na máquina com anilhas","Flexão lateral de pescoço na máquina — lado direito","Mantenha o tronco imóvel e mova a cabeça lentamente na direção indicada. Quando houver resistência, use carga leve e mantenha uma amplitude controlada. Retorne sem movimentos bruscos e evite compensar elevando os ombros.","Pescoço","Anilhas | Máquina | Academia","Pescoço","","Musculação","Anilhas | Máquina","Academia","Intermediário","gifs/Exercícios sem marca d'água/Placa de flexão do lado direito do pescoço na máquina carregada.gif","https://raw.githubusercontent.com/brunofs3221/fortyn-exercise-media-extra/main/gifs/Exerc%C3%ADcios%20sem%20marca%20d'%C3%A1gua/Placa%20de%20flex%C3%A3o%20do%20lado%20direito%20do%20pesco%C3%A7o%20na%20m%C3%A1quina%20carregada.gif","C:\Users\bruno\Downloads\Exercicios renomeados\Flexão lateral de pescoço na máquina com anilhas","MIGRADO_FONTE_REVISADA"
"media_a22ca9e10b2f91a84255","Flexão lateral do pescoço com peso","Flexão lateral do pescoço deitado com anilha","Mantenha o tronco imóvel e mova a cabeça lentamente na direção indicada. Quando houver resistência, use carga leve e mantenha uma amplitude controlada. Retorne sem movimentos bruscos e evite compensar elevando os ombros.","Pescoço","Sem aparelhos | Casa","Pescoço","","Musculação","Sem aparelhos","Casa","Avançado","gifs/Exercícios sem marca d'água/Flexão lateral com peso do pescoço deitado.gif","https://raw.githubusercontent.com/brunofs3221/fortyn-exercise-media-extra/main/gifs/Exerc%C3%ADcios%20sem%20marca%20d'%C3%A1gua/Flex%C3%A3o%20lateral%20com%20peso%20do%20pesco%C3%A7o%20deitado.gif","C:\Users\bruno\Downloads\Exercicios renomeados\Flexão lateral do pescoço com peso","MIGRADO_FONTE_REVISADA"
"media_8134832dbab924e73a3b","Flexão lateral do tronco com elástico","Flexão lateral do tronco com elástico","Mantenha a pelve estável e incline o tronco lateralmente no sentido mostrado, aproximando costelas e quadril do mesmo lado. Volte à posição neutra com controle, evitando girar o tronco ou usar impulso.","Abdômen/Core","Elástico | Academia","Abdômen/Core","","Musculação","Elástico","Academia","Intermediário","gifs/abdominais/Jab boxing - Variação 2.gif","https://raw.githubusercontent.com/brunofs3221/fortyn-exercise-media-extra/main/gifs/abdominais/Jab%20boxing%20-%20Varia%C3%A7%C3%A3o%202.gif","C:\Users\bruno\Downloads\Exercicios renomeados\Flexão lateral do tronco com elástico","MIGRADO_FONTE_REVISADA"
"media_956260b1daa34149bc25","Flexão lateral do tronco com halter","Flexão lateral do tronco com halter","Mantenha a pelve estável e incline o tronco lateralmente no sentido mostrado, aproximando costelas e quadril do mesmo lado. Volte à posição neutra com controle, evitando girar o tronco ou usar impulso.","Abdômen/Core","Halteres | Academia","Abdômen/Core","","Musculação","Halteres","Academia","Iniciante","gifs/abdominais/Twist down up with resistance band - Variação 3.gif","https://raw.githubusercontent.com/brunofs3221/fortyn-exercise-media-extra/main/gifs/abdominais/Twist%20down%20up%20with%20resistance%20band%20-%20Varia%C3%A7%C3%A3o%203.gif","","SEM_FONTE_REVISADA"
"media_d765417591c0eb623e40","Flexão lateral do tronco com halter","Flexão lateral do tronco com halter","Mantenha a pelve estável e incline o tronco lateralmente no sentido mostrado, aproximando costelas e quadril do mesmo lado. Volte à posição neutra com controle, evitando girar o tronco ou usar impulso.","Abdômen/Core","Halteres | Academia","Abdômen/Core","","Musculação","Halteres","Academia","Iniciante","gifs/Exercícios sem marca d'água/Flexão lateral com halteres.gif","https://raw.githubusercontent.com/brunofs3221/fortyn-exercise-media-extra/main/gifs/Exerc%C3%ADcios%20sem%20marca%20d'%C3%A1gua/Flex%C3%A3o%20lateral%20com%20halteres.gif","C:\Users\bruno\Downloads\Exercicios renomeados\Flexão lateral do tronco com halter","MIGRADO_FONTE_REVISADA"
"media_ee64eced7a1cae44c439","Flexão lateral do tronco com halter acima da cabeça","Flexão lateral do tronco com halter acima da cabeça","Mantenha a pelve estável e incline o tronco lateralmente no sentido mostrado, aproximando costelas e quadril do mesmo lado. Volte à posição neutra com controle, evitando girar o tronco ou usar impulso.","Abdômen/Core","Halteres | Academia","Abdômen/Core","","Musculação","Halteres","Academia","Iniciante","gifs/abdominais/Sentado na polia twist - Variação 3.gif","https://raw.githubusercontent.com/brunofs3221/fortyn-exercise-media-extra/main/gifs/abdominais/Sentado%20na%20polia%20twist%20-%20Varia%C3%A7%C3%A3o%203.gif","C:\Users\bruno\Downloads\Exercicios renomeados\Flexão lateral do tronco com halter acima da cabeça","MIGRADO_FONTE_REVISADA"
"media_d82c28818ce54820097f","Flexão lateral do tronco em pé","Alongamento lateral de tronco em pé","Mantenha a pelve estável e incline o tronco lateralmente no sentido mostrado, aproximando costelas e quadril do mesmo lado. Volte à posição neutra com controle, evitando girar o tronco ou usar impulso.","Abdômen/Core","Sem aparelhos | Casa","Abdômen/Core","","Musculação","Sem aparelhos","Casa","Iniciante","gifs/Exercícios sem marca d'água/Flexão lateral em pé.gif","https://raw.githubusercontent.com/brunofs3221/fortyn-exercise-media-extra/main/gifs/Exerc%C3%ADcios%20sem%20marca%20d'%C3%A1gua/Flex%C3%A3o%20lateral%20em%20p%C3%A9.gif","C:\Users\bruno\Downloads\Exercicios renomeados\Flexão lateral do tronco em pé","MIGRADO_FONTE_REVISADA"
"media_f7156e60a6804e8ab66c","Flexão lateral do tronco no banco","Flexão lateral do tronco no banco","Mantenha a pelve estável e incline o tronco lateralmente no sentido mostrado, aproximando costelas e quadril do mesmo lado. Volte à posição neutra com controle, evitando girar o tronco ou usar impulso.","Abdômen/Core","Banco | Academia","Abdômen/Core","","Musculação","Banco","Academia","Intermediário","gifs/abdominais/Deitado, joelho levantado.gif","https://raw.githubusercontent.com/brunofs3221/fortyn-exercise-media-extra/main/gifs/abdominais/Deitado%2C%20joelho%20levantado.gif","C:\Users\bruno\Downloads\Exercicios renomeados\Flexão lateral do tronco no banco","MIGRADO_FONTE_REVISADA"
"media_853b07ac97a1f24cc9c1","Flexão lateral do tronco no banco romano","Abdominal lateral no banco romano","Mantenha a pelve estável e incline o tronco lateralmente no sentido mostrado, aproximando costelas e quadril do mesmo lado. Volte à posição neutra com controle, evitando girar o tronco ou usar impulso.","Abdômen/Core","Banco | Academia","Abdômen/Core","","Musculação","Banco","Academia","Intermediário","gifs/Exercícios sem marca d'água/Flexão lateral do banco.gif","https://raw.githubusercontent.com/brunofs3221/fortyn-exercise-media-extra/main/gifs/Exerc%C3%ADcios%20sem%20marca%20d'%C3%A1gua/Flex%C3%A3o%20lateral%20do%20banco.gif","C:\Users\bruno\Downloads\Exercicios renomeados\Flexão lateral do tronco no banco romano","MIGRADO_FONTE_REVISADA"
"media_a6863f94bc4e3e34b6cf","Flexão lateral do tronco no banco romano","Flexão lateral do tronco no banco romano","Mantenha a pelve estável e incline o tronco lateralmente no sentido mostrado, aproximando costelas e quadril do mesmo lado. Volte à posição neutra com controle, evitando girar o tronco ou usar impulso.","Abdômen/Core","Banco | Academia","Abdômen/Core","","Musculação","Banco","Academia","Intermediário","gifs/abdominais/Abdominal - Variação 8.gif","https://raw.githubusercontent.com/brunofs3221/fortyn-exercise-media-extra/main/gifs/abdominais/Abdominal%20-%20Varia%C3%A7%C3%A3o%208.gif","","SEM_FONTE_REVISADA"
"media_2adda7260fd910c013c3","Flexão na parada de mão","Flexão na parada de mãos","Fique em parada de mão com as mãos firmes no chão e o corpo alinhado; use a parede como apoio quando a variação mostrada exigir. Flexione os cotovelos para aproximar a cabeça do chão com controle e depois empurre o chão para estender os braços e retornar à posição inicial.","Ombros","Sem aparelhos | Casa","Ombros","","Musculação","Sem aparelhos","Casa","Avançado","gifs/Exercícios sem marca d'água/Adho mukha vrksasana ioga postura de parada de mão - Flexão de mão para cima.gif","https://raw.githubusercontent.com/brunofs3221/fortyn-exercise-media-extra/main/gifs/Exerc%C3%ADcios%20sem%20marca%20d'%C3%A1gua/Adho%20mukha%20vrksasana%20ioga%20postura%20de%20parada%20de%20m%C3%A3o%20-%20Flex%C3%A3o%20de%20m%C3%A3o%20para%20cima.gif","C:\Users\bruno\Downloads\Exercicios renomeados\Flexão na parada de mão","MIGRADO_FONTE_REVISADA"
"media_bd75b8db827fe09fdf36","Flexão na parede","Flexão de braços na parede","Apoie as mãos conforme a variação e mantenha cabeça, tronco e quadril alinhados. Flexione os cotovelos para aproximar o peito do apoio, mantendo o abdômen ativo. Empurre o chão para voltar sem deixar a lombar afundar.","Peito","Tríceps | Sem aparelhos | Casa","Peito","Tríceps","Musculação","Sem aparelhos","Casa","Iniciante","gifs/Exercícios sem marca d'água/Parede empurrar para cima.gif","https://raw.githubusercontent.com/brunofs3221/fortyn-exercise-media-extra/main/gifs/Exerc%C3%ADcios%20sem%20marca%20d'%C3%A1gua/Parede%20empurrar%20para%20cima.gif","C:\Users\bruno\Downloads\Exercicios renomeados\Flexão na parede","MIGRADO_FONTE_REVISADA"
"media_b913453846005c55a728","Flexão nórdica","Flexão nórdica para isquiotibiais","Mantenha quadril e tronco estáveis e flexione os joelhos aproximando os calcanhares dos glúteos conforme a variação. Controle a volta até quase estender os joelhos, sem deixar o quadril perder a posição.","Posterior de coxa","Sem aparelhos | Casa","Posterior de coxa","","Musculação","Sem aparelhos","Casa","Avançado","gifs/Exercícios sem marca d'água/Flexão nórdica dos isquiotibiais.gif","https://raw.githubusercontent.com/brunofs3221/fortyn-exercise-media-extra/main/gifs/Exerc%C3%ADcios%20sem%20marca%20d'%C3%A1gua/Flex%C3%A3o%20n%C3%B3rdica%20dos%20isquiotibiais.gif","C:\Users\bruno\Downloads\Exercicios renomeados\Flexão nórdica","MIGRADO_FONTE_REVISADA"
"media_dce60adc960ebc55345b","Flexão nórdica dos isquiotibiais assistida na máquina","Flexão nórdica dos isquiotibiais assistida na máquina","Ajoelhe-se com os tornozelos firmemente presos e mantenha quadris e tronco alinhados. Incline o corpo inteiro para a frente o mais devagar possível, resistindo com os posteriores da coxa. Use o auxílio da máquina para retornar e evite dobrar excessivamente o quadril.","Posterior de coxa","Máquina | Academia | Avançado","Posterior de coxa","","Musculação","Máquina","Academia","Avançado","gifs/perna/Flexão nórdica dos isquiotibiais.gif","https://raw.githubusercontent.com/brunofs3221/fortyn-exercise-media-extra/main/gifs/perna/Flex%C3%A3o%20n%C3%B3rdica%20dos%20isquiotibiais.gif","C:\Users\bruno\Downloads\Exercicios renomeados\Flexão nórdica dos isquiotibiais assistida na máquina","MIGRADO_FONTE_REVISADA"
"media_d775468b7e03d80d1d94","Flexão pike","Flexão pike","Comece com mãos e pés apoiados e o quadril elevado, formando um V invertido. Flexione os cotovelos levando a cabeça em direção ao chão ou ao apoio entre as mãos. Empurre o chão para estender os braços e retornar, mantendo o quadril alto durante o movimento.","Ombros","Sem aparelhos | Casa","Ombros","","Musculação","Sem aparelhos","Casa","Intermediário","gifs/Exercícios sem marca d'água/Pique push up.gif","https://raw.githubusercontent.com/brunofs3221/fortyn-exercise-media-extra/main/gifs/Exerc%C3%ADcios%20sem%20marca%20d'%C3%A1gua/Pique%20push%20up.gif","C:\Users\bruno\Downloads\Exercicios renomeados\Flexão pike","MIGRADO_FONTE_REVISADA"
"media_9829f03ea367c3f49088","Flexão pike no banco","Flexão pike com pés no banco","Comece com mãos e pés apoiados e o quadril elevado, formando um V invertido. Flexione os cotovelos levando a cabeça em direção ao chão ou ao apoio entre as mãos. Empurre o chão para estender os braços e retornar, mantendo o quadril alto durante o movimento.","Ombros","Banco | Academia","Ombros","","Musculação","Banco","Academia","Avançado","gifs/Exercícios sem marca d'água/Flexão de pique no banco.gif","https://raw.githubusercontent.com/brunofs3221/fortyn-exercise-media-extra/main/gifs/Exerc%C3%ADcios%20sem%20marca%20d'%C3%A1gua/Flex%C3%A3o%20de%20pique%20no%20banco.gif","C:\Users\bruno\Downloads\Exercicios renomeados\Flexão pike no banco","MIGRADO_FONTE_REVISADA"
"media_3958b3e8dc0922841893","Flexão pliométrica com queda entre bancos","Mergulho entre bancos com pés elevados","Apoie as mãos conforme a variação e mantenha cabeça, tronco e quadril alinhados. Flexione os cotovelos para aproximar o peito do apoio, mantendo o abdômen ativo. Empurre o chão para voltar sem deixar a lombar afundar.","Peito","Banco | Tríceps | Academia","Peito","Tríceps","Musculação","Banco","Academia","Intermediário","gifs/Exercícios sem marca d'água/Soltar flexão para cima.gif","https://raw.githubusercontent.com/brunofs3221/fortyn-exercise-media-extra/main/gifs/Exerc%C3%ADcios%20sem%20marca%20d'%C3%A1gua/Soltar%20flex%C3%A3o%20para%20cima.gif","C:\Users\bruno\Downloads\Exercicios renomeados\Flexão pliométrica com queda entre bancos","MIGRADO_FONTE_REVISADA"
"media_eda9d3651826332776ff","Flexão plus","Flexão de braços fechada","Apoie as mãos conforme a variação e mantenha cabeça, tronco e quadril alinhados. Flexione os cotovelos para aproximar o peito do apoio, mantendo o abdômen ativo. Empurre o chão para voltar sem deixar a lombar afundar.","Peito","Tríceps | Sem aparelhos | Casa","Peito","Tríceps","Musculação","Sem aparelhos","Casa","Intermediário","gifs/Exercícios sem marca d'água/Empurre para cima mais.gif","https://raw.githubusercontent.com/brunofs3221/fortyn-exercise-media-extra/main/gifs/Exerc%C3%ADcios%20sem%20marca%20d'%C3%A1gua/Empurre%20para%20cima%20mais.gif","C:\Users\bruno\Downloads\Exercicios renomeados\Flexão plus","MIGRADO_FONTE_REVISADA"
"media_fce8c196df26005e9fc4","Flexão reversa","Flexão de braços com pegada invertida","Apoie as mãos conforme a variação e mantenha cabeça, tronco e quadril alinhados. Flexione os cotovelos para aproximar o peito do apoio, mantendo o abdômen ativo. Empurre o chão para voltar sem deixar a lombar afundar.","Peito","Tríceps | Sem aparelhos | Casa","Peito","Tríceps","Musculação","Sem aparelhos","Casa","Intermediário","gifs/Exercícios sem marca d'água/Flexão reversa.gif","https://raw.githubusercontent.com/brunofs3221/fortyn-exercise-media-extra/main/gifs/Exerc%C3%ADcios%20sem%20marca%20d'%C3%A1gua/Flex%C3%A3o%20reversa.gif","C:\Users\bruno\Downloads\Exercicios renomeados\Flexão reversa","MIGRADO_FONTE_REVISADA"
"media_061e5ba3c3930736958f","Flexão unilateral","Flexão de braço unilateral","Apoie as mãos conforme a variação e mantenha cabeça, tronco e quadril alinhados. Flexione os cotovelos para aproximar o peito do apoio, mantendo o abdômen ativo. Empurre o chão para voltar sem deixar a lombar afundar.","Peito","Tríceps | Sem aparelhos | Casa","Peito","Tríceps","Musculação","Sem aparelhos","Casa","Avançado","gifs/Exercícios sem marca d'água/Flexão de braço único.gif","https://raw.githubusercontent.com/brunofs3221/fortyn-exercise-media-extra/main/gifs/Exerc%C3%ADcios%20sem%20marca%20d'%C3%A1gua/Flex%C3%A3o%20de%20bra%C3%A7o%20%C3%BAnico.gif","C:\Users\bruno\Downloads\Exercicios renomeados\Flexão unilateral","MIGRADO_FONTE_REVISADA"
"media_a462d595e77e2e0a84eb","Flexão unilateral com apoio","Flexão unilateral com apoio no banco","Apoie as mãos conforme a variação e mantenha cabeça, tronco e quadril alinhados. Flexione os cotovelos para aproximar o peito do apoio, mantendo o abdômen ativo. Empurre o chão para voltar sem deixar a lombar afundar.","Peito","Tríceps | Sem aparelhos | Casa","Peito","Tríceps","Musculação","Sem aparelhos","Casa","Avançado","gifs/Exercícios sem marca d'água/Flexões de um braço com apoio.gif","https://raw.githubusercontent.com/brunofs3221/fortyn-exercise-media-extra/main/gifs/Exerc%C3%ADcios%20sem%20marca%20d'%C3%A1gua/Flex%C3%B5es%20de%20um%20bra%C3%A7o%20com%20apoio.gif","C:\Users\bruno\Downloads\Exercicios renomeados\Flexão unilateral com apoio","MIGRADO_FONTE_REVISADA"
"media_5bcdeeffe6ccb2d3c2d7","Flexão unilateral com bola medicinal","Flexão unilateral com bola medicinal","Apoie as mãos conforme a variação e mantenha cabeça, tronco e quadril alinhados. Flexione os cotovelos para aproximar o peito do apoio, mantendo o abdômen ativo. Empurre o chão para voltar sem deixar a lombar afundar.","Peito","Bola | Tríceps | Academia","Peito","Tríceps","Musculação","Bola","Academia","Avançado","gifs/Exercícios sem marca d'água/Flexão de braço único na bola medicinal.gif","https://raw.githubusercontent.com/brunofs3221/fortyn-exercise-media-extra/main/gifs/Exerc%C3%ADcios%20sem%20marca%20d'%C3%A1gua/Flex%C3%A3o%20de%20bra%C3%A7o%20%C3%BAnico%20na%20bola%20medicinal.gif","C:\Users\bruno\Downloads\Exercicios renomeados\Flexão unilateral com bola medicinal","MIGRADO_FONTE_REVISADA"
"media_7539758f1bf30fb80e90","Flexão unilateral de joelhos na máquina","Mesa flexora unilateral","Apoie as mãos conforme a variação e mantenha cabeça, tronco e quadril alinhados. Flexione os cotovelos para aproximar o peito do apoio, mantendo o abdômen ativo. Empurre o chão para voltar sem deixar a lombar afundar.","Peito","Máquina | Tríceps | Academia","Peito","Tríceps","Musculação","Máquina","Academia","Intermediário","gifs/Exercícios sem marca d'água/Flexão de perna única na máquina.gif","https://raw.githubusercontent.com/brunofs3221/fortyn-exercise-media-extra/main/gifs/Exerc%C3%ADcios%20sem%20marca%20d'%C3%A1gua/Flex%C3%A3o%20de%20perna%20%C3%BAnica%20na%20m%C3%A1quina.gif","C:\Users\bruno\Downloads\Exercicios renomeados\Flexão unilateral de joelhos na máquina","MIGRADO_FONTE_REVISADA"
"media_fc07fc4a9637d7cdb0a5","Fortalecimento de pegada com hand grip","Pinça com anilha","Apoie ou estabilize o antebraço e mova principalmente o punho ou a pegada conforme a variação. Faça a contração sem usar impulso do braço e retorne devagar para trabalhar toda a amplitude.","Antebraços","Sem aparelhos | Casa","Antebraços","","Musculação","Sem aparelhos","Casa","Intermediário","gifs/Exercícios sem marca d'água/Pinça de mão.gif","https://raw.githubusercontent.com/brunofs3221/fortyn-exercise-media-extra/main/gifs/Exerc%C3%ADcios%20sem%20marca%20d'%C3%A1gua/Pin%C3%A7a%20de%20m%C3%A3o.gif","C:\Users\bruno\Downloads\Exercicios renomeados\Fortalecimento de pegada com hand grip","MIGRADO_FONTE_REVISADA"
"media_06a74a3500e337d46268","Gato-vaca","Gato-vaca","Entre na posição de Gato-vaca de forma controlada. Ajuste o corpo até sentir um alongamento confortável na região trabalhada, mantenha a respiração normal e evite rebotes. Retorne lentamente e repita do outro lado quando necessário.","Alongamento","Sem aparelhos | Casa","Alongamento","","Alongamento","Sem aparelhos","Casa","Iniciante","gifs/Exercícios sem marca d'água/Postura da vaca de gato.gif","https://raw.githubusercontent.com/brunofs3221/fortyn-exercise-media-extra/main/gifs/Exerc%C3%ADcios%20sem%20marca%20d'%C3%A1gua/Postura%20da%20vaca%20de%20gato.gif","C:\Users\bruno\Downloads\Exercicios renomeados\Gato-vaca","MIGRADO_FONTE_REVISADA"
"media_eb5022eb73abc7096ad4","Good morning com barra","Good morning com barra","Posicione a barra sobre a parte alta das costas, mantenha os joelhos levemente flexionados e o abdômen firme. Leve o quadril para trás inclinando o tronco com a coluna neutra até sentir os posteriores alongarem. Empurre o quadril para a frente para voltar à posição ereta.","Posterior de coxa","Glúteos | Barra | Academia","Posterior de coxa","Glúteos","Musculação","Barra","Academia","Avançado","gifs/perna/Agachamento, sustentação, panturrilha.gif","https://raw.githubusercontent.com/brunofs3221/fortyn-exercise-media-extra/main/gifs/perna/Agachamento%2C%20sustenta%C3%A7%C3%A3o%2C%20panturrilha.gif","C:\Users\bruno\Downloads\Exercicios renomeados\Good morning com barra","MIGRADO_FONTE_REVISADA"
"media_c1aae2f464ee37fd5a34","Good morning com barra - Variação 2","Good morning com barra - Variação 2","Posicione a barra sobre a parte alta das costas, mantenha os joelhos levemente flexionados e o abdômen firme. Leve o quadril para trás inclinando o tronco com a coluna neutra até sentir os posteriores alongarem. Empurre o quadril para a frente para voltar à posição ereta.","Posterior de coxa","Glúteos | Barra | Academia","Posterior de coxa","Glúteos","Musculação","Barra","Academia","Avançado","gifs/perna/Pendulum avanço.gif","https://raw.githubusercontent.com/brunofs3221/fortyn-exercise-media-extra/main/gifs/perna/Pendulum%20avan%C3%A7o.gif","C:\Users\bruno\Downloads\Exercicios renomeados\Good morning com barra - Variação 2","MIGRADO_FONTE_REVISADA"
"media_2ad8a1829ff77facf23a","Guerreiro I","Postura do Guerreiro II","Entre na posição de Guerreiro I de forma controlada. Ajuste o corpo até sentir um alongamento confortável na região trabalhada, mantenha a respiração normal e evite rebotes. Retorne lentamente e repita do outro lado quando necessário.","Alongamento","Sem aparelhos | Casa","Alongamento","","Alongamento","Sem aparelhos","Casa","Iniciante","gifs/Exercícios sem marca d'água/Postura de guerreiro 1.gif","https://raw.githubusercontent.com/brunofs3221/fortyn-exercise-media-extra/main/gifs/Exerc%C3%ADcios%20sem%20marca%20d'%C3%A1gua/Postura%20de%20guerreiro%201.gif","C:\Users\bruno\Downloads\Exercicios renomeados\Guerreiro I","MIGRADO_FONTE_REVISADA"
"media_df96bf7001903f2b2a14","Halo com anilha","Círculo de braços com anilha","Mantenha o tronco firme e execute Halo com anilha movendo os braços pela trajetória mostrada. Evite balanço e elevação excessiva dos ombros e controle a fase de retorno.","Ombros","Anilhas | Academia","Ombros","","Musculação","Anilhas","Academia","Intermediário","gifs/Exercícios sem marca d'água/Braço redondo pesado.gif","https://raw.githubusercontent.com/brunofs3221/fortyn-exercise-media-extra/main/gifs/Exerc%C3%ADcios%20sem%20marca%20d'%C3%A1gua/Bra%C3%A7o%20redondo%20pesado.gif","C:\Users\bruno\Downloads\Exercicios renomeados\Halo com anilha","MIGRADO_FONTE_REVISADA"
"media_6f8a67c2bc1be67e5c83","Hang clean com barra","Arranco de potência do hang com barra","Inicie com postura firme, abdômen ativo e a carga próxima ao corpo. Gere força com pernas e quadril e conduza a carga pela trajetória mostrada até a posição final. Estabilize o peso antes de retornar e controle cada etapa do movimento.","Corpo inteiro","Barra | Academia","Corpo inteiro","","Musculação","Barra","Academia","Avançado","gifs/Exercícios sem marca d'água/Hang clean com barra.gif","https://raw.githubusercontent.com/brunofs3221/fortyn-exercise-media-extra/main/gifs/Exerc%C3%ADcios%20sem%20marca%20d'%C3%A1gua/Hang%20clean%20com%20barra.gif","C:\Users\bruno\Downloads\Exercicios renomeados\Hang clean com barra","MIGRADO_FONTE_REVISADA"
"media_bf837322af1c7c3fe556","Hang clean com kettlebell","Clean pendurado com kettlebell","Inicie com postura firme, abdômen ativo e a carga próxima ao corpo. Gere força com pernas e quadril e conduza a carga pela trajetória mostrada até a posição final. Estabilize o peso antes de retornar e controle cada etapa do movimento.","Corpo inteiro","Kettlebell | Academia","Corpo inteiro","","Musculação","Kettlebell","Academia","Avançado","gifs/Exercícios sem marca d'água/Kettlebell pendurado limpo.gif","https://raw.githubusercontent.com/brunofs3221/fortyn-exercise-media-extra/main/gifs/Exerc%C3%ADcios%20sem%20marca%20d'%C3%A1gua/Kettlebell%20pendurado%20limpo.gif","C:\Users\bruno\Downloads\Exercicios renomeados\Hang clean com kettlebell","MIGRADO_FONTE_REVISADA"
"media_6a9091929de3388682ff","Hip thrust com barra","Hip thrust com barra","Apoie a parte superior das costas no banco e posicione a carga sobre o quadril. Com os pés firmes no chão, empurre o quadril para cima até alinhar tronco e coxas, contraindo os glúteos. Desça controladamente sem hiperestender a lombar.","Glúteos","Barra | Banco | Academia","Glúteos","","Musculação","Barra | Banco","Academia","Intermediário","gifs/glúteos/Abdução de quadril sentado com faixa.gif","https://raw.githubusercontent.com/brunofs3221/fortyn-exercise-media-extra/main/gifs/gl%C3%BAteos/Abdu%C3%A7%C3%A3o%20de%20quadril%20sentado%20com%20faixa.gif","C:\Users\bruno\Downloads\Exercicios renomeados\Hip thrust com barra","MIGRADO_FONTE_REVISADA"
"media_34df53999aefa59e8209","Hip thrust com barra - Variação 2","Hip thrust com barra - Variação 2","Apoie a parte superior das costas no banco e posicione a carga sobre o quadril. Com os pés firmes no chão, empurre o quadril para cima até alinhar tronco e coxas, contraindo os glúteos. Desça controladamente sem hiperestender a lombar.","Glúteos","Barra | Banco | Academia","Glúteos","","Musculação","Barra | Banco","Academia","Intermediário","gifs/glúteos/Impulsos de quadril com barra.gif","https://raw.githubusercontent.com/brunofs3221/fortyn-exercise-media-extra/main/gifs/gl%C3%BAteos/Impulsos%20de%20quadril%20com%20barra.gif","C:\Users\bruno\Downloads\Exercicios renomeados\Hip thrust com barra - Variação 2","MIGRADO_FONTE_REVISADA"
"media_a37292f93d56ba48e1d1","Hip thrust na máquina Smith","Hip thrust na máquina Smith","Apoie a parte superior das costas no banco e posicione a carga sobre o quadril. Com os pés firmes no chão, empurre o quadril para cima até alinhar tronco e coxas, contraindo os glúteos. Desça controladamente sem hiperestender a lombar.","Glúteos","Barra | Banco | Máquina","Glúteos","","Musculação","Barra | Banco | Máquina","Academia","Intermediário","gifs/glúteos/Smith na máquina elevação pélvica.gif","https://raw.githubusercontent.com/brunofs3221/fortyn-exercise-media-extra/main/gifs/gl%C3%BAteos/Smith%20na%20m%C3%A1quina%20eleva%C3%A7%C3%A3o%20p%C3%A9lvica.gif","C:\Users\bruno\Downloads\Exercicios renomeados\Hip thrust na máquina Smith","MIGRADO_FONTE_REVISADA"
"media_43452773fb8459b5aed3","Hiperextensão com peso","Extensão lombar a 45 graus com carga","Mantenha o abdômen firme e eleve o tronco ou os membros conforme a variação, estendendo a coluna e o quadril sem usar impulso. Pare ao alinhar o corpo e retorne lentamente, evitando hiperextensão exagerada da lombar.","Costas","Sem aparelhos | Casa","Costas","","Musculação","Sem aparelhos","Casa","Intermediário","gifs/Exercícios sem marca d'água/Extensão traseira com peso.gif","https://raw.githubusercontent.com/brunofs3221/fortyn-exercise-media-extra/main/gifs/Exerc%C3%ADcios%20sem%20marca%20d'%C3%A1gua/Extens%C3%A3o%20traseira%20com%20peso.gif","C:\Users\bruno\Downloads\Exercicios renomeados\Hiperextensão com peso","MIGRADO_FONTE_REVISADA"
"media_473b4cc303116792fed8","Hiperextensão no banco 45°","Hiperextensão lombar a 45 graus","Mantenha o abdômen firme e eleve o tronco ou os membros conforme a variação, estendendo a coluna e o quadril sem usar impulso. Pare ao alinhar o corpo e retorne lentamente, evitando hiperextensão exagerada da lombar.","Costas","Banco | Academia","Costas","","Musculação","Banco","Academia","Iniciante","gifs/Exercícios sem marca d'água/Hiperextensão.gif","https://raw.githubusercontent.com/brunofs3221/fortyn-exercise-media-extra/main/gifs/Exerc%C3%ADcios%20sem%20marca%20d'%C3%A1gua/Hiperextens%C3%A3o.gif","C:\Users\bruno\Downloads\Exercicios renomeados\Hiperextensão no banco 45°","MIGRADO_FONTE_REVISADA"
"media_c08ac240b3ccab721752","Hiperextensão no banco plano","Hiperextensão no banco reto","Mantenha o abdômen firme e eleve o tronco ou os membros conforme a variação, estendendo a coluna e o quadril sem usar impulso. Pare ao alinhar o corpo e retorne lentamente, evitando hiperextensão exagerada da lombar.","Costas","Banco | Academia","Costas","","Musculação","Banco","Academia","Intermediário","gifs/Exercícios sem marca d'água/Hiperextensão em banco plano.gif","https://raw.githubusercontent.com/brunofs3221/fortyn-exercise-media-extra/main/gifs/Exerc%C3%ADcios%20sem%20marca%20d'%C3%A1gua/Hiperextens%C3%A3o%20em%20banco%20plano.gif","C:\Users\bruno\Downloads\Exercicios renomeados\Hiperextensão no banco plano","MIGRADO_FONTE_REVISADA"
"media_5d19eff16d7ebdd53fc2","Hiperextensão no chão (Superman)","Extensão lombar no chão","Mantenha o abdômen firme e eleve o tronco ou os membros conforme a variação, estendendo a coluna e o quadril sem usar impulso. Pare ao alinhar o corpo e retorne lentamente, evitando hiperextensão exagerada da lombar.","Costas","Sem aparelhos | Casa","Costas","","Musculação","Sem aparelhos","Casa","Iniciante","gifs/Exercícios sem marca d'água/Hiperextensão do chão - Postura de crocodilo makarasana.gif","https://raw.githubusercontent.com/brunofs3221/fortyn-exercise-media-extra/main/gifs/Exerc%C3%ADcios%20sem%20marca%20d'%C3%A1gua/Hiperextens%C3%A3o%20do%20ch%C3%A3o%20-%20Postura%20de%20crocodilo%20makarasana.gif","C:\Users\bruno\Downloads\Exercicios renomeados\Hiperextensão no chão (Superman)","MIGRADO_FONTE_REVISADA"
"media_4c70260dd8bc580190dd","Hiperextensão reversa com elástico","Hiperextensão reversa no banco","Mantenha o abdômen firme e eleve o tronco ou os membros conforme a variação, estendendo a coluna e o quadril sem usar impulso. Pare ao alinhar o corpo e retorne lentamente, evitando hiperextensão exagerada da lombar.","Costas","Elástico | Academia","Costas","","Musculação","Elástico","Academia","Intermediário","gifs/Exercícios sem marca d'água/Elástico de resistência hiperextensão reversa.gif","https://raw.githubusercontent.com/brunofs3221/fortyn-exercise-media-extra/main/gifs/Exerc%C3%ADcios%20sem%20marca%20d'%C3%A1gua/El%C3%A1stico%20de%20resist%C3%AAncia%20hiperextens%C3%A3o%20reversa.gif","C:\Users\bruno\Downloads\Exercicios renomeados\Hiperextensão reversa com elástico","MIGRADO_FONTE_REVISADA"
"media_ae3fbd83873ae155c624","Hiperextensão reversa na máquina","Hiperextensão reversa na máquina","Mantenha o abdômen firme e eleve o tronco ou os membros conforme a variação, estendendo a coluna e o quadril sem usar impulso. Pare ao alinhar o corpo e retorne lentamente, evitando hiperextensão exagerada da lombar.","Costas","Máquina | Academia","Costas","","Musculação","Máquina","Academia","Intermediário","gifs/Exercícios sem marca d'água/Máquina de hiperextensão reversa.gif","https://raw.githubusercontent.com/brunofs3221/fortyn-exercise-media-extra/main/gifs/Exerc%C3%ADcios%20sem%20marca%20d'%C3%A1gua/M%C3%A1quina%20de%20hiperextens%C3%A3o%20reversa.gif","C:\Users\bruno\Downloads\Exercicios renomeados\Hiperextensão reversa na máquina","MIGRADO_FONTE_REVISADA"
"media_54cca565760119b34372","Hiperextensão reversa no banco","Hiperextensão reversa","Mantenha o abdômen firme e eleve o tronco ou os membros conforme a variação, estendendo a coluna e o quadril sem usar impulso. Pare ao alinhar o corpo e retorne lentamente, evitando hiperextensão exagerada da lombar.","Costas","Banco | Academia","Costas","","Musculação","Banco","Academia","Intermediário","gifs/Exercícios sem marca d'água/Hiperextensões reversas.gif","https://raw.githubusercontent.com/brunofs3221/fortyn-exercise-media-extra/main/gifs/Exerc%C3%ADcios%20sem%20marca%20d'%C3%A1gua/Hiperextens%C3%B5es%20reversas.gif","C:\Users\bruno\Downloads\Exercicios renomeados\Hiperextensão reversa no banco","MIGRADO_FONTE_REVISADA"
"media_15f6cb1d8755332f659f","Inclinação lateral do tronco com barra","Inclinação lateral do tronco com barra","Assuma a posição inicial de Inclinação lateral do tronco com barra, estabilize o tronco e execute o movimento mostrado de forma coordenada. Use uma amplitude que consiga controlar, evite impulso desnecessário e retorne à posição inicial antes da repetição seguinte.","Corpo inteiro","Barra | Academia","Corpo inteiro","","Musculação","Barra","Academia","Iniciante","gifs/abdominais/Twist down up with resistance band - Variação 2.gif","https://raw.githubusercontent.com/brunofs3221/fortyn-exercise-media-extra/main/gifs/abdominais/Twist%20down%20up%20with%20resistance%20band%20-%20Varia%C3%A7%C3%A3o%202.gif","C:\Users\bruno\Downloads\Exercicios renomeados\Inclinação lateral do tronco com barra","MIGRADO_FONTE_REVISADA"
"media_b7e1f6f84c490c6c04aa","Inclinação pélvica","Inclinação pélvica posterior deitado","Deite-se com joelhos flexionados e pés apoiados. Contraia suavemente o abdômen para inclinar a pelve e aproximar a lombar do apoio. Relaxe até a posição neutra e repita sem levantar o quadril do chão.","Abdômen/Core","Sem aparelhos | Casa","Abdômen/Core","","Musculação","Sem aparelhos","Casa","Iniciante","gifs/Exercícios sem marca d'água/Inclinação pélvica.gif","https://raw.githubusercontent.com/brunofs3221/fortyn-exercise-media-extra/main/gifs/Exerc%C3%ADcios%20sem%20marca%20d'%C3%A1gua/Inclina%C3%A7%C3%A3o%20p%C3%A9lvica.gif","C:\Users\bruno\Downloads\Exercicios renomeados\Inclinação pélvica","MIGRADO_FONTE_REVISADA"
"media_26014d9b3c615394d420","Joelho único ao peito (alongamento)","Alongamento de um joelho ao peito","Apoie o braço conforme mostrado e abra o peito girando ou avançando o tronco de maneira suave. Mantenha o ombro relaxado e pare ao sentir alongamento confortável no peitoral e na frente do ombro. Retorne lentamente.","Alongamento","Peito | Sem aparelhos | Casa","Alongamento","Peito","Alongamento","Sem aparelhos","Casa","Iniciante","gifs/Exercícios sem marca d'água/Único joelho no peito.gif","https://raw.githubusercontent.com/brunofs3221/fortyn-exercise-media-extra/main/gifs/Exerc%C3%ADcios%20sem%20marca%20d'%C3%A1gua/%C3%9Anico%20joelho%20no%20peito.gif","C:\Users\bruno\Downloads\Exercicios renomeados\Joelho único ao peito (alongamento)","MIGRADO_FONTE_REVISADA"
"media_81e80cbcf8e0ee2cfcb3","L-sit","L-sit","Assuma a posição inicial de L-sit, estabilize o tronco e execute o movimento mostrado de forma coordenada. Use uma amplitude que consiga controlar, evite impulso desnecessário e retorne à posição inicial antes da repetição seguinte.","Corpo inteiro","Sem aparelhos | Casa","Corpo inteiro","","Musculação","Sem aparelhos","Casa","Avançado","gifs/abdominais/L sit.gif","https://raw.githubusercontent.com/brunofs3221/fortyn-exercise-media-extra/main/gifs/abdominais/L%20sit.gif","C:\Users\bruno\Downloads\Exercicios renomeados\L-sit","MIGRADO_FONTE_REVISADA"
"media_1a47845297720efa8ffe","Lagarta","Caminhada da lagarta","Assuma a posição inicial mostrada e execute o movimento de forma coordenada, mantendo o abdômen ativo e joelhos alinhados. Quando houver salto, aterrisse suavemente; quando houver deslocamento ou carga, mantenha o tronco estável durante toda a repetição.","Corpo inteiro","Sem aparelhos | Casa","Corpo inteiro","","Musculação","Sem aparelhos","Casa","Intermediário","gifs/Exercícios sem marca d'água/Lagarta.gif","https://raw.githubusercontent.com/brunofs3221/fortyn-exercise-media-extra/main/gifs/Exerc%C3%ADcios%20sem%20marca%20d'%C3%A1gua/Lagarta.gif","C:\Users\bruno\Downloads\Exercicios renomeados\Lagarta","MIGRADO_FONTE_REVISADA"
"media_4d79288ca591e219fe84","Lançamento de bola de reação","Arremesso unilateral de bola na parede","Segure a bola com firmeza e use pernas, quadril e tronco para gerar força na direção mostrada. Lance ou bata a bola seguindo a trajetória do GIF. Recupere a posição de forma controlada antes da próxima repetição.","Corpo inteiro","Bola | Academia","Corpo inteiro","","Musculação","Bola","Academia","Intermediário","gifs/Exercícios sem marca d'água/Lançamento de bola de reação.gif","https://raw.githubusercontent.com/brunofs3221/fortyn-exercise-media-extra/main/gifs/Exerc%C3%ADcios%20sem%20marca%20d'%C3%A1gua/Lan%C3%A7amento%20de%20bola%20de%20rea%C3%A7%C3%A3o.gif","C:\Users\bruno\Downloads\Exercicios renomeados\Lançamento de bola de reação","MIGRADO_FONTE_REVISADA"
"media_1e9a1e739da04a36cafd","Leg press 45°","Leg press 45°","Apoie o pé ou os pés na plataforma e mantenha quadril e lombar firmes no encosto. Flexione os joelhos com controle sem deixar a pelve arredondar. Empurre a plataforma até quase estender as pernas e retorne lentamente.","Quadríceps","Máquina | Academia","Quadríceps","","Musculação","Máquina","Academia","Iniciante","gifs/Exercícios sem marca d'água/Leg press.gif","https://raw.githubusercontent.com/brunofs3221/fortyn-exercise-media-extra/main/gifs/Exerc%C3%ADcios%20sem%20marca%20d'%C3%A1gua/Leg%20press.gif","C:\Users\bruno\Downloads\Exercicios renomeados\Leg press 45°","MIGRADO_FONTE_REVISADA"
"media_53e9c83353bc06082e83","Leg press horizontal","Leg press horizontal","Sente-se com as costas apoiadas e os pés na plataforma na largura confortável. Flexione joelhos e quadris trazendo a plataforma em sua direção sem perder o apoio da lombar. Empurre a plataforma até quase estender as pernas e retorne de forma controlada.","Quadríceps","Glúteos | Máquina | Academia","Quadríceps","Glúteos","Musculação","Máquina","Academia","Iniciante","gifs/perna/Leg press horizontal.gif","https://raw.githubusercontent.com/brunofs3221/fortyn-exercise-media-extra/main/gifs/perna/Leg%20press%20horizontal.gif","","SEM_FONTE_REVISADA"
"media_d96d5db94e704f7e45ee","Leg press horizontal","Leg press horizontal","Apoie o pé ou os pés na plataforma e mantenha quadril e lombar firmes no encosto. Flexione os joelhos com controle sem deixar a pelve arredondar. Empurre a plataforma até quase estender as pernas e retorne lentamente.","Quadríceps","Máquina | Academia","Quadríceps","","Musculação","Máquina","Academia","Iniciante","gifs/Exercícios sem marca d'água/Leg press horizontal.gif","https://raw.githubusercontent.com/brunofs3221/fortyn-exercise-media-extra/main/gifs/Exerc%C3%ADcios%20sem%20marca%20d'%C3%A1gua/Leg%20press%20horizontal.gif","C:\Users\bruno\Downloads\Exercicios renomeados\Leg press horizontal","MIGRADO_FONTE_REVISADA"
"media_771b6663cd14b5bb1fe2","Leg press unilateral","Leg press 45° unilateral","Apoie o pé ou os pés na plataforma e mantenha quadril e lombar firmes no encosto. Flexione os joelhos com controle sem deixar a pelve arredondar. Empurre a plataforma até quase estender as pernas e retorne lentamente.","Quadríceps","Máquina | Academia","Quadríceps","","Musculação","Máquina","Academia","Intermediário","gifs/Exercícios sem marca d'água/Prensa de perna única.gif","https://raw.githubusercontent.com/brunofs3221/fortyn-exercise-media-extra/main/gifs/Exerc%C3%ADcios%20sem%20marca%20d'%C3%A1gua/Prensa%20de%20perna%20%C3%BAnica.gif","C:\Users\bruno\Downloads\Exercicios renomeados\Leg press unilateral","MIGRADO_FONTE_REVISADA"
"media_ebcdeae8026825756bfa","Leg press unilateral assistido na máquina","Agachamento unilateral assistido na máquina","Apoie o pé ou os pés na plataforma e mantenha quadril e lombar firmes no encosto. Flexione os joelhos com controle sem deixar a pelve arredondar. Empurre a plataforma até quase estender as pernas e retorne lentamente.","Quadríceps","Máquina | Academia","Quadríceps","","Musculação","Máquina","Academia","Intermediário","gifs/Exercícios sem marca d'água/Prensa de perna única assistida por máquina.gif","https://raw.githubusercontent.com/brunofs3221/fortyn-exercise-media-extra/main/gifs/Exerc%C3%ADcios%20sem%20marca%20d'%C3%A1gua/Prensa%20de%20perna%20%C3%BAnica%20assistida%20por%20m%C3%A1quina.gif","C:\Users\bruno\Downloads\Exercicios renomeados\Leg press unilateral assistido na máquina","MIGRADO_FONTE_REVISADA"
"media_78defd9b68042c7c5e24","Leg press unilateral em pé na máquina","Leg press unilateral em pé na máquina","Apoie uma perna na plataforma da máquina e mantenha o tronco estabilizado pelos apoios. Empurre a plataforma para baixo até estender a perna de trabalho sem travar o joelho. Retorne devagar até a flexão confortável e repita antes de trocar o lado.","Quadríceps","Glúteos | Máquina | Academia","Quadríceps","Glúteos","Musculação","Máquina","Academia","Intermediário","gifs/perna/Prensa de perna única assistida por alavanca.gif","https://raw.githubusercontent.com/brunofs3221/fortyn-exercise-media-extra/main/gifs/perna/Prensa%20de%20perna%20%C3%BAnica%20assistida%20por%20alavanca.gif","C:\Users\bruno\Downloads\Exercicios renomeados\Leg press unilateral em pé na máquina","MIGRADO_FONTE_REVISADA"
"media_eb03ef68568fb99f53e8","Leg press vertical no Smith","Leg press vertical no Smith","Deite-se sob a barra do Smith e posicione os pés de forma segura na barra, mantendo a lombar apoiada. Flexione joelhos e quadris para aproximar a carga do corpo e depois empurre até quase estender as pernas. Faça o movimento com amplitude confortável e sem travar os joelhos.","Quadríceps","Glúteos | Máquina | Academia","Quadríceps","Glúteos","Musculação","Máquina","Academia","Intermediário","gifs/perna/Com barra curtsey avanço.gif","https://raw.githubusercontent.com/brunofs3221/fortyn-exercise-media-extra/main/gifs/perna/Com%20barra%20curtsey%20avan%C3%A7o.gif","C:\Users\bruno\Downloads\Exercicios renomeados\Leg press vertical no Smith","MIGRADO_FONTE_REVISADA"
"media_0663a599f8e0375d67b7","Levantada turca","Levantamento turco com kettlebell","Inicie com postura firme, abdômen ativo e a carga próxima ao corpo. Gere força com pernas e quadril e conduza a carga pela trajetória mostrada até a posição final. Estabilize o peso antes de retornar e controle cada etapa do movimento.","Corpo inteiro","Sem aparelhos | Casa","Corpo inteiro","","Musculação","Sem aparelhos","Casa","Avançado","gifs/Exercícios sem marca d'água/Turco levante-se.gif","https://raw.githubusercontent.com/brunofs3221/fortyn-exercise-media-extra/main/gifs/Exerc%C3%ADcios%20sem%20marca%20d'%C3%A1gua/Turco%20levante-se.gif","C:\Users\bruno\Downloads\Exercicios renomeados\Levantada turca","MIGRADO_FONTE_REVISADA"
"media_307894349283603fb536","Levantamento de bola medicinal acima da cabeça","Levantamento de bola medicinal do chão acima da cabeça","Assuma a posição inicial de Levantamento de bola medicinal acima da cabeça, estabilize o tronco e execute o movimento mostrado de forma coordenada. Use uma amplitude que consiga controlar, evite impulso desnecessário e retorne à posição inicial antes da repetição seguinte.","Corpo inteiro","Bola | Academia","Corpo inteiro","","Musculação","Bola","Academia","Intermediário","gifs/Exercícios sem marca d'água/exercicios_renomeados_pt_br/025_levantamento_de_bola_medicinal_acima_da_cabeca.gif","https://raw.githubusercontent.com/brunofs3221/fortyn-exercise-media-extra/main/gifs/Exerc%C3%ADcios%20sem%20marca%20d'%C3%A1gua/exercicios_renomeados_pt_br/025_levantamento_de_bola_medicinal_acima_da_cabeca.gif","C:\Users\bruno\Downloads\Exercicios renomeados\Levantamento de bola medicinal acima da cabeça","MIGRADO_FONTE_REVISADA"
"media_360f060ca8414928e03e","Levantamento de tronco (log lift)","Levantamento de tora","Inicie com postura firme, abdômen ativo e a carga próxima ao corpo. Gere força com pernas e quadril e conduza a carga pela trajetória mostrada até a posição final. Estabilize o peso antes de retornar e controle cada etapa do movimento.","Corpo inteiro","Sem aparelhos | Casa","Corpo inteiro","","Musculação","Sem aparelhos","Casa","Avançado","gifs/Exercícios sem marca d'água/Levantamento de toras.gif","https://raw.githubusercontent.com/brunofs3221/fortyn-exercise-media-extra/main/gifs/Exerc%C3%ADcios%20sem%20marca%20d'%C3%A1gua/Levantamento%20de%20toras.gif","C:\Users\bruno\Downloads\Exercicios renomeados\Levantamento de tronco (log lift)","MIGRADO_FONTE_REVISADA"
"media_f5f1a9ff324c7a0dc786","Levantamento terra","Levantamento terra","Posicione a barra sobre o meio dos pés, flexione quadris e joelhos e segure a barra mantendo a coluna neutra. Empurre o chão com os pés e estenda quadris e joelhos até ficar em pé com a barra próxima ao corpo. Retorne levando o quadril para trás e flexionando os joelhos de forma controlada.","Corpo inteiro","Barra | Posterior de coxa | Glúteos","Corpo inteiro","Posterior de coxa | Glúteos","Musculação","Barra","Academia","Avançado","gifs/costas/Levantamento terra.gif","https://raw.githubusercontent.com/brunofs3221/fortyn-exercise-media-extra/main/gifs/costas/Levantamento%20terra.gif","C:\Users\bruno\Downloads\Exercicios renomeados\Levantamento terra","MIGRADO_FONTE_REVISADA"
"media_29f0836044974a2635d9","Levantamento terra com barra","Levantamento terra convencional","Comece com os pés firmes e o abdômen ativo. Leve o quadril para trás mantendo a coluna neutra e a carga próxima ao corpo. Desça até sentir tensão nos posteriores sem perder a postura e volte estendendo o quadril de forma controlada.","Posterior de coxa","Barra | Glúteos | Academia","Posterior de coxa","Glúteos","Musculação","Barra","Academia","Avançado","gifs/Exercícios sem marca d'água/exercicios_renomeados_pt_br/030_levantamento_terra.gif","https://raw.githubusercontent.com/brunofs3221/fortyn-exercise-media-extra/main/gifs/Exerc%C3%ADcios%20sem%20marca%20d'%C3%A1gua/exercicios_renomeados_pt_br/030_levantamento_terra.gif","C:\Users\bruno\Downloads\Exercicios renomeados\Levantamento terra com barra","MIGRADO_FONTE_REVISADA"
"media_4f0b1b4f4222c7239f1f","Levantamento terra com barra","Levantamento terra com barra","Posicione a barra próxima às canelas, com os pés firmes no chão. Segure a barra, mantenha a coluna neutra e o peito aberto, então empurre o chão para estender joelhos e quadris ao mesmo tempo. Retorne conduzindo o quadril para trás e abaixe a barra com controle.","Posterior de coxa","Glúteos | Barra | Academia","Posterior de coxa","Glúteos","Musculação","Barra","Academia","Intermediário","gifs/perna/Levantamento terra.gif","https://raw.githubusercontent.com/brunofs3221/fortyn-exercise-media-extra/main/gifs/perna/Levantamento%20terra.gif","","SEM_FONTE_REVISADA"
"media_873ed1f4f4377d206ddd","Levantamento terra com barra - variação 2","Levantamento terra com barra","Comece com os pés firmes e o abdômen ativo. Leve o quadril para trás mantendo a coluna neutra e a carga próxima ao corpo. Desça até sentir tensão nos posteriores sem perder a postura e volte estendendo o quadril de forma controlada.","Posterior de coxa","Barra | Glúteos | Academia","Posterior de coxa","Glúteos","Musculação","Barra","Academia","Avançado","gifs/Exercícios sem marca d'água/Levantamento terra.gif","https://raw.githubusercontent.com/brunofs3221/fortyn-exercise-media-extra/main/gifs/Exerc%C3%ADcios%20sem%20marca%20d'%C3%A1gua/Levantamento%20terra.gif","C:\Users\bruno\Downloads\Exercicios renomeados\Levantamento terra com barra - variação 2","MIGRADO_FONTE_REVISADA"
"media_2025674f14f6c158a4cd","Levantamento terra com barra - Variação 2","Levantamento terra com barra - Variação 2","Posicione a barra próxima às canelas, com os pés firmes no chão. Segure a barra, mantenha a coluna neutra e o peito aberto, então empurre o chão para estender joelhos e quadris ao mesmo tempo. Retorne conduzindo o quadril para trás e abaixe a barra com controle.","Posterior de coxa","Glúteos | Barra | Academia","Posterior de coxa","Glúteos","Musculação","Barra","Academia","Avançado","gifs/perna/Sentado cadeira extensora with resistance band.gif","https://raw.githubusercontent.com/brunofs3221/fortyn-exercise-media-extra/main/gifs/perna/Sentado%20cadeira%20extensora%20with%20resistance%20band.gif","","SEM_FONTE_REVISADA"
"media_007d483ef75d4f8d1686","Levantamento terra com kettlebell","Levantamento terra com kettlebell","Comece com os pés firmes e o abdômen ativo. Leve o quadril para trás mantendo a coluna neutra e a carga próxima ao corpo. Desça até sentir tensão nos posteriores sem perder a postura e volte estendendo o quadril de forma controlada.","Posterior de coxa","Kettlebell | Glúteos | Academia","Posterior de coxa","Glúteos","Musculação","Kettlebell","Academia","Iniciante","gifs/Exercícios sem marca d'água/Levantamento terra com kettlebell.gif","https://raw.githubusercontent.com/brunofs3221/fortyn-exercise-media-extra/main/gifs/Exerc%C3%ADcios%20sem%20marca%20d'%C3%A1gua/Levantamento%20terra%20com%20kettlebell.gif","C:\Users\bruno\Downloads\Exercicios renomeados\Levantamento terra com kettlebell","MIGRADO_FONTE_REVISADA"
"media_8924842197ee0a67ae6c","Levantamento terra com trap bar","Levantamento terra com barra hexagonal","Comece com os pés firmes e o abdômen ativo. Leve o quadril para trás mantendo a coluna neutra e a carga próxima ao corpo. Desça até sentir tensão nos posteriores sem perder a postura e volte estendendo o quadril de forma controlada.","Posterior de coxa","Barra | Glúteos | Academia","Posterior de coxa","Glúteos","Musculação","Barra","Academia","Intermediário","gifs/Exercícios sem marca d'água/Levantamento terra com barra de armadilha.gif","https://raw.githubusercontent.com/brunofs3221/fortyn-exercise-media-extra/main/gifs/Exerc%C3%ADcios%20sem%20marca%20d'%C3%A1gua/Levantamento%20terra%20com%20barra%20de%20armadilha.gif","C:\Users\bruno\Downloads\Exercicios renomeados\Levantamento terra com trap bar","MIGRADO_FONTE_REVISADA"
"media_470684105e7b7c12b4e8","Levantamento terra na máquina","Levantamento terra na máquina","Comece com os pés firmes e o abdômen ativo. Leve o quadril para trás mantendo a coluna neutra e a carga próxima ao corpo. Desça até sentir tensão nos posteriores sem perder a postura e volte estendendo o quadril de forma controlada.","Posterior de coxa","Máquina | Glúteos | Academia","Posterior de coxa","Glúteos","Musculação","Máquina","Academia","Intermediário","gifs/Exercícios sem marca d'água/Levantamento terra na máquina.gif","https://raw.githubusercontent.com/brunofs3221/fortyn-exercise-media-extra/main/gifs/Exerc%C3%ADcios%20sem%20marca%20d'%C3%A1gua/Levantamento%20terra%20na%20m%C3%A1quina.gif","C:\Users\bruno\Downloads\Exercicios renomeados\Levantamento terra na máquina","MIGRADO_FONTE_REVISADA"
"media_585f56a0f65b788dca0b","Levantamento terra romeno com barra","Levantamento terra romeno com barra","Segure a barra à frente das coxas, mantenha os joelhos levemente flexionados e leve o quadril para trás. Desça a barra próxima às pernas enquanto mantém a coluna neutra, até sentir tensão na parte posterior das coxas. Contraia glúteos e posteriores para retornar à posição em pé sem hiperestender a lombar.","Posterior de coxa","Glúteos | Costas | Barra | Academia","Posterior de coxa","Glúteos | Costas","Musculação","Barra","Academia","Intermediário","gifs/costas/Pulldown lat meio ajoelhado - Variação 2.gif","https://raw.githubusercontent.com/brunofs3221/fortyn-exercise-media-extra/main/gifs/costas/Pulldown%20lat%20meio%20ajoelhado%20-%20Varia%C3%A7%C3%A3o%202.gif","","SEM_FONTE_REVISADA"
"media_77ec7be36872b3856ccd","Levantamento terra romeno com barra","Levantamento terra romeno com barra","Comece com os pés firmes e o abdômen ativo. Leve o quadril para trás mantendo a coluna neutra e a carga próxima ao corpo. Desça até sentir tensão nos posteriores sem perder a postura e volte estendendo o quadril de forma controlada.","Posterior de coxa","Barra | Glúteos | Academia","Posterior de coxa","Glúteos","Musculação","Barra","Academia","Intermediário","gifs/Exercícios sem marca d'água/Levantamento terra romeno.gif","https://raw.githubusercontent.com/brunofs3221/fortyn-exercise-media-extra/main/gifs/Exerc%C3%ADcios%20sem%20marca%20d'%C3%A1gua/Levantamento%20terra%20romeno.gif","C:\Users\bruno\Downloads\Exercicios renomeados\Levantamento terra romeno com barra","MIGRADO_FONTE_REVISADA"
"media_983f37f149bf5c87a736","Levantamento terra romeno com barra","","Variação de levantamento terra em que a barra desliza próxima às pernas enquanto o quadril recua e os joelhos permanecem apenas levemente flexionados. A ênfase é na extensão do quadril, com alongamento controlado de glúteos e posteriores de coxa antes do retorno à posição ereta.","Posterior de coxa","barra | anilhas | academia | estúdio","Posterior de coxa","","Musculação","barra | anilhas","academia | estúdio","","gifs/perna/Agachamento, sustentação, panturrilha - Variação 2.gif","https://raw.githubusercontent.com/brunofs3221/fortyn-exercise-media-extra/main/gifs/perna/Agachamento%2C%20sustenta%C3%A7%C3%A3o%2C%20panturrilha%20-%20Varia%C3%A7%C3%A3o%202.gif","","SEM_FONTE_REVISADA"
"media_3062b485270585a01162","Levantamento terra romeno com halteres","Levantamento terra romeno com halteres","Comece com os pés firmes e o abdômen ativo. Leve o quadril para trás mantendo a coluna neutra e a carga próxima ao corpo. Desça até sentir tensão nos posteriores sem perder a postura e volte estendendo o quadril de forma controlada.","Posterior de coxa","Halteres | Glúteos | Academia","Posterior de coxa","Glúteos","Musculação","Halteres","Academia","Intermediário","gifs/Exercícios sem marca d'água/Levantamento terra romeno com halteres.gif","https://raw.githubusercontent.com/brunofs3221/fortyn-exercise-media-extra/main/gifs/Exerc%C3%ADcios%20sem%20marca%20d'%C3%A1gua/Levantamento%20terra%20romeno%20com%20halteres.gif","C:\Users\bruno\Downloads\Exercicios renomeados\Levantamento terra romeno com halteres","MIGRADO_FONTE_REVISADA"
"media_8508fd55c25cc78a6d6f","Levantamento terra romeno com halteres","Levantamento terra romeno com halteres","Fique em pé com a carga à frente das coxas e os joelhos levemente flexionados. Empurre o quadril para trás mantendo a coluna neutra e a carga próxima às pernas até sentir alongamento nos posteriores. Retorne estendendo o quadril e contraindo os glúteos, sem arredondar as costas.","Posterior de coxa","Glúteos | Halteres | Academia","Posterior de coxa","Glúteos","Musculação","Halteres","Academia","Intermediário","gifs/perna/Levantamento terra com halteres e perna reta.gif","https://raw.githubusercontent.com/brunofs3221/fortyn-exercise-media-extra/main/gifs/perna/Levantamento%20terra%20com%20halteres%20e%20perna%20reta.gif","","SEM_FONTE_REVISADA"
"media_889ffa4d623628a52cf7","Levantamento terra romeno unilateral com barra","Levantamento terra romeno unilateral com barra","Fique apoiado em uma perna, mantenha o joelho levemente flexionado e a carga próxima ao corpo. Leve o quadril para trás enquanto a outra perna se estende para trás, inclinando o tronco com a coluna neutra. Retorne contraindo glúteos e posteriores sem girar a pelve.","Posterior de coxa","Glúteos | Barra | Academia","Posterior de coxa","Glúteos","Musculação","Barra","Academia","Intermediário","gifs/perna/Na polia avanço.gif","https://raw.githubusercontent.com/brunofs3221/fortyn-exercise-media-extra/main/gifs/perna/Na%20polia%20avan%C3%A7o.gif","C:\Users\bruno\Downloads\Exercicios renomeados\Levantamento terra romeno unilateral com barra","MIGRADO_FONTE_REVISADA"
"media_513536811c683cd17018","Levantamento terra romeno unilateral com halteres","Levantamento terra romeno unilateral com halteres","Fique apoiado em uma perna, mantenha o joelho levemente flexionado e a carga próxima ao corpo. Leve o quadril para trás enquanto a outra perna se estende para trás, inclinando o tronco com a coluna neutra. Retorne contraindo glúteos e posteriores sem girar a pelve.","Posterior de coxa","Glúteos | Halteres | Academia","Posterior de coxa","Glúteos","Musculação","Halteres","Academia","Intermediário","gifs/perna/Avanço com halteres.gif","https://raw.githubusercontent.com/brunofs3221/fortyn-exercise-media-extra/main/gifs/perna/Avan%C3%A7o%20com%20halteres.gif","C:\Users\bruno\Downloads\Exercicios renomeados\Levantamento terra romeno unilateral com halteres","MIGRADO_FONTE_REVISADA"
"media_70085bb459101e730d40","Levantamento terra sumô","Levantamento terra sumô com barra","Comece com os pés firmes e o abdômen ativo. Leve o quadril para trás mantendo a coluna neutra e a carga próxima ao corpo. Desça até sentir tensão nos posteriores sem perder a postura e volte estendendo o quadril de forma controlada.","Posterior de coxa","Glúteos | Sem aparelhos | Casa","Posterior de coxa","Glúteos","Musculação","Sem aparelhos","Casa","Intermediário","gifs/Exercícios sem marca d'água/Levantamento terra de sumô.gif","https://raw.githubusercontent.com/brunofs3221/fortyn-exercise-media-extra/main/gifs/Exerc%C3%ADcios%20sem%20marca%20d'%C3%A1gua/Levantamento%20terra%20de%20sum%C3%B4.gif","C:\Users\bruno\Downloads\Exercicios renomeados\Levantamento terra sumô","MIGRADO_FONTE_REVISADA"
"media_8352312698c177d5bc09","Levantamento terra sumô com barra","Levantamento terra sumô com barra","Abra os pés além da largura dos ombros e aponte as pontas levemente para fora. Segure a barra entre as pernas, mantenha o peito aberto e empurre o chão para estender joelhos e quadris. Finalize em pé sem inclinar o tronco para trás e retorne a barra ao chão com controle.","Posterior de coxa","Glúteos | Adutores | Barra","Posterior de coxa","Glúteos | Adutores","Musculação","Barra","Academia","Intermediário","gifs/perna/Anjaneyasana pose de avanço baixa - Variação 2.gif","https://raw.githubusercontent.com/brunofs3221/fortyn-exercise-media-extra/main/gifs/perna/Anjaneyasana%20pose%20de%20avan%C3%A7o%20baixa%20-%20Varia%C3%A7%C3%A3o%202.gif","C:\Users\bruno\Downloads\Exercicios renomeados\Levantamento terra sumô com barra","MIGRADO_FONTE_REVISADA"
"media_e0db156009e7e48b3888","Levantamento terra unilateral com kettlebell","Levantamento terra unilateral com kettlebell","Comece com os pés firmes e o abdômen ativo. Leve o quadril para trás mantendo a coluna neutra e a carga próxima ao corpo. Desça até sentir tensão nos posteriores sem perder a postura e volte estendendo o quadril de forma controlada.","Posterior de coxa","Kettlebell | Glúteos | Academia","Posterior de coxa","Glúteos","Musculação","Kettlebell","Academia","Intermediário","gifs/Exercícios sem marca d'água/Levantamento terra unipodal com kettlebell.gif","https://raw.githubusercontent.com/brunofs3221/fortyn-exercise-media-extra/main/gifs/Exerc%C3%ADcios%20sem%20marca%20d'%C3%A1gua/Levantamento%20terra%20unipodal%20com%20kettlebell.gif","C:\Users\bruno\Downloads\Exercicios renomeados\Levantamento terra unilateral com kettlebell","MIGRADO_FONTE_REVISADA"
"media_008b1c628a8553400460","Levantamento terra unilateral sem peso","Levantamento terra unilateral com peso corporal","Comece com os pés firmes e o abdômen ativo. Leve o quadril para trás mantendo a coluna neutra e a carga próxima ao corpo. Desça até sentir tensão nos posteriores sem perder a postura e volte estendendo o quadril de forma controlada.","Posterior de coxa","Glúteos | Sem aparelhos | Casa","Posterior de coxa","Glúteos","Musculação","Sem aparelhos","Casa","Intermediário","gifs/Exercícios sem marca d'água/Levantamento terra de perna única com peso corporal.gif","https://raw.githubusercontent.com/brunofs3221/fortyn-exercise-media-extra/main/gifs/Exerc%C3%ADcios%20sem%20marca%20d'%C3%A1gua/Levantamento%20terra%20de%20perna%20%C3%BAnica%20com%20peso%20corporal.gif","C:\Users\bruno\Downloads\Exercicios renomeados\Levantamento terra unilateral sem peso","MIGRADO_FONTE_REVISADA"
"media_9a56a721cdabc087124a","Liberação da banda iliotibial com rolo de espuma","Prancha lateral com elevação de halter","Posicione o rolo de espuma sob a região indicada e sustente o peso do corpo com os apoios mostrados. Deslize lentamente sobre uma pequena faixa do músculo, procurando pontos de maior tensão sem pressionar articulações ou ossos. Faça movimentos curtos e controlados.","Mobilidade","Rolo de espuma | Academia","Mobilidade","","Mobilidade","Rolo de espuma","Academia","Avançado","gifs/Exercícios sem marca d'água/Rolo de espuma para alongamento da elástico iliotibial.gif","https://raw.githubusercontent.com/brunofs3221/fortyn-exercise-media-extra/main/gifs/Exerc%C3%ADcios%20sem%20marca%20d'%C3%A1gua/Rolo%20de%20espuma%20para%20alongamento%20da%20el%C3%A1stico%20iliotibial.gif","C:\Users\bruno\Downloads\Exercicios renomeados\Liberação da banda iliotibial com rolo de espuma","MIGRADO_FONTE_REVISADA"
"media_b6e096f4ab211515c096","Liberação da parte superior das costas com rolo de espuma","Extensão torácica no rolo de espuma","Posicione o rolo de espuma sob a região indicada e sustente o peso do corpo com os apoios mostrados. Deslize lentamente sobre uma pequena faixa do músculo, procurando pontos de maior tensão sem pressionar articulações ou ossos. Faça movimentos curtos e controlados.","Mobilidade","Rolo de espuma | Academia","Mobilidade","","Mobilidade","Rolo de espuma","Academia","Iniciante","gifs/Exercícios sem marca d'água/Alongamento traseiro do rolo de espuma.gif","https://raw.githubusercontent.com/brunofs3221/fortyn-exercise-media-extra/main/gifs/Exerc%C3%ADcios%20sem%20marca%20d'%C3%A1gua/Alongamento%20traseiro%20do%20rolo%20de%20espuma.gif","C:\Users\bruno\Downloads\Exercicios renomeados\Liberação da parte superior das costas com rolo de espuma","MIGRADO_FONTE_REVISADA"
"media_945d93aedbf545f4eb58","Liberação de panturrilhas com rolo de espuma","Liberação miofascial de panturrilha com rolo","Posicione o rolo de espuma sob a região indicada e sustente o peso do corpo com os apoios mostrados. Deslize lentamente sobre uma pequena faixa do músculo, procurando pontos de maior tensão sem pressionar articulações ou ossos. Faça movimentos curtos e controlados.","Mobilidade","Rolo de espuma | Academia","Mobilidade","","Mobilidade","Rolo de espuma","Academia","Iniciante","gifs/Exercícios sem marca d'água/Bezerros de rolo de espuma.gif","https://raw.githubusercontent.com/brunofs3221/fortyn-exercise-media-extra/main/gifs/Exerc%C3%ADcios%20sem%20marca%20d'%C3%A1gua/Bezerros%20de%20rolo%20de%20espuma.gif","C:\Users\bruno\Downloads\Exercicios renomeados\Liberação de panturrilhas com rolo de espuma","MIGRADO_FONTE_REVISADA"
"media_d2bca394892badf9c0ab","Liberação de peitoral e ombro com rolo de espuma","Liberação miofascial do peitoral com rolo","Posicione o rolo de espuma sob a região indicada e sustente o peso do corpo com os apoios mostrados. Deslize lentamente sobre uma pequena faixa do músculo, procurando pontos de maior tensão sem pressionar articulações ou ossos. Faça movimentos curtos e controlados.","Mobilidade","Rolo de espuma | Academia","Mobilidade","","Mobilidade","Rolo de espuma","Academia","Iniciante","gifs/Exercícios sem marca d'água/Rolo de espuma na frente do ombro e no peito.gif","https://raw.githubusercontent.com/brunofs3221/fortyn-exercise-media-extra/main/gifs/Exerc%C3%ADcios%20sem%20marca%20d'%C3%A1gua/Rolo%20de%20espuma%20na%20frente%20do%20ombro%20e%20no%20peito.gif","C:\Users\bruno\Downloads\Exercicios renomeados\Liberação de peitoral e ombro com rolo de espuma","MIGRADO_FONTE_REVISADA"
"media_c9542dac8e6d113715fa","Liberação de posteriores da coxa com rolo de espuma","Flexão de joelhos com rolo de espuma","Posicione o rolo de espuma sob a região indicada e sustente o peso do corpo com os apoios mostrados. Deslize lentamente sobre uma pequena faixa do músculo, procurando pontos de maior tensão sem pressionar articulações ou ossos. Faça movimentos curtos e controlados.","Mobilidade","Rolo de espuma | Academia","Mobilidade","","Mobilidade","Rolo de espuma","Academia","Intermediário","gifs/Exercícios sem marca d'água/Isquiotibiais de rolo de espuma.gif","https://raw.githubusercontent.com/brunofs3221/fortyn-exercise-media-extra/main/gifs/Exerc%C3%ADcios%20sem%20marca%20d'%C3%A1gua/Isquiotibiais%20de%20rolo%20de%20espuma.gif","C:\Users\bruno\Downloads\Exercicios renomeados\Liberação de posteriores da coxa com rolo de espuma","MIGRADO_FONTE_REVISADA"
"media_cb920ca1c00c52c44e4f","Liberação de quadríceps com rolo de espuma","Liberação miofascial de quadríceps com rolo","Posicione o rolo de espuma sob a região indicada e sustente o peso do corpo com os apoios mostrados. Deslize lentamente sobre uma pequena faixa do músculo, procurando pontos de maior tensão sem pressionar articulações ou ossos. Faça movimentos curtos e controlados.","Mobilidade","Rolo de espuma | Academia","Mobilidade","","Mobilidade","Rolo de espuma","Academia","Iniciante","gifs/Exercícios sem marca d'água/Quads de rolo de espuma.gif","https://raw.githubusercontent.com/brunofs3221/fortyn-exercise-media-extra/main/gifs/Exerc%C3%ADcios%20sem%20marca%20d'%C3%A1gua/Quads%20de%20rolo%20de%20espuma.gif","C:\Users\bruno\Downloads\Exercicios renomeados\Liberação de quadríceps com rolo de espuma","MIGRADO_FONTE_REVISADA"
"media_20dc77cc53be5986dd06","Limpador de para-brisa na barra fixa","Limpador de para-brisa na barra fixa","Fique suspenso na barra com a pegada firme e eleve as pernas à frente. Mantendo o abdômen contraído, leve as pernas de um lado para o outro em arco, controlando o balanço do corpo. Retorne pelo centro antes de alternar o lado.","Abdômen/Core","Barra fixa | Academia","Abdômen/Core","","Musculação","Barra fixa","Academia","Avançado","gifs/Exercícios sem marca d'água/Limpador de pára-brisa suspenso.gif","https://raw.githubusercontent.com/brunofs3221/fortyn-exercise-media-extra/main/gifs/Exerc%C3%ADcios%20sem%20marca%20d'%C3%A1gua/Limpador%20de%20p%C3%A1ra-brisa%20suspenso.gif","C:\Users\bruno\Downloads\Exercicios renomeados\Limpador de para-brisa na barra fixa","MIGRADO_FONTE_REVISADA"
"media_4e0a157109add43440cc","Limpador de para-brisa no chão com halteres","Limpador de para-brisa com halteres","Deite-se de costas e mantenha os braços apoiados para estabilizar o tronco. Eleve as pernas e leve-as juntas de um lado para o outro em arco, sem tirar os ombros do chão. Use o abdômen para frear a descida e retornar ao centro.","Abdômen/Core","Halteres | Academia","Abdômen/Core","","Musculação","Halteres","Academia","Avançado","gifs/Exercícios sem marca d'água/Limpadores de chão com halteres.gif","https://raw.githubusercontent.com/brunofs3221/fortyn-exercise-media-extra/main/gifs/Exerc%C3%ADcios%20sem%20marca%20d'%C3%A1gua/Limpadores%20de%20ch%C3%A3o%20com%20halteres.gif","C:\Users\bruno\Downloads\Exercicios renomeados\Limpador de para-brisa no chão com halteres","MIGRADO_FONTE_REVISADA"
"media_4a48934603494434bc8e","Marcha com joelhos altos","Marcha com joelhos altos","Fique em pé com o tronco ereto. Eleve um joelho de cada vez em direção à altura do quadril enquanto alterna os braços de forma natural. Mantenha ritmo contínuo, aterrisse suavemente e evite inclinar o tronco para trás.","Cardio","Sem aparelhos | Casa | Corpo inteiro","Cardio","Corpo inteiro","Cardio","Sem aparelhos","Casa","Iniciante","gifs/Alongamento dinâmico do peito.gif","https://raw.githubusercontent.com/brunofs3221/fortyn-exercise-media-extra/main/gifs/Alongamento%20din%C3%A2mico%20do%20peito.gif","C:\Users\bruno\Downloads\Exercicios renomeados\Marcha com joelhos altos","MIGRADO_FONTE_REVISADA"
"media_a3d06082f1b68be0b04e","Marcha estacionária com elevação de joelhos","","Exercício cíclico em pé no qual os joelhos são elevados alternadamente até uma altura confortável, simulando uma marcha sem deslocamento. A variação privilegia coordenação, mobilidade de quadril e ativação dos flexores do quadril, podendo ser feita em ritmo leve para aquecimento ou reabilitação.","Quadril","peso corporal | casa | academia | reabilitação","Quadril","","Mobilidade","peso corporal","casa | academia | reabilitação","","gifs/Elevação de joelhos em pé - Marcha estacionária.gif","https://raw.githubusercontent.com/brunofs3221/fortyn-exercise-media-extra/main/gifs/Eleva%C3%A7%C3%A3o%20de%20joelhos%20em%20p%C3%A9%20-%20Marcha%20estacion%C3%A1ria.gif","","SEM_FONTE_REVISADA"
"media_53573400dcdc801dd54b","Marretada no pneu","Golpe de marreta no pneu","Assuma a posição inicial mostrada e execute o movimento de forma coordenada, mantendo o abdômen ativo e joelhos alinhados. Quando houver salto, aterrisse suavemente; quando houver deslocamento ou carga, mantenha o tronco estável durante toda a repetição.","Corpo inteiro","Cardio | Sem aparelhos | Casa","Corpo inteiro","","Cardio","Sem aparelhos","Casa","Avançado","gifs/Exercícios sem marca d'água/Marreta de pneu.gif","https://raw.githubusercontent.com/brunofs3221/fortyn-exercise-media-extra/main/gifs/Exerc%C3%ADcios%20sem%20marca%20d'%C3%A1gua/Marreta%20de%20pneu.gif","C:\Users\bruno\Downloads\Exercicios renomeados\Marretada no pneu","MIGRADO_FONTE_REVISADA"
"media_87c0179490ab6601fc3f","Meia flexão do tronco à frente (Yoga)","Meia flexão à frente em pé","Entre na posição de Meia flexão do tronco à frente (Yoga) de forma controlada. Ajuste o corpo até sentir um alongamento confortável na região trabalhada, mantenha a respiração normal e evite rebotes. Retorne lentamente e repita do outro lado quando necessário.","Alongamento","Sem aparelhos | Casa","Alongamento","","Alongamento","Sem aparelhos","Casa","Iniciante","gifs/Exercícios sem marca d'água/Ardha uttanasana em pé meio curvado para frente.gif","https://raw.githubusercontent.com/brunofs3221/fortyn-exercise-media-extra/main/gifs/Exerc%C3%ADcios%20sem%20marca%20d'%C3%A1gua/Ardha%20uttanasana%20em%20p%C3%A9%20meio%20curvado%20para%20frente.gif","C:\Users\bruno\Downloads\Exercicios renomeados\Meia flexão do tronco à frente (Yoga)","MIGRADO_FONTE_REVISADA"
"media_433a7ce1129c672566ae","Meio limpador de para-brisa","Limpador de para-brisa com joelhos flexionados","Deite-se de costas e mantenha os braços apoiados para estabilizar o tronco. Eleve as pernas e leve-as juntas de um lado para o outro em arco, sem tirar os ombros do chão. Use o abdômen para frear a descida e retornar ao centro.","Abdômen/Core","Sem aparelhos | Casa","Abdômen/Core","","Musculação","Sem aparelhos","Casa","Intermediário","gifs/Exercícios sem marca d'água/Meio limpador.gif","https://raw.githubusercontent.com/brunofs3221/fortyn-exercise-media-extra/main/gifs/Exerc%C3%ADcios%20sem%20marca%20d'%C3%A1gua/Meio%20limpador.gif","C:\Users\bruno\Downloads\Exercicios renomeados\Meio limpador de para-brisa","MIGRADO_FONTE_REVISADA"
"media_b1564c52abf9ccde4204","Meio sapo","Postura do meio sapo","Assuma a posição mostrada e desloque o quadril lentamente até sentir a região do quadril ou a parte interna da coxa alongar. Mantenha a coluna organizada, evite rebotes e respeite uma amplitude confortável. Retorne com controle.","Alongamento","Sem aparelhos | Casa","Alongamento","","Alongamento","Sem aparelhos","Casa","Intermediário","gifs/Exercícios sem marca d'água/Postura de meio sapo.gif","https://raw.githubusercontent.com/brunofs3221/fortyn-exercise-media-extra/main/gifs/Exerc%C3%ADcios%20sem%20marca%20d'%C3%A1gua/Postura%20de%20meio%20sapo.gif","C:\Users\bruno\Downloads\Exercicios renomeados\Meio sapo","MIGRADO_FONTE_REVISADA"
"media_15f31334dd0f0fc9c13f","Mergulho coreano","Mergulho coreano nas barras paralelas","Apoie as mãos no banco, cadeira ou barras conforme a variação e mantenha os ombros estáveis. Flexione os cotovelos para descer o corpo em amplitude confortável. Estenda os cotovelos para retornar, evitando balanço.","Tríceps","Sem aparelhos | Casa","Tríceps","","Musculação","Sem aparelhos","Casa","Avançado","gifs/Exercícios sem marca d'água/Molhos coreanos.gif","https://raw.githubusercontent.com/brunofs3221/fortyn-exercise-media-extra/main/gifs/Exerc%C3%ADcios%20sem%20marca%20d'%C3%A1gua/Molhos%20coreanos.gif","C:\Users\bruno\Downloads\Exercicios renomeados\Mergulho coreano","MIGRADO_FONTE_REVISADA"
"media_ddb5ac9e8ed43d21205f","Mergulho de tríceps assistido na máquina","Mergulho de tríceps assistido na máquina","Apoie as mãos no banco, cadeira ou barras conforme a variação e mantenha os ombros estáveis. Flexione os cotovelos para descer o corpo em amplitude confortável. Estenda os cotovelos para retornar, evitando balanço.","Tríceps","Máquina | Academia","Tríceps","","Musculação","Máquina","Academia","Iniciante","gifs/tríceps/Asisted triceps dips.gif","https://raw.githubusercontent.com/brunofs3221/fortyn-exercise-media-extra/main/gifs/tr%C3%ADceps/Asisted%20triceps%20dips.gif","C:\Users\bruno\Downloads\Exercicios renomeados\Mergulho de tríceps assistido na máquina","MIGRADO_FONTE_REVISADA"
"media_286c112cdef02a06d780","Mergulho de tríceps entre bancos","Mergulho de tríceps entre bancos","Apoie as mãos no banco, cadeira ou barras conforme a variação e mantenha os ombros estáveis. Flexione os cotovelos para descer o corpo em amplitude confortável. Estenda os cotovelos para retornar, evitando balanço.","Tríceps","Banco | Academia","Tríceps","","Musculação","Banco","Academia","Intermediário","gifs/tríceps/Mergulhos de bancada.gif","https://raw.githubusercontent.com/brunofs3221/fortyn-exercise-media-extra/main/gifs/tr%C3%ADceps/Mergulhos%20de%20bancada.gif","C:\Users\bruno\Downloads\Exercicios renomeados\Mergulho de tríceps entre bancos","MIGRADO_FONTE_REVISADA"
"media_d932f5eb5ab9fd9500e0","Mergulho de tríceps na máquina","Mergulho de tríceps na máquina","Sente-se na máquina com o tronco apoiado e segure as alças ao lado do corpo. Comece com os cotovelos flexionados e pressione as alças para baixo até quase estender os braços, mantendo os ombros estáveis. Retorne devagar até a posição inicial sem deixar o peso bater.","Tríceps","Peito | Máquina","Tríceps","Peito","Musculação","Máquina","Academia","Iniciante","gifs/peitoral/Crucifixo de cabo com declínio de um braço.gif","https://raw.githubusercontent.com/brunofs3221/fortyn-exercise-media-extra/main/gifs/peitoral/Crucifixo%20de%20cabo%20com%20decl%C3%ADnio%20de%20um%20bra%C3%A7o.gif","C:\Users\bruno\Downloads\Exercicios renomeados\Mergulho de tríceps na máquina","MIGRADO_FONTE_REVISADA"
"media_2a1ff9a51c0cacc8f998","Mergulho de tríceps nas paralelas","Mergulho de tríceps nas paralelas","Apoie as mãos no banco, cadeira ou barras conforme a variação e mantenha os ombros estáveis. Flexione os cotovelos para descer o corpo em amplitude confortável. Estenda os cotovelos para retornar, evitando balanço.","Tríceps","Sem aparelhos | Casa","Tríceps","","Musculação","Sem aparelhos","Casa","Iniciante","gifs/tríceps/Mergulhos de tríceps.gif","https://raw.githubusercontent.com/brunofs3221/fortyn-exercise-media-extra/main/gifs/tr%C3%ADceps/Mergulhos%20de%20tr%C3%ADceps.gif","","SEM_FONTE_REVISADA"
"media_504dcebcc77dc9dc3bb1","Mergulho de tríceps nas paralelas","Mergulho de tríceps na máquina","Apoie as mãos no banco, cadeira ou barras conforme a variação e mantenha os ombros estáveis. Flexione os cotovelos para descer o corpo em amplitude confortável. Estenda os cotovelos para retornar, evitando balanço.","Tríceps","Sem aparelhos | Casa","Tríceps","","Musculação","Sem aparelhos","Casa","Iniciante","gifs/Exercícios sem marca d'água/Mergulhos de tríceps.gif","https://raw.githubusercontent.com/brunofs3221/fortyn-exercise-media-extra/main/gifs/Exerc%C3%ADcios%20sem%20marca%20d'%C3%A1gua/Mergulhos%20de%20tr%C3%ADceps.gif","C:\Users\bruno\Downloads\Exercicios renomeados\Mergulho de tríceps nas paralelas","MIGRADO_FONTE_REVISADA"
"media_c6c120e2e0a2be078191","Mergulho de tríceps no banco","Mergulho de tríceps no banco","Apoie as mãos no banco, cadeira ou barras conforme a variação e mantenha os ombros estáveis. Flexione os cotovelos para descer o corpo em amplitude confortável. Estenda os cotovelos para retornar, evitando balanço.","Tríceps","Banco | Academia","Tríceps","","Musculação","Banco","Academia","Intermediário","gifs/tríceps/Bench dips on floor - Variação 2.gif","https://raw.githubusercontent.com/brunofs3221/fortyn-exercise-media-extra/main/gifs/tr%C3%ADceps/Bench%20dips%20on%20floor%20-%20Varia%C3%A7%C3%A3o%202.gif","C:\Users\bruno\Downloads\Exercicios renomeados\Mergulho de tríceps no banco","MIGRADO_FONTE_REVISADA"
"media_a5836b81800c96c8384f","Mergulho de tríceps no banco com uma perna elevada","","Variação de mergulho de tríceps no banco na qual uma perna permanece elevada, aumentando a exigência de estabilidade e deslocando mais carga para os braços. As mãos ficam apoiadas no banco enquanto os cotovelos flexionam e estendem atrás do tronco, com o quadril controlado próximo ao apoio.","Tríceps","banco | casa | academia","Tríceps","","Musculação","banco","casa | academia","","gifs/tríceps/Unilateral single leg bench dips - Variação 2.gif","https://raw.githubusercontent.com/brunofs3221/fortyn-exercise-media-extra/main/gifs/tr%C3%ADceps/Unilateral%20single%20leg%20bench%20dips%20-%20Varia%C3%A7%C3%A3o%202.gif","","SEM_FONTE_REVISADA"
"media_0c2f5a06890bde3543b5","Mergulho entre cadeiras","Mergulho entre bancos","Apoie as mãos no banco, cadeira ou barras conforme a variação e mantenha os ombros estáveis. Flexione os cotovelos para descer o corpo em amplitude confortável. Estenda os cotovelos para retornar, evitando balanço.","Tríceps","Sem aparelhos | Casa","Tríceps","","Musculação","Sem aparelhos","Casa","Intermediário","gifs/Exercícios sem marca d'água/Mergulha entre cadeiras.gif","https://raw.githubusercontent.com/brunofs3221/fortyn-exercise-media-extra/main/gifs/Exerc%C3%ADcios%20sem%20marca%20d'%C3%A1gua/Mergulha%20entre%20cadeiras.gif","C:\Users\bruno\Downloads\Exercicios renomeados\Mergulho entre cadeiras","MIGRADO_FONTE_REVISADA"
"media_601eacc717cf7cbaa93a","Mergulho escapular no banco","Mergulho escapular no banco","Sente-se no banco com as mãos apoiadas ao lado do quadril e os braços estendidos. Sem dobrar os cotovelos, pressione o banco para baixo elevando levemente o tronco e deprimindo as escápulas. Relaxe de forma controlada e repita mantendo o pescoço neutro.","Costas","Ombros | Banco | Academia | Casa","Costas","Ombros","Musculação","Banco","Academia | Casa","Iniciante","gifs/trapézio/Mergulhos da escápula.gif","https://raw.githubusercontent.com/brunofs3221/fortyn-exercise-media-extra/main/gifs/trap%C3%A9zio/Mergulhos%20da%20esc%C3%A1pula.gif","","SEM_FONTE_REVISADA"
"media_fd35e161570d92844a93","Mergulho escapular no banco","Mergulho escapular no banco","Apoie as mãos no banco, cadeira ou barras conforme a variação e mantenha os ombros estáveis. Flexione os cotovelos para descer o corpo em amplitude confortável. Estenda os cotovelos para retornar, evitando balanço.","Tríceps","Banco | Academia","Tríceps","","Musculação","Banco","Academia","Iniciante","gifs/Exercícios sem marca d'água/Mergulhos da escápula.gif","https://raw.githubusercontent.com/brunofs3221/fortyn-exercise-media-extra/main/gifs/Exerc%C3%ADcios%20sem%20marca%20d'%C3%A1gua/Mergulhos%20da%20esc%C3%A1pula.gif","C:\Users\bruno\Downloads\Exercicios renomeados\Mergulho escapular no banco","MIGRADO_FONTE_REVISADA"
"media_ebbb5eaade5e6887d55d","Mergulho na barra reta","Mergulho nas paralelas","Apoie as mãos no banco, cadeira ou barras conforme a variação e mantenha os ombros estáveis. Flexione os cotovelos para descer o corpo em amplitude confortável. Estenda os cotovelos para retornar, evitando balanço.","Tríceps","Sem aparelhos | Casa","Tríceps","","Musculação","Sem aparelhos","Casa","Intermediário","gifs/Exercícios sem marca d'água/Mergulho em barra reta.gif","https://raw.githubusercontent.com/brunofs3221/fortyn-exercise-media-extra/main/gifs/Exerc%C3%ADcios%20sem%20marca%20d'%C3%A1gua/Mergulho%20em%20barra%20reta.gif","C:\Users\bruno\Downloads\Exercicios renomeados\Mergulho na barra reta","MIGRADO_FONTE_REVISADA"
"media_7a0d6dff81958d3639db","Mergulho na cadeira","Mergulho no banco","Apoie as mãos no banco, cadeira ou barras conforme a variação e mantenha os ombros estáveis. Flexione os cotovelos para descer o corpo em amplitude confortável. Estenda os cotovelos para retornar, evitando balanço.","Tríceps","Sem aparelhos | Casa","Tríceps","","Musculação","Sem aparelhos","Casa","Iniciante","gifs/Exercícios sem marca d'água/Mergulhos na cadeira.gif","https://raw.githubusercontent.com/brunofs3221/fortyn-exercise-media-extra/main/gifs/Exerc%C3%ADcios%20sem%20marca%20d'%C3%A1gua/Mergulhos%20na%20cadeira.gif","C:\Users\bruno\Downloads\Exercicios renomeados\Mergulho na cadeira","MIGRADO_FONTE_REVISADA"
"media_8d1b800a7810a8ded34d","Mergulho na máquina","","Extensão de cotovelos realizada em máquina de mergulho, sentado e com as mãos nas alças laterais. O praticante pressiona as alavancas para baixo e para trás a partir de cotovelos flexionados, mantendo o tronco apoiado para concentrar o esforço no tríceps.","Tríceps","máquina de mergulho para tríceps | academia","Tríceps","","Musculação","máquina de mergulho para tríceps","academia","","gifs/tríceps/Triceps dip na máquina.gif","https://raw.githubusercontent.com/brunofs3221/fortyn-exercise-media-extra/main/gifs/tr%C3%ADceps/Triceps%20dip%20na%20m%C3%A1quina.gif","","SEM_FONTE_REVISADA"
"media_eeaa97e01247cbfec85d","Mergulho no banco","Mergulho no banco","Apoie as mãos no banco, cadeira ou barras conforme a variação e mantenha os ombros estáveis. Flexione os cotovelos para descer o corpo em amplitude confortável. Estenda os cotovelos para retornar, evitando balanço.","Tríceps","Banco | Academia","Tríceps","","Musculação","Banco","Academia","Intermediário","gifs/Exercícios sem marca d'água/Mergulhos de bancada.gif","https://raw.githubusercontent.com/brunofs3221/fortyn-exercise-media-extra/main/gifs/Exerc%C3%ADcios%20sem%20marca%20d'%C3%A1gua/Mergulhos%20de%20bancada.gif","C:\Users\bruno\Downloads\Exercicios renomeados\Mergulho no banco","MIGRADO_FONTE_REVISADA"
"media_2194d2bfd60aeb72e6f3","Mobilidade de ombros sentado","Bailarina sentada","Mantenha o tronco estável e mova os braços ou as escápulas pela amplitude mostrada, sem compensar com a lombar. Faça o movimento de forma lenta e contínua, priorizando controle e amplitude confortável.","Mobilidade","Sem aparelhos | Casa","Mobilidade","","Mobilidade","Sem aparelhos","Casa","Iniciante","gifs/Exercícios sem marca d'água/Exercício de bailarina sentada.gif","https://raw.githubusercontent.com/brunofs3221/fortyn-exercise-media-extra/main/gifs/Exerc%C3%ADcios%20sem%20marca%20d'%C3%A1gua/Exerc%C3%ADcio%20de%20bailarina%20sentada.gif","C:\Users\bruno\Downloads\Exercicios renomeados\Mobilidade de ombros sentado","MIGRADO_FONTE_REVISADA"
"media_6be438daee03cda2a7a3","Moinho de vento com barra","Moinho de vento com barra","Estabilize o tronco para executar Moinho de vento com barra. Mantenha o abdômen ativo durante toda a repetição e realize a trajetória mostrada sem usar balanço excessivo. Retorne à posição inicial de forma lenta e controlada.","Abdômen/Core","Barra | Academia","Abdômen/Core","","Musculação","Barra","Academia","Intermediário","gifs/abdominais/Abdominal.gif","https://raw.githubusercontent.com/brunofs3221/fortyn-exercise-media-extra/main/gifs/abdominais/Abdominal.gif","C:\Users\bruno\Downloads\Exercicios renomeados\Moinho de vento com barra","MIGRADO_FONTE_REVISADA"
"media_42807f7442d9d2bdfb1f","Moinho de vento com kettlebell","Moinho de vento com kettlebell","Estabilize o tronco para executar Moinho de vento com kettlebell. Mantenha o abdômen ativo durante toda a repetição e realize a trajetória mostrada sem usar balanço excessivo. Retorne à posição inicial de forma lenta e controlada.","Abdômen/Core","Kettlebell | Academia","Abdômen/Core","","Musculação","Kettlebell","Academia","Avançado","gifs/Exercícios sem marca d'água/Moinho de vento com kettlebell.gif","https://raw.githubusercontent.com/brunofs3221/fortyn-exercise-media-extra/main/gifs/Exerc%C3%ADcios%20sem%20marca%20d'%C3%A1gua/Moinho%20de%20vento%20com%20kettlebell.gif","C:\Users\bruno\Downloads\Exercicios renomeados\Moinho de vento com kettlebell","MIGRADO_FONTE_REVISADA"
"media_a22351bd2b5eb3c5c4c3","Moinho de vento sem peso","Moinho de vento com peso corporal","Estabilize o tronco para executar Moinho de vento sem peso. Mantenha o abdômen ativo durante toda a repetição e realize a trajetória mostrada sem usar balanço excessivo. Retorne à posição inicial de forma lenta e controlada.","Abdômen/Core","Sem aparelhos | Casa","Abdômen/Core","","Musculação","Sem aparelhos","Casa","Intermediário","gifs/Exercícios sem marca d'água/Moinho de vento de peso corporal.gif","https://raw.githubusercontent.com/brunofs3221/fortyn-exercise-media-extra/main/gifs/Exerc%C3%ADcios%20sem%20marca%20d'%C3%A1gua/Moinho%20de%20vento%20de%20peso%20corporal.gif","C:\Users\bruno\Downloads\Exercicios renomeados\Moinho de vento sem peso","MIGRADO_FONTE_REVISADA"
"media_ddaa5b16ce356354951f","Muscle snatch","Arranco muscular","Inicie com postura firme, abdômen ativo e a carga próxima ao corpo. Gere força com pernas e quadril e conduza a carga pela trajetória mostrada até a posição final. Estabilize o peso antes de retornar e controle cada etapa do movimento.","Corpo inteiro","Sem aparelhos | Casa","Corpo inteiro","","Musculação","Sem aparelhos","Casa","Avançado","gifs/Exercícios sem marca d'água/Snatch muscular.gif","https://raw.githubusercontent.com/brunofs3221/fortyn-exercise-media-extra/main/gifs/Exerc%C3%ADcios%20sem%20marca%20d'%C3%A1gua/Snatch%20muscular.gif","C:\Users\bruno\Downloads\Exercicios renomeados\Muscle snatch","MIGRADO_FONTE_REVISADA"
"media_32e0b42a8b5af9fb1c21","Muscle-up","Muscle-up na barra","Comece com a pegada firme e os ombros ativos. Puxe levando os cotovelos para baixo e para trás, elevando o corpo ou aproximando o pegador do tronco conforme a variação. Retorne com controle e evite balanço excessivo.","Costas","Barra fixa | Academia","Costas","","Musculação","Barra fixa","Academia","Avançado","gifs/Exercícios sem marca d'água/Músculo para cima.gif","https://raw.githubusercontent.com/brunofs3221/fortyn-exercise-media-extra/main/gifs/Exerc%C3%ADcios%20sem%20marca%20d'%C3%A1gua/M%C3%BAsculo%20para%20cima.gif","C:\Users\bruno\Downloads\Exercicios renomeados\Muscle-up","MIGRADO_FONTE_REVISADA"
"media_65a7ae2e6de4d1e2c57b","Natação","Natação no solo","Realize Natação em ritmo contínuo, mantendo postura estável e respiração regular. Ajuste a velocidade para conseguir repetir o movimento com boa coordenação durante toda a série.","Cardio","Sem aparelhos | Ao ar livre | Corpo inteiro","Cardio","Corpo inteiro","Cardio","Sem aparelhos","Ao ar livre","Intermediário","gifs/Exercícios sem marca d'água/Natação.gif","https://raw.githubusercontent.com/brunofs3221/fortyn-exercise-media-extra/main/gifs/Exerc%C3%ADcios%20sem%20marca%20d'%C3%A1gua/Nata%C3%A7%C3%A3o.gif","C:\Users\bruno\Downloads\Exercicios renomeados\Natação","MIGRADO_FONTE_REVISADA"
"media_30bbe0484043ff49e3bc","Natação no chão (swimmer)","Natação no chão (swimmer)","Execute Natação no chão (swimmer) mantendo o tronco estável e iniciando o movimento pelas escápulas e cotovelos. Contraia as costas na fase de puxada e retorne lentamente à posição inicial.","Costas","Sem aparelhos | Ao ar livre | Corpo inteiro","Costas","Corpo inteiro","Musculação","Sem aparelhos","Ao ar livre","Iniciante","gifs/abdominais/Sentado flutter kick - Variação 2.gif","https://raw.githubusercontent.com/brunofs3221/fortyn-exercise-media-extra/main/gifs/abdominais/Sentado%20flutter%20kick%20-%20Varia%C3%A7%C3%A3o%202.gif","C:\Users\bruno\Downloads\Exercicios renomeados\Natação no chão (swimmer)","MIGRADO_FONTE_REVISADA"
"media_aba9f42cc0ebc05efdca","Pallof press meio ajoelhado","Pallof press meio-ajoelhado na polia","Mantenha o abdômen ativo e a pelve estável. Execute a rotação — ou resista a ela, no caso do Pallof press — conduzindo os braços pela trajetória mostrada. Retorne lentamente sem deixar a lombar assumir todo o movimento.","Abdômen/Core","Sem aparelhos | Casa","Abdômen/Core","","Musculação","Sem aparelhos","Casa","Intermediário","gifs/Exercícios sem marca d'água/Cabo meio ajoelhado pallof press.gif","https://raw.githubusercontent.com/brunofs3221/fortyn-exercise-media-extra/main/gifs/Exerc%C3%ADcios%20sem%20marca%20d'%C3%A1gua/Cabo%20meio%20ajoelhado%20pallof%20press.gif","C:\Users\bruno\Downloads\Exercicios renomeados\Pallof press meio ajoelhado","MIGRADO_FONTE_REVISADA"
"media_a4ac546d521d5e8d3957","Panturrilha no leg press","Panturrilha no leg press","Apoie a parte da frente dos pés com firmeza e mantenha os tornozelos alinhados. Eleve os calcanhares o máximo que conseguir sem perder o equilíbrio. Contraia a panturrilha no topo e desça lentamente até a posição inicial.","Panturrilhas","Máquina | Academia","Panturrilhas","","Musculação","Máquina","Academia","Iniciante","gifs/Exercícios sem marca d'água/Leg press panturrilha.gif","https://raw.githubusercontent.com/brunofs3221/fortyn-exercise-media-extra/main/gifs/Exerc%C3%ADcios%20sem%20marca%20d'%C3%A1gua/Leg%20press%20panturrilha.gif","C:\Users\bruno\Downloads\Exercicios renomeados\Panturrilha no leg press","MIGRADO_FONTE_REVISADA"
"media_0966f9e83c97f57726ea","Panturrilha sentada na máquina","Elevação de panturrilha sentada com anilhas","Apoie a parte da frente dos pés com firmeza e mantenha os tornozelos alinhados. Eleve os calcanhares o máximo que conseguir sem perder o equilíbrio. Contraia a panturrilha no topo e desça lentamente até a posição inicial.","Panturrilhas","Máquina | Academia","Panturrilhas","","Musculação","Máquina","Academia","Iniciante","gifs/Exercícios sem marca d'água/Elevação de panturrilha sentada por máquina.gif","https://raw.githubusercontent.com/brunofs3221/fortyn-exercise-media-extra/main/gifs/Exerc%C3%ADcios%20sem%20marca%20d'%C3%A1gua/Eleva%C3%A7%C3%A3o%20de%20panturrilha%20sentada%20por%20m%C3%A1quina.gif","C:\Users\bruno\Downloads\Exercicios renomeados\Panturrilha sentada na máquina","MIGRADO_FONTE_REVISADA"
"media_035853df63fba3d7de99","Panturrilha sentada no leg press","Elevação de panturrilha sentada no leg press","Apoie a parte da frente dos pés com firmeza e mantenha os tornozelos alinhados. Eleve os calcanhares o máximo que conseguir sem perder o equilíbrio. Contraia a panturrilha no topo e desça lentamente até a posição inicial.","Panturrilhas","Máquina | Academia","Panturrilhas","","Musculação","Máquina","Academia","Iniciante","gifs/Exercícios sem marca d'água/Panturrilha sentada na máquina de leg press.gif","https://raw.githubusercontent.com/brunofs3221/fortyn-exercise-media-extra/main/gifs/Exerc%C3%ADcios%20sem%20marca%20d'%C3%A1gua/Panturrilha%20sentada%20na%20m%C3%A1quina%20de%20leg%20press.gif","C:\Users\bruno\Downloads\Exercicios renomeados\Panturrilha sentada no leg press","MIGRADO_FONTE_REVISADA"
"media_4dc57dd5b8ce9f6b8b39","Panturrilha unilateral na máquina hack","Panturrilha unilateral no hack","Apoie a parte da frente dos pés com firmeza e mantenha os tornozelos alinhados. Eleve os calcanhares o máximo que conseguir sem perder o equilíbrio. Contraia a panturrilha no topo e desça lentamente até a posição inicial.","Panturrilhas","Máquina | Academia","Panturrilhas","","Musculação","Máquina","Academia","Intermediário","gifs/Exercícios sem marca d'água/Hackear máquina de elevação de panturrilha com uma perna.gif","https://raw.githubusercontent.com/brunofs3221/fortyn-exercise-media-extra/main/gifs/Exerc%C3%ADcios%20sem%20marca%20d'%C3%A1gua/Hackear%20m%C3%A1quina%20de%20eleva%C3%A7%C3%A3o%20de%20panturrilha%20com%20uma%20perna.gif","C:\Users\bruno\Downloads\Exercicios renomeados\Panturrilha unilateral na máquina hack","MIGRADO_FONTE_REVISADA"
"media_eebfaf003a83d846802f","Panturrilha unilateral no leg press","Elevação unilateral de panturrilha no leg press","Apoie a parte da frente dos pés com firmeza e mantenha os tornozelos alinhados. Eleve os calcanhares o máximo que conseguir sem perder o equilíbrio. Contraia a panturrilha no topo e desça lentamente até a posição inicial.","Panturrilhas","Máquina | Academia","Panturrilhas","","Musculação","Máquina","Academia","Intermediário","gifs/Exercícios sem marca d'água/Elevação de panturrilha única na máquina leg press.gif","https://raw.githubusercontent.com/brunofs3221/fortyn-exercise-media-extra/main/gifs/Exerc%C3%ADcios%20sem%20marca%20d'%C3%A1gua/Eleva%C3%A7%C3%A3o%20de%20panturrilha%20%C3%BAnica%20na%20m%C3%A1quina%20leg%20press.gif","C:\Users\bruno\Downloads\Exercicios renomeados\Panturrilha unilateral no leg press","MIGRADO_FONTE_REVISADA"
"media_878d079fe5711f27657b","Paralelas assistidas para peitoral","Mergulho assistido para peitoral","Apoie-se nas barras e incline levemente o tronco à frente. Desça flexionando os cotovelos até uma amplitude confortável para os ombros. Empurre as barras para retornar, mantendo o peito ativo e evitando balanço.","Peito","Sem aparelhos | Casa","Peito","","Musculação","Sem aparelhos","Casa","Intermediário","gifs/Exercícios sem marca d'água/Paralelas para peitoral assistido.gif","https://raw.githubusercontent.com/brunofs3221/fortyn-exercise-media-extra/main/gifs/Exerc%C3%ADcios%20sem%20marca%20d'%C3%A1gua/Paralelas%20para%20peitoral%20assistido.gif","C:\Users\bruno\Downloads\Exercicios renomeados\Paralelas assistidas para peitoral","MIGRADO_FONTE_REVISADA"
"media_c349175adda1ef536420","Paralelas assistidas para peitoral - variação 2","Mergulho nas paralelas para peito","Apoie-se nas barras e incline levemente o tronco à frente. Desça flexionando os cotovelos até uma amplitude confortável para os ombros. Empurre as barras para retornar, mantendo o peito ativo e evitando balanço.","Peito","Sem aparelhos | Casa","Peito","","Musculação","Sem aparelhos","Casa","Intermediário","gifs/Exercícios sem marca d'água/Quedas no peito.gif","https://raw.githubusercontent.com/brunofs3221/fortyn-exercise-media-extra/main/gifs/Exerc%C3%ADcios%20sem%20marca%20d'%C3%A1gua/Quedas%20no%20peito.gif","C:\Users\bruno\Downloads\Exercicios renomeados\Paralelas assistidas para peitoral - variação 2","MIGRADO_FONTE_REVISADA"
"media_5ac8eacfd6b070f78f56","Paralelas para peitoral","Paralelas para peitoral","Apoie-se nas barras paralelas com os braços estendidos e incline levemente o tronco à frente. Flexione os cotovelos para descer até uma amplitude confortável, mantendo o peito aberto. Empurre as barras para subir novamente sem deixar os ombros avançarem excessivamente.","Peito","Tríceps | Academia","Peito","Tríceps","Musculação","","Academia","Intermediário","gifs/peitoral/Paralelas para peitoral na máquina.gif","https://raw.githubusercontent.com/brunofs3221/fortyn-exercise-media-extra/main/gifs/peitoral/Paralelas%20para%20peitoral%20na%20m%C3%A1quina.gif","C:\Users\bruno\Downloads\Exercicios renomeados\Paralelas para peitoral","MIGRADO_FONTE_REVISADA"
"media_0784b2cfbcbc27927699","Paralelas para peitoral assistida","Paralelas para peitoral assistida","Ajoelhe-se ou apoie-se na plataforma de assistência e segure as barras paralelas. Incline levemente o tronco à frente, flexione os cotovelos e desça o corpo de forma controlada. Empurre as barras para voltar à posição inicial, mantendo ombros e escápulas estáveis.","Peito","Tríceps | Máquina | Academia","Peito","Tríceps","Musculação","Máquina","Academia","Intermediário","gifs/peitoral/Paralelas para peitoral assistida.gif","https://raw.githubusercontent.com/brunofs3221/fortyn-exercise-media-extra/main/gifs/peitoral/Paralelas%20para%20peitoral%20assistida.gif","C:\Users\bruno\Downloads\Exercicios renomeados\Paralelas para peitoral assistida","MIGRADO_FONTE_REVISADA"
"media_7238f0a60416f7f61f33","Passo lateral rápido","Passada lateral com joelho alto","Mantenha o tronco ereto, olhar à frente e braços coordenados com as pernas. Execute as passadas ou deslocamentos no padrão mostrado, apoiando os pés com controle e mantendo um ritmo que permita conservar a técnica.","Cardio","Sem aparelhos | Casa | Corpo inteiro","Cardio","Corpo inteiro","Cardio","Sem aparelhos","Casa","Iniciante","gifs/Exercícios sem marca d'água/Passo de velocidade lateral.gif","https://raw.githubusercontent.com/brunofs3221/fortyn-exercise-media-extra/main/gifs/Exerc%C3%ADcios%20sem%20marca%20d'%C3%A1gua/Passo%20de%20velocidade%20lateral.gif","C:\Users\bruno\Downloads\Exercicios renomeados\Passo lateral rápido","MIGRADO_FONTE_REVISADA"
"media_9963eef29e67381de892","Patinador","Salto do patinador","Realize Patinador em ritmo contínuo, mantendo postura estável e respiração regular. Ajuste a velocidade para conseguir repetir o movimento com boa coordenação durante toda a série.","Cardio","Sem aparelhos | Casa | Corpo inteiro","Cardio","Corpo inteiro","Cardio","Sem aparelhos","Casa","Intermediário","gifs/Exercícios sem marca d'água/Patinador.gif","https://raw.githubusercontent.com/brunofs3221/fortyn-exercise-media-extra/main/gifs/Exerc%C3%ADcios%20sem%20marca%20d'%C3%A1gua/Patinador.gif","C:\Users\bruno\Downloads\Exercicios renomeados\Patinador","MIGRADO_FONTE_REVISADA"
"media_c5c69087caddbfc9afe2","Pêndulo de ombro","Pêndulo de ombro","Mantenha o tronco estável e mova os braços ou as escápulas pela amplitude mostrada, sem compensar com a lombar. Faça o movimento de forma lenta e contínua, priorizando controle e amplitude confortável.","Mobilidade","Sem aparelhos | Casa","Mobilidade","","Mobilidade","Sem aparelhos","Casa","Iniciante","gifs/Exercícios sem marca d'água/Pêndulo de ombro.gif","https://raw.githubusercontent.com/brunofs3221/fortyn-exercise-media-extra/main/gifs/Exerc%C3%ADcios%20sem%20marca%20d'%C3%A1gua/P%C3%AAndulo%20de%20ombro.gif","C:\Users\bruno\Downloads\Exercicios renomeados\Pêndulo de ombro","MIGRADO_FONTE_REVISADA"
"media_2097de173d20fb0ffb2c","Pilates Teaser","Teaser do Pilates","Mantenha o abdômen contraído e a lombar controlada. Aproxime tronco e pernas conforme a variação mostrada, soltando o ar na fase de maior contração. Retorne lentamente, sem usar impulso do pescoço ou dos braços.","Abdômen/Core","Sem aparelhos | Casa","Abdômen/Core","","Musculação","Sem aparelhos","Casa","Avançado","gifs/Exercícios sem marca d'água/Pilates teaser.gif","https://raw.githubusercontent.com/brunofs3221/fortyn-exercise-media-extra/main/gifs/Exerc%C3%ADcios%20sem%20marca%20d'%C3%A1gua/Pilates%20teaser.gif","C:\Users\bruno\Downloads\Exercicios renomeados\Pilates Teaser","MIGRADO_FONTE_REVISADA"
"media_4b318d3a6f0b04522fd3","Polichinelo","Polichinelo","Comece em pé com pés juntos e braços ao lado do corpo. Salte abrindo as pernas enquanto eleva ou abre os braços conforme a variação mostrada. Salte novamente para retornar, aterrissando de forma suave e mantendo ritmo contínuo.","Cardio","Sem aparelhos | Casa | Corpo inteiro","Cardio","Corpo inteiro","Cardio","Sem aparelhos","Casa","Iniciante","gifs/Exercícios sem marca d'água/Macaco de salto.gif","https://raw.githubusercontent.com/brunofs3221/fortyn-exercise-media-extra/main/gifs/Exerc%C3%ADcios%20sem%20marca%20d'%C3%A1gua/Macaco%20de%20salto.gif","C:\Users\bruno\Downloads\Exercicios renomeados\Polichinelo","MIGRADO_FONTE_REVISADA"
"media_f7a6f52882b9578e1634","Polichinelo com braços na lateral","Polichinelo","Comece em pé com pés juntos e braços ao lado do corpo. Salte abrindo as pernas enquanto eleva ou abre os braços conforme a variação mostrada. Salte novamente para retornar, aterrissando de forma suave e mantendo ritmo contínuo.","Cardio","Sem aparelhos | Casa | Corpo inteiro","Cardio","Corpo inteiro","Cardio","Sem aparelhos","Casa","Iniciante","gifs/Exercícios sem marca d'água/Montado em saltos.gif","https://raw.githubusercontent.com/brunofs3221/fortyn-exercise-media-extra/main/gifs/Exerc%C3%ADcios%20sem%20marca%20d'%C3%A1gua/Montado%20em%20saltos.gif","C:\Users\bruno\Downloads\Exercicios renomeados\Polichinelo com braços na lateral","MIGRADO_FONTE_REVISADA"
"media_cfedd47997d476d4d455","Polichinelo em passada","Afundo com salto alternado","Comece em pé com pés juntos e braços ao lado do corpo. Salte abrindo as pernas enquanto eleva ou abre os braços conforme a variação mostrada. Salte novamente para retornar, aterrissando de forma suave e mantendo ritmo contínuo.","Cardio","Sem aparelhos | Casa | Corpo inteiro","Cardio","Corpo inteiro","Cardio","Sem aparelhos","Casa","Avançado","gifs/Exercícios sem marca d'água/Tomadas divididas.gif","https://raw.githubusercontent.com/brunofs3221/fortyn-exercise-media-extra/main/gifs/Exerc%C3%ADcios%20sem%20marca%20d'%C3%A1gua/Tomadas%20divididas.gif","C:\Users\bruno\Downloads\Exercicios renomeados\Polichinelo em passada","MIGRADO_FONTE_REVISADA"
"media_70c43f61dcc6ae3c951c","Polichinelo pliométrico","Polichinelo pliométrico","Comece em pé com pés juntos e braços ao lado do corpo. Salte abrindo as pernas enquanto eleva ou abre os braços conforme a variação mostrada. Salte novamente para retornar, aterrissando de forma suave e mantendo ritmo contínuo.","Cardio","Sem aparelhos | Casa | Corpo inteiro","Cardio","Corpo inteiro","Cardio","Sem aparelhos","Casa","Intermediário","gifs/Exercícios sem marca d'água/Macacos plyo.gif","https://raw.githubusercontent.com/brunofs3221/fortyn-exercise-media-extra/main/gifs/Exerc%C3%ADcios%20sem%20marca%20d'%C3%A1gua/Macacos%20plyo.gif","C:\Users\bruno\Downloads\Exercicios renomeados\Polichinelo pliométrico","MIGRADO_FONTE_REVISADA"
"media_2900d8c620c68a77eb0e","Ponte de glúteos","Ponte de glúteos","Apoie os pés com firmeza e mantenha os joelhos alinhados. Contraia o abdômen e eleve o quadril apertando os glúteos até alinhar tronco e coxas. Evite hiperestender a lombar e desça o quadril lentamente.","Glúteos","Sem aparelhos | Casa","Glúteos","","Musculação","Sem aparelhos","Casa","Iniciante","gifs/Exercícios sem marca d'água/Ponte de glúteos.gif","https://raw.githubusercontent.com/brunofs3221/fortyn-exercise-media-extra/main/gifs/Exerc%C3%ADcios%20sem%20marca%20d'%C3%A1gua/Ponte%20de%20gl%C3%BAteos.gif","C:\Users\bruno\Downloads\Exercicios renomeados\Ponte de glúteos","MIGRADO_FONTE_REVISADA"
"media_a225e458cfd729ccf5ca","Ponte de glúteos com abdução","Ponte de glúteos com abdução de quadril","Apoie os pés com firmeza e mantenha os joelhos alinhados. Contraia o abdômen e eleve o quadril apertando os glúteos até alinhar tronco e coxas. Evite hiperestender a lombar e desça o quadril lentamente.","Glúteos","Quadril | Sem aparelhos | Casa","Glúteos","Quadril","Musculação","Sem aparelhos","Casa","Iniciante","gifs/Exercícios sem marca d'água/Ponte de abdução do quadril.gif","https://raw.githubusercontent.com/brunofs3221/fortyn-exercise-media-extra/main/gifs/Exerc%C3%ADcios%20sem%20marca%20d'%C3%A1gua/Ponte%20de%20abdu%C3%A7%C3%A3o%20do%20quadril.gif","C:\Users\bruno\Downloads\Exercicios renomeados\Ponte de glúteos com abdução","MIGRADO_FONTE_REVISADA"
"media_e828cbb41a1d4e33c62b","Ponte de glúteos com barra","Ponte de glúteos com barra","Apoie os pés com firmeza e mantenha os joelhos alinhados. Contraia o abdômen e eleve o quadril apertando os glúteos até alinhar tronco e coxas. Evite hiperestender a lombar e desça o quadril lentamente.","Glúteos","Barra | Academia","Glúteos","","Musculação","Barra","Academia","Intermediário","gifs/Exercícios sem marca d'água/Ponte de glúteos com barra.gif","https://raw.githubusercontent.com/brunofs3221/fortyn-exercise-media-extra/main/gifs/Exerc%C3%ADcios%20sem%20marca%20d'%C3%A1gua/Ponte%20de%20gl%C3%BAteos%20com%20barra.gif","C:\Users\bruno\Downloads\Exercicios renomeados\Ponte de glúteos com barra","MIGRADO_FONTE_REVISADA"
"media_aabd717e449b717af465","Ponte de glúteos com elástico","Ponte de glúteos com miniband","Apoie os pés com firmeza e mantenha os joelhos alinhados. Contraia o abdômen e eleve o quadril apertando os glúteos até alinhar tronco e coxas. Evite hiperestender a lombar e desça o quadril lentamente.","Glúteos","Elástico | Academia","Glúteos","","Musculação","Elástico","Academia","Iniciante","gifs/Exercícios sem marca d'água/Ponte de glúteos com elástico.gif","https://raw.githubusercontent.com/brunofs3221/fortyn-exercise-media-extra/main/gifs/Exerc%C3%ADcios%20sem%20marca%20d'%C3%A1gua/Ponte%20de%20gl%C3%BAteos%20com%20el%C3%A1stico.gif","C:\Users\bruno\Downloads\Exercicios renomeados\Ponte de glúteos com elástico","MIGRADO_FONTE_REVISADA"
"media_5e55b1af84cc00217181","Ponte de glúteos com halteres","Ponte de glúteos com halter","Apoie os pés com firmeza e mantenha os joelhos alinhados. Contraia o abdômen e eleve o quadril apertando os glúteos até alinhar tronco e coxas. Evite hiperestender a lombar e desça o quadril lentamente.","Glúteos","Halteres | Academia","Glúteos","","Musculação","Halteres","Academia","Iniciante","gifs/Exercícios sem marca d'água/Ponte de glúteos com halteres.gif","https://raw.githubusercontent.com/brunofs3221/fortyn-exercise-media-extra/main/gifs/Exerc%C3%ADcios%20sem%20marca%20d'%C3%A1gua/Ponte%20de%20gl%C3%BAteos%20com%20halteres.gif","C:\Users\bruno\Downloads\Exercicios renomeados\Ponte de glúteos com halteres","MIGRADO_FONTE_REVISADA"
"media_d95ebc9da4443039c04a","Ponte de glúteos com pés no banco","Ponte de glúteos com pés no banco","Apoie os pés com firmeza e mantenha os joelhos alinhados. Contraia o abdômen e eleve o quadril apertando os glúteos até alinhar tronco e coxas. Evite hiperestender a lombar e desça o quadril lentamente.","Glúteos","Banco | Academia","Glúteos","","Musculação","Banco","Academia","Iniciante","gifs/Exercícios sem marca d'água/Ponte de glúteos no banco.gif","https://raw.githubusercontent.com/brunofs3221/fortyn-exercise-media-extra/main/gifs/Exerc%C3%ADcios%20sem%20marca%20d'%C3%A1gua/Ponte%20de%20gl%C3%BAteos%20no%20banco.gif","C:\Users\bruno\Downloads\Exercicios renomeados\Ponte de glúteos com pés no banco","MIGRADO_FONTE_REVISADA"
"media_ec55a3e9ca0ccb56d5a7","Ponte de glúteos com peso","Ponte de glúteos com peso","Deite-se de costas com os joelhos flexionados e os pés apoiados. Empurre o chão com os pés e eleve o quadril até alinhar joelhos, quadris e tronco, contraindo os glúteos. Desça lentamente até perto do chão e repita sem arquear a lombar.","Glúteos","Academia","Glúteos","","Musculação","","Academia","Intermediário","gifs/glúteos/Resistance band elevação pélvica.gif","https://raw.githubusercontent.com/brunofs3221/fortyn-exercise-media-extra/main/gifs/gl%C3%BAteos/Resistance%20band%20eleva%C3%A7%C3%A3o%20p%C3%A9lvica.gif","C:\Users\bruno\Downloads\Exercicios renomeados\Ponte de glúteos com peso","MIGRADO_FONTE_REVISADA"
"media_7d03d02c7c630bf83308","Ponte de glúteos no chão","Ponte de glúteos no chão","Deite-se de costas com os joelhos flexionados e os pés apoiados. Empurre o chão com os pés e eleve o quadril até alinhar joelhos, quadris e tronco, contraindo os glúteos. Desça lentamente até perto do chão e repita sem arquear a lombar.","Glúteos","Casa | Sem aparelhos","Glúteos","","Musculação","Sem aparelhos","Casa","Intermediário","gifs/glúteos/Low na polia tricep kickback.gif","https://raw.githubusercontent.com/brunofs3221/fortyn-exercise-media-extra/main/gifs/gl%C3%BAteos/Low%20na%20polia%20tricep%20kickback.gif","C:\Users\bruno\Downloads\Exercicios renomeados\Ponte de glúteos no chão","MIGRADO_FONTE_REVISADA"
"media_af8688c752650e40d3e9","Ponte lateral","Prancha lateral com elevação de quadril","Apoie mãos ou antebraços conforme a variação e mantenha cabeça, tronco e quadril alinhados. Contraia abdômen e glúteos para estabilizar a lombar. Execute o movimento adicional mostrado sem perder o alinhamento do corpo.","Abdômen/Core","Sem aparelhos | Casa","Abdômen/Core","","Musculação","Sem aparelhos","Casa","Intermediário","gifs/Exercícios sem marca d'água/Ponte lateral.gif","https://raw.githubusercontent.com/brunofs3221/fortyn-exercise-media-extra/main/gifs/Exerc%C3%ADcios%20sem%20marca%20d'%C3%A1gua/Ponte%20lateral.gif","C:\Users\bruno\Downloads\Exercicios renomeados\Ponte lateral","MIGRADO_FONTE_REVISADA"
"media_58cb29ff6057b6c6f533","Ponte lateral com abdução de quadril","Prancha lateral com abdução de perna","Apoie mãos ou antebraços conforme a variação e mantenha cabeça, tronco e quadril alinhados. Contraia abdômen e glúteos para estabilizar a lombar. Execute o movimento adicional mostrado sem perder o alinhamento do corpo.","Abdômen/Core","Sem aparelhos | Casa","Abdômen/Core","","Musculação","Sem aparelhos","Casa","Intermediário","gifs/Exercícios sem marca d'água/Ponte lateral abdução do quadril.gif","https://raw.githubusercontent.com/brunofs3221/fortyn-exercise-media-extra/main/gifs/Exerc%C3%ADcios%20sem%20marca%20d'%C3%A1gua/Ponte%20lateral%20abdu%C3%A7%C3%A3o%20do%20quadril.gif","C:\Users\bruno\Downloads\Exercicios renomeados\Ponte lateral com abdução de quadril","MIGRADO_FONTE_REVISADA"
"media_5b12ac385fba98df59a7","Ponte reversa com elevação de perna","Ponte reversa com elevação de perna","Estabilize o tronco para executar Ponte reversa com elevação de perna. Mantenha o abdômen ativo durante toda a repetição e realize a trajetória mostrada sem usar balanço excessivo. Retorne à posição inicial de forma lenta e controlada.","Abdômen/Core","Sem aparelhos | Casa","Abdômen/Core","","Musculação","Sem aparelhos","Casa","Intermediário","gifs/abdominais/Em pé twist na máquina - Variação 2.gif","https://raw.githubusercontent.com/brunofs3221/fortyn-exercise-media-extra/main/gifs/abdominais/Em%20p%C3%A9%20twist%20na%20m%C3%A1quina%20-%20Varia%C3%A7%C3%A3o%202.gif","C:\Users\bruno\Downloads\Exercicios renomeados\Ponte reversa com elevação de perna","MIGRADO_FONTE_REVISADA"
"media_257b3c5fe3af8d63dd68","Ponte unilateral","Ponte de glúteos unilateral","Apoie os pés com firmeza e mantenha os joelhos alinhados. Contraia o abdômen e eleve o quadril apertando os glúteos até alinhar tronco e coxas. Evite hiperestender a lombar e desça o quadril lentamente.","Glúteos","Sem aparelhos | Casa","Glúteos","","Musculação","Sem aparelhos","Casa","Intermediário","gifs/Exercícios sem marca d'água/Ponte de perna única.gif","https://raw.githubusercontent.com/brunofs3221/fortyn-exercise-media-extra/main/gifs/Exerc%C3%ADcios%20sem%20marca%20d'%C3%A1gua/Ponte%20de%20perna%20%C3%BAnica.gif","C:\Users\bruno\Downloads\Exercicios renomeados\Ponte unilateral","MIGRADO_FONTE_REVISADA"
"media_324bf44d30054cc40b21","Ponte unilateral (Yoga)","Ponte unilateral","Entre na posição de Ponte unilateral (Yoga) de forma controlada. Ajuste o corpo até sentir um alongamento confortável na região trabalhada, mantenha a respiração normal e evite rebotes. Retorne lentamente e repita do outro lado quando necessário.","Alongamento","Sem aparelhos | Casa","Alongamento","","Alongamento","Sem aparelhos","Casa","Intermediário","gifs/Exercícios sem marca d'água/Eka pada setu bandha sarvangasana.gif","https://raw.githubusercontent.com/brunofs3221/fortyn-exercise-media-extra/main/gifs/Exerc%C3%ADcios%20sem%20marca%20d'%C3%A1gua/Eka%20pada%20setu%20bandha%20sarvangasana.gif","C:\Users\bruno\Downloads\Exercicios renomeados\Ponte unilateral (Yoga)","MIGRADO_FONTE_REVISADA"
"media_114ed0df771f7ff05af6","Ponte unilateral com elástico","Ponte unilateral com faixa elástica","Apoie os pés com firmeza e mantenha os joelhos alinhados. Contraia o abdômen e eleve o quadril apertando os glúteos até alinhar tronco e coxas. Evite hiperestender a lombar e desça o quadril lentamente.","Glúteos","Elástico | Academia","Glúteos","","Musculação","Elástico","Academia","Intermediário","gifs/Exercícios sem marca d'água/Ponte de glúteo de perna única com elástico.gif","https://raw.githubusercontent.com/brunofs3221/fortyn-exercise-media-extra/main/gifs/Exerc%C3%ADcios%20sem%20marca%20d'%C3%A1gua/Ponte%20de%20gl%C3%BAteo%20de%20perna%20%C3%BAnica%20com%20el%C3%A1stico.gif","C:\Users\bruno\Downloads\Exercicios renomeados\Ponte unilateral com elástico","MIGRADO_FONTE_REVISADA"
"media_fa079314f5ece96b558f","Ponte unilateral com pé no banco","Ponte unilateral com pé no banco","Apoie os pés com firmeza e mantenha os joelhos alinhados. Contraia o abdômen e eleve o quadril apertando os glúteos até alinhar tronco e coxas. Evite hiperestender a lombar e desça o quadril lentamente.","Glúteos","Banco | Academia","Glúteos","","Musculação","Banco","Academia","Intermediário","gifs/Exercícios sem marca d'água/Ponte de glúteos uma perna no banco.gif","https://raw.githubusercontent.com/brunofs3221/fortyn-exercise-media-extra/main/gifs/Exerc%C3%ADcios%20sem%20marca%20d'%C3%A1gua/Ponte%20de%20gl%C3%BAteos%20uma%20perna%20no%20banco.gif","C:\Users\bruno\Downloads\Exercicios renomeados\Ponte unilateral com pé no banco","MIGRADO_FONTE_REVISADA"
"media_c81bcc45bbfa93dc2275","Ponte unilateral com perna estendida","Ponte de glúteos unilateral","Apoie os pés com firmeza e mantenha os joelhos alinhados. Contraia o abdômen e eleve o quadril apertando os glúteos até alinhar tronco e coxas. Evite hiperestender a lombar e desça o quadril lentamente.","Glúteos","Sem aparelhos | Casa","Glúteos","","Musculação","Sem aparelhos","Casa","Intermediário","gifs/Exercícios sem marca d'água/Ponte unilateral.gif","https://raw.githubusercontent.com/brunofs3221/fortyn-exercise-media-extra/main/gifs/Exerc%C3%ADcios%20sem%20marca%20d'%C3%A1gua/Ponte%20unilateral.gif","C:\Users\bruno\Downloads\Exercicios renomeados\Ponte unilateral com perna estendida","MIGRADO_FONTE_REVISADA"
"media_573bf14671ded862a1b8","Postura da águia","Postura da águia","Entre na posição de Postura da águia de forma controlada. Ajuste o corpo até sentir um alongamento confortável na região trabalhada, mantenha a respiração normal e evite rebotes. Retorne lentamente e repita do outro lado quando necessário.","Alongamento","Sem aparelhos | Casa","Alongamento","","Alongamento","Sem aparelhos","Casa","Intermediário","gifs/Exercícios sem marca d'água/Postura de águia garudasana.gif","https://raw.githubusercontent.com/brunofs3221/fortyn-exercise-media-extra/main/gifs/Exerc%C3%ADcios%20sem%20marca%20d'%C3%A1gua/Postura%20de%20%C3%A1guia%20garudasana.gif","C:\Users\bruno\Downloads\Exercicios renomeados\Postura da águia","MIGRADO_FONTE_REVISADA"
"media_e8a1bf1051c7b461e62d","Postura da borboleta","Postura da borboleta","Assuma a posição mostrada e desloque o quadril lentamente até sentir a região do quadril ou a parte interna da coxa alongar. Mantenha a coluna organizada, evite rebotes e respeite uma amplitude confortável. Retorne com controle.","Alongamento","Sem aparelhos | Casa","Alongamento","","Alongamento","Sem aparelhos","Casa","Iniciante","gifs/Exercícios sem marca d'água/Postura da borboleta badhakonasana.gif","https://raw.githubusercontent.com/brunofs3221/fortyn-exercise-media-extra/main/gifs/Exerc%C3%ADcios%20sem%20marca%20d'%C3%A1gua/Postura%20da%20borboleta%20badhakonasana.gif","C:\Users\bruno\Downloads\Exercicios renomeados\Postura da borboleta","MIGRADO_FONTE_REVISADA"
"media_9271ca029a3634200448","Postura da criança","Postura da criança","Entre na posição de Postura da criança de forma controlada. Ajuste o corpo até sentir um alongamento confortável na região trabalhada, mantenha a respiração normal e evite rebotes. Retorne lentamente e repita do outro lado quando necessário.","Alongamento","Sem aparelhos | Casa","Alongamento","","Alongamento","Sem aparelhos","Casa","Iniciante","gifs/Exercícios sem marca d'água/Postura da criança balasana.gif","https://raw.githubusercontent.com/brunofs3221/fortyn-exercise-media-extra/main/gifs/Exerc%C3%ADcios%20sem%20marca%20d'%C3%A1gua/Postura%20da%20crian%C3%A7a%20balasana.gif","C:\Users\bruno\Downloads\Exercicios renomeados\Postura da criança","MIGRADO_FONTE_REVISADA"
"media_ea5fa646f4a2f6cb8fcd","Postura da criança para cobra","Postura da criança para cobra","Deite-se de bruços e apoie as mãos ou os antebraços no chão. Eleve o peito gradualmente, mantendo a pelve apoiada e os ombros afastados das orelhas. Sustente uma amplitude confortável e retorne devagar.","Alongamento","Costas | Sem aparelhos | Casa","Alongamento","Costas","Alongamento","Sem aparelhos","Casa","Iniciante","gifs/Exercícios sem marca d'água/Postura da criança para postura de cobra.gif","https://raw.githubusercontent.com/brunofs3221/fortyn-exercise-media-extra/main/gifs/Exerc%C3%ADcios%20sem%20marca%20d'%C3%A1gua/Postura%20da%20crian%C3%A7a%20para%20postura%20de%20cobra.gif","C:\Users\bruno\Downloads\Exercicios renomeados\Postura da criança para cobra","MIGRADO_FONTE_REVISADA"
"media_a6b1e1320ccf5029dae8","Postura da ponte","Postura da ponte","Entre na posição de Postura da ponte de forma controlada. Ajuste o corpo até sentir um alongamento confortável na região trabalhada, mantenha a respiração normal e evite rebotes. Retorne lentamente e repita do outro lado quando necessário.","Alongamento","Sem aparelhos | Casa","Alongamento","","Alongamento","Sem aparelhos","Casa","Iniciante","gifs/Exercícios sem marca d'água/Postura da ponte.gif","https://raw.githubusercontent.com/brunofs3221/fortyn-exercise-media-extra/main/gifs/Exerc%C3%ADcios%20sem%20marca%20d'%C3%A1gua/Postura%20da%20ponte.gif","C:\Users\bruno\Downloads\Exercicios renomeados\Postura da ponte","MIGRADO_FONTE_REVISADA"
"media_6d5bc8a914b3a4c4d69e","Postura da roda","Postura da roda","Entre na posição de Postura da roda de forma controlada. Ajuste o corpo até sentir um alongamento confortável na região trabalhada, mantenha a respiração normal e evite rebotes. Retorne lentamente e repita do outro lado quando necessário.","Alongamento","Sem aparelhos | Casa","Alongamento","","Alongamento","Sem aparelhos","Casa","Avançado","gifs/Exercícios sem marca d'água/Postura da roda urdhva dhanurasana.gif","https://raw.githubusercontent.com/brunofs3221/fortyn-exercise-media-extra/main/gifs/Exerc%C3%ADcios%20sem%20marca%20d'%C3%A1gua/Postura%20da%20roda%20urdhva%20dhanurasana.gif","C:\Users\bruno\Downloads\Exercicios renomeados\Postura da roda","MIGRADO_FONTE_REVISADA"
"media_a36acde6204607427997","Postura da vaca","Postura da vaca e do gato","Entre na posição de Postura da vaca de forma controlada. Ajuste o corpo até sentir um alongamento confortável na região trabalhada, mantenha a respiração normal e evite rebotes. Retorne lentamente e repita do outro lado quando necessário.","Alongamento","Sem aparelhos | Casa","Alongamento","","Alongamento","Sem aparelhos","Casa","Iniciante","gifs/Exercícios sem marca d'água/Postura da vaca bitilasana.gif","https://raw.githubusercontent.com/brunofs3221/fortyn-exercise-media-extra/main/gifs/Exerc%C3%ADcios%20sem%20marca%20d'%C3%A1gua/Postura%20da%20vaca%20bitilasana.gif","C:\Users\bruno\Downloads\Exercicios renomeados\Postura da vaca","MIGRADO_FONTE_REVISADA"
"media_b9f484e4391eae53e412","Postura de mesa em equilíbrio","Bird dog","Entre na posição de Postura de mesa em equilíbrio de forma controlada. Ajuste o corpo até sentir um alongamento confortável na região trabalhada, mantenha a respiração normal e evite rebotes. Retorne lentamente e repita do outro lado quando necessário.","Alongamento","Sem aparelhos | Casa","Alongamento","","Alongamento","Sem aparelhos","Casa","Iniciante","gifs/Exercícios sem marca d'água/Dandayamana bharmanasana postura de mesa de equilíbrio.gif","https://raw.githubusercontent.com/brunofs3221/fortyn-exercise-media-extra/main/gifs/Exerc%C3%ADcios%20sem%20marca%20d'%C3%A1gua/Dandayamana%20bharmanasana%20postura%20de%20mesa%20de%20equil%C3%ADbrio.gif","C:\Users\bruno\Downloads\Exercicios renomeados\Postura de mesa em equilíbrio","MIGRADO_FONTE_REVISADA"
"media_41d328156424cd3b3dcb","Postura do ângulo reto","Alongamento em pé com braços acima da cabeça","Entre na posição de Postura do ângulo reto de forma controlada. Ajuste o corpo até sentir um alongamento confortável na região trabalhada, mantenha a respiração normal e evite rebotes. Retorne lentamente e repita do outro lado quando necessário.","Alongamento","Sem aparelhos | Casa","Alongamento","","Alongamento","Sem aparelhos","Casa","Iniciante","gifs/Exercícios sem marca d'água/Postura de ângulo reto samakonasana.gif","https://raw.githubusercontent.com/brunofs3221/fortyn-exercise-media-extra/main/gifs/Exerc%C3%ADcios%20sem%20marca%20d'%C3%A1gua/Postura%20de%20%C3%A2ngulo%20reto%20samakonasana.gif","C:\Users\bruno\Downloads\Exercicios renomeados\Postura do ângulo reto","MIGRADO_FONTE_REVISADA"
"media_a55f1e61e4caf2f35b7e","Postura do arco","Postura do arco","Entre na posição de Postura do arco de forma controlada. Ajuste o corpo até sentir um alongamento confortável na região trabalhada, mantenha a respiração normal e evite rebotes. Retorne lentamente e repita do outro lado quando necessário.","Alongamento","Sem aparelhos | Casa","Alongamento","","Alongamento","Sem aparelhos","Casa","Intermediário","gifs/Exercícios sem marca d'água/Postura de arco.gif","https://raw.githubusercontent.com/brunofs3221/fortyn-exercise-media-extra/main/gifs/Exerc%C3%ADcios%20sem%20marca%20d'%C3%A1gua/Postura%20de%20arco.gif","C:\Users\bruno\Downloads\Exercicios renomeados\Postura do arco","MIGRADO_FONTE_REVISADA"
"media_e545514e7287269769c9","Postura do peixe","Postura do peixe","Entre na posição de Postura do peixe de forma controlada. Ajuste o corpo até sentir um alongamento confortável na região trabalhada, mantenha a respiração normal e evite rebotes. Retorne lentamente e repita do outro lado quando necessário.","Alongamento","Sem aparelhos | Casa","Alongamento","","Alongamento","Sem aparelhos","Casa","Intermediário","gifs/Exercícios sem marca d'água/Postura de peixe.gif","https://raw.githubusercontent.com/brunofs3221/fortyn-exercise-media-extra/main/gifs/Exerc%C3%ADcios%20sem%20marca%20d'%C3%A1gua/Postura%20de%20peixe.gif","C:\Users\bruno\Downloads\Exercicios renomeados\Postura do peixe","MIGRADO_FONTE_REVISADA"
"media_e42cec803a1e7a7860a8","Postura do sapo para arco","Postura do sapo (Bhekasana)","Assuma a posição mostrada e desloque o quadril lentamente até sentir a região do quadril ou a parte interna da coxa alongar. Mantenha a coluna organizada, evite rebotes e respeite uma amplitude confortável. Retorne com controle.","Alongamento","Sem aparelhos | Casa","Alongamento","","Alongamento","Sem aparelhos","Casa","Intermediário","gifs/Exercícios sem marca d'água/Postura do sapo bhekasana - Postura de arco de balanço dhanurasana.gif","https://raw.githubusercontent.com/brunofs3221/fortyn-exercise-media-extra/main/gifs/Exerc%C3%ADcios%20sem%20marca%20d'%C3%A1gua/Postura%20do%20sapo%20bhekasana%20-%20Postura%20de%20arco%20de%20balan%C3%A7o%20dhanurasana.gif","C:\Users\bruno\Downloads\Exercicios renomeados\Postura do sapo para arco","MIGRADO_FONTE_REVISADA"
"media_7e1ee0be220f22cd029d","Postura do sapo para arco - variação 2","Postura do sapo (Bhekasana)","Assuma a posição mostrada e desloque o quadril lentamente até sentir a região do quadril ou a parte interna da coxa alongar. Mantenha a coluna organizada, evite rebotes e respeite uma amplitude confortável. Retorne com controle.","Alongamento","Sem aparelhos | Casa","Alongamento","","Alongamento","Sem aparelhos","Casa","Avançado","gifs/Exercícios sem marca d'água/Postura do sapo bhekasana - Postura de arco de balanço dhanurasana - Variação 2.gif","https://raw.githubusercontent.com/brunofs3221/fortyn-exercise-media-extra/main/gifs/Exerc%C3%ADcios%20sem%20marca%20d'%C3%A1gua/Postura%20do%20sapo%20bhekasana%20-%20Postura%20de%20arco%20de%20balan%C3%A7o%20dhanurasana%20-%20Varia%C3%A7%C3%A3o%202.gif","C:\Users\bruno\Downloads\Exercicios renomeados\Postura do sapo para arco - variação 2","MIGRADO_FONTE_REVISADA"
"media_b31c2c320de1fb5ce408","Postura do tigre","Postura do tigre","Entre na posição de Postura do tigre de forma controlada. Ajuste o corpo até sentir um alongamento confortável na região trabalhada, mantenha a respiração normal e evite rebotes. Retorne lentamente e repita do outro lado quando necessário.","Alongamento","Sem aparelhos | Casa","Alongamento","","Alongamento","Sem aparelhos","Casa","Iniciante","gifs/Exercícios sem marca d'água/Postura de ioga do tigre.gif","https://raw.githubusercontent.com/brunofs3221/fortyn-exercise-media-extra/main/gifs/Exerc%C3%ADcios%20sem%20marca%20d'%C3%A1gua/Postura%20de%20ioga%20do%20tigre.gif","C:\Users\bruno\Downloads\Exercicios renomeados\Postura do tigre","MIGRADO_FONTE_REVISADA"
"media_a45e1514cccff9c7bf01","Power clean com barra","Power clean","Inicie com postura firme, abdômen ativo e a carga próxima ao corpo. Gere força com pernas e quadril e conduza a carga pela trajetória mostrada até a posição final. Estabilize o peso antes de retornar e controle cada etapa do movimento.","Corpo inteiro","Barra | Academia","Corpo inteiro","","Musculação","Barra","Academia","Avançado","gifs/Exercícios sem marca d'água/Power clean.gif","https://raw.githubusercontent.com/brunofs3221/fortyn-exercise-media-extra/main/gifs/Exerc%C3%ADcios%20sem%20marca%20d'%C3%A1gua/Power%20clean.gif","C:\Users\bruno\Downloads\Exercicios renomeados\Power clean com barra","MIGRADO_FONTE_REVISADA"
"media_8f1f25e176196d5425fd","Power clean com halteres","Power clean com halteres","Inicie com postura firme, abdômen ativo e a carga próxima ao corpo. Gere força com pernas e quadril e conduza a carga pela trajetória mostrada até a posição final. Estabilize o peso antes de retornar e controle cada etapa do movimento.","Corpo inteiro","Halteres | Academia","Corpo inteiro","","Musculação","Halteres","Academia","Avançado","gifs/Exercícios sem marca d'água/Power clean com halteres.gif","https://raw.githubusercontent.com/brunofs3221/fortyn-exercise-media-extra/main/gifs/Exerc%C3%ADcios%20sem%20marca%20d'%C3%A1gua/Power%20clean%20com%20halteres.gif","C:\Users\bruno\Downloads\Exercicios renomeados\Power clean com halteres","MIGRADO_FONTE_REVISADA"
"media_487277f748503266e041","Power snatch","Arranco de potência","Inicie com postura firme, abdômen ativo e a carga próxima ao corpo. Gere força com pernas e quadril e conduza a carga pela trajetória mostrada até a posição final. Estabilize o peso antes de retornar e controle cada etapa do movimento.","Corpo inteiro","Sem aparelhos | Casa","Corpo inteiro","","Musculação","Sem aparelhos","Casa","Avançado","gifs/Exercícios sem marca d'água/Snatch de poder.gif","https://raw.githubusercontent.com/brunofs3221/fortyn-exercise-media-extra/main/gifs/Exerc%C3%ADcios%20sem%20marca%20d'%C3%A1gua/Snatch%20de%20poder.gif","C:\Users\bruno\Downloads\Exercicios renomeados\Power snatch","MIGRADO_FONTE_REVISADA"
"media_f28bb7b206e0409f5639","Prancha","Prancha abdominal","Apoie mãos ou antebraços conforme a variação e mantenha cabeça, tronco e quadril alinhados. Contraia abdômen e glúteos para estabilizar a lombar. Execute o movimento adicional mostrado sem perder o alinhamento do corpo.","Abdômen/Core","Sem aparelhos | Casa","Abdômen/Core","","Musculação","Sem aparelhos","Casa","Iniciante","gifs/Exercícios sem marca d'água/Prancha.gif","https://raw.githubusercontent.com/brunofs3221/fortyn-exercise-media-extra/main/gifs/Exerc%C3%ADcios%20sem%20marca%20d'%C3%A1gua/Prancha.gif","C:\Users\bruno\Downloads\Exercicios renomeados\Prancha","MIGRADO_FONTE_REVISADA"
"media_efb8153675665a205410","Prancha alta com elevação de perna","Prancha alta com elevação de perna","Apoie mãos ou antebraços conforme a variação e mantenha cabeça, tronco e quadril alinhados. Contraia abdômen e glúteos para estabilizar a lombar. Execute o movimento adicional mostrado sem perder o alinhamento do corpo.","Abdômen/Core","Sem aparelhos | Casa","Abdômen/Core","","Musculação","Sem aparelhos","Casa","Intermediário","gifs/abdominais/Pose de caranguejo - Variação 3.gif","https://raw.githubusercontent.com/brunofs3221/fortyn-exercise-media-extra/main/gifs/abdominais/Pose%20de%20caranguejo%20-%20Varia%C3%A7%C3%A3o%203.gif","C:\Users\bruno\Downloads\Exercicios renomeados\Prancha alta com elevação de perna","MIGRADO_FONTE_REVISADA"
"media_2c146f3e6b41151a3129","Prancha aranha","Prancha aranha","Apoie mãos ou antebraços conforme a variação e mantenha cabeça, tronco e quadril alinhados. Contraia abdômen e glúteos para estabilizar a lombar. Execute o movimento adicional mostrado sem perder o alinhamento do corpo.","Abdômen/Core","Sem aparelhos | Casa","Abdômen/Core","","Musculação","Sem aparelhos","Casa","Intermediário","gifs/Exercícios sem marca d'água/Prancha joelho a cotovelo - Prancha de aranha.gif","https://raw.githubusercontent.com/brunofs3221/fortyn-exercise-media-extra/main/gifs/Exerc%C3%ADcios%20sem%20marca%20d'%C3%A1gua/Prancha%20joelho%20a%20cotovelo%20-%20Prancha%20de%20aranha.gif","C:\Users\bruno\Downloads\Exercicios renomeados\Prancha aranha","MIGRADO_FONTE_REVISADA"
"media_bcb760bafc66630578fc","Prancha baixa","Prancha baixa","Apoie mãos ou antebraços conforme a variação e mantenha cabeça, tronco e quadril alinhados. Contraia abdômen e glúteos para estabilizar a lombar. Execute o movimento adicional mostrado sem perder o alinhamento do corpo.","Abdômen/Core","Sem aparelhos | Casa","Abdômen/Core","","Musculação","Sem aparelhos","Casa","Iniciante","gifs/abdominais/Sentado flutter kick.gif","https://raw.githubusercontent.com/brunofs3221/fortyn-exercise-media-extra/main/gifs/abdominais/Sentado%20flutter%20kick.gif","C:\Users\bruno\Downloads\Exercicios renomeados\Prancha baixa","MIGRADO_FONTE_REVISADA"
"media_00c0282487002d56ae88","Prancha baixa (Chaturanga)","Chaturanga Dandasana (prancha baixa)","Apoie mãos ou antebraços conforme a variação e mantenha cabeça, tronco e quadril alinhados. Contraia abdômen e glúteos para estabilizar a lombar. Execute o movimento adicional mostrado sem perder o alinhamento do corpo.","Abdômen/Core","Sem aparelhos | Casa","Abdômen/Core","","Musculação","Sem aparelhos","Casa","Intermediário","gifs/Exercícios sem marca d'água/Chaturanga dandasana postura de prancha baixa.gif","https://raw.githubusercontent.com/brunofs3221/fortyn-exercise-media-extra/main/gifs/Exerc%C3%ADcios%20sem%20marca%20d'%C3%A1gua/Chaturanga%20dandasana%20postura%20de%20prancha%20baixa.gif","C:\Users\bruno\Downloads\Exercicios renomeados\Prancha baixa (Chaturanga)","MIGRADO_FONTE_REVISADA"
"media_f708cc4092173d1e2884","Prancha baixa nos antebraços","Prancha baixa nos antebraços","Apoie mãos ou antebraços conforme a variação e mantenha cabeça, tronco e quadril alinhados. Contraia abdômen e glúteos para estabilizar a lombar. Execute o movimento adicional mostrado sem perder o alinhamento do corpo.","Abdômen/Core","Sem aparelhos | Casa","Abdômen/Core","","Musculação","Sem aparelhos","Casa","Avançado","gifs/abdominais/Abdominal - Variação 2.gif","https://raw.githubusercontent.com/brunofs3221/fortyn-exercise-media-extra/main/gifs/abdominais/Abdominal%20-%20Varia%C3%A7%C3%A3o%202.gif","C:\Users\bruno\Downloads\Exercicios renomeados\Prancha baixa nos antebraços","MIGRADO_FONTE_REVISADA"
"media_92654151884d756bb20e","Prancha com abertura de pernas","Prancha com abertura de pernas","Apoie mãos ou antebraços conforme a variação e mantenha cabeça, tronco e quadril alinhados. Contraia abdômen e glúteos para estabilizar a lombar. Execute o movimento adicional mostrado sem perder o alinhamento do corpo.","Abdômen/Core","Sem aparelhos | Casa","Abdômen/Core","","Musculação","Sem aparelhos","Casa","Intermediário","gifs/Exercícios sem marca d'água/Macacos de prancha com perna estendida.gif","https://raw.githubusercontent.com/brunofs3221/fortyn-exercise-media-extra/main/gifs/Exerc%C3%ADcios%20sem%20marca%20d'%C3%A1gua/Macacos%20de%20prancha%20com%20perna%20estendida.gif","C:\Users\bruno\Downloads\Exercicios renomeados\Prancha com abertura de pernas","MIGRADO_FONTE_REVISADA"
"media_acadb6a95f2c81d484c2","Prancha com elevação alternada de braço e perna","Prancha com elevação alternada de braço e perna","Apoie mãos ou antebraços conforme a variação e mantenha cabeça, tronco e quadril alinhados. Contraia abdômen e glúteos para estabilizar a lombar. Execute o movimento adicional mostrado sem perder o alinhamento do corpo.","Abdômen/Core","Sem aparelhos | Casa","Abdômen/Core","","Musculação","Sem aparelhos","Casa","Intermediário","gifs/Exercícios sem marca d'água/Prancha frontal com elevação de braços e pernas.gif","https://raw.githubusercontent.com/brunofs3221/fortyn-exercise-media-extra/main/gifs/Exerc%C3%ADcios%20sem%20marca%20d'%C3%A1gua/Prancha%20frontal%20com%20eleva%C3%A7%C3%A3o%20de%20bra%C3%A7os%20e%20pernas.gif","C:\Users\bruno\Downloads\Exercicios renomeados\Prancha com elevação alternada de braço e perna","MIGRADO_FONTE_REVISADA"
"media_ab3669855ff8b3e31488","Prancha com elevação alternada de perna","Prancha com elevação alternada de perna","Apoie mãos ou antebraços conforme a variação e mantenha cabeça, tronco e quadril alinhados. Contraia abdômen e glúteos para estabilizar a lombar. Execute o movimento adicional mostrado sem perder o alinhamento do corpo.","Abdômen/Core","Sem aparelhos | Casa","Abdômen/Core","","Musculação","Sem aparelhos","Casa","Intermediário","gifs/abdominais/Pose de caranguejo - Variação 2.gif","https://raw.githubusercontent.com/brunofs3221/fortyn-exercise-media-extra/main/gifs/abdominais/Pose%20de%20caranguejo%20-%20Varia%C3%A7%C3%A3o%202.gif","C:\Users\bruno\Downloads\Exercicios renomeados\Prancha com elevação alternada de perna","MIGRADO_FONTE_REVISADA"
"media_0287190e69b694f14213","Prancha com elevação de braço","Prancha frontal com elevação de braço","Apoie mãos ou antebraços conforme a variação e mantenha cabeça, tronco e quadril alinhados. Contraia abdômen e glúteos para estabilizar a lombar. Execute o movimento adicional mostrado sem perder o alinhamento do corpo.","Abdômen/Core","Sem aparelhos | Casa","Abdômen/Core","","Musculação","Sem aparelhos","Casa","Intermediário","gifs/Exercícios sem marca d'água/Prancha frontal com elevação de braço.gif","https://raw.githubusercontent.com/brunofs3221/fortyn-exercise-media-extra/main/gifs/Exerc%C3%ADcios%20sem%20marca%20d'%C3%A1gua/Prancha%20frontal%20com%20eleva%C3%A7%C3%A3o%20de%20bra%C3%A7o.gif","C:\Users\bruno\Downloads\Exercicios renomeados\Prancha com elevação de braço","MIGRADO_FONTE_REVISADA"
"media_20895145f8512fc0b40c","Prancha com elevação de braço e perna","Superman","Apoie mãos ou antebraços conforme a variação e mantenha cabeça, tronco e quadril alinhados. Contraia abdômen e glúteos para estabilizar a lombar. Execute o movimento adicional mostrado sem perder o alinhamento do corpo.","Abdômen/Core","Sem aparelhos | Casa","Abdômen/Core","","Musculação","Sem aparelhos","Casa","Iniciante","gifs/Exercícios sem marca d'água/Prancha com elevação de braços e pernas.gif","https://raw.githubusercontent.com/brunofs3221/fortyn-exercise-media-extra/main/gifs/Exerc%C3%ADcios%20sem%20marca%20d'%C3%A1gua/Prancha%20com%20eleva%C3%A7%C3%A3o%20de%20bra%C3%A7os%20e%20pernas.gif","C:\Users\bruno\Downloads\Exercicios renomeados\Prancha com elevação de braço e perna","MIGRADO_FONTE_REVISADA"
"media_188b7cb9122e1779798e","Prancha com joelho ao cotovelo","Prancha com joelho ao cotovelo","Apoie mãos ou antebraços conforme a variação e mantenha cabeça, tronco e quadril alinhados. Contraia abdômen e glúteos para estabilizar a lombar. Execute o movimento adicional mostrado sem perder o alinhamento do corpo.","Abdômen/Core","Sem aparelhos | Casa","Abdômen/Core","","Musculação","Sem aparelhos","Casa","Intermediário","gifs/abdominais/Abdominal ponderada - Variação 5.gif","https://raw.githubusercontent.com/brunofs3221/fortyn-exercise-media-extra/main/gifs/abdominais/Abdominal%20ponderada%20-%20Varia%C3%A7%C3%A3o%205.gif","C:\Users\bruno\Downloads\Exercicios renomeados\Prancha com joelho ao cotovelo","MIGRADO_FONTE_REVISADA"
"media_fb41071fb519a8f2677e","Prancha com joelhos na bola suíça","Prancha com joelhos na bola suíça","Apoie mãos ou antebraços conforme a variação e mantenha cabeça, tronco e quadril alinhados. Contraia abdômen e glúteos para estabilizar a lombar. Execute o movimento adicional mostrado sem perder o alinhamento do corpo.","Abdômen/Core","Bola | Academia","Abdômen/Core","","Musculação","Bola","Academia","Avançado","gifs/abdominais/Na polia twisting em pé high remada.gif","https://raw.githubusercontent.com/brunofs3221/fortyn-exercise-media-extra/main/gifs/abdominais/Na%20polia%20twisting%20em%20p%C3%A9%20high%20remada.gif","C:\Users\bruno\Downloads\Exercicios renomeados\Prancha com joelhos na bola suíça","MIGRADO_FONTE_REVISADA"
"media_6ec5aeb447442caedf44","Prancha com peso","Prancha frontal com anilha","Apoie mãos ou antebraços conforme a variação e mantenha cabeça, tronco e quadril alinhados. Contraia abdômen e glúteos para estabilizar a lombar. Execute o movimento adicional mostrado sem perder o alinhamento do corpo.","Abdômen/Core","Sem aparelhos | Casa","Abdômen/Core","","Musculação","Sem aparelhos","Casa","Avançado","gifs/Exercícios sem marca d'água/Prancha frontal com peso.gif","https://raw.githubusercontent.com/brunofs3221/fortyn-exercise-media-extra/main/gifs/Exerc%C3%ADcios%20sem%20marca%20d'%C3%A1gua/Prancha%20frontal%20com%20peso.gif","C:\Users\bruno\Downloads\Exercicios renomeados\Prancha com peso","MIGRADO_FONTE_REVISADA"
"media_512671771f5be00e2ce5","Prancha com toque no ombro","Prancha com toque no ombro","Apoie mãos ou antebraços conforme a variação e mantenha cabeça, tronco e quadril alinhados. Contraia abdômen e glúteos para estabilizar a lombar. Execute o movimento adicional mostrado sem perder o alinhamento do corpo.","Abdômen/Core","Sem aparelhos | Casa","Abdômen/Core","","Musculação","Sem aparelhos","Casa","Intermediário","gifs/abdominais/Abdominal ponderada - Variação 4.gif","https://raw.githubusercontent.com/brunofs3221/fortyn-exercise-media-extra/main/gifs/abdominais/Abdominal%20ponderada%20-%20Varia%C3%A7%C3%A3o%204.gif","C:\Users\bruno\Downloads\Exercicios renomeados\Prancha com toque no ombro","MIGRADO_FONTE_REVISADA"
"media_fb8bfb4e9f615d494479","Prancha frontal para lateral","Prancha frontal com rotação para prancha lateral","Apoie mãos ou antebraços conforme a variação e mantenha cabeça, tronco e quadril alinhados. Contraia abdômen e glúteos para estabilizar a lombar. Execute o movimento adicional mostrado sem perder o alinhamento do corpo.","Abdômen/Core","Sem aparelhos | Casa","Abdômen/Core","","Musculação","Sem aparelhos","Casa","Intermediário","gifs/Exercícios sem marca d'água/Prancha da frente para o lado.gif","https://raw.githubusercontent.com/brunofs3221/fortyn-exercise-media-extra/main/gifs/Exerc%C3%ADcios%20sem%20marca%20d'%C3%A1gua/Prancha%20da%20frente%20para%20o%20lado.gif","C:\Users\bruno\Downloads\Exercicios renomeados\Prancha frontal para lateral","MIGRADO_FONTE_REVISADA"
"media_07da5f6fdfc7b5da19b2","Prancha lateral","Prancha lateral","Apoie mãos ou antebraços conforme a variação e mantenha cabeça, tronco e quadril alinhados. Contraia abdômen e glúteos para estabilizar a lombar. Execute o movimento adicional mostrado sem perder o alinhamento do corpo.","Abdômen/Core","Sem aparelhos | Casa","Abdômen/Core","","Musculação","Sem aparelhos","Casa","Intermediário","gifs/abdominais/High prancha.gif","https://raw.githubusercontent.com/brunofs3221/fortyn-exercise-media-extra/main/gifs/abdominais/High%20prancha.gif","C:\Users\bruno\Downloads\Exercicios renomeados\Prancha lateral","MIGRADO_FONTE_REVISADA"
"media_77651dc7f787c4bc88e4","Prancha lateral com elevação de perna","Prancha lateral com elevação de perna","Apoie mãos ou antebraços conforme a variação e mantenha cabeça, tronco e quadril alinhados. Contraia abdômen e glúteos para estabilizar a lombar. Execute o movimento adicional mostrado sem perder o alinhamento do corpo.","Abdômen/Core","Sem aparelhos | Casa","Abdômen/Core","","Musculação","Sem aparelhos","Casa","Intermediário","gifs/abdominais/Abdominal - Variação 7.gif","https://raw.githubusercontent.com/brunofs3221/fortyn-exercise-media-extra/main/gifs/abdominais/Abdominal%20-%20Varia%C3%A7%C3%A3o%207.gif","C:\Users\bruno\Downloads\Exercicios renomeados\Prancha lateral com elevação de perna","MIGRADO_FONTE_REVISADA"
"media_4b994a7d9993abb2ce80","Prancha lateral com elevação de quadril","Prancha lateral com elevação de quadril","Apoie mãos ou antebraços conforme a variação e mantenha cabeça, tronco e quadril alinhados. Contraia abdômen e glúteos para estabilizar a lombar. Execute o movimento adicional mostrado sem perder o alinhamento do corpo.","Abdômen/Core","Sem aparelhos | Casa","Abdômen/Core","","Musculação","Sem aparelhos","Casa","Intermediário","gifs/abdominais/High prancha - Variação 2.gif","https://raw.githubusercontent.com/brunofs3221/fortyn-exercise-media-extra/main/gifs/abdominais/High%20prancha%20-%20Varia%C3%A7%C3%A3o%202.gif","C:\Users\bruno\Downloads\Exercicios renomeados\Prancha lateral com elevação de quadril","MIGRADO_FONTE_REVISADA"
"media_8e410f7532342e773078","Prancha lateral com joelho ao cotovelo","Prancha lateral com joelho ao cotovelo","Apoie mãos ou antebraços conforme a variação e mantenha cabeça, tronco e quadril alinhados. Contraia abdômen e glúteos para estabilizar a lombar. Execute o movimento adicional mostrado sem perder o alinhamento do corpo.","Abdômen/Core","Sem aparelhos | Casa","Abdômen/Core","","Musculação","Sem aparelhos","Casa","Intermediário","gifs/abdominais/High prancha - Variação 3.gif","https://raw.githubusercontent.com/brunofs3221/fortyn-exercise-media-extra/main/gifs/abdominais/High%20prancha%20-%20Varia%C3%A7%C3%A3o%203.gif","C:\Users\bruno\Downloads\Exercicios renomeados\Prancha lateral com joelho ao cotovelo","MIGRADO_FONTE_REVISADA"
"media_f9d06a733c3e5161947f","Prancha lateral com rotação","Prancha lateral com rotação","Apoie mãos ou antebraços conforme a variação e mantenha cabeça, tronco e quadril alinhados. Contraia abdômen e glúteos para estabilizar a lombar. Execute o movimento adicional mostrado sem perder o alinhamento do corpo.","Abdômen/Core","Sem aparelhos | Casa","Abdômen/Core","","Musculação","Sem aparelhos","Casa","Intermediário","gifs/abdominais/Abdominal ponderada - Variação 6.gif","https://raw.githubusercontent.com/brunofs3221/fortyn-exercise-media-extra/main/gifs/abdominais/Abdominal%20ponderada%20-%20Varia%C3%A7%C3%A3o%206.gif","C:\Users\bruno\Downloads\Exercicios renomeados\Prancha lateral com rotação","MIGRADO_FONTE_REVISADA"
"media_46c81ef07cd292879b35","Prancha reversa","Prancha invertida","Apoie mãos ou antebraços conforme a variação e mantenha cabeça, tronco e quadril alinhados. Contraia abdômen e glúteos para estabilizar a lombar. Execute o movimento adicional mostrado sem perder o alinhamento do corpo.","Abdômen/Core","Sem aparelhos | Casa","Abdômen/Core","","Musculação","Sem aparelhos","Casa","Intermediário","gifs/Exercícios sem marca d'água/exercicios_renomeados_pt_br/004_prancha_invertida.gif","https://raw.githubusercontent.com/brunofs3221/fortyn-exercise-media-extra/main/gifs/Exerc%C3%ADcios%20sem%20marca%20d'%C3%A1gua/exercicios_renomeados_pt_br/004_prancha_invertida.gif","C:\Users\bruno\Downloads\Exercicios renomeados\Prancha reversa","MIGRADO_FONTE_REVISADA"
"media_a347a54f303cebbf8cea","Prancha reversa","Prancha reversa","Apoie mãos ou antebraços conforme a variação e mantenha cabeça, tronco e quadril alinhados. Contraia abdômen e glúteos para estabilizar a lombar. Execute o movimento adicional mostrado sem perder o alinhamento do corpo.","Abdômen/Core","Sem aparelhos | Casa","Abdômen/Core","","Musculação","Sem aparelhos","Casa","Intermediário","gifs/abdominais/Levantamento de perna de prancha.gif","https://raw.githubusercontent.com/brunofs3221/fortyn-exercise-media-extra/main/gifs/abdominais/Levantamento%20de%20perna%20de%20prancha.gif","","SEM_FONTE_REVISADA"
"media_e4d3f19a789c2804c5ef","Prancha reversa - variação 2","Prancha reversa","Apoie mãos ou antebraços conforme a variação e mantenha cabeça, tronco e quadril alinhados. Contraia abdômen e glúteos para estabilizar a lombar. Execute o movimento adicional mostrado sem perder o alinhamento do corpo.","Abdômen/Core","Sem aparelhos | Casa","Abdômen/Core","","Musculação","Sem aparelhos","Casa","Intermediário","gifs/Exercícios sem marca d'água/Prancha reversa.gif","https://raw.githubusercontent.com/brunofs3221/fortyn-exercise-media-extra/main/gifs/Exerc%C3%ADcios%20sem%20marca%20d'%C3%A1gua/Prancha%20reversa.gif","C:\Users\bruno\Downloads\Exercicios renomeados\Prancha reversa - variação 2","MIGRADO_FONTE_REVISADA"
"media_9a977024f956899e726f","Pressão frontal com anilha","Arremesso de peito com bola medicinal","Execute Pressão frontal com anilha mantendo as escápulas estáveis e o peito ativo. Movimente os braços pela trajetória mostrada, controlando a carga na ida e na volta.","Peito","Anilhas | Academia","Peito","","Musculação","Anilhas","Academia","Iniciante","gifs/Exercícios sem marca d'água/Imprensa.gif","https://raw.githubusercontent.com/brunofs3221/fortyn-exercise-media-extra/main/gifs/Exerc%C3%ADcios%20sem%20marca%20d'%C3%A1gua/Imprensa.gif","C:\Users\bruno\Downloads\Exercicios renomeados\Pressão frontal com anilha","MIGRADO_FONTE_REVISADA"
"media_aa0581f2c69b74c0f40b","Protração e retração escapular","Protração e retração cervical","Mantenha o tronco estável e mova os braços ou as escápulas pela amplitude mostrada, sem compensar com a lombar. Faça o movimento de forma lenta e contínua, priorizando controle e amplitude confortável.","Mobilidade","Sem aparelhos | Casa","Mobilidade","","Mobilidade","Sem aparelhos","Casa","Iniciante","gifs/Exercícios sem marca d'água/Protração e retração escapular.gif","https://raw.githubusercontent.com/brunofs3221/fortyn-exercise-media-extra/main/gifs/Exerc%C3%ADcios%20sem%20marca%20d'%C3%A1gua/Protra%C3%A7%C3%A3o%20e%20retra%C3%A7%C3%A3o%20escapular.gif","C:\Users\bruno\Downloads\Exercicios renomeados\Protração e retração escapular","MIGRADO_FONTE_REVISADA"
"media_db5a0506df1d9553345c","Pular corda","Pular corda","Segure a corda ao lado do corpo e faça a rotação principalmente pelos punhos. Realize saltos baixos, aterrissando suavemente na parte anterior dos pés. Mantenha cotovelos próximos ao corpo e ritmo constante.","Cardio","Corda | Academia | Corpo inteiro","Cardio","Corpo inteiro","Cardio","Corda","Academia","Iniciante","gifs/Exercícios sem marca d'água/exercicios_renomeados_pt_br/012_pular_corda.gif","https://raw.githubusercontent.com/brunofs3221/fortyn-exercise-media-extra/main/gifs/Exerc%C3%ADcios%20sem%20marca%20d'%C3%A1gua/exercicios_renomeados_pt_br/012_pular_corda.gif","C:\Users\bruno\Downloads\Exercicios renomeados\Pular corda","MIGRADO_FONTE_REVISADA"
"media_d84fc9957e97c7fb92f1","Pull-through no cabo","Pull-through na polia","Fique de costas para a polia, segurando o cabo entre as pernas. Leve o quadril para trás com a coluna neutra e depois estenda-o, contraindo os glúteos. Mantenha os braços apenas como conexão com a carga e retorne com controle.","Glúteos","Polia/Cabo | Academia","Glúteos","","Musculação","Polia/Cabo","Academia","Iniciante","gifs/Exercícios sem marca d'água/Passagem de cabo.gif","https://raw.githubusercontent.com/brunofs3221/fortyn-exercise-media-extra/main/gifs/Exerc%C3%ADcios%20sem%20marca%20d'%C3%A1gua/Passagem%20de%20cabo.gif","C:\Users\bruno\Downloads\Exercicios renomeados\Pull-through no cabo","MIGRADO_FONTE_REVISADA"
"media_290272c299a0c2b0ee49","Pulldown com braços estendidos na polia","Pulldown com braços estendidos na polia","Fique de frente para a polia com o tronco levemente inclinado e os braços quase estendidos. Sem dobrar muito os cotovelos, puxe o pegador para baixo em direção às coxas, levando os ombros para baixo e para trás. Retorne devagar até os braços subirem novamente, mantendo o abdômen firme.","Costas","Polia/Cabo","Costas","","Musculação","Polia/Cabo","Academia","Iniciante","gifs/costas/Inclinado na polia remada.gif","https://raw.githubusercontent.com/brunofs3221/fortyn-exercise-media-extra/main/gifs/costas/Inclinado%20na%20polia%20remada.gif","C:\Users\bruno\Downloads\Exercicios renomeados\Pulldown com braços estendidos na polia","MIGRADO_FONTE_REVISADA"
"media_7224668e85b3b6511d25","Pulldown com braços estendidos na polia com corda","Pulldown com braços estendidos na polia com corda","Fique de frente para a polia com o tronco levemente inclinado e os braços quase estendidos. Sem dobrar muito os cotovelos, puxe o pegador para baixo em direção às coxas, levando os ombros para baixo e para trás. Retorne devagar até os braços subirem novamente, mantendo o abdômen firme.","Costas","Polia/Cabo","Costas","","Musculação","Polia/Cabo","Academia","Iniciante","gifs/costas/Rope straight arm puxada.gif","https://raw.githubusercontent.com/brunofs3221/fortyn-exercise-media-extra/main/gifs/costas/Rope%20straight%20arm%20puxada.gif","C:\Users\bruno\Downloads\Exercicios renomeados\Pulldown com braços estendidos na polia com corda","MIGRADO_FONTE_REVISADA"
"media_f53bea04c2d4927f7cc9","Pulldown unilateral com braço estendido na polia","Pulldown unilateral com braço estendido na polia","Fique de frente para a polia com o tronco levemente inclinado e os braços quase estendidos. Sem dobrar muito os cotovelos, puxe o pegador para baixo em direção às coxas, levando os ombros para baixo e para trás. Retorne devagar até os braços subirem novamente, mantendo o abdômen firme.","Costas","Polia/Cabo","Costas","","Musculação","Polia/Cabo","Academia","Intermediário","gifs/costas/Na polia twisting em pé high remada - Variação 2.gif","https://raw.githubusercontent.com/brunofs3221/fortyn-exercise-media-extra/main/gifs/costas/Na%20polia%20twisting%20em%20p%C3%A9%20high%20remada%20-%20Varia%C3%A7%C3%A3o%202.gif","C:\Users\bruno\Downloads\Exercicios renomeados\Pulldown unilateral com braço estendido na polia","MIGRADO_FONTE_REVISADA"
"media_d774413fcf668d401b9c","Pullover com barra no banco","Pullover com barra no banco","Deite-se no banco e segure a barra acima do peito com os braços quase estendidos. Abaixe a barra em arco para trás da cabeça até uma amplitude confortável, mantendo os cotovelos apenas levemente flexionados. Use as costas para trazer a barra novamente à posição inicial, sem arquear excessivamente a lombar.","Costas","Barra | Banco","Costas","","Musculação","Barra | Banco","Academia","Intermediário","gifs/costas/Remada da barra t - Variação 3.gif","https://raw.githubusercontent.com/brunofs3221/fortyn-exercise-media-extra/main/gifs/costas/Remada%20da%20barra%20t%20-%20Varia%C3%A7%C3%A3o%203.gif","C:\Users\bruno\Downloads\Exercicios renomeados\Pullover com barra no banco","MIGRADO_FONTE_REVISADA"
"media_7c1a677e57176b16e713","Pullover com barra no banco declinado","Pullover com barra no banco declinado","Deite-se no banco e segure a barra acima do peito com os braços quase estendidos. Abaixe a barra em arco para trás da cabeça até uma amplitude confortável, mantendo os cotovelos apenas levemente flexionados. Use as costas para trazer a barra novamente à posição inicial, sem arquear excessivamente a lombar.","Costas","Barra | Banco","Costas","","Musculação","Barra | Banco","Academia","Intermediário","gifs/costas/Remada da barra t - Variação 4.gif","https://raw.githubusercontent.com/brunofs3221/fortyn-exercise-media-extra/main/gifs/costas/Remada%20da%20barra%20t%20-%20Varia%C3%A7%C3%A3o%204.gif","C:\Users\bruno\Downloads\Exercicios renomeados\Pullover com barra no banco declinado","MIGRADO_FONTE_REVISADA"
"media_7229af074db2bf70707e","Pullover com halter no banco","","Movimento realizado deitado transversalmente ou longitudinalmente no banco, levando um halter atrás da cabeça e trazendo-o de volta sobre o peito. A variação enfatiza a extensão e flexão do ombro sob controle, envolvendo peitoral e dorsais enquanto o tronco permanece estabilizado no banco.","Peito","halter | banco | academia | casa","Peito","","Musculação","halter | banco","academia | casa","","gifs/peitoral/Pullover com halter no banco.gif","https://raw.githubusercontent.com/brunofs3221/fortyn-exercise-media-extra/main/gifs/peitoral/Pullover%20com%20halter%20no%20banco.gif","","SEM_FONTE_REVISADA"
"media_f0ef64c2eebd6b03e461","Pullover com halter no banco","Pullover com halter no banco","Deite-se no banco e segure o halter acima do peito com os cotovelos levemente flexionados. Leve o peso para trás da cabeça em arco até uma amplitude confortável, mantendo o tronco estável. Contraia as costas para trazer o halter novamente sobre o peito sem transformar o movimento em uma extensão de tríceps.","Costas","Halteres | Banco","Costas","","Musculação","Halteres | Banco","Academia","Intermediário","gifs/costas/Com halteres seal remada.gif","https://raw.githubusercontent.com/brunofs3221/fortyn-exercise-media-extra/main/gifs/costas/Com%20halteres%20seal%20remada.gif","C:\Users\bruno\Downloads\Exercicios renomeados\Pullover com halter no banco","MIGRADO_FONTE_REVISADA"
"media_e1b944bf95e1aa433687","Pullover com halteres","Pullover com halter","Mantenha o tronco estável e os braços levemente flexionados. Leve a carga para trás da cabeça com controle e depois puxe-a de volta, usando principalmente dorsais e cintura escapular. Evite arquear excessivamente a lombar.","Costas","Halteres | Academia","Costas","","Musculação","Halteres","Academia","Intermediário","gifs/Exercícios sem marca d'água/Pulôver com halteres.gif","https://raw.githubusercontent.com/brunofs3221/fortyn-exercise-media-extra/main/gifs/Exerc%C3%ADcios%20sem%20marca%20d'%C3%A1gua/Pul%C3%B4ver%20com%20halteres.gif","C:\Users\bruno\Downloads\Exercicios renomeados\Pullover com halteres","MIGRADO_FONTE_REVISADA"
"media_18de60353d12ebccf2aa","Pullover com halteres na bola suíça","Pulôver com halter na bola suíça","Mantenha o tronco estável e os braços levemente flexionados. Leve a carga para trás da cabeça com controle e depois puxe-a de volta, usando principalmente dorsais e cintura escapular. Evite arquear excessivamente a lombar.","Costas","Halteres | Bola | Academia","Costas","","Musculação","Halteres | Bola","Academia","Intermediário","gifs/Exercícios sem marca d'água/Pulôver com halteres na bola suíça.gif","https://raw.githubusercontent.com/brunofs3221/fortyn-exercise-media-extra/main/gifs/Exerc%C3%ADcios%20sem%20marca%20d'%C3%A1gua/Pul%C3%B4ver%20com%20halteres%20na%20bola%20su%C3%AD%C3%A7a.gif","C:\Users\bruno\Downloads\Exercicios renomeados\Pullover com halteres na bola suíça","MIGRADO_FONTE_REVISADA"
"media_5bcbeb230049e93c8e1c","Pullover na polia deitado no banco","Pullover na polia deitado no banco","Deite-se no banco com a cabeça voltada para a polia e segure a barra ou pegador acima da cabeça. Mantendo os cotovelos quase estendidos, puxe o cabo em arco até a linha do peito ou quadril, conforme o GIF. Retorne lentamente até alongar as costas sem perder a estabilidade do tronco.","Costas","Polia/Cabo | Banco","Costas","","Musculação","Polia/Cabo | Banco","Academia","Intermediário","gifs/costas/Inclinado com barra remada - Variação 2.gif","https://raw.githubusercontent.com/brunofs3221/fortyn-exercise-media-extra/main/gifs/costas/Inclinado%20com%20barra%20remada%20-%20Varia%C3%A7%C3%A3o%202.gif","C:\Users\bruno\Downloads\Exercicios renomeados\Pullover na polia deitado no banco","MIGRADO_FONTE_REVISADA"
"media_c8010f42ea7b1fb0eeb1","Push press com barra","Push press com barra","Comece com as mãos ou a carga na altura apropriada dos ombros e mantenha o abdômen ativo. Empurre para cima até estender os braços com controle. Desça de volta sem deixar os ombros subirem excessivamente em direção às orelhas.","Ombros","Barra | Tríceps | Academia","Ombros","Tríceps","Musculação","Barra","Academia","Avançado","gifs/Exercícios sem marca d'água/Pressione.gif","https://raw.githubusercontent.com/brunofs3221/fortyn-exercise-media-extra/main/gifs/Exerc%C3%ADcios%20sem%20marca%20d'%C3%A1gua/Pressione.gif","C:\Users\bruno\Downloads\Exercicios renomeados\Push press com barra","MIGRADO_FONTE_REVISADA"
"media_b7decbdcdd225be45693","Puxada alta meio ajoelhado","Puxada alta unilateral meio-ajoelhado","Comece com a pegada firme e os ombros ativos. Puxe levando os cotovelos para baixo e para trás, elevando o corpo ou aproximando o pegador do tronco conforme a variação. Retorne com controle e evite balanço excessivo.","Costas","Bíceps | Sem aparelhos | Casa","Costas","Bíceps","Musculação","Sem aparelhos","Casa","Intermediário","gifs/Exercícios sem marca d'água/Pulldown lat meio ajoelhado.gif","https://raw.githubusercontent.com/brunofs3221/fortyn-exercise-media-extra/main/gifs/Exerc%C3%ADcios%20sem%20marca%20d'%C3%A1gua/Pulldown%20lat%20meio%20ajoelhado.gif","C:\Users\bruno\Downloads\Exercicios renomeados\Puxada alta meio ajoelhado","MIGRADO_FONTE_REVISADA"
"media_2d1b7a21cb060b0d8aad","Puxada alta na polia","Puxada frontal na polia alta","Comece com a pegada firme e os ombros ativos. Puxe levando os cotovelos para baixo e para trás, elevando o corpo ou aproximando o pegador do tronco conforme a variação. Retorne com controle e evite balanço excessivo.","Costas","Polia/Cabo | Bíceps | Academia","Costas","Bíceps","Musculação","Polia/Cabo","Academia","Iniciante","gifs/Exercícios sem marca d'água/Lat pulldown.gif","https://raw.githubusercontent.com/brunofs3221/fortyn-exercise-media-extra/main/gifs/Exerc%C3%ADcios%20sem%20marca%20d'%C3%A1gua/Lat%20pulldown.gif","C:\Users\bruno\Downloads\Exercicios renomeados\Puxada alta na polia","MIGRADO_FONTE_REVISADA"
"media_39ce95abf4cc7564ca1f","Puxada cruzada na polia alta","Puxada cruzada na polia alta","Fique centralizado entre as polias altas e segure uma alça de cada lado, com os braços elevados e cruzados. Puxe os cotovelos para baixo e para trás até as mãos se aproximarem da linha dos ombros. Retorne lentamente à posição inicial mantendo o tronco estável e evitando usar impulso.","Costas","Polia/Cabo | Bíceps","Costas","Bíceps","Musculação","Polia/Cabo","Academia","Intermediário","gifs/costas/Lever t bar remada.gif","https://raw.githubusercontent.com/brunofs3221/fortyn-exercise-media-extra/main/gifs/costas/Lever%20t%20bar%20remada.gif","C:\Users\bruno\Downloads\Exercicios renomeados\Puxada cruzada na polia alta","MIGRADO_FONTE_REVISADA"
"media_f95c32d5a852d90825ef","Puxada frontal cruzada no cabo","Face pull na polia dupla","Comece com a pegada firme e os ombros ativos. Puxe levando os cotovelos para baixo e para trás, elevando o corpo ou aproximando o pegador do tronco conforme a variação. Retorne com controle e evite balanço excessivo.","Costas","Polia/Cabo | Bíceps | Academia","Costas","Bíceps","Musculação","Polia/Cabo","Academia","Intermediário","gifs/Exercícios sem marca d'água/Tração frontal do cabo cruzado.gif","https://raw.githubusercontent.com/brunofs3221/fortyn-exercise-media-extra/main/gifs/Exerc%C3%ADcios%20sem%20marca%20d'%C3%A1gua/Tra%C3%A7%C3%A3o%20frontal%20do%20cabo%20cruzado.gif","C:\Users\bruno\Downloads\Exercicios renomeados\Puxada frontal cruzada no cabo","MIGRADO_FONTE_REVISADA"
"media_1b1d9193ce53698b4710","Puxada frontal na máquina","Puxada frontal na máquina","Sente-se ou posicione-se firme diante da polia/máquina e segure o pegador com a pegada indicada. Puxe os cotovelos para baixo e para trás, trazendo o pegador em direção à parte superior do peito. Retorne lentamente até estender os braços, mantendo o peito aberto e evitando balanço do tronco.","Costas","Máquina | Bíceps","Costas","Bíceps","Musculação","Máquina","Academia","Iniciante","gifs/costas/Lever front puxada.gif","https://raw.githubusercontent.com/brunofs3221/fortyn-exercise-media-extra/main/gifs/costas/Lever%20front%20puxada.gif","C:\Users\bruno\Downloads\Exercicios renomeados\Puxada frontal na máquina","MIGRADO_FONTE_REVISADA"
"media_508a122884d10de8900f","Puxada frontal na polia com pegada fechada","Puxada frontal na polia com pegada fechada","Sente-se ou posicione-se firme diante da polia/máquina e segure o pegador com a pegada indicada. Puxe os cotovelos para baixo e para trás, trazendo o pegador em direção à parte superior do peito. Retorne lentamente até estender os braços, mantendo o peito aberto e evitando balanço do tronco.","Costas","Polia/Cabo | Bíceps","Costas","Bíceps","Musculação","Polia/Cabo","Academia","Iniciante","gifs/costas/Close grip lat puxada.gif","https://raw.githubusercontent.com/brunofs3221/fortyn-exercise-media-extra/main/gifs/costas/Close%20grip%20lat%20puxada.gif","C:\Users\bruno\Downloads\Exercicios renomeados\Puxada frontal na polia com pegada fechada","MIGRADO_FONTE_REVISADA"
"media_565caa1c79da1bcc9a88","Puxada frontal na polia com pegada supinada","Puxada frontal na polia com pegada supinada","Sente-se ou posicione-se firme diante da polia/máquina e segure o pegador com a pegada indicada. Puxe os cotovelos para baixo e para trás, trazendo o pegador em direção à parte superior do peito. Retorne lentamente até estender os braços, mantendo o peito aberto e evitando balanço do tronco.","Costas","Polia/Cabo | Bíceps","Costas","Bíceps","Musculação","Polia/Cabo","Academia","Intermediário","gifs/costas/Inverso lat puxada.gif","https://raw.githubusercontent.com/brunofs3221/fortyn-exercise-media-extra/main/gifs/costas/Inverso%20lat%20puxada.gif","C:\Users\bruno\Downloads\Exercicios renomeados\Puxada frontal na polia com pegada supinada","MIGRADO_FONTE_REVISADA"
"media_fd4eb387a2867c0717a6","Puxada na frente com pegada fechada","Puxada na frente com pegada fechada","Sente-se na polia alta e segure o acessório com pegada fechada. Puxe-o em direção à parte superior do peito, levando os cotovelos para baixo e para trás. Retorne lentamente até estender os braços sem perder a posição do tronco.","Costas","Polia/Cabo | Academia","Costas","","Musculação","Polia/Cabo","Academia","Iniciante","gifs/exercícios-de-costas/Close grip lat puxada.gif","https://raw.githubusercontent.com/brunofs3221/fortyn-exercise-media-extra/main/gifs/exerc%C3%ADcios-de-costas/Close%20grip%20lat%20puxada.gif","C:\Users\bruno\Downloads\Exercicios renomeados\Puxada na frente com pegada fechada","MIGRADO_FONTE_REVISADA"
"media_2d5e3e902095430859df","Puxada por trás da cabeça na máquina","Puxada por trás da cabeça na máquina","Sente-se com o tronco ereto e segure a barra com a pegada indicada. Puxe a barra para baixo atrás da cabeça apenas até uma amplitude confortável, aproximando as escápulas e mantendo o movimento controlado. Suba a barra lentamente até estender os braços novamente; não force a posição dos ombros ou do pescoço.","Costas","Máquina | Bíceps","Costas","Bíceps","Musculação","Máquina","Academia","Iniciante","gifs/costas/Lever na polia rear puxada - Variação 2.gif","https://raw.githubusercontent.com/brunofs3221/fortyn-exercise-media-extra/main/gifs/costas/Lever%20na%20polia%20rear%20puxada%20-%20Varia%C3%A7%C3%A3o%202.gif","C:\Users\bruno\Downloads\Exercicios renomeados\Puxada por trás da cabeça na máquina","MIGRADO_FONTE_REVISADA"
"media_bdcc807dd48a7128c9f8","Puxada por trás da cabeça na polia","Puxada por trás da cabeça na polia","Sente-se com o tronco ereto e segure a barra com a pegada indicada. Puxe a barra para baixo atrás da cabeça apenas até uma amplitude confortável, aproximando as escápulas e mantendo o movimento controlado. Suba a barra lentamente até estender os braços novamente; não force a posição dos ombros ou do pescoço.","Costas","Polia/Cabo | Bíceps","Costas","Bíceps","Musculação","Polia/Cabo","Academia","Iniciante","gifs/costas/Lever na polia rear puxada.gif","https://raw.githubusercontent.com/brunofs3221/fortyn-exercise-media-extra/main/gifs/costas/Lever%20na%20polia%20rear%20puxada.gif","C:\Users\bruno\Downloads\Exercicios renomeados\Puxada por trás da cabeça na polia","MIGRADO_FONTE_REVISADA"
"media_d6e7dceb0a2ae9690290","Puxada por trás da cabeça na polia - Variação 2","Puxada por trás da cabeça na polia - Variação 2","Sente-se com o tronco ereto e segure a barra com a pegada indicada. Puxe a barra para baixo atrás da cabeça apenas até uma amplitude confortável, aproximando as escápulas e mantendo o movimento controlado. Suba a barra lentamente até estender os braços novamente; não force a posição dos ombros ou do pescoço.","Costas","Polia/Cabo | Bíceps","Costas","Bíceps","Musculação","Polia/Cabo","Academia","Avançado","gifs/costas/Na polia rear puxada.gif","https://raw.githubusercontent.com/brunofs3221/fortyn-exercise-media-extra/main/gifs/costas/Na%20polia%20rear%20puxada.gif","C:\Users\bruno\Downloads\Exercicios renomeados\Puxada por trás da cabeça na polia - Variação 2","MIGRADO_FONTE_REVISADA"
"media_a5ee2f7a7cb8867fcda9","Puxada por trás da cabeça na polia com pegada aberta","Puxada por trás da cabeça na polia com pegada aberta","Sente-se com o tronco ereto e segure a barra com a pegada indicada. Puxe a barra para baixo atrás da cabeça apenas até uma amplitude confortável, aproximando as escápulas e mantendo o movimento controlado. Suba a barra lentamente até estender os braços novamente; não force a posição dos ombros ou do pescoço.","Costas","Polia/Cabo | Bíceps","Costas","Bíceps","Musculação","Polia/Cabo","Academia","Avançado","gifs/costas/Na polia rear puxada - Variação 2.gif","https://raw.githubusercontent.com/brunofs3221/fortyn-exercise-media-extra/main/gifs/costas/Na%20polia%20rear%20puxada%20-%20Varia%C3%A7%C3%A3o%202.gif","C:\Users\bruno\Downloads\Exercicios renomeados\Puxada por trás da cabeça na polia com pegada aberta","MIGRADO_FONTE_REVISADA"
"media_306ca30240259d9c8c12","Puxada unilateral ajoelhada na polia alta","Puxada unilateral ajoelhada na polia alta","Posicione-se conforme o GIF e segure uma alça da polia alta com o braço estendido. Mantendo o tronco firme, puxe o cotovelo para baixo em direção às costelas até contrair bem as costas. Retorne devagar até o braço estender novamente, sem elevar o ombro ou girar o corpo de forma excessiva.","Costas","Polia/Cabo | Bíceps","Costas","Bíceps","Musculação","Polia/Cabo","Academia","Intermediário","gifs/costas/Fileira de cabos sentado - Variação 5.gif","https://raw.githubusercontent.com/brunofs3221/fortyn-exercise-media-extra/main/gifs/costas/Fileira%20de%20cabos%20sentado%20-%20Varia%C3%A7%C3%A3o%205.gif","C:\Users\bruno\Downloads\Exercicios renomeados\Puxada unilateral ajoelhada na polia alta","MIGRADO_FONTE_REVISADA"
"media_5fd4922ec381f85b910b","Puxada unilateral meio ajoelhado na polia alta","Puxada unilateral meio ajoelhado na polia alta","Posicione-se conforme o GIF e segure uma alça da polia alta com o braço estendido. Mantendo o tronco firme, puxe o cotovelo para baixo em direção às costelas até contrair bem as costas. Retorne devagar até o braço estender novamente, sem elevar o ombro ou girar o corpo de forma excessiva.","Costas","Polia/Cabo | Bíceps","Costas","Bíceps","Musculação","Polia/Cabo","Academia","Intermediário","gifs/costas/Pulldown lat meio ajoelhado.gif","https://raw.githubusercontent.com/brunofs3221/fortyn-exercise-media-extra/main/gifs/costas/Pulldown%20lat%20meio%20ajoelhado.gif","C:\Users\bruno\Downloads\Exercicios renomeados\Puxada unilateral meio ajoelhado na polia alta","MIGRADO_FONTE_REVISADA"
"media_4ae7fcedd3acbf99d39f","Puxada unilateral na polia alta","Puxada unilateral na polia alta","Comece com a pegada firme e os ombros ativos. Puxe levando os cotovelos para baixo e para trás, elevando o corpo ou aproximando o pegador do tronco conforme a variação. Retorne com controle e evite balanço excessivo.","Costas","Polia/Cabo | Bíceps | Academia","Costas","Bíceps","Musculação","Polia/Cabo","Academia","Intermediário","gifs/Exercícios sem marca d'água/Cabo um braço pulldown lat.gif","https://raw.githubusercontent.com/brunofs3221/fortyn-exercise-media-extra/main/gifs/Exerc%C3%ADcios%20sem%20marca%20d'%C3%A1gua/Cabo%20um%20bra%C3%A7o%20pulldown%20lat.gif","C:\Users\bruno\Downloads\Exercicios renomeados\Puxada unilateral na polia alta","MIGRADO_FONTE_REVISADA"
"media_baa2722717487d8e84d4","Puxada unilateral na polia alta","Puxada unilateral na polia alta","Posicione-se conforme o GIF e segure uma alça da polia alta com o braço estendido. Mantendo o tronco firme, puxe o cotovelo para baixo em direção às costelas até contrair bem as costas. Retorne devagar até o braço estender novamente, sem elevar o ombro ou girar o corpo de forma excessiva.","Costas","Bíceps | Polia/Cabo | Academia","Costas","Bíceps","Musculação","Polia/Cabo","Academia","Intermediário","gifs/costas/Cabo um braço pulldown lat.gif","https://raw.githubusercontent.com/brunofs3221/fortyn-exercise-media-extra/main/gifs/costas/Cabo%20um%20bra%C3%A7o%20pulldown%20lat.gif","","SEM_FONTE_REVISADA"
"media_27f42a49673d3c3d4b7f","Puxada unilateral na polia alta - Variação 2","Puxada unilateral na polia alta - Variação 2","Posicione-se conforme o GIF e segure uma alça da polia alta com o braço estendido. Mantendo o tronco firme, puxe o cotovelo para baixo em direção às costelas até contrair bem as costas. Retorne devagar até o braço estender novamente, sem elevar o ombro ou girar o corpo de forma excessiva.","Costas","Polia/Cabo | Bíceps","Costas","Bíceps","Musculação","Polia/Cabo","Academia","Intermediário","gifs/costas/Cabo um braço pulldown lat - Variação 2.gif","https://raw.githubusercontent.com/brunofs3221/fortyn-exercise-media-extra/main/gifs/costas/Cabo%20um%20bra%C3%A7o%20pulldown%20lat%20-%20Varia%C3%A7%C3%A3o%202.gif","C:\Users\bruno\Downloads\Exercicios renomeados\Puxada unilateral na polia alta - Variação 2","MIGRADO_FONTE_REVISADA"
"media_eae0275dc0ae95872b03","Puxada unilateral no cabo","Puxada unilateral na polia alta","Comece com a pegada firme e os ombros ativos. Puxe levando os cotovelos para baixo e para trás, elevando o corpo ou aproximando o pegador do tronco conforme a variação. Retorne com controle e evite balanço excessivo.","Costas","Polia/Cabo | Bíceps | Academia","Costas","Bíceps","Musculação","Polia/Cabo","Academia","Iniciante","gifs/Exercícios sem marca d'água/Cabo pulldown de um braço.gif","https://raw.githubusercontent.com/brunofs3221/fortyn-exercise-media-extra/main/gifs/Exerc%C3%ADcios%20sem%20marca%20d'%C3%A1gua/Cabo%20pulldown%20de%20um%20bra%C3%A7o.gif","C:\Users\bruno\Downloads\Exercicios renomeados\Puxada unilateral no cabo","MIGRADO_FONTE_REVISADA"
"media_cedd4e76ed9055d56e96","Remada ajoelhada na polia alta","Puxada alta ajoelhada na polia","Mantenha o tronco firme e inicie puxando os cotovelos para trás. Traga a carga ou o pegador em direção ao tronco sem elevar os ombros, aproximando as escápulas no final. Retorne lentamente até os braços se estenderem.","Costas","Polia/Cabo | Bíceps | Academia","Costas","Bíceps","Musculação","Polia/Cabo","Academia","Intermediário","gifs/Exercícios sem marca d'água/Remada de polia alta ajoelhada.gif","https://raw.githubusercontent.com/brunofs3221/fortyn-exercise-media-extra/main/gifs/Exerc%C3%ADcios%20sem%20marca%20d'%C3%A1gua/Remada%20de%20polia%20alta%20ajoelhada.gif","C:\Users\bruno\Downloads\Exercicios renomeados\Remada ajoelhada na polia alta","MIGRADO_FONTE_REVISADA"
"media_8af2b3b1e5df4396bad9","Remada alta ajoelhada na polia com corda","Face pull ajoelhado na polia alta","Mantenha o tronco firme e execute Remada alta ajoelhada na polia com corda movendo os braços pela trajetória mostrada. Evite balanço e elevação excessiva dos ombros e controle a fase de retorno.","Ombros","Polia/Cabo | Academia","Ombros","","Musculação","Polia/Cabo","Academia","Intermediário","gifs/Exercícios sem marca d'água/Corda de remada de cabo alto meio ajoelhada.gif","https://raw.githubusercontent.com/brunofs3221/fortyn-exercise-media-extra/main/gifs/Exerc%C3%ADcios%20sem%20marca%20d'%C3%A1gua/Corda%20de%20remada%20de%20cabo%20alto%20meio%20ajoelhada.gif","C:\Users\bruno\Downloads\Exercicios renomeados\Remada alta ajoelhada na polia com corda","MIGRADO_FONTE_REVISADA"
"media_57d39e90b85820a1b19f","Remada alta com barra","Remada alta com barra","Mantenha o tronco firme e execute Remada alta com barra movendo os braços pela trajetória mostrada. Evite balanço e elevação excessiva dos ombros e controle a fase de retorno.","Ombros","Barra | Academia","Ombros","","Musculação","Barra","Academia","Intermediário","gifs/Exercícios sem marca d'água/Remada alta com barra.gif","https://raw.githubusercontent.com/brunofs3221/fortyn-exercise-media-extra/main/gifs/Exerc%C3%ADcios%20sem%20marca%20d'%C3%A1gua/Remada%20alta%20com%20barra.gif","C:\Users\bruno\Downloads\Exercicios renomeados\Remada alta com barra","MIGRADO_FONTE_REVISADA"
"media_b6773f6d6c3d4b42eeda","Remada alta com barra","Remada alta com barra","Mantenha a coluna neutra e o tronco estável na posição mostrada. Puxe a carga em direção ao abdômen ou às costelas, levando os cotovelos para trás e aproximando as escápulas. Retorne lentamente até estender os braços, evitando impulso e movimentos bruscos do tronco.","Ombros","Costas | Barra | Academia | Casa","Ombros","Costas","Musculação","Barra","Academia | Casa","Intermediário","gifs/trapézio/Encolher de ombros com barra - Variação 2.gif","https://raw.githubusercontent.com/brunofs3221/fortyn-exercise-media-extra/main/gifs/trap%C3%A9zio/Encolher%20de%20ombros%20com%20barra%20-%20Varia%C3%A7%C3%A3o%202.gif","","SEM_FONTE_REVISADA"
"media_3d8c9f09c82d663dd52a","Remada alta com barra EZ","Remada alta com barra EZ","Mantenha o tronco firme e execute Remada alta com barra EZ movendo os braços pela trajetória mostrada. Evite balanço e elevação excessiva dos ombros e controle a fase de retorno.","Ombros","Barra | Academia","Ombros","","Musculação","Barra","Academia","Intermediário","gifs/Exercícios sem marca d'água/Remada alta da barra ez.gif","https://raw.githubusercontent.com/brunofs3221/fortyn-exercise-media-extra/main/gifs/Exerc%C3%ADcios%20sem%20marca%20d'%C3%A1gua/Remada%20alta%20da%20barra%20ez.gif","C:\Users\bruno\Downloads\Exercicios renomeados\Remada alta com barra EZ","MIGRADO_FONTE_REVISADA"
"media_80f2003ca5e062b72794","Remada alta com barra EZ","Remada alta com barra EZ","Mantenha a coluna neutra e o tronco estável na posição mostrada. Puxe a carga em direção ao abdômen ou às costelas, levando os cotovelos para trás e aproximando as escápulas. Retorne lentamente até estender os braços, evitando impulso e movimentos bruscos do tronco.","Ombros","Costas | Barra | Academia","Ombros","Costas","Musculação","Barra","Academia","Intermediário","gifs/trapézio/Remada alta da barra ez - Variação 2.gif","https://raw.githubusercontent.com/brunofs3221/fortyn-exercise-media-extra/main/gifs/trap%C3%A9zio/Remada%20alta%20da%20barra%20ez%20-%20Varia%C3%A7%C3%A3o%202.gif","","SEM_FONTE_REVISADA"
"media_4b8d72f99bd19a655b8a","Remada alta com halteres","Remada alta com halteres","Mantenha a coluna neutra e o tronco estável na posição mostrada. Puxe a carga em direção ao abdômen ou às costelas, levando os cotovelos para trás e aproximando as escápulas. Retorne lentamente até estender os braços, evitando impulso e movimentos bruscos do tronco.","Ombros","Costas | Halteres | Academia | Casa","Ombros","Costas","Musculação","Halteres","Academia | Casa","Intermediário","gifs/trapézio/Encolher de ombros com halteres - Variação 2.gif","https://raw.githubusercontent.com/brunofs3221/fortyn-exercise-media-extra/main/gifs/trap%C3%A9zio/Encolher%20de%20ombros%20com%20halteres%20-%20Varia%C3%A7%C3%A3o%202.gif","","SEM_FONTE_REVISADA"
"media_8b5fce84f47199457b0c","Remada alta com halteres","","Remada vertical realizada em pé com dois halteres. As cargas sobem junto ao corpo até a linha inferior do peito ou dos ombros, conduzidas pelos cotovelos; a variação recruta sobretudo deltoides e trapézio, exigindo amplitude confortável para o ombro.","Ombros","halteres | academia | casa | estúdio","Ombros","","Musculação","halteres","academia | casa | estúdio","","gifs/ombros/Remada alta com halteres - Variação 3.gif","https://raw.githubusercontent.com/brunofs3221/fortyn-exercise-media-extra/main/gifs/ombros/Remada%20alta%20com%20halteres%20-%20Varia%C3%A7%C3%A3o%203.gif","","SEM_FONTE_REVISADA"
"media_ae194179e9185f759270","Remada alta com halteres","Remada alta com halteres","Mantenha o tronco firme e execute Remada alta com halteres movendo os braços pela trajetória mostrada. Evite balanço e elevação excessiva dos ombros e controle a fase de retorno.","Ombros","Halteres | Academia","Ombros","","Musculação","Halteres","Academia","Intermediário","gifs/Exercícios sem marca d'água/Levantamento de halteres.gif","https://raw.githubusercontent.com/brunofs3221/fortyn-exercise-media-extra/main/gifs/Exerc%C3%ADcios%20sem%20marca%20d'%C3%A1gua/Levantamento%20de%20halteres.gif","C:\Users\bruno\Downloads\Exercicios renomeados\Remada alta com halteres","MIGRADO_FONTE_REVISADA"
"media_a9e664fa8a9e7c55247d","Remada alta com halteres - variação 2","Remada alta com halteres","Mantenha o tronco firme e execute Remada alta com halteres movendo os braços pela trajetória mostrada. Evite balanço e elevação excessiva dos ombros e controle a fase de retorno.","Ombros","Halteres | Academia","Ombros","","Musculação","Halteres","Academia","Intermediário","gifs/Exercícios sem marca d'água/Remada alta com halteres.gif","https://raw.githubusercontent.com/brunofs3221/fortyn-exercise-media-extra/main/gifs/Exerc%C3%ADcios%20sem%20marca%20d'%C3%A1gua/Remada%20alta%20com%20halteres.gif","C:\Users\bruno\Downloads\Exercicios renomeados\Remada alta com halteres - variação 2","MIGRADO_FONTE_REVISADA"
"media_432fd9da37b2f521850b","Remada alta com halteres - Variação 2","Remada alta com halteres - Variação 2","Mantenha a coluna neutra e o tronco estável na posição mostrada. Puxe a carga em direção ao abdômen ou às costelas, levando os cotovelos para trás e aproximando as escápulas. Retorne lentamente até estender os braços, evitando impulso e movimentos bruscos do tronco.","Ombros","Costas | Halteres | Academia | Casa","Ombros","Costas","Musculação","Halteres","Academia | Casa","Intermediário","gifs/trapézio/Remada alta com halteres.gif","https://raw.githubusercontent.com/brunofs3221/fortyn-exercise-media-extra/main/gifs/trap%C3%A9zio/Remada%20alta%20com%20halteres.gif","","SEM_FONTE_REVISADA"
"media_ba1b9da9bd1865ceba8c","Remada alta com halteres - Variação 3","Remada alta com halteres - Variação 3","Mantenha a coluna neutra e o tronco estável na posição mostrada. Puxe a carga em direção ao abdômen ou às costelas, levando os cotovelos para trás e aproximando as escápulas. Retorne lentamente até estender os braços, evitando impulso e movimentos bruscos do tronco.","Ombros","Halteres | Costas","Ombros","Costas","Musculação","Halteres","Academia | Casa","Intermediário","gifs/trapézio/Remada alta da barra ez.gif","https://raw.githubusercontent.com/brunofs3221/fortyn-exercise-media-extra/main/gifs/trap%C3%A9zio/Remada%20alta%20da%20barra%20ez.gif","C:\Users\bruno\Downloads\Exercicios renomeados\Remada alta com halteres - Variação 3","MIGRADO_FONTE_REVISADA"
"media_c170b4cb169124625678","Remada alta com halteres apoiado no banco inclinado","Remada alta com halteres apoiado no banco inclinado","Apoie o peito no banco conforme o GIF e deixe os braços estendidos com a carga. Puxe os cotovelos para trás trazendo a barra ou os halteres em direção ao banco, contraindo as costas. Desça lentamente até os braços estenderem novamente, mantendo o peito apoiado e o pescoço neutro.","Costas","Halteres | Banco | Bíceps","Costas","Bíceps","Musculação","Halteres | Banco","Academia | Casa","Intermediário","gifs/trapézio/Encolher de ombros inclinado com halteres - Variação 4.gif","https://raw.githubusercontent.com/brunofs3221/fortyn-exercise-media-extra/main/gifs/trap%C3%A9zio/Encolher%20de%20ombros%20inclinado%20com%20halteres%20-%20Varia%C3%A7%C3%A3o%204.gif","C:\Users\bruno\Downloads\Exercicios renomeados\Remada alta com halteres apoiado no banco inclinado","MIGRADO_FONTE_REVISADA"
"media_f696304cfae0f00ab6d3","Remada alta na máquina articulada","Remada alta na máquina articulada","Mantenha a coluna neutra e o tronco estável na posição mostrada. Puxe a carga em direção ao abdômen ou às costelas, levando os cotovelos para trás e aproximando as escápulas. Retorne lentamente até estender os braços, evitando impulso e movimentos bruscos do tronco.","Costas","Máquina | Bíceps","Costas","Bíceps","Musculação","Máquina","Academia","Iniciante","gifs/costas/Lever high remada.gif","https://raw.githubusercontent.com/brunofs3221/fortyn-exercise-media-extra/main/gifs/costas/Lever%20high%20remada.gif","C:\Users\bruno\Downloads\Exercicios renomeados\Remada alta na máquina articulada","MIGRADO_FONTE_REVISADA"
"media_db83cb7a37ada2e02174","Remada alta no cabo","Crucifixo inverso na polia","Mantenha o tronco firme e execute Remada alta no cabo movendo os braços pela trajetória mostrada. Evite balanço e elevação excessiva dos ombros e controle a fase de retorno.","Ombros","Polia/Cabo | Academia","Ombros","","Musculação","Polia/Cabo","Academia","Intermediário","gifs/Exercícios sem marca d'água/Cabo vertical.gif","https://raw.githubusercontent.com/brunofs3221/fortyn-exercise-media-extra/main/gifs/Exerc%C3%ADcios%20sem%20marca%20d'%C3%A1gua/Cabo%20vertical.gif","C:\Users\bruno\Downloads\Exercicios renomeados\Remada alta no cabo","MIGRADO_FONTE_REVISADA"
"media_cfb0420f97921364e16c","Remada alta unilateral na polia","Remada alta unilateral na polia","Ajuste o corpo e o apoio conforme o GIF, mantendo a coluna neutra. Com um braço, puxe a carga em direção ao quadril ou às costelas, levando o cotovelo para trás e aproximando a escápula. Abaixe ou solte o cabo lentamente até estender o braço e repita sem girar excessivamente o tronco.","Ombros","Polia/Cabo | Costas","Ombros","Costas","Musculação","Polia/Cabo","Academia","Iniciante","gifs/trapézio/Behind the back com barra encolhimento - Variação 2.gif","https://raw.githubusercontent.com/brunofs3221/fortyn-exercise-media-extra/main/gifs/trap%C3%A9zio/Behind%20the%20back%20com%20barra%20encolhimento%20-%20Varia%C3%A7%C3%A3o%202.gif","C:\Users\bruno\Downloads\Exercicios renomeados\Remada alta unilateral na polia","MIGRADO_FONTE_REVISADA"
"media_7847e9f0dbd4113724ac","Remada alta unilateral na polia em pé com rotação","Remada alta unilateral na polia em pé com rotação","Ajuste o corpo e o apoio conforme o GIF, mantendo a coluna neutra. Com um braço, puxe a carga em direção ao quadril ou às costelas, levando o cotovelo para trás e aproximando a escápula. Abaixe ou solte o cabo lentamente até estender o braço e repita sem girar excessivamente o tronco.","Costas","Polia/Cabo | Bíceps","Costas","Bíceps","Musculação","Polia/Cabo","Academia","Intermediário","gifs/costas/Na polia twisting em pé high remada.gif","https://raw.githubusercontent.com/brunofs3221/fortyn-exercise-media-extra/main/gifs/costas/Na%20polia%20twisting%20em%20p%C3%A9%20high%20remada.gif","C:\Users\bruno\Downloads\Exercicios renomeados\Remada alta unilateral na polia em pé com rotação","MIGRADO_FONTE_REVISADA"
"media_7fc2ada82aced5cd8a2a","Remada com barra apoiado no banco inclinado","Remada com barra apoiado no banco inclinado","Apoie o peito no banco conforme o GIF e deixe os braços estendidos com a carga. Puxe os cotovelos para trás trazendo a barra ou os halteres em direção ao banco, contraindo as costas. Desça lentamente até os braços estenderem novamente, mantendo o peito apoiado e o pescoço neutro.","Costas","Barra | Banco | Bíceps","Costas","Bíceps","Musculação","Barra | Banco","Academia","Intermediário","gifs/costas/Inclinado com barra remada.gif","https://raw.githubusercontent.com/brunofs3221/fortyn-exercise-media-extra/main/gifs/costas/Inclinado%20com%20barra%20remada.gif","C:\Users\bruno\Downloads\Exercicios renomeados\Remada com barra apoiado no banco inclinado","MIGRADO_FONTE_REVISADA"
"media_e3bd5638baae96323d2d","Remada com halteres apoiado no banco inclinado","Remada com halteres apoiado no banco inclinado","Apoie o peito no banco conforme o GIF e deixe os braços estendidos com a carga. Puxe os cotovelos para trás trazendo a barra ou os halteres em direção ao banco, contraindo as costas. Desça lentamente até os braços estenderem novamente, mantendo o peito apoiado e o pescoço neutro.","Costas","Halteres | Banco | Bíceps","Costas","Bíceps","Musculação","Halteres | Banco","Academia","Intermediário","gifs/costas/Inclinado com halteres hammer remada.gif","https://raw.githubusercontent.com/brunofs3221/fortyn-exercise-media-extra/main/gifs/costas/Inclinado%20com%20halteres%20hammer%20remada.gif","C:\Users\bruno\Downloads\Exercicios renomeados\Remada com halteres apoiado no banco inclinado","MIGRADO_FONTE_REVISADA"
"media_91511fe109dc1b7aea91","Remada curvada com barra","Remada curvada com barra","Mantenha o tronco firme e inicie puxando os cotovelos para trás. Traga a carga ou o pegador em direção ao tronco sem elevar os ombros, aproximando as escápulas no final. Retorne lentamente até os braços se estenderem.","Costas","Barra | Bíceps | Academia","Costas","Bíceps","Musculação","Barra","Academia","Intermediário","gifs/Exercícios sem marca d'água/Barra curvada sobre a remada.gif","https://raw.githubusercontent.com/brunofs3221/fortyn-exercise-media-extra/main/gifs/Exerc%C3%ADcios%20sem%20marca%20d'%C3%A1gua/Barra%20curvada%20sobre%20a%20remada.gif","C:\Users\bruno\Downloads\Exercicios renomeados\Remada curvada com barra","MIGRADO_FONTE_REVISADA"
"media_a3cbee62cceb6c45afe3","Remada curvada com barra","Remada curvada com barra","Mantenha a coluna neutra e o tronco estável na posição mostrada. Puxe a carga em direção ao abdômen ou às costelas, levando os cotovelos para trás e aproximando as escápulas. Retorne lentamente até estender os braços, evitando impulso e movimentos bruscos do tronco.","Costas","Bíceps | Barra | Academia | Casa","Costas","Bíceps","Musculação","Barra","Academia | Casa","Intermediário","gifs/costas/Barra curvada sobre a remada.gif","https://raw.githubusercontent.com/brunofs3221/fortyn-exercise-media-extra/main/gifs/costas/Barra%20curvada%20sobre%20a%20remada.gif","","SEM_FONTE_REVISADA"
"media_f0f4901a1ab278ca1c1b","Remada curvada com barra","","Remada livre executada com o tronco inclinado e uma barra segurada à frente das pernas. A barra é puxada em direção ao abdômen por extensão do ombro e flexão do cotovelo, recrutando principalmente dorsal, romboides e trapézio médio, enquanto quadril e core sustentam a inclinação.","Costas","barra | anilhas | academia | casa com barra e anilhas","Costas","","Musculação","barra | anilhas","academia | casa com barra e anilhas","","gifs/exercícios-de-costas/Barra curvada sobre a remada.gif","https://raw.githubusercontent.com/brunofs3221/fortyn-exercise-media-extra/main/gifs/exerc%C3%ADcios-de-costas/Barra%20curvada%20sobre%20a%20remada.gif","","SEM_FONTE_REVISADA"
"media_5b7037313a69fbce7f82","Remada curvada com barra com pegada supinada","Remada curvada com barra com pegada supinada","Mantenha a coluna neutra e o tronco estável na posição mostrada. Puxe a carga em direção ao abdômen ou às costelas, levando os cotovelos para trás e aproximando as escápulas. Retorne lentamente até estender os braços, evitando impulso e movimentos bruscos do tronco.","Costas","Barra | Bíceps","Costas","Bíceps","Musculação","Barra","Academia | Casa","Intermediário","gifs/costas/Inverso grip com barra remada.gif","https://raw.githubusercontent.com/brunofs3221/fortyn-exercise-media-extra/main/gifs/costas/Inverso%20grip%20com%20barra%20remada.gif","C:\Users\bruno\Downloads\Exercicios renomeados\Remada curvada com barra com pegada supinada","MIGRADO_FONTE_REVISADA"
"media_4ba9926bbde9eca6b283","Remada curvada com elástico","Remada curvada com elástico","Mantenha o tronco firme e inicie puxando os cotovelos para trás. Traga a carga ou o pegador em direção ao tronco sem elevar os ombros, aproximando as escápulas no final. Retorne lentamente até os braços se estenderem.","Costas","Elástico | Bíceps | Academia","Costas","Bíceps","Musculação","Elástico","Academia","Iniciante","gifs/Exercícios sem marca d'água/exercicios_renomeados_pt_br/022_remada_curvada_com_elastico.gif","https://raw.githubusercontent.com/brunofs3221/fortyn-exercise-media-extra/main/gifs/Exerc%C3%ADcios%20sem%20marca%20d'%C3%A1gua/exercicios_renomeados_pt_br/022_remada_curvada_com_elastico.gif","C:\Users\bruno\Downloads\Exercicios renomeados\Remada curvada com elástico","MIGRADO_FONTE_REVISADA"
"media_a28cf3b2774515d7458b","Remada curvada com halteres","Remada curvada com halteres","Mantenha a coluna neutra e o tronco estável na posição mostrada. Puxe a carga em direção ao abdômen ou às costelas, levando os cotovelos para trás e aproximando as escápulas. Retorne lentamente até estender os braços, evitando impulso e movimentos bruscos do tronco.","Costas","Bíceps | Halteres | Academia | Casa","Costas","Bíceps","Musculação","Halteres","Academia | Casa","Intermediário","gifs/costas/Curvado sobre a remada com halteres.gif","https://raw.githubusercontent.com/brunofs3221/fortyn-exercise-media-extra/main/gifs/costas/Curvado%20sobre%20a%20remada%20com%20halteres.gif","","SEM_FONTE_REVISADA"
"media_de98dd9b70cd2ad18bf8","Remada curvada com halteres","Remada curvada com halteres","Mantenha o tronco firme e inicie puxando os cotovelos para trás. Traga a carga ou o pegador em direção ao tronco sem elevar os ombros, aproximando as escápulas no final. Retorne lentamente até os braços se estenderem.","Costas","Halteres | Bíceps | Academia","Costas","Bíceps","Musculação","Halteres","Academia","Intermediário","gifs/Exercícios sem marca d'água/Curvado sobre a remada com halteres.gif","https://raw.githubusercontent.com/brunofs3221/fortyn-exercise-media-extra/main/gifs/Exerc%C3%ADcios%20sem%20marca%20d'%C3%A1gua/Curvado%20sobre%20a%20remada%20com%20halteres.gif","C:\Users\bruno\Downloads\Exercicios renomeados\Remada curvada com halteres","MIGRADO_FONTE_REVISADA"
"media_147a87d35b05bd4cf7e7","Remada curvada com halteres - Variação 2","Remada curvada com halteres - Variação 2","Mantenha a coluna neutra e o tronco estável na posição mostrada. Puxe a carga em direção ao abdômen ou às costelas, levando os cotovelos para trás e aproximando as escápulas. Retorne lentamente até estender os braços, evitando impulso e movimentos bruscos do tronco.","Costas","Halteres | Bíceps","Costas","Bíceps","Musculação","Halteres","Casa | Academia","Intermediário","gifs/costas/Curvado sobre a remada com halteres - Variação 2.gif","https://raw.githubusercontent.com/brunofs3221/fortyn-exercise-media-extra/main/gifs/costas/Curvado%20sobre%20a%20remada%20com%20halteres%20-%20Varia%C3%A7%C3%A3o%202.gif","C:\Users\bruno\Downloads\Exercicios renomeados\Remada curvada com halteres - Variação 2","MIGRADO_FONTE_REVISADA"
"media_384500982ce5dcf083ed","Remada curvada na máquina Smith","Remada curvada na máquina Smith","Mantenha a coluna neutra e o tronco estável na posição mostrada. Puxe a carga em direção ao abdômen ou às costelas, levando os cotovelos para trás e aproximando as escápulas. Retorne lentamente até estender os braços, evitando impulso e movimentos bruscos do tronco.","Costas","Máquina | Bíceps","Costas","Bíceps","Musculação","Máquina","Academia","Intermediário","gifs/costas/Smith na máquina bent over remada.gif","https://raw.githubusercontent.com/brunofs3221/fortyn-exercise-media-extra/main/gifs/costas/Smith%20na%20m%C3%A1quina%20bent%20over%20remada.gif","C:\Users\bruno\Downloads\Exercicios renomeados\Remada curvada na máquina Smith","MIGRADO_FONTE_REVISADA"
"media_26ba00539d57e5e5b297","Remada curvada na polia baixa","Remada curvada na polia baixa","Mantenha a coluna neutra e o tronco estável na posição mostrada. Puxe a carga em direção ao abdômen ou às costelas, levando os cotovelos para trás e aproximando as escápulas. Retorne lentamente até estender os braços, evitando impulso e movimentos bruscos do tronco.","Costas","Polia/Cabo | Bíceps","Costas","Bíceps","Musculação","Polia/Cabo","Academia","Intermediário","gifs/costas/Medicine ball sit up throw.gif","https://raw.githubusercontent.com/brunofs3221/fortyn-exercise-media-extra/main/gifs/costas/Medicine%20ball%20sit%20up%20throw.gif","C:\Users\bruno\Downloads\Exercicios renomeados\Remada curvada na polia baixa","MIGRADO_FONTE_REVISADA"
"media_90a5fc3282ba1e4eb182","Remada inclinada 45° com halteres","Remada com halteres no banco inclinado","Mantenha o tronco firme e inicie puxando os cotovelos para trás. Traga a carga ou o pegador em direção ao tronco sem elevar os ombros, aproximando as escápulas no final. Retorne lentamente até os braços se estenderem.","Costas","Halteres | Bíceps | Academia","Costas","Bíceps","Musculação","Halteres","Academia","Intermediário","gifs/Exercícios sem marca d'água/Remada inclinada de 45 graus.gif","https://raw.githubusercontent.com/brunofs3221/fortyn-exercise-media-extra/main/gifs/Exerc%C3%ADcios%20sem%20marca%20d'%C3%A1gua/Remada%20inclinada%20de%2045%20graus.gif","C:\Users\bruno\Downloads\Exercicios renomeados\Remada inclinada 45° com halteres","MIGRADO_FONTE_REVISADA"
"media_22f0c0c35d00a2c21360","Remada invertida","Remada invertida","Posicione-se sob a barra com o corpo alinhado e os calcanhares apoiados. Mantendo abdômen e glúteos contraídos, puxe o peito em direção à barra levando os cotovelos para trás. Abaixe o corpo de forma controlada até estender os braços sem deixar o quadril cair.","Costas","Bíceps | Academia | Casa","Costas","Bíceps","Musculação","","Academia | Casa","Intermediário","gifs/costas/Remada invertida.gif","https://raw.githubusercontent.com/brunofs3221/fortyn-exercise-media-extra/main/gifs/costas/Remada%20invertida.gif","","SEM_FONTE_REVISADA"
"media_88705ad1ef0e1ab140ba","Remada invertida","Remada invertida na barra","Mantenha o tronco firme e inicie puxando os cotovelos para trás. Traga a carga ou o pegador em direção ao tronco sem elevar os ombros, aproximando as escápulas no final. Retorne lentamente até os braços se estenderem.","Costas","Bíceps | Sem aparelhos | Casa","Costas","Bíceps","Musculação","Sem aparelhos","Casa","Intermediário","gifs/Exercícios sem marca d'água/Remada invertida.gif","https://raw.githubusercontent.com/brunofs3221/fortyn-exercise-media-extra/main/gifs/Exerc%C3%ADcios%20sem%20marca%20d'%C3%A1gua/Remada%20invertida.gif","C:\Users\bruno\Downloads\Exercicios renomeados\Remada invertida","MIGRADO_FONTE_REVISADA"
"media_b150a8c0887a0169e239","Remada invertida na mesa","Remada invertida sob mesa","Mantenha o tronco firme e inicie puxando os cotovelos para trás. Traga a carga ou o pegador em direção ao tronco sem elevar os ombros, aproximando as escápulas no final. Retorne lentamente até os braços se estenderem.","Costas","Bíceps | Sem aparelhos | Casa","Costas","Bíceps","Musculação","Sem aparelhos","Casa","Iniciante","gifs/Exercícios sem marca d'água/Remada invertida da tabela.gif","https://raw.githubusercontent.com/brunofs3221/fortyn-exercise-media-extra/main/gifs/Exerc%C3%ADcios%20sem%20marca%20d'%C3%A1gua/Remada%20invertida%20da%20tabela.gif","C:\Users\bruno\Downloads\Exercicios renomeados\Remada invertida na mesa","MIGRADO_FONTE_REVISADA"
"media_18542a5796c799e71ead","Remada landmine com barra","Remada landmine com barra","Mantenha a coluna neutra e o tronco estável na posição mostrada. Puxe a carga em direção ao abdômen ou às costelas, levando os cotovelos para trás e aproximando as escápulas. Retorne lentamente até estender os braços, evitando impulso e movimentos bruscos do tronco.","Costas","Barra | Bíceps","Costas","Bíceps","Musculação","Barra","Academia","Intermediário","gifs/costas/Remada da barra t - Variação 2.gif","https://raw.githubusercontent.com/brunofs3221/fortyn-exercise-media-extra/main/gifs/costas/Remada%20da%20barra%20t%20-%20Varia%C3%A7%C3%A3o%202.gif","C:\Users\bruno\Downloads\Exercicios renomeados\Remada landmine com barra","MIGRADO_FONTE_REVISADA"
"media_43f45c654ebaccf9240b","Remada landmine unilateral","Remada landmine unilateral","Ajuste o corpo e o apoio conforme o GIF, mantendo a coluna neutra. Com um braço, puxe a carga em direção ao quadril ou às costelas, levando o cotovelo para trás e aproximando a escápula. Abaixe ou solte o cabo lentamente até estender o braço e repita sem girar excessivamente o tronco.","Costas","Bíceps | Barra | Academia","Costas","Bíceps","Musculação","Barra","Academia","Intermediário","gifs/costas/Remada da barra t.gif","https://raw.githubusercontent.com/brunofs3221/fortyn-exercise-media-extra/main/gifs/costas/Remada%20da%20barra%20t.gif","","SEM_FONTE_REVISADA"
"media_ff1549446f145f43ed94","Remada landmine unilateral","Remada landmine unilateral","Mantenha o tronco firme e inicie puxando os cotovelos para trás. Traga a carga ou o pegador em direção ao tronco sem elevar os ombros, aproximando as escápulas no final. Retorne lentamente até os braços se estenderem.","Costas","Barra | Bíceps | Academia","Costas","Bíceps","Musculação","Barra","Academia","Avançado","gifs/Exercícios sem marca d'água/Remada landmine de um braço.gif","https://raw.githubusercontent.com/brunofs3221/fortyn-exercise-media-extra/main/gifs/Exerc%C3%ADcios%20sem%20marca%20d'%C3%A1gua/Remada%20landmine%20de%20um%20bra%C3%A7o.gif","C:\Users\bruno\Downloads\Exercicios renomeados\Remada landmine unilateral","MIGRADO_FONTE_REVISADA"
"media_62ee9625e90576449ff9","Remada na máquina com pegada supinada","Remada na máquina com pegada supinada","Mantenha a coluna neutra e o tronco estável na posição mostrada. Puxe a carga em direção ao abdômen ou às costelas, levando os cotovelos para trás e aproximando as escápulas. Retorne lentamente até estender os braços, evitando impulso e movimentos bruscos do tronco.","Costas","Máquina | Bíceps","Costas","Bíceps","Musculação","Máquina","Academia","Iniciante","gifs/costas/Inverso grip na máquina remada.gif","https://raw.githubusercontent.com/brunofs3221/fortyn-exercise-media-extra/main/gifs/costas/Inverso%20grip%20na%20m%C3%A1quina%20remada.gif","C:\Users\bruno\Downloads\Exercicios renomeados\Remada na máquina com pegada supinada","MIGRADO_FONTE_REVISADA"
"media_11ec0c5a19f04fad3adb","Remada na postura do barco (Yoga)","Postura do barco com remada","Entre na posição de Remada na postura do barco (Yoga) de forma controlada. Ajuste o corpo até sentir um alongamento confortável na região trabalhada, mantenha a respiração normal e evite rebotes. Retorne lentamente e repita do outro lado quando necessário.","Alongamento","Sem aparelhos | Casa","Alongamento","","Alongamento","Sem aparelhos","Casa","Intermediário","gifs/Exercícios sem marca d'água/Nauka sanchalanasan remando na postura do barco.gif","https://raw.githubusercontent.com/brunofs3221/fortyn-exercise-media-extra/main/gifs/Exerc%C3%ADcios%20sem%20marca%20d'%C3%A1gua/Nauka%20sanchalanasan%20remando%20na%20postura%20do%20barco.gif","C:\Users\bruno\Downloads\Exercicios renomeados\Remada na postura do barco (Yoga)","MIGRADO_FONTE_REVISADA"
"media_f5df191436df4a0e7ae1","Remada para deltoide posterior apoiada no banco inclinado","Remada para deltoide posterior apoiada no banco inclinado","Mantenha o tronco inclinado e apoiado quando houver banco. Puxe o peso conduzindo os cotovelos abertos para os lados, em direção à linha dos ombros, enfatizando a parte posterior dos ombros. Desça lentamente sem girar o tronco.","Ombros","Banco | Academia","Ombros","","Musculação","Banco","Academia","Intermediário","gifs/ombros/Elevações laterais apoiadas no peito com halteres - Variação 2.gif","https://raw.githubusercontent.com/brunofs3221/fortyn-exercise-media-extra/main/gifs/ombros/Eleva%C3%A7%C3%B5es%20laterais%20apoiadas%20no%20peito%20com%20halteres%20-%20Varia%C3%A7%C3%A3o%202.gif","C:\Users\bruno\Downloads\Exercicios renomeados\Remada para deltoide posterior apoiada no banco inclinado","MIGRADO_FONTE_REVISADA"
"media_ae818b5bf5bef7bbec48","Remada para deltoide posterior com halteres","Remada unilateral com halter para deltoide posterior","Mantenha o tronco estável e os cotovelos levemente flexionados. Abra os braços para os lados ou para trás conforme a trajetória mostrada, contraindo a parte posterior dos ombros sem encolher o trapézio. Retorne lentamente.","Ombros","Halteres | Academia","Ombros","","Musculação","Halteres","Academia","Intermediário","gifs/Exercícios sem marca d'água/Remada delt traseira com halteres.gif","https://raw.githubusercontent.com/brunofs3221/fortyn-exercise-media-extra/main/gifs/Exerc%C3%ADcios%20sem%20marca%20d'%C3%A1gua/Remada%20delt%20traseira%20com%20halteres.gif","C:\Users\bruno\Downloads\Exercicios renomeados\Remada para deltoide posterior com halteres","MIGRADO_FONTE_REVISADA"
"media_c904403f4f6f1d257126","Remada para deltoide posterior com halteres sentado e inclinado","Remada para deltoide posterior com halteres sentado e inclinado","Mantenha o tronco inclinado e apoiado quando houver banco. Puxe o peso conduzindo os cotovelos abertos para os lados, em direção à linha dos ombros, enfatizando a parte posterior dos ombros. Desça lentamente sem girar o tronco.","Ombros","Halteres | Banco | Academia","Ombros","","Musculação","Halteres | Banco","Academia","Iniciante","gifs/ombros/Prensa de ombro para máquina smith.gif","https://raw.githubusercontent.com/brunofs3221/fortyn-exercise-media-extra/main/gifs/ombros/Prensa%20de%20ombro%20para%20m%C3%A1quina%20smith.gif","C:\Users\bruno\Downloads\Exercicios renomeados\Remada para deltoide posterior com halteres sentado e inclinado","MIGRADO_FONTE_REVISADA"
"media_bee29674c2de50f09eb8","Remada para deltoide posterior sentado com halteres","Crucifixo inverso com halteres sentado","Mantenha o tronco estável e os cotovelos levemente flexionados. Abra os braços para os lados ou para trás conforme a trajetória mostrada, contraindo a parte posterior dos ombros sem encolher o trapézio. Retorne lentamente.","Ombros","Halteres | Academia","Ombros","","Musculação","Halteres","Academia","Iniciante","gifs/Exercícios sem marca d'água/Haltere sentado curvado sobre a remada delt traseira.gif","https://raw.githubusercontent.com/brunofs3221/fortyn-exercise-media-extra/main/gifs/Exerc%C3%ADcios%20sem%20marca%20d'%C3%A1gua/Haltere%20sentado%20curvado%20sobre%20a%20remada%20delt%20traseira.gif","C:\Users\bruno\Downloads\Exercicios renomeados\Remada para deltoide posterior sentado com halteres","MIGRADO_FONTE_REVISADA"
"media_fc1d0cf9959a6a94b3a9","Remada renegade com halteres","Remada renegade com halteres","Comece em prancha alta apoiado sobre os halteres, com os pés afastados para dar estabilidade. Mantendo o quadril o mais parado possível, puxe um halter em direção às costelas e retorne ao chão. Alterne os lados sem girar excessivamente o tronco nem perder o alinhamento corporal.","Costas","Halteres | Bíceps","Costas","Bíceps","Musculação","Halteres","Academia | Casa","Avançado","gifs/costas/Flexão de braços to renegade remada.gif","https://raw.githubusercontent.com/brunofs3221/fortyn-exercise-media-extra/main/gifs/costas/Flex%C3%A3o%20de%20bra%C3%A7os%20to%20renegade%20remada.gif","C:\Users\bruno\Downloads\Exercicios renomeados\Remada renegade com halteres","MIGRADO_FONTE_REVISADA"
"media_5948b2d2e6bc470d40d8","Remada sentada na máquina com anilhas","Remada sentada na máquina com anilhas","Sente-se com os pés firmes, peito aberto e coluna neutra. Puxe o pegador em direção ao abdômen ou às costelas conduzindo os cotovelos para trás e aproximando as escápulas. Retorne de forma controlada até estender os braços sem arredondar excessivamente a lombar.","Costas","Máquina | Bíceps","Costas","Bíceps","Musculação","Máquina","Academia","Iniciante","gifs/costas/Plate loaded sentado remada.gif","https://raw.githubusercontent.com/brunofs3221/fortyn-exercise-media-extra/main/gifs/costas/Plate%20loaded%20sentado%20remada.gif","C:\Users\bruno\Downloads\Exercicios renomeados\Remada sentada na máquina com anilhas","MIGRADO_FONTE_REVISADA"
"media_fde05dfd31b685841b01","Remada sentada na polia baixa","Remada sentada na polia baixa","Sente-se com os pés firmes, peito aberto e coluna neutra. Puxe o pegador em direção ao abdômen ou às costelas conduzindo os cotovelos para trás e aproximando as escápulas. Retorne de forma controlada até estender os braços sem arredondar excessivamente a lombar.","Costas","Polia/Cabo | Bíceps","Costas","Bíceps","Musculação","Polia/Cabo","Academia","Iniciante","gifs/costas/Fileira de cabos sentado - Variação 2.gif","https://raw.githubusercontent.com/brunofs3221/fortyn-exercise-media-extra/main/gifs/costas/Fileira%20de%20cabos%20sentado%20-%20Varia%C3%A7%C3%A3o%202.gif","C:\Users\bruno\Downloads\Exercicios renomeados\Remada sentada na polia baixa","MIGRADO_FONTE_REVISADA"
"media_39e3a845ad7945f84cbf","Remada sentada na polia com pegada aberta","Remada sentada na polia com pegada aberta","Sente-se com os pés firmes, peito aberto e coluna neutra. Puxe o pegador em direção ao abdômen ou às costelas conduzindo os cotovelos para trás e aproximando as escápulas. Retorne de forma controlada até estender os braços sem arredondar excessivamente a lombar.","Costas","Polia/Cabo | Bíceps","Costas","Bíceps","Musculação","Polia/Cabo","Academia","Iniciante","gifs/costas/Fileira de cabos sentado - Variação 3.gif","https://raw.githubusercontent.com/brunofs3221/fortyn-exercise-media-extra/main/gifs/costas/Fileira%20de%20cabos%20sentado%20-%20Varia%C3%A7%C3%A3o%203.gif","C:\Users\bruno\Downloads\Exercicios renomeados\Remada sentada na polia com pegada aberta","MIGRADO_FONTE_REVISADA"
"media_79597714423c1f3f7fd4","Remada sentada na polia com pegada neutra","Remada sentada na polia com pegada neutra","Sente-se com os pés firmes, peito aberto e coluna neutra. Puxe o pegador em direção ao abdômen ou às costelas conduzindo os cotovelos para trás e aproximando as escápulas. Retorne de forma controlada até estender os braços sem arredondar excessivamente a lombar.","Costas","Polia/Cabo | Bíceps","Costas","Bíceps","Musculação","Polia/Cabo","Academia","Iniciante","gifs/costas/Fileira de cabos sentado.gif","https://raw.githubusercontent.com/brunofs3221/fortyn-exercise-media-extra/main/gifs/costas/Fileira%20de%20cabos%20sentado.gif","C:\Users\bruno\Downloads\Exercicios renomeados\Remada sentada na polia com pegada neutra","MIGRADO_FONTE_REVISADA"
"media_82439bffc0663be5dc4b","Remada sentada no cabo","Remada baixa na polia","Mantenha o tronco firme e inicie puxando os cotovelos para trás. Traga a carga ou o pegador em direção ao tronco sem elevar os ombros, aproximando as escápulas no final. Retorne lentamente até os braços se estenderem.","Costas","Polia/Cabo | Bíceps | Academia","Costas","Bíceps","Musculação","Polia/Cabo","Academia","Iniciante","gifs/Exercícios sem marca d'água/Fileira de cabos sentado.gif","https://raw.githubusercontent.com/brunofs3221/fortyn-exercise-media-extra/main/gifs/Exerc%C3%ADcios%20sem%20marca%20d'%C3%A1gua/Fileira%20de%20cabos%20sentado.gif","C:\Users\bruno\Downloads\Exercicios renomeados\Remada sentada no cabo","MIGRADO_FONTE_REVISADA"
"media_272cc43f6cedb3c96a06","Remada sentada no cabo - variação 2","Remada sentada na polia com pegada aberta","Mantenha o tronco firme e inicie puxando os cotovelos para trás. Traga a carga ou o pegador em direção ao tronco sem elevar os ombros, aproximando as escápulas no final. Retorne lentamente até os braços se estenderem.","Costas","Polia/Cabo | Bíceps | Academia","Costas","Bíceps","Musculação","Polia/Cabo","Academia","Iniciante","gifs/Exercícios sem marca d'água/Fileira de cabos sentado - Variação 2.gif","https://raw.githubusercontent.com/brunofs3221/fortyn-exercise-media-extra/main/gifs/Exerc%C3%ADcios%20sem%20marca%20d'%C3%A1gua/Fileira%20de%20cabos%20sentado%20-%20Varia%C3%A7%C3%A3o%202.gif","C:\Users\bruno\Downloads\Exercicios renomeados\Remada sentada no cabo - variação 2","MIGRADO_FONTE_REVISADA"
"media_1e2e7d7e86809bff2aad","Remada supinada com halteres apoiado no banco inclinado","Remada supinada com halteres apoiado no banco inclinado","Apoie o peito no banco conforme o GIF e deixe os braços estendidos com a carga. Puxe os cotovelos para trás trazendo a barra ou os halteres em direção ao banco, contraindo as costas. Desça lentamente até os braços estenderem novamente, mantendo o peito apoiado e o pescoço neutro.","Costas","Halteres | Banco | Bíceps","Costas","Bíceps","Musculação","Halteres | Banco","Academia | Casa","Intermediário","gifs/costas/Inclinado inverso grip com halteres remada.gif","https://raw.githubusercontent.com/brunofs3221/fortyn-exercise-media-extra/main/gifs/costas/Inclinado%20inverso%20grip%20com%20halteres%20remada.gif","C:\Users\bruno\Downloads\Exercicios renomeados\Remada supinada com halteres apoiado no banco inclinado","MIGRADO_FONTE_REVISADA"
"media_a2d34b882390b26b0d59","Remada T","Remada cavalinho com barra","Mantenha o tronco firme e inicie puxando os cotovelos para trás. Traga a carga ou o pegador em direção ao tronco sem elevar os ombros, aproximando as escápulas no final. Retorne lentamente até os braços se estenderem.","Costas","Barra | Bíceps | Academia","Costas","Bíceps","Musculação","Barra","Academia","Intermediário","gifs/Exercícios sem marca d'água/Remada da barra t.gif","https://raw.githubusercontent.com/brunofs3221/fortyn-exercise-media-extra/main/gifs/Exerc%C3%ADcios%20sem%20marca%20d'%C3%A1gua/Remada%20da%20barra%20t.gif","C:\Users\bruno\Downloads\Exercicios renomeados\Remada T","MIGRADO_FONTE_REVISADA"
"media_b1ca40dc7c8cde693421","Remada T-bar com apoio peitoral","Remada T-bar com apoio peitoral","Apoie o peito no banco conforme o GIF e deixe os braços estendidos com a carga. Puxe os cotovelos para trás trazendo a barra ou os halteres em direção ao banco, contraindo as costas. Desça lentamente até os braços estenderem novamente, mantendo o peito apoiado e o pescoço neutro.","Costas","Barra | Banco | Bíceps","Costas","Bíceps","Musculação","Barra | Banco","Academia","Intermediário","gifs/costas/Lever inverso t bar remada.gif","https://raw.githubusercontent.com/brunofs3221/fortyn-exercise-media-extra/main/gifs/costas/Lever%20inverso%20t%20bar%20remada.gif","C:\Users\bruno\Downloads\Exercicios renomeados\Remada T-bar com apoio peitoral","MIGRADO_FONTE_REVISADA"
"media_107c9a3e32712c782ed3","Remada unilateral ajoelhada na polia alta","Puxada alta unilateral ajoelhada na polia","Mantenha o tronco firme e inicie puxando os cotovelos para trás. Traga a carga ou o pegador em direção ao tronco sem elevar os ombros, aproximando as escápulas no final. Retorne lentamente até os braços se estenderem.","Costas","Polia/Cabo | Bíceps | Academia","Costas","Bíceps","Musculação","Polia/Cabo","Academia","Intermediário","gifs/Exercícios sem marca d'água/Remada ajoelhada com polia alta com braço único.gif","https://raw.githubusercontent.com/brunofs3221/fortyn-exercise-media-extra/main/gifs/Exerc%C3%ADcios%20sem%20marca%20d'%C3%A1gua/Remada%20ajoelhada%20com%20polia%20alta%20com%20bra%C3%A7o%20%C3%BAnico.gif","C:\Users\bruno\Downloads\Exercicios renomeados\Remada unilateral ajoelhada na polia alta","MIGRADO_FONTE_REVISADA"
"media_539a76dbe8a199c15242","Remada unilateral com barra","Remada unilateral no landmine","Mantenha o tronco firme e inicie puxando os cotovelos para trás. Traga a carga ou o pegador em direção ao tronco sem elevar os ombros, aproximando as escápulas no final. Retorne lentamente até os braços se estenderem.","Costas","Barra | Bíceps | Academia","Costas","Bíceps","Musculação","Barra","Academia","Intermediário","gifs/Exercícios sem marca d'água/Remada com barra de um braço.gif","https://raw.githubusercontent.com/brunofs3221/fortyn-exercise-media-extra/main/gifs/Exerc%C3%ADcios%20sem%20marca%20d'%C3%A1gua/Remada%20com%20barra%20de%20um%20bra%C3%A7o.gif","C:\Users\bruno\Downloads\Exercicios renomeados\Remada unilateral com barra","MIGRADO_FONTE_REVISADA"
"media_70e8341c906aa067cf67","Remada unilateral com halter","Remada unilateral com halter no banco","Mantenha o tronco firme e inicie puxando os cotovelos para trás. Traga a carga ou o pegador em direção ao tronco sem elevar os ombros, aproximando as escápulas no final. Retorne lentamente até os braços se estenderem.","Costas","Halteres | Bíceps | Academia","Costas","Bíceps","Musculação","Halteres","Academia","Iniciante","gifs/Exercícios sem marca d'água/Remada com halteres.gif","https://raw.githubusercontent.com/brunofs3221/fortyn-exercise-media-extra/main/gifs/Exerc%C3%ADcios%20sem%20marca%20d'%C3%A1gua/Remada%20com%20halteres.gif","C:\Users\bruno\Downloads\Exercicios renomeados\Remada unilateral com halter","MIGRADO_FONTE_REVISADA"
"media_2a82e2a24e045968a6b8","Remada unilateral com halter apoiado no banco","Remada unilateral com halter apoiado no banco","Ajuste o corpo e o apoio conforme o GIF, mantendo a coluna neutra. Com um braço, puxe a carga em direção ao quadril ou às costelas, levando o cotovelo para trás e aproximando a escápula. Abaixe ou solte o cabo lentamente até estender o braço e repita sem girar excessivamente o tronco.","Costas","Halteres | Banco | Bíceps","Costas","Bíceps","Musculação","Halteres | Banco","Academia | Casa","Iniciante","gifs/costas/Remada com halteres.gif","https://raw.githubusercontent.com/brunofs3221/fortyn-exercise-media-extra/main/gifs/costas/Remada%20com%20halteres.gif","C:\Users\bruno\Downloads\Exercicios renomeados\Remada unilateral com halter apoiado no banco","MIGRADO_FONTE_REVISADA"
"media_4586e6e53a3b70ff4723","Remada unilateral em pé na polia baixa","Remada unilateral em pé na polia baixa","Ajuste o corpo e o apoio conforme o GIF, mantendo a coluna neutra. Com um braço, puxe a carga em direção ao quadril ou às costelas, levando o cotovelo para trás e aproximando a escápula. Abaixe ou solte o cabo lentamente até estender o braço e repita sem girar excessivamente o tronco.","Costas","Polia/Cabo | Bíceps","Costas","Bíceps","Musculação","Polia/Cabo","Academia","Intermediário","gifs/costas/Fileira de cabos de um braço.gif","https://raw.githubusercontent.com/brunofs3221/fortyn-exercise-media-extra/main/gifs/costas/Fileira%20de%20cabos%20de%20um%20bra%C3%A7o.gif","C:\Users\bruno\Downloads\Exercicios renomeados\Remada unilateral em pé na polia baixa","MIGRADO_FONTE_REVISADA"
"media_faa2270f0850236ff1be","Remada unilateral em pé na polia baixa - Variação 2","Remada unilateral em pé na polia baixa - Variação 2","Ajuste o corpo e o apoio conforme o GIF, mantendo a coluna neutra. Com um braço, puxe a carga em direção ao quadril ou às costelas, levando o cotovelo para trás e aproximando a escápula. Abaixe ou solte o cabo lentamente até estender o braço e repita sem girar excessivamente o tronco.","Costas","Polia/Cabo | Bíceps","Costas","Bíceps","Musculação","Polia/Cabo","Academia","Intermediário","gifs/costas/Shotgun remada.gif","https://raw.githubusercontent.com/brunofs3221/fortyn-exercise-media-extra/main/gifs/costas/Shotgun%20remada.gif","C:\Users\bruno\Downloads\Exercicios renomeados\Remada unilateral em pé na polia baixa - Variação 2","MIGRADO_FONTE_REVISADA"
"media_02ef71c43439a1e4a024","Remada unilateral landmine","Remada unilateral landmine","Ajuste o corpo e o apoio conforme o GIF, mantendo a coluna neutra. Com um braço, puxe a carga em direção ao quadril ou às costelas, levando o cotovelo para trás e aproximando a escápula. Abaixe ou solte o cabo lentamente até estender o braço e repita sem girar excessivamente o tronco.","Costas","Barra | Bíceps","Costas","Bíceps","Musculação","Barra","Casa | Academia","Intermediário","gifs/costas/Top half barra fixa.gif","https://raw.githubusercontent.com/brunofs3221/fortyn-exercise-media-extra/main/gifs/costas/Top%20half%20barra%20fixa.gif","C:\Users\bruno\Downloads\Exercicios renomeados\Remada unilateral landmine","MIGRADO_FONTE_REVISADA"
"media_d438b53b179ce04571a1","Remada unilateral no cabo","Remada baixa em pé na polia","Mantenha o tronco firme e inicie puxando os cotovelos para trás. Traga a carga ou o pegador em direção ao tronco sem elevar os ombros, aproximando as escápulas no final. Retorne lentamente até os braços se estenderem.","Costas","Polia/Cabo | Bíceps | Academia","Costas","Bíceps","Musculação","Polia/Cabo","Academia","Intermediário","gifs/Exercícios sem marca d'água/Fileira de cabos de um braço.gif","https://raw.githubusercontent.com/brunofs3221/fortyn-exercise-media-extra/main/gifs/Exerc%C3%ADcios%20sem%20marca%20d'%C3%A1gua/Fileira%20de%20cabos%20de%20um%20bra%C3%A7o.gif","C:\Users\bruno\Downloads\Exercicios renomeados\Remada unilateral no cabo","MIGRADO_FONTE_REVISADA"
"media_4adad955f32ba3f9f7c2","Remada unilateral para deltoide posterior com halter apoiado no banco","Remada unilateral para deltoide posterior com halter apoiado no banco","Mantenha o tronco inclinado e apoiado quando houver banco. Puxe o peso conduzindo os cotovelos abertos para os lados, em direção à linha dos ombros, enfatizando a parte posterior dos ombros. Desça lentamente sem girar o tronco.","Ombros","Halteres | Banco | Academia","Ombros","","Musculação","Halteres | Banco","Academia","Intermediário","gifs/ombros/Remada delt traseira com halteres.gif","https://raw.githubusercontent.com/brunofs3221/fortyn-exercise-media-extra/main/gifs/ombros/Remada%20delt%20traseira%20com%20halteres.gif","C:\Users\bruno\Downloads\Exercicios renomeados\Remada unilateral para deltoide posterior com halter apoiado no banco","MIGRADO_FONTE_REVISADA"
"media_6e05b04914c74ad5dc82","Remada unilateral sentada na polia baixa","Remada unilateral sentada na polia baixa","Ajuste o corpo e o apoio conforme o GIF, mantendo a coluna neutra. Com um braço, puxe a carga em direção ao quadril ou às costelas, levando o cotovelo para trás e aproximando a escápula. Abaixe ou solte o cabo lentamente até estender o braço e repita sem girar excessivamente o tronco.","Costas","Polia/Cabo | Bíceps","Costas","Bíceps","Musculação","Polia/Cabo","Academia","Iniciante","gifs/costas/Fileira de cabos sentado - Variação 4.gif","https://raw.githubusercontent.com/brunofs3221/fortyn-exercise-media-extra/main/gifs/costas/Fileira%20de%20cabos%20sentado%20-%20Varia%C3%A7%C3%A3o%204.gif","C:\Users\bruno\Downloads\Exercicios renomeados\Remada unilateral sentada na polia baixa","MIGRADO_FONTE_REVISADA"
"media_71a8f5c1901cb77c3de0","Remo ergométrico","Remo ergométrico","Comece com os joelhos flexionados, braços estendidos e tronco ligeiramente inclinado à frente. Empurre primeiro com as pernas, depois estenda o quadril e finalize puxando a alça ao tronco. Retorne na ordem inversa de forma fluida.","Cardio","Máquina | Remo | Academia","Cardio","","Cardio","Máquina | Remo","Academia","Iniciante","gifs/Exercícios sem marca d'água/Máquina de remo.gif","https://raw.githubusercontent.com/brunofs3221/fortyn-exercise-media-extra/main/gifs/Exerc%C3%ADcios%20sem%20marca%20d'%C3%A1gua/M%C3%A1quina%20de%20remo.gif","C:\Users\bruno\Downloads\Exercicios renomeados\Remo ergométrico","MIGRADO_FONTE_REVISADA"
"media_e53f02d62dcd66c5b22c","Remo ergométrico","Remo ergométrico","Sente-se no remo ergométrico com os pés firmes nos apoios e segure a alça. Inicie empurrando com as pernas, depois incline levemente o tronco para trás e puxe a alça em direção à parte inferior das costelas. Para voltar, estenda os braços, incline o tronco à frente e só então flexione os joelhos, mantendo um ritmo contínuo.","Cardio","Costas | Remo | Máquina | Academia","Cardio","Costas","Cardio","Remo | Máquina","Academia","Iniciante","gifs/costas/Máquina de remo.gif","https://raw.githubusercontent.com/brunofs3221/fortyn-exercise-media-extra/main/gifs/costas/M%C3%A1quina%20de%20remo.gif","","SEM_FONTE_REVISADA"
"media_56adf8c69f69b2f105ea","Retração cervical (chin tuck)","Retração do queixo na parede","Mantenha o tronco imóvel e mova a cabeça lentamente na direção indicada. Quando houver resistência, use carga leve e mantenha uma amplitude controlada. Retorne sem movimentos bruscos e evite compensar elevando os ombros.","Pescoço","Sem aparelhos | Casa","Pescoço","","Musculação","Sem aparelhos","Casa","Iniciante","gifs/Exercícios sem marca d'água/Queixo dobrado.gif","https://raw.githubusercontent.com/brunofs3221/fortyn-exercise-media-extra/main/gifs/Exerc%C3%ADcios%20sem%20marca%20d'%C3%A1gua/Queixo%20dobrado.gif","C:\Users\bruno\Downloads\Exercicios renomeados\Retração cervical (chin tuck)","MIGRADO_FONTE_REVISADA"
"media_51411ff48659902d77cb","Retração escapular sentado","Retração escapular sentada","Mantenha o tronco estável e mova os braços ou as escápulas pela amplitude mostrada, sem compensar com a lombar. Faça o movimento de forma lenta e contínua, priorizando controle e amplitude confortável.","Mobilidade","Sem aparelhos | Casa","Mobilidade","","Mobilidade","Sem aparelhos","Casa","Iniciante","gifs/Exercícios sem marca d'água/Exercício de retração escapular sentado.gif","https://raw.githubusercontent.com/brunofs3221/fortyn-exercise-media-extra/main/gifs/Exerc%C3%ADcios%20sem%20marca%20d'%C3%A1gua/Exerc%C3%ADcio%20de%20retra%C3%A7%C3%A3o%20escapular%20sentado.gif","C:\Users\bruno\Downloads\Exercicios renomeados\Retração escapular sentado","MIGRADO_FONTE_REVISADA"
"media_fc904d9b551b3669ffeb","Rolando como uma bola (Pilates)","Rolando como uma bola","Mantenha o abdômen contraído e a lombar controlada. Aproxime tronco e pernas conforme a variação mostrada, soltando o ar na fase de maior contração. Retorne lentamente, sem usar impulso do pescoço ou dos braços.","Abdômen/Core","Bola | Academia","Abdômen/Core","","Musculação","Bola","Academia","Intermediário","gifs/Exercícios sem marca d'água/Rolando como uma bola.gif","https://raw.githubusercontent.com/brunofs3221/fortyn-exercise-media-extra/main/gifs/Exerc%C3%ADcios%20sem%20marca%20d'%C3%A1gua/Rolando%20como%20uma%20bola.gif","C:\Users\bruno\Downloads\Exercicios renomeados\Rolando como uma bola (Pilates)","MIGRADO_FONTE_REVISADA"
"media_d300e51d0cbd52f57552","Rollout com barra","Abdominal com barra","Ajoelhe-se e apoie as mãos na roda, barra ou bola indicada. Contraia abdômen e glúteos e deslize o apoio para a frente, mantendo o tronco firme e evitando arquear a lombar. Vá até a amplitude que consegue controlar e puxe o apoio de volta para retornar.","Abdômen/Core","Barra | Academia","Abdômen/Core","","Musculação","Barra","Academia","Avançado","gifs/Exercícios sem marca d'água/Rollout com barra.gif","https://raw.githubusercontent.com/brunofs3221/fortyn-exercise-media-extra/main/gifs/Exerc%C3%ADcios%20sem%20marca%20d'%C3%A1gua/Rollout%20com%20barra.gif","C:\Users\bruno\Downloads\Exercicios renomeados\Rollout com barra","MIGRADO_FONTE_REVISADA"
"media_daf7ec440113b9950d5c","Rollout com barra ajoelhado","Rollout com barra ajoelhado","Ajoelhe-se e apoie as mãos na roda, barra ou bola indicada. Contraia abdômen e glúteos e deslize o apoio para a frente, mantendo o tronco firme e evitando arquear a lombar. Vá até a amplitude que consegue controlar e puxe o apoio de volta para retornar.","Abdômen/Core","Barra | Academia","Abdômen/Core","","Musculação","Barra","Academia","Avançado","gifs/abdominais/Lançamento de barra.gif","https://raw.githubusercontent.com/brunofs3221/fortyn-exercise-media-extra/main/gifs/abdominais/Lan%C3%A7amento%20de%20barra.gif","C:\Users\bruno\Downloads\Exercicios renomeados\Rollout com barra ajoelhado","MIGRADO_FONTE_REVISADA"
"media_6b9f898639f6fa0b72fb","Rollout com barra em pé","Rollout com barra em pé","Ajoelhe-se e apoie as mãos na roda, barra ou bola indicada. Contraia abdômen e glúteos e deslize o apoio para a frente, mantendo o tronco firme e evitando arquear a lombar. Vá até a amplitude que consegue controlar e puxe o apoio de volta para retornar.","Abdômen/Core","Barra | Academia","Abdômen/Core","","Musculação","Barra","Academia","Avançado","gifs/abdominais/Torção de mina terrestre.gif","https://raw.githubusercontent.com/brunofs3221/fortyn-exercise-media-extra/main/gifs/abdominais/Tor%C3%A7%C3%A3o%20de%20mina%20terrestre.gif","C:\Users\bruno\Downloads\Exercicios renomeados\Rollout com barra em pé","MIGRADO_FONTE_REVISADA"
"media_a4b7650f5f4c160cf146","Rollout na bola suíça","Rollout ajoelhado com bola suíça","Ajoelhe-se e apoie as mãos na roda, barra ou bola indicada. Contraia abdômen e glúteos e deslize o apoio para a frente, mantendo o tronco firme e evitando arquear a lombar. Vá até a amplitude que consegue controlar e puxe o apoio de volta para retornar.","Abdômen/Core","Bola | Academia","Abdômen/Core","","Musculação","Bola","Academia","Intermediário","gifs/Exercícios sem marca d'água/Lançamento da bola suíça.gif","https://raw.githubusercontent.com/brunofs3221/fortyn-exercise-media-extra/main/gifs/Exerc%C3%ADcios%20sem%20marca%20d'%C3%A1gua/Lan%C3%A7amento%20da%20bola%20su%C3%AD%C3%A7a.gif","C:\Users\bruno\Downloads\Exercicios renomeados\Rollout na bola suíça","MIGRADO_FONTE_REVISADA"
"media_2a614ed29e66ebd08d10","Rolo de punho","Rolo de punho","Apoie ou estabilize o antebraço e mova principalmente o punho ou a pegada conforme a variação. Faça a contração sem usar impulso do braço e retorne devagar para trabalhar toda a amplitude.","Antebraços","Sem aparelhos | Casa","Antebraços","","Musculação","Sem aparelhos","Casa","Intermediário","gifs/Exercícios sem marca d'água/Rolo de pulso.gif","https://raw.githubusercontent.com/brunofs3221/fortyn-exercise-media-extra/main/gifs/Exerc%C3%ADcios%20sem%20marca%20d'%C3%A1gua/Rolo%20de%20pulso.gif","C:\Users\bruno\Downloads\Exercicios renomeados\Rolo de punho","MIGRADO_FONTE_REVISADA"
"media_a73798a1a20546c94d6d","Rosca alternada com halteres","Rosca alternada com halteres","Mantenha o braço estável e flexione o cotovelo trazendo a carga em direção ao ombro. Evite balançar o tronco ou projetar o cotovelo para ganhar impulso. Estenda o braço novamente de forma lenta até a posição inicial.","Bíceps","Halteres | Academia","Bíceps","","Musculação","Halteres","Academia","Iniciante","gifs/biceps/Na polia rosca.gif","https://raw.githubusercontent.com/brunofs3221/fortyn-exercise-media-extra/main/gifs/biceps/Na%20polia%20rosca.gif","C:\Users\bruno\Downloads\Exercicios renomeados\Rosca alternada com halteres","MIGRADO_FONTE_REVISADA"
"media_8ec6607437010e9095bd","Rosca alternada com halteres em pé","Rosca alternada com halteres em pé","Mantenha o braço estável e flexione o cotovelo trazendo a carga em direção ao ombro. Evite balançar o tronco ou projetar o cotovelo para ganhar impulso. Estenda o braço novamente de forma lenta até a posição inicial.","Bíceps","Halteres | Academia","Bíceps","","Musculação","Halteres","Academia","Iniciante","gifs/biceps/Com barra alternate biceps rosca - Variação 2.gif","https://raw.githubusercontent.com/brunofs3221/fortyn-exercise-media-extra/main/gifs/biceps/Com%20barra%20alternate%20biceps%20rosca%20-%20Varia%C3%A7%C3%A3o%202.gif","C:\Users\bruno\Downloads\Exercicios renomeados\Rosca alternada com halteres em pé","MIGRADO_FONTE_REVISADA"
"media_22196ff20b74b8aacfd8","Rosca alternada com halteres usando arm blaster","Rosca alternada com halteres usando arm blaster","Mantenha o braço estável e flexione o cotovelo trazendo a carga em direção ao ombro. Evite balançar o tronco ou projetar o cotovelo para ganhar impulso. Estenda o braço novamente de forma lenta até a posição inicial.","Bíceps","Halteres | Academia","Bíceps","","Musculação","Halteres","Academia","Iniciante","gifs/biceps/Com barra alternate biceps rosca.gif","https://raw.githubusercontent.com/brunofs3221/fortyn-exercise-media-extra/main/gifs/biceps/Com%20barra%20alternate%20biceps%20rosca.gif","C:\Users\bruno\Downloads\Exercicios renomeados\Rosca alternada com halteres usando arm blaster","MIGRADO_FONTE_REVISADA"
"media_32aaa7e1c2b18c5be3e0","Rosca Bayesian unilateral na polia","Rosca Bayesian unilateral na polia","Fique à frente da polia baixa com o braço de trabalho ligeiramente atrás do tronco. Mantendo o ombro estável, flexione o cotovelo trazendo a mão em direção ao ombro. Retorne devagar até sentir o bíceps alongar, sem deixar o cotovelo avançar.","Bíceps","Polia/Cabo | Academia","Bíceps","","Musculação","Polia/Cabo","Academia","Intermediário","gifs/biceps/Na polia preacher rosca.gif","https://raw.githubusercontent.com/brunofs3221/fortyn-exercise-media-extra/main/gifs/biceps/Na%20polia%20preacher%20rosca.gif","C:\Users\bruno\Downloads\Exercicios renomeados\Rosca Bayesian unilateral na polia","MIGRADO_FONTE_REVISADA"
"media_f5fcc3ed6350b6cc6f96","Rosca bíceps acima da cabeça na polia sentado","Rosca bíceps acima da cabeça na polia sentado","Mantenha o braço estável e flexione o cotovelo trazendo a carga em direção ao ombro. Evite balançar o tronco ou projetar o cotovelo para ganhar impulso. Estenda o braço novamente de forma lenta até a posição inicial.","Bíceps","Polia/Cabo | Academia","Bíceps","","Musculação","Polia/Cabo","Academia","Intermediário","gifs/biceps/Overhead na polia rosca - Variação 2.gif","https://raw.githubusercontent.com/brunofs3221/fortyn-exercise-media-extra/main/gifs/biceps/Overhead%20na%20polia%20rosca%20-%20Varia%C3%A7%C3%A3o%202.gif","C:\Users\bruno\Downloads\Exercicios renomeados\Rosca bíceps acima da cabeça na polia sentado","MIGRADO_FONTE_REVISADA"
"media_361fb4216327a4904b83","Rosca bíceps de bruços no banco inclinado com barra","Rosca bíceps de bruços no banco inclinado com barra","Mantenha o braço estável e flexione o cotovelo trazendo a carga em direção ao ombro. Evite balançar o tronco ou projetar o cotovelo para ganhar impulso. Estenda o braço novamente de forma lenta até a posição inicial.","Bíceps","Barra | Banco | Academia","Bíceps","","Musculação","Barra | Banco","Academia","Intermediário","gifs/biceps/Prone inclinado biceps rosca.gif","https://raw.githubusercontent.com/brunofs3221/fortyn-exercise-media-extra/main/gifs/biceps/Prone%20inclinado%20biceps%20rosca.gif","C:\Users\bruno\Downloads\Exercicios renomeados\Rosca bíceps de bruços no banco inclinado com barra","MIGRADO_FONTE_REVISADA"
"media_8eb2acf7bf0e02757aab","Rosca bíceps na polia alta","Rosca bíceps na polia alta","Mantenha o braço estável e flexione o cotovelo trazendo a carga em direção ao ombro. Evite balançar o tronco ou projetar o cotovelo para ganhar impulso. Estenda o braço novamente de forma lenta até a posição inicial.","Bíceps","Polia/Cabo | Academia","Bíceps","","Musculação","Polia/Cabo","Academia","Intermediário","gifs/biceps/Overhead na polia rosca.gif","https://raw.githubusercontent.com/brunofs3221/fortyn-exercise-media-extra/main/gifs/biceps/Overhead%20na%20polia%20rosca.gif","C:\Users\bruno\Downloads\Exercicios renomeados\Rosca bíceps na polia alta","MIGRADO_FONTE_REVISADA"
"media_688de24f1c908a9fd5b6","Rosca bíceps sentado com halteres","Rosca bíceps sentado com halteres","Mantenha o braço estável e flexione o cotovelo trazendo a carga em direção ao ombro. Evite balançar o tronco ou projetar o cotovelo para ganhar impulso. Estenda o braço novamente de forma lenta até a posição inicial.","Bíceps","Halteres | Academia","Bíceps","","Musculação","Halteres","Academia","Iniciante","gifs/biceps/Na polia rosca - Variação 3.gif","https://raw.githubusercontent.com/brunofs3221/fortyn-exercise-media-extra/main/gifs/biceps/Na%20polia%20rosca%20-%20Varia%C3%A7%C3%A3o%203.gif","C:\Users\bruno\Downloads\Exercicios renomeados\Rosca bíceps sentado com halteres","MIGRADO_FONTE_REVISADA"
"media_392221853c7a10e0beb0","Rosca bíceps unilateral com halter","Rosca alternada com halteres","Mantenha o braço estável e flexione o cotovelo trazendo a carga em direção ao ombro. Evite balançar o tronco ou projetar o cotovelo para ganhar impulso. Estenda o braço novamente de forma lenta até a posição inicial.","Bíceps","Halteres | Academia","Bíceps","","Musculação","Halteres","Academia","Iniciante","gifs/Exercícios sem marca d'água/Rosca bíceps de um braço.gif","https://raw.githubusercontent.com/brunofs3221/fortyn-exercise-media-extra/main/gifs/Exerc%C3%ADcios%20sem%20marca%20d'%C3%A1gua/Rosca%20b%C3%ADceps%20de%20um%20bra%C3%A7o.gif","C:\Users\bruno\Downloads\Exercicios renomeados\Rosca bíceps unilateral com halter","MIGRADO_FONTE_REVISADA"
"media_5856756ca99d7fda6203","Rosca bíceps unilateral no cabo","Rosca unilateral na polia baixa","Mantenha o braço estável e flexione o cotovelo trazendo a carga em direção ao ombro. Evite balançar o tronco ou projetar o cotovelo para ganhar impulso. Estenda o braço novamente de forma lenta até a posição inicial.","Bíceps","Polia/Cabo | Academia","Bíceps","","Musculação","Polia/Cabo","Academia","Iniciante","gifs/Exercícios sem marca d'água/Enrolamento de cabo de um braço.gif","https://raw.githubusercontent.com/brunofs3221/fortyn-exercise-media-extra/main/gifs/Exerc%C3%ADcios%20sem%20marca%20d'%C3%A1gua/Enrolamento%20de%20cabo%20de%20um%20bra%C3%A7o.gif","C:\Users\bruno\Downloads\Exercicios renomeados\Rosca bíceps unilateral no cabo","MIGRADO_FONTE_REVISADA"
"media_427845c31b3370101bf7","Rosca concentração","Rosca concentração com halter","Mantenha o braço estável e flexione o cotovelo trazendo a carga em direção ao ombro. Evite balançar o tronco ou projetar o cotovelo para ganhar impulso. Estenda o braço novamente de forma lenta até a posição inicial.","Bíceps","Sem aparelhos | Casa","Bíceps","","Musculação","Sem aparelhos","Casa","Iniciante","gifs/Exercícios sem marca d'água/Ondulação de concentração.gif","https://raw.githubusercontent.com/brunofs3221/fortyn-exercise-media-extra/main/gifs/Exerc%C3%ADcios%20sem%20marca%20d'%C3%A1gua/Ondula%C3%A7%C3%A3o%20de%20concentra%C3%A7%C3%A3o.gif","C:\Users\bruno\Downloads\Exercicios renomeados\Rosca concentração","MIGRADO_FONTE_REVISADA"
"media_2a162a871adaebf5ad51","Rosca concentração com halter","Rosca concentração com halter","Sente-se, incline levemente o tronco à frente e apoie o cotovelo na parte interna da coxa. Flexione o cotovelo trazendo o halter em direção ao ombro sem mover o braço para frente. Desça devagar até quase estender o cotovelo e repita.","Bíceps","Halteres | Academia","Bíceps","","Musculação","Halteres","Academia","Iniciante","gifs/biceps/Atrás da rosca de punho com barra nas costas.gif","https://raw.githubusercontent.com/brunofs3221/fortyn-exercise-media-extra/main/gifs/biceps/Atr%C3%A1s%20da%20rosca%20de%20punho%20com%20barra%20nas%20costas.gif","C:\Users\bruno\Downloads\Exercicios renomeados\Rosca concentração com halter","MIGRADO_FONTE_REVISADA"
"media_b4b125b170a1911f98cb","Rosca de punho com barra apoiado no banco","Rosca de punho com barra apoiado no banco","Apoie ou estabilize o antebraço e mova principalmente o punho ou a pegada conforme a variação. Faça a contração sem usar impulso do braço e retorne devagar para trabalhar toda a amplitude.","Antebraços","Barra | Banco | Academia","Antebraços","","Musculação","Barra | Banco","Academia","Iniciante","gifs/antebraço/Rosca de punho com barra apoiado no banco.gif","https://raw.githubusercontent.com/brunofs3221/fortyn-exercise-media-extra/main/gifs/antebra%C3%A7o/Rosca%20de%20punho%20com%20barra%20apoiado%20no%20banco.gif","C:\Users\bruno\Downloads\Exercicios renomeados\Rosca de punho com barra apoiado no banco","MIGRADO_FONTE_REVISADA"
"media_7b503d2a8076d19a1fe3","Rosca de punho com barra atrás do corpo","Rosca de punho com barra por trás das costas","Apoie ou estabilize o antebraço e mova principalmente o punho ou a pegada conforme a variação. Faça a contração sem usar impulso do braço e retorne devagar para trabalhar toda a amplitude.","Antebraços","Barra | Academia","Antebraços","","Musculação","Barra","Academia","Iniciante","gifs/Exercícios sem marca d'água/Atrás da rosca de punho com barra nas costas.gif","https://raw.githubusercontent.com/brunofs3221/fortyn-exercise-media-extra/main/gifs/Exerc%C3%ADcios%20sem%20marca%20d'%C3%A1gua/Atr%C3%A1s%20da%20rosca%20de%20punho%20com%20barra%20nas%20costas.gif","C:\Users\bruno\Downloads\Exercicios renomeados\Rosca de punho com barra atrás do corpo","MIGRADO_FONTE_REVISADA"
"media_bdb94bc52e4b3f7f0d5e","Rosca de punho com barra sentado","Rosca de punho com barra sentado","Apoie ou estabilize o antebraço e mova principalmente o punho ou a pegada conforme a variação. Faça a contração sem usar impulso do braço e retorne devagar para trabalhar toda a amplitude.","Antebraços","Barra | Academia","Antebraços","","Musculação","Barra","Academia","Iniciante","gifs/antebraço/Rosca de punho com barra sentado.gif","https://raw.githubusercontent.com/brunofs3221/fortyn-exercise-media-extra/main/gifs/antebra%C3%A7o/Rosca%20de%20punho%20com%20barra%20sentado.gif","C:\Users\bruno\Downloads\Exercicios renomeados\Rosca de punho com barra sentado","MIGRADO_FONTE_REVISADA"
"media_e752d97b37ad86854c20","Rosca de punho com halteres","Flexão de punho com halter sentado","Apoie ou estabilize o antebraço e mova principalmente o punho ou a pegada conforme a variação. Faça a contração sem usar impulso do braço e retorne devagar para trabalhar toda a amplitude.","Antebraços","Halteres | Academia","Antebraços","","Musculação","Halteres","Academia","Iniciante","gifs/Exercícios sem marca d'água/Flexão de pulso com halteres.gif","https://raw.githubusercontent.com/brunofs3221/fortyn-exercise-media-extra/main/gifs/Exerc%C3%ADcios%20sem%20marca%20d'%C3%A1gua/Flex%C3%A3o%20de%20pulso%20com%20halteres.gif","C:\Users\bruno\Downloads\Exercicios renomeados\Rosca de punho com halteres","MIGRADO_FONTE_REVISADA"
"media_21dfef08232b36a549fc","Rosca de punho com halteres sentado","Rosca de punho com halteres sentado","Apoie ou estabilize o antebraço e mova principalmente o punho ou a pegada conforme a variação. Faça a contração sem usar impulso do braço e retorne devagar para trabalhar toda a amplitude.","Antebraços","Halteres | Academia","Antebraços","","Musculação","Halteres","Academia","Iniciante","gifs/antebraço/Rosca de punho com halteres sentado.gif","https://raw.githubusercontent.com/brunofs3221/fortyn-exercise-media-extra/main/gifs/antebra%C3%A7o/Rosca%20de%20punho%20com%20halteres%20sentado.gif","C:\Users\bruno\Downloads\Exercicios renomeados\Rosca de punho com halteres sentado","MIGRADO_FONTE_REVISADA"
"media_d6c5554821adb971ab88","Rosca de punho inversa com barra no banco inclinado","Rosca de punho inversa com barra no banco inclinado","Apoie ou estabilize o antebraço e mova principalmente o punho ou a pegada conforme a variação. Faça a contração sem usar impulso do braço e retorne devagar para trabalhar toda a amplitude.","Antebraços","Barra | Banco | Academia","Antebraços","","Musculação","Barra | Banco","Academia","Iniciante","gifs/antebraço/Rosca de punho inversa com barra no banco inclinado.gif","https://raw.githubusercontent.com/brunofs3221/fortyn-exercise-media-extra/main/gifs/antebra%C3%A7o/Rosca%20de%20punho%20inversa%20com%20barra%20no%20banco%20inclinado.gif","C:\Users\bruno\Downloads\Exercicios renomeados\Rosca de punho inversa com barra no banco inclinado","MIGRADO_FONTE_REVISADA"
"media_2b3a3c2459b4f69112d3","Rosca de punho inversa com halteres sentado","Rosca de punho inversa com halteres sentado","Apoie ou estabilize o antebraço e mova principalmente o punho ou a pegada conforme a variação. Faça a contração sem usar impulso do braço e retorne devagar para trabalhar toda a amplitude.","Antebraços","Halteres | Academia","Antebraços","","Musculação","Halteres","Academia","Iniciante","gifs/antebraço/Rosca de punho inversa com halteres sentado.gif","https://raw.githubusercontent.com/brunofs3221/fortyn-exercise-media-extra/main/gifs/antebra%C3%A7o/Rosca%20de%20punho%20inversa%20com%20halteres%20sentado.gif","C:\Users\bruno\Downloads\Exercicios renomeados\Rosca de punho inversa com halteres sentado","MIGRADO_FONTE_REVISADA"
"media_e6aef15d98655531dfef","Rosca de punho neutra com halteres","Flexão de punho com pegada neutra sentado","Apoie ou estabilize o antebraço e mova principalmente o punho ou a pegada conforme a variação. Faça a contração sem usar impulso do braço e retorne devagar para trabalhar toda a amplitude.","Antebraços","Halteres | Academia","Antebraços","","Musculação","Halteres","Academia","Iniciante","gifs/Exercícios sem marca d'água/Flexão de pulso neutra sentada com halteres.gif","https://raw.githubusercontent.com/brunofs3221/fortyn-exercise-media-extra/main/gifs/Exerc%C3%ADcios%20sem%20marca%20d'%C3%A1gua/Flex%C3%A3o%20de%20pulso%20neutra%20sentada%20com%20halteres.gif","C:\Users\bruno\Downloads\Exercicios renomeados\Rosca de punho neutra com halteres","MIGRADO_FONTE_REVISADA"
"media_215d7e071a7a86cd3084","Rosca direta com barra","Rosca direta com barra","Mantenha o braço estável e flexione o cotovelo trazendo a carga em direção ao ombro. Evite balançar o tronco ou projetar o cotovelo para ganhar impulso. Estenda o braço novamente de forma lenta até a posição inicial.","Bíceps","Barra | Academia","Bíceps","","Musculação","Barra","Academia","Iniciante","gifs/biceps/Com barra alternate biceps rosca - Variação 4.gif","https://raw.githubusercontent.com/brunofs3221/fortyn-exercise-media-extra/main/gifs/biceps/Com%20barra%20alternate%20biceps%20rosca%20-%20Varia%C3%A7%C3%A3o%204.gif","","SEM_FONTE_REVISADA"
"media_b880c806fc403eeaa508","Rosca direta com barra","Rosca direta com barra","Mantenha o braço estável e flexione o cotovelo trazendo a carga em direção ao ombro. Evite balançar o tronco ou projetar o cotovelo para ganhar impulso. Estenda o braço novamente de forma lenta até a posição inicial.","Bíceps","Barra | Academia","Bíceps","","Musculação","Barra","Academia","Iniciante","gifs/Exercícios sem marca d'água/Rosca direta com barra.gif","https://raw.githubusercontent.com/brunofs3221/fortyn-exercise-media-extra/main/gifs/Exerc%C3%ADcios%20sem%20marca%20d'%C3%A1gua/Rosca%20direta%20com%20barra.gif","C:\Users\bruno\Downloads\Exercicios renomeados\Rosca direta com barra","MIGRADO_FONTE_REVISADA"
"media_bf1d26a8617b1cd7f1bf","Rosca direta com barra - Variação 2","Rosca direta com barra - Variação 2","Mantenha o braço estável e flexione o cotovelo trazendo a carga em direção ao ombro. Evite balançar o tronco ou projetar o cotovelo para ganhar impulso. Estenda o braço novamente de forma lenta até a posição inicial.","Bíceps","Barra | Academia","Bíceps","","Musculação","Barra","Academia","Iniciante","gifs/biceps/Enrolamento de cabo de um braço - Variação 2.gif","https://raw.githubusercontent.com/brunofs3221/fortyn-exercise-media-extra/main/gifs/biceps/Enrolamento%20de%20cabo%20de%20um%20bra%C3%A7o%20-%20Varia%C3%A7%C3%A3o%202.gif","C:\Users\bruno\Downloads\Exercicios renomeados\Rosca direta com barra - Variação 2","MIGRADO_FONTE_REVISADA"
"media_38b06089b9e94789241e","Rosca direta com barra e pegada fechada","Rosca direta com barra e pegada fechada","Apoie ou estabilize o antebraço e mova principalmente o punho ou a pegada conforme a variação. Faça a contração sem usar impulso do braço e retorne devagar para trabalhar toda a amplitude.","Antebraços","Barra | Academia","Antebraços","","Musculação","Barra","Academia","Iniciante","gifs/biceps/Close grip com barra rosca.gif","https://raw.githubusercontent.com/brunofs3221/fortyn-exercise-media-extra/main/gifs/biceps/Close%20grip%20com%20barra%20rosca.gif","C:\Users\bruno\Downloads\Exercicios renomeados\Rosca direta com barra e pegada fechada","MIGRADO_FONTE_REVISADA"
"media_971a4a49941fc425b55d","Rosca direta com barra usando arm blaster","Rosca direta com barra usando arm blaster","Mantenha o braço estável e flexione o cotovelo trazendo a carga em direção ao ombro. Evite balançar o tronco ou projetar o cotovelo para ganhar impulso. Estenda o braço novamente de forma lenta até a posição inicial.","Bíceps","Barra | Academia","Bíceps","","Musculação","Barra","Academia","Intermediário","gifs/biceps/Com barra rosca on arm blaster.gif","https://raw.githubusercontent.com/brunofs3221/fortyn-exercise-media-extra/main/gifs/biceps/Com%20barra%20rosca%20on%20arm%20blaster.gif","C:\Users\bruno\Downloads\Exercicios renomeados\Rosca direta com barra usando arm blaster","MIGRADO_FONTE_REVISADA"
"media_190645ce8cfa25c43174","Rosca direta na polia baixa","Rosca direta na polia baixa","Mantenha o braço estável e flexione o cotovelo trazendo a carga em direção ao ombro. Evite balançar o tronco ou projetar o cotovelo para ganhar impulso. Estenda o braço novamente de forma lenta até a posição inicial.","Bíceps","Polia/Cabo | Academia","Bíceps","","Musculação","Polia/Cabo","Academia","Iniciante","gifs/biceps/Na polia rosca - Variação 2.gif","https://raw.githubusercontent.com/brunofs3221/fortyn-exercise-media-extra/main/gifs/biceps/Na%20polia%20rosca%20-%20Varia%C3%A7%C3%A3o%202.gif","C:\Users\bruno\Downloads\Exercicios renomeados\Rosca direta na polia baixa","MIGRADO_FONTE_REVISADA"
"media_f160af9c1cd4e8533d63","Rosca drag com barra","Rosca drag com barra","Mantenha o braço estável e flexione o cotovelo trazendo a carga em direção ao ombro. Evite balançar o tronco ou projetar o cotovelo para ganhar impulso. Estenda o braço novamente de forma lenta até a posição inicial.","Bíceps","Barra | Academia","Bíceps","","Musculação","Barra","Academia","Intermediário","gifs/biceps/Com barra drag rosca.gif","https://raw.githubusercontent.com/brunofs3221/fortyn-exercise-media-extra/main/gifs/biceps/Com%20barra%20drag%20rosca.gif","C:\Users\bruno\Downloads\Exercicios renomeados\Rosca drag com barra","MIGRADO_FONTE_REVISADA"
"media_2fca6b428c0da97e3f27","Rosca inversa com barra em pé","Rosca inversa com barra em pé","Mantenha o braço estável e flexione o cotovelo trazendo a carga em direção ao ombro. Evite balançar o tronco ou projetar o cotovelo para ganhar impulso. Estenda o braço novamente de forma lenta até a posição inicial.","Bíceps","Barra | Academia","Bíceps","","Musculação","Barra","Academia","Iniciante","gifs/antebraço/Rosca de punho inversa com barra em pé.gif","https://raw.githubusercontent.com/brunofs3221/fortyn-exercise-media-extra/main/gifs/antebra%C3%A7o/Rosca%20de%20punho%20inversa%20com%20barra%20em%20p%C3%A9.gif","C:\Users\bruno\Downloads\Exercicios renomeados\Rosca inversa com barra em pé","MIGRADO_FONTE_REVISADA"
"media_e5b11e6e45dac250592e","Rosca martelo com garrafas de água","Rosca martelo com garrafas de água","Mantenha o braço estável e flexione o cotovelo trazendo a carga em direção ao ombro. Evite balançar o tronco ou projetar o cotovelo para ganhar impulso. Estenda o braço novamente de forma lenta até a posição inicial.","Bíceps","Halteres | Academia","Bíceps","","Musculação","Halteres","Academia","Iniciante","gifs/Exercícios sem marca d'água/Onda de martelo de garrafa de água.gif","https://raw.githubusercontent.com/brunofs3221/fortyn-exercise-media-extra/main/gifs/Exerc%C3%ADcios%20sem%20marca%20d'%C3%A1gua/Onda%20de%20martelo%20de%20garrafa%20de%20%C3%A1gua.gif","C:\Users\bruno\Downloads\Exercicios renomeados\Rosca martelo com garrafas de água","MIGRADO_FONTE_REVISADA"
"media_0c91b5bf4cdfb16a0d36","Rosca na polia baixa com corda","Rosca na polia baixa com corda","Mantenha o braço estável e flexione o cotovelo trazendo a carga em direção ao ombro. Evite balançar o tronco ou projetar o cotovelo para ganhar impulso. Estenda o braço novamente de forma lenta até a posição inicial.","Bíceps","Polia/Cabo | Academia","Bíceps","","Musculação","Polia/Cabo","Academia","Iniciante","gifs/biceps/Enrolamento de cabo de um braço.gif","https://raw.githubusercontent.com/brunofs3221/fortyn-exercise-media-extra/main/gifs/biceps/Enrolamento%20de%20cabo%20de%20um%20bra%C3%A7o.gif","C:\Users\bruno\Downloads\Exercicios renomeados\Rosca na polia baixa com corda","MIGRADO_FONTE_REVISADA"
"media_be486b4b6cc0db7b449f","Rosca Scott com barra EZ","Rosca Scott com barra EZ","Mantenha o braço estável e flexione o cotovelo trazendo a carga em direção ao ombro. Evite balançar o tronco ou projetar o cotovelo para ganhar impulso. Estenda o braço novamente de forma lenta até a posição inicial.","Bíceps","Barra | Banco | Academia","Bíceps","","Musculação","Barra | Banco","Academia","Iniciante","gifs/biceps/Z bar preacher rosca.gif","https://raw.githubusercontent.com/brunofs3221/fortyn-exercise-media-extra/main/gifs/biceps/Z%20bar%20preacher%20rosca.gif","C:\Users\bruno\Downloads\Exercicios renomeados\Rosca Scott com barra EZ","MIGRADO_FONTE_REVISADA"
"media_3d58f1e842babfa309b4","Rosca Scott com halteres","Rosca Scott com halteres","Mantenha o braço estável e flexione o cotovelo trazendo a carga em direção ao ombro. Evite balançar o tronco ou projetar o cotovelo para ganhar impulso. Estenda o braço novamente de forma lenta até a posição inicial.","Bíceps","Halteres | Banco | Academia","Bíceps","","Musculação","Halteres | Banco","Academia","Iniciante","gifs/biceps/Two com halteres preacher rosca.gif","https://raw.githubusercontent.com/brunofs3221/fortyn-exercise-media-extra/main/gifs/biceps/Two%20com%20halteres%20preacher%20rosca.gif","","SEM_FONTE_REVISADA"
"media_879ec42b4f9065b8f003","Rosca Scott com halteres","Rosca Scott unilateral com halter","Mantenha o braço estável e flexione o cotovelo trazendo a carga em direção ao ombro. Evite balançar o tronco ou projetar o cotovelo para ganhar impulso. Estenda o braço novamente de forma lenta até a posição inicial.","Bíceps","Halteres | Banco | Academia","Bíceps","","Musculação","Halteres | Banco","Academia","Intermediário","gifs/Exercícios sem marca d'água/Onda de pregador com halteres.gif","https://raw.githubusercontent.com/brunofs3221/fortyn-exercise-media-extra/main/gifs/Exerc%C3%ADcios%20sem%20marca%20d'%C3%A1gua/Onda%20de%20pregador%20com%20halteres.gif","C:\Users\bruno\Downloads\Exercicios renomeados\Rosca Scott com halteres","MIGRADO_FONTE_REVISADA"
"media_a639132cfeb9bf6b0eb4","Rosca Scott martelo com halteres","Rosca martelo no banco Scott com halteres","Mantenha o braço estável e flexione o cotovelo trazendo a carga em direção ao ombro. Evite balançar o tronco ou projetar o cotovelo para ganhar impulso. Estenda o braço novamente de forma lenta até a posição inicial.","Bíceps","Halteres | Banco | Academia","Bíceps","","Musculação","Halteres | Banco","Academia","Iniciante","gifs/Exercícios sem marca d'água/Rosca scott martelo com halteres.gif","https://raw.githubusercontent.com/brunofs3221/fortyn-exercise-media-extra/main/gifs/Exerc%C3%ADcios%20sem%20marca%20d'%C3%A1gua/Rosca%20scott%20martelo%20com%20halteres.gif","C:\Users\bruno\Downloads\Exercicios renomeados\Rosca Scott martelo com halteres","MIGRADO_FONTE_REVISADA"
"media_b64c8cca7503dddf0305","Rosca Scott na máquina","Rosca Scott na máquina","Ajuste o banco da máquina para apoiar completamente os braços. Segure as manoplas e flexione os cotovelos trazendo-as em direção aos ombros. Abaixe lentamente sem perder o contato dos braços com o apoio.","Bíceps","Máquina | Academia","Bíceps","","Musculação","Máquina","Academia","Iniciante","gifs/biceps/Sentado hammer rosca.gif","https://raw.githubusercontent.com/brunofs3221/fortyn-exercise-media-extra/main/gifs/biceps/Sentado%20hammer%20rosca.gif","C:\Users\bruno\Downloads\Exercicios renomeados\Rosca Scott na máquina","MIGRADO_FONTE_REVISADA"
"media_2c206ba71373461151b7","Rosca Scott unilateral com halter","Rosca Scott unilateral com halter","Mantenha o braço estável e flexione o cotovelo trazendo a carga em direção ao ombro. Evite balançar o tronco ou projetar o cotovelo para ganhar impulso. Estenda o braço novamente de forma lenta até a posição inicial.","Bíceps","Halteres | Banco | Academia","Bíceps","","Musculação","Halteres | Banco","Academia","Iniciante","gifs/biceps/Sentado biceps rosca.gif","https://raw.githubusercontent.com/brunofs3221/fortyn-exercise-media-extra/main/gifs/biceps/Sentado%20biceps%20rosca.gif","C:\Users\bruno\Downloads\Exercicios renomeados\Rosca Scott unilateral com halter","MIGRADO_FONTE_REVISADA"
"media_a712fac72049bc39f8a2","Rosca simultânea com halteres em pé","Rosca simultânea com halteres em pé","Mantenha o braço estável e flexione o cotovelo trazendo a carga em direção ao ombro. Evite balançar o tronco ou projetar o cotovelo para ganhar impulso. Estenda o braço novamente de forma lenta até a posição inicial.","Bíceps","Halteres | Academia","Bíceps","","Musculação","Halteres","Academia","Iniciante","gifs/biceps/Com barra alternate biceps rosca - Variação 3.gif","https://raw.githubusercontent.com/brunofs3221/fortyn-exercise-media-extra/main/gifs/biceps/Com%20barra%20alternate%20biceps%20rosca%20-%20Varia%C3%A7%C3%A3o%203.gif","C:\Users\bruno\Downloads\Exercicios renomeados\Rosca simultânea com halteres em pé","MIGRADO_FONTE_REVISADA"
"media_a1ad9c97a4274140e7b0","Rosca Zottman","Rosca Zottman","Mantenha o braço estável e flexione o cotovelo trazendo a carga em direção ao ombro. Evite balançar o tronco ou projetar o cotovelo para ganhar impulso. Estenda o braço novamente de forma lenta até a posição inicial.","Bíceps","Sem aparelhos | Casa","Bíceps","","Musculação","Sem aparelhos","Casa","Intermediário","gifs/biceps/Zottman rosca.gif","https://raw.githubusercontent.com/brunofs3221/fortyn-exercise-media-extra/main/gifs/biceps/Zottman%20rosca.gif","C:\Users\bruno\Downloads\Exercicios renomeados\Rosca Zottman","MIGRADO_FONTE_REVISADA"
"media_b2750ca649818b4f5c7e","Rotação de ombro com elástico a 90 graus","Rotação de ombro com elástico a 90 graus","Prenda o elástico na altura do ombro e mantenha o braço elevado a aproximadamente 90 graus com o cotovelo flexionado. Gire o ombro levando o antebraço pela trajetória mostrada sem mover o cotovelo da posição. Retorne lentamente e mantenha o tronco estável.","Ombros","Elástico | Academia","Ombros","","Musculação","Elástico","Academia","Intermediário","gifs/tríceps/Asisted triceps dips - Variação 2.gif","https://raw.githubusercontent.com/brunofs3221/fortyn-exercise-media-extra/main/gifs/tr%C3%ADceps/Asisted%20triceps%20dips%20-%20Varia%C3%A7%C3%A3o%202.gif","C:\Users\bruno\Downloads\Exercicios renomeados\Rotação de ombro com elástico a 90 graus","MIGRADO_FONTE_REVISADA"
"media_35ca16a56567e36edeae","Rotação de pés e tornozelos","Rotação de tornozelos sentado","Execute Rotação de pés e tornozelos lentamente, percorrendo uma amplitude confortável e sem usar impulso. Mantenha o restante do corpo estável e concentre o movimento na articulação que está sendo mobilizada.","Mobilidade","Sem aparelhos | Casa","Mobilidade","","Mobilidade","Sem aparelhos","Casa","Iniciante","gifs/Exercícios sem marca d'água/Rotação dos pés e tornozelo.gif","https://raw.githubusercontent.com/brunofs3221/fortyn-exercise-media-extra/main/gifs/Exerc%C3%ADcios%20sem%20marca%20d'%C3%A1gua/Rota%C3%A7%C3%A3o%20dos%20p%C3%A9s%20e%20tornozelo.gif","C:\Users\bruno\Downloads\Exercicios renomeados\Rotação de pés e tornozelos","MIGRADO_FONTE_REVISADA"
"media_d45a11e4795e9b245e22","Rotação de tronco deitado","Rotação torácica deitado de lado","Mantenha o abdômen ativo e a pelve estável. Execute a rotação — ou resista a ela, no caso do Pallof press — conduzindo os braços pela trajetória mostrada. Retorne lentamente sem deixar a lombar assumir todo o movimento.","Abdômen/Core","Sem aparelhos | Casa","Abdômen/Core","","Musculação","Sem aparelhos","Casa","Iniciante","gifs/Exercícios sem marca d'água/Rotação da parte superior do corpo deitado.gif","https://raw.githubusercontent.com/brunofs3221/fortyn-exercise-media-extra/main/gifs/Exerc%C3%ADcios%20sem%20marca%20d'%C3%A1gua/Rota%C3%A7%C3%A3o%20da%20parte%20superior%20do%20corpo%20deitado.gif","C:\Users\bruno\Downloads\Exercicios renomeados\Rotação de tronco deitado","MIGRADO_FONTE_REVISADA"
"media_636ed13aece16e779f4c","Rotação de tronco deitado com bola suíça","Rotação de tronco deitado com bola suíça","Mantenha o abdômen ativo e a pelve estável. Execute a rotação — ou resista a ela, no caso do Pallof press — conduzindo os braços pela trajetória mostrada. Retorne lentamente sem deixar a lombar assumir todo o movimento.","Abdômen/Core","Bola | Academia","Abdômen/Core","","Musculação","Bola","Academia","Avançado","gifs/abdominais/Side prancha rotation.gif","https://raw.githubusercontent.com/brunofs3221/fortyn-exercise-media-extra/main/gifs/abdominais/Side%20prancha%20rotation.gif","C:\Users\bruno\Downloads\Exercicios renomeados\Rotação de tronco deitado com bola suíça","MIGRADO_FONTE_REVISADA"
"media_321a0280062adb38942c","Rotação de tronco em pé","Rotação de tronco em pé","Mantenha o abdômen ativo e a pelve estável. Execute a rotação — ou resista a ela, no caso do Pallof press — conduzindo os braços pela trajetória mostrada. Retorne lentamente sem deixar a lombar assumir todo o movimento.","Abdômen/Core","Sem aparelhos | Casa","Abdômen/Core","","Musculação","Sem aparelhos","Casa","Iniciante","gifs/Exercícios sem marca d'água/Rotação em pé.gif","https://raw.githubusercontent.com/brunofs3221/fortyn-exercise-media-extra/main/gifs/Exerc%C3%ADcios%20sem%20marca%20d'%C3%A1gua/Rota%C3%A7%C3%A3o%20em%20p%C3%A9.gif","C:\Users\bruno\Downloads\Exercicios renomeados\Rotação de tronco em pé","MIGRADO_FONTE_REVISADA"
"media_2a7a8e0b98bdf50d81de","Rotação de tronco em pé com elástico","Rotação de tronco em pé com elástico","Mantenha o abdômen ativo e a pelve estável. Execute a rotação — ou resista a ela, no caso do Pallof press — conduzindo os braços pela trajetória mostrada. Retorne lentamente sem deixar a lombar assumir todo o movimento.","Abdômen/Core","Elástico | Academia","Abdômen/Core","","Musculação","Elástico","Academia","Iniciante","gifs/abdominais/Em pé leg raise with resistance band.gif","https://raw.githubusercontent.com/brunofs3221/fortyn-exercise-media-extra/main/gifs/abdominais/Em%20p%C3%A9%20leg%20raise%20with%20resistance%20band.gif","C:\Users\bruno\Downloads\Exercicios renomeados\Rotação de tronco em pé com elástico","MIGRADO_FONTE_REVISADA"
"media_b56e36612869353b52b4","Rotação de tronco em pé na polia","Rotação de tronco em pé na polia","Mantenha o abdômen ativo e a pelve estável. Execute a rotação — ou resista a ela, no caso do Pallof press — conduzindo os braços pela trajetória mostrada. Retorne lentamente sem deixar a lombar assumir todo o movimento.","Abdômen/Core","Polia/Cabo | Academia","Abdômen/Core","","Musculação","Polia/Cabo","Academia","Iniciante","gifs/abdominais/Em pé twist na máquina.gif","https://raw.githubusercontent.com/brunofs3221/fortyn-exercise-media-extra/main/gifs/abdominais/Em%20p%C3%A9%20twist%20na%20m%C3%A1quina.gif","C:\Users\bruno\Downloads\Exercicios renomeados\Rotação de tronco em pé na polia","MIGRADO_FONTE_REVISADA"
"media_1e2c44c08cda33f48b6d","Rotação de tronco na máquina","Rotação de tronco na máquina","Mantenha o abdômen ativo e a pelve estável. Execute a rotação — ou resista a ela, no caso do Pallof press — conduzindo os braços pela trajetória mostrada. Retorne lentamente sem deixar a lombar assumir todo o movimento.","Abdômen/Core","Máquina | Academia","Abdômen/Core","","Musculação","Máquina","Academia","Iniciante","gifs/abdominais/Sentado twist na máquina.gif","https://raw.githubusercontent.com/brunofs3221/fortyn-exercise-media-extra/main/gifs/abdominais/Sentado%20twist%20na%20m%C3%A1quina.gif","C:\Users\bruno\Downloads\Exercicios renomeados\Rotação de tronco na máquina","MIGRADO_FONTE_REVISADA"
"media_eb53b0d480c200689e9d","Rotação de tronco no cabo em pé","Rotação de tronco na polia","Mantenha o abdômen ativo e a pelve estável. Execute a rotação — ou resista a ela, no caso do Pallof press — conduzindo os braços pela trajetória mostrada. Retorne lentamente sem deixar a lombar assumir todo o movimento.","Abdômen/Core","Polia/Cabo | Academia","Abdômen/Core","","Musculação","Polia/Cabo","Academia","Iniciante","gifs/Exercícios sem marca d'água/Torção do cabo em pé.gif","https://raw.githubusercontent.com/brunofs3221/fortyn-exercise-media-extra/main/gifs/Exerc%C3%ADcios%20sem%20marca%20d'%C3%A1gua/Tor%C3%A7%C3%A3o%20do%20cabo%20em%20p%C3%A9.gif","C:\Users\bruno\Downloads\Exercicios renomeados\Rotação de tronco no cabo em pé","MIGRADO_FONTE_REVISADA"
"media_b268a052c558126a8f10","Rotação de tronco sentado com barra","Rotação de tronco sentado com barra","Sente-se no banco com a barra apoiada sobre os ombros. Mantenha o tronco ereto e gire o tórax para um lado e para o outro em amplitude confortável, deixando a pelve o mais estável possível. Faça o movimento de forma lenta, sem usar impulso.","Abdômen/Core","Barra | Academia","Abdômen/Core","","Musculação","Barra","Academia","Intermediário","gifs/abdominais/Em pé straight leg raise with resistance band.gif","https://raw.githubusercontent.com/brunofs3221/fortyn-exercise-media-extra/main/gifs/abdominais/Em%20p%C3%A9%20straight%20leg%20raise%20with%20resistance%20band.gif","C:\Users\bruno\Downloads\Exercicios renomeados\Rotação de tronco sentado com barra","MIGRADO_FONTE_REVISADA"
"media_88efb7bb112048385f79","Rotação de tronco sentado na polia","Rotação de tronco sentado na polia","Mantenha o abdômen ativo e a pelve estável. Execute a rotação — ou resista a ela, no caso do Pallof press — conduzindo os braços pela trajetória mostrada. Retorne lentamente sem deixar a lombar assumir todo o movimento.","Abdômen/Core","Polia/Cabo | Academia","Abdômen/Core","","Musculação","Polia/Cabo","Academia","Iniciante","gifs/abdominais/Double crunches.gif","https://raw.githubusercontent.com/brunofs3221/fortyn-exercise-media-extra/main/gifs/abdominais/Double%20crunches.gif","C:\Users\bruno\Downloads\Exercicios renomeados\Rotação de tronco sentado na polia","MIGRADO_FONTE_REVISADA"
"media_2c1b75f98c76800f3065","Rotação de tronco sentado no cabo","Rotação de tronco sentado no cabo","Mantenha o abdômen ativo e a pelve estável. Execute a rotação — ou resista a ela, no caso do Pallof press — conduzindo os braços pela trajetória mostrada. Retorne lentamente sem deixar a lombar assumir todo o movimento.","Abdômen/Core","Polia/Cabo | Academia","Abdômen/Core","","Musculação","Polia/Cabo","Academia","Intermediário","gifs/abdominais/Sentado na polia twist - Variação 2.gif","https://raw.githubusercontent.com/brunofs3221/fortyn-exercise-media-extra/main/gifs/abdominais/Sentado%20na%20polia%20twist%20-%20Varia%C3%A7%C3%A3o%202.gif","C:\Users\bruno\Downloads\Exercicios renomeados\Rotação de tronco sentado no cabo","MIGRADO_FONTE_REVISADA"
"media_7d230dcc0ed649c40950","Rotação de tronco sentado no cabo - Variação 2","Rotação de tronco sentado no cabo - Variação 2","Mantenha o abdômen ativo e a pelve estável. Execute a rotação — ou resista a ela, no caso do Pallof press — conduzindo os braços pela trajetória mostrada. Retorne lentamente sem deixar a lombar assumir todo o movimento.","Abdômen/Core","Polia/Cabo | Academia","Abdômen/Core","","Musculação","Polia/Cabo","Academia","Intermediário","gifs/abdominais/Sentado na polia twist.gif","https://raw.githubusercontent.com/brunofs3221/fortyn-exercise-media-extra/main/gifs/abdominais/Sentado%20na%20polia%20twist.gif","C:\Users\bruno\Downloads\Exercicios renomeados\Rotação de tronco sentado no cabo - Variação 2","MIGRADO_FONTE_REVISADA"
"media_047347a875a19dc57ee2","Rotação externa cubana com halteres","Desenvolvimento cubano com halteres","Execute Rotação externa cubana com halteres lentamente, percorrendo uma amplitude confortável e sem usar impulso. Mantenha o restante do corpo estável e concentre o movimento na articulação que está sendo mobilizada.","Mobilidade","Halteres | Academia","Mobilidade","","Mobilidade","Halteres","Academia","Avançado","gifs/Exercícios sem marca d'água/Rotação externa cubana com halteres.gif","https://raw.githubusercontent.com/brunofs3221/fortyn-exercise-media-extra/main/gifs/Exerc%C3%ADcios%20sem%20marca%20d'%C3%A1gua/Rota%C3%A7%C3%A3o%20externa%20cubana%20com%20halteres.gif","C:\Users\bruno\Downloads\Exercicios renomeados\Rotação externa cubana com halteres","MIGRADO_FONTE_REVISADA"
"media_e6cf319fc09c6faad2eb","Rotação externa de ombro com halter apoiado no banco","Rotação externa unilateral com halter apoiado no banco","Mantenha o cotovelo estável na posição mostrada e gire o braço a partir do ombro, sem deixar o tronco acompanhar. Use uma amplitude controlada e retorne devagar.","Ombros","Halteres | Banco | Academia","Ombros","","Musculação","Halteres | Banco","Academia","Iniciante","gifs/Exercícios sem marca d'água/Rotação externa com halteres apoiados em banco.gif","https://raw.githubusercontent.com/brunofs3221/fortyn-exercise-media-extra/main/gifs/Exerc%C3%ADcios%20sem%20marca%20d'%C3%A1gua/Rota%C3%A7%C3%A3o%20externa%20com%20halteres%20apoiados%20em%20banco.gif","C:\Users\bruno\Downloads\Exercicios renomeados\Rotação externa de ombro com halter apoiado no banco","MIGRADO_FONTE_REVISADA"
"media_b4daed909a2373f32ece","Rotação externa de ombro meio ajoelhado no cabo","Rotação externa de ombro na polia meio ajoelhado","Mantenha o cotovelo estável na posição mostrada e gire o braço a partir do ombro, sem deixar o tronco acompanhar. Use uma amplitude controlada e retorne devagar.","Ombros","Polia/Cabo | Academia","Ombros","","Musculação","Polia/Cabo","Academia","Iniciante","gifs/Exercícios sem marca d'água/Rotação externa do cabo meio ajoelhado.gif","https://raw.githubusercontent.com/brunofs3221/fortyn-exercise-media-extra/main/gifs/Exerc%C3%ADcios%20sem%20marca%20d'%C3%A1gua/Rota%C3%A7%C3%A3o%20externa%20do%20cabo%20meio%20ajoelhado.gif","C:\Users\bruno\Downloads\Exercicios renomeados\Rotação externa de ombro meio ajoelhado no cabo","MIGRADO_FONTE_REVISADA"
"media_947fd75865198dafd60a","Rotação externa de ombro no cabo","Rotação externa de ombro na polia","Mantenha o cotovelo estável na posição mostrada e gire o braço a partir do ombro, sem deixar o tronco acompanhar. Use uma amplitude controlada e retorne devagar.","Ombros","Polia/Cabo | Academia","Ombros","","Musculação","Polia/Cabo","Academia","Iniciante","gifs/Exercícios sem marca d'água/Rotação externa do ombro do cabo.gif","https://raw.githubusercontent.com/brunofs3221/fortyn-exercise-media-extra/main/gifs/Exerc%C3%ADcios%20sem%20marca%20d'%C3%A1gua/Rota%C3%A7%C3%A3o%20externa%20do%20ombro%20do%20cabo.gif","C:\Users\bruno\Downloads\Exercicios renomeados\Rotação externa de ombro no cabo","MIGRADO_FONTE_REVISADA"
"media_f76439f6795fab16f382","Rotação externa do quadril sentado com elástico","Rotação externa de quadril sentado com elástico","Estabilize o tronco e a pelve e mova a perna no sentido mostrado em Rotação externa do quadril sentado com elástico. Faça a adução, rotação ou flexão do quadril sem inclinar o corpo para ganhar amplitude e retorne lentamente à posição inicial.","Quadril","Elástico | Academia","Quadril","","Musculação","Elástico","Academia","Iniciante","gifs/Exercícios sem marca d'água/Rotação externa do quadril sentado na elástico.gif","https://raw.githubusercontent.com/brunofs3221/fortyn-exercise-media-extra/main/gifs/Exerc%C3%ADcios%20sem%20marca%20d'%C3%A1gua/Rota%C3%A7%C3%A3o%20externa%20do%20quadril%20sentado%20na%20el%C3%A1stico.gif","C:\Users\bruno\Downloads\Exercicios renomeados\Rotação externa do quadril sentado com elástico","MIGRADO_FONTE_REVISADA"
"media_57fd4837f3d51f5c51f8","Rotação externa do tornozelo com elástico","Elevação de panturrilhas sentado com halteres","Execute Rotação externa do tornozelo com elástico lentamente, percorrendo uma amplitude confortável e sem usar impulso. Mantenha o restante do corpo estável e concentre o movimento na articulação que está sendo mobilizada.","Mobilidade","Elástico | Academia","Mobilidade","","Mobilidade","Elástico","Academia","Iniciante","gifs/Exercícios sem marca d'água/Rotação externa do pé da elástico.gif","https://raw.githubusercontent.com/brunofs3221/fortyn-exercise-media-extra/main/gifs/Exerc%C3%ADcios%20sem%20marca%20d'%C3%A1gua/Rota%C3%A7%C3%A3o%20externa%20do%20p%C3%A9%20da%20el%C3%A1stico.gif","C:\Users\bruno\Downloads\Exercicios renomeados\Rotação externa do tornozelo com elástico","MIGRADO_FONTE_REVISADA"
"media_e5e17ae4254e8c9b5b29","Rotação interna de ombro no cabo","Rotação interna de ombro na polia","Mantenha o cotovelo estável na posição mostrada e gire o braço a partir do ombro, sem deixar o tronco acompanhar. Use uma amplitude controlada e retorne devagar.","Ombros","Polia/Cabo | Academia","Ombros","","Musculação","Polia/Cabo","Academia","Iniciante","gifs/Exercícios sem marca d'água/Rotação interna do ombro do cabo.gif","https://raw.githubusercontent.com/brunofs3221/fortyn-exercise-media-extra/main/gifs/Exerc%C3%ADcios%20sem%20marca%20d'%C3%A1gua/Rota%C3%A7%C3%A3o%20interna%20do%20ombro%20do%20cabo.gif","C:\Users\bruno\Downloads\Exercicios renomeados\Rotação interna de ombro no cabo","MIGRADO_FONTE_REVISADA"
"media_7722f763275b439c9833","Rotação interna de ombro sentado no cabo","Rotação interna de ombro sentada na polia","Mantenha o cotovelo estável na posição mostrada e gire o braço a partir do ombro, sem deixar o tronco acompanhar. Use uma amplitude controlada e retorne devagar.","Ombros","Polia/Cabo | Academia","Ombros","","Musculação","Polia/Cabo","Academia","Iniciante","gifs/Exercícios sem marca d'água/Rotação interna do ombro sentado no cabo.gif","https://raw.githubusercontent.com/brunofs3221/fortyn-exercise-media-extra/main/gifs/Exerc%C3%ADcios%20sem%20marca%20d'%C3%A1gua/Rota%C3%A7%C3%A3o%20interna%20do%20ombro%20sentado%20no%20cabo.gif","C:\Users\bruno\Downloads\Exercicios renomeados\Rotação interna de ombro sentado no cabo","MIGRADO_FONTE_REVISADA"
"media_a0827fa0625c2576a452","Rotação interna do quadril sentado com elástico","Rotação interna de quadril sentado com elástico","Estabilize o tronco e a pelve e mova a perna no sentido mostrado em Rotação interna do quadril sentado com elástico. Faça a adução, rotação ou flexão do quadril sem inclinar o corpo para ganhar amplitude e retorne lentamente à posição inicial.","Quadril","Elástico | Academia","Quadril","","Musculação","Elástico","Academia","Iniciante","gifs/Exercícios sem marca d'água/Rotação interna do quadril sentado na elástico.gif","https://raw.githubusercontent.com/brunofs3221/fortyn-exercise-media-extra/main/gifs/Exerc%C3%ADcios%20sem%20marca%20d'%C3%A1gua/Rota%C3%A7%C3%A3o%20interna%20do%20quadril%20sentado%20na%20el%C3%A1stico.gif","C:\Users\bruno\Downloads\Exercicios renomeados\Rotação interna do quadril sentado com elástico","MIGRADO_FONTE_REVISADA"
"media_ac3e58b4be3f47ccf5a7","Rotação landmine","Rotação com landmine","Mantenha o abdômen ativo e a pelve estável. Execute a rotação — ou resista a ela, no caso do Pallof press — conduzindo os braços pela trajetória mostrada. Retorne lentamente sem deixar a lombar assumir todo o movimento.","Abdômen/Core","Barra | Academia","Abdômen/Core","","Musculação","Barra","Academia","Intermediário","gifs/Exercícios sem marca d'água/Torção de mina terrestre.gif","https://raw.githubusercontent.com/brunofs3221/fortyn-exercise-media-extra/main/gifs/Exerc%C3%ADcios%20sem%20marca%20d'%C3%A1gua/Tor%C3%A7%C3%A3o%20de%20mina%20terrestre.gif","C:\Users\bruno\Downloads\Exercicios renomeados\Rotação landmine","MIGRADO_FONTE_REVISADA"
"media_c811fae948c85ad2d17d","Rotação landmine","Rotação landmine","Mantenha o abdômen ativo e a pelve estável. Execute a rotação — ou resista a ela, no caso do Pallof press — conduzindo os braços pela trajetória mostrada. Retorne lentamente sem deixar a lombar assumir todo o movimento.","Abdômen/Core","Barra | Academia","Abdômen/Core","","Musculação","Barra","Academia","Intermediário","gifs/abdominais/Torção de mina terrestre - Variação 3.gif","https://raw.githubusercontent.com/brunofs3221/fortyn-exercise-media-extra/main/gifs/abdominais/Tor%C3%A7%C3%A3o%20de%20mina%20terrestre%20-%20Varia%C3%A7%C3%A3o%203.gif","","SEM_FONTE_REVISADA"
"media_962e032c8b1f8d4994db","Rotação torácica ajoelhado para trás","Rotação torácica em quatro apoios","Assuma a posição mostrada e estabilize quadril e lombar. Gire a parte superior do tronco, acompanhando o movimento com o braço e o olhar. Volte lentamente e repita, buscando amplitude na região torácica sem forçar a lombar.","Mobilidade","Sem aparelhos | Casa","Mobilidade","","Mobilidade","Sem aparelhos","Casa","Iniciante","gifs/Exercícios sem marca d'água/Rotação para trás ajoelhada.gif","https://raw.githubusercontent.com/brunofs3221/fortyn-exercise-media-extra/main/gifs/Exerc%C3%ADcios%20sem%20marca%20d'%C3%A1gua/Rota%C3%A7%C3%A3o%20para%20tr%C3%A1s%20ajoelhada.gif","C:\Users\bruno\Downloads\Exercicios renomeados\Rotação torácica ajoelhado para trás","MIGRADO_FONTE_REVISADA"
"media_f5d1a24976fa41b0b86b","Rotação torácica em quatro apoios","Enfiar a agulha","Assuma a posição mostrada e estabilize quadril e lombar. Gire a parte superior do tronco, acompanhando o movimento com o braço e o olhar. Volte lentamente e repita, buscando amplitude na região torácica sem forçar a lombar.","Mobilidade","Sem aparelhos | Casa","Mobilidade","","Mobilidade","Sem aparelhos","Casa","Iniciante","gifs/Exercícios sem marca d'água/Ajoelhado, rotação da coluna - Parsva balasana enfiar a remada na postura da agulha.gif","https://raw.githubusercontent.com/brunofs3221/fortyn-exercise-media-extra/main/gifs/Exerc%C3%ADcios%20sem%20marca%20d'%C3%A1gua/Ajoelhado%2C%20rota%C3%A7%C3%A3o%20da%20coluna%20-%20Parsva%20balasana%20enfiar%20a%20remada%20na%20postura%20da%20agulha.gif","C:\Users\bruno\Downloads\Exercicios renomeados\Rotação torácica em quatro apoios","MIGRADO_FONTE_REVISADA"
"media_e1af88165942a956c0e5","Salto agrupado","Salto agrupado","Assuma a posição inicial mostrada e execute o movimento de forma coordenada, mantendo o abdômen ativo e joelhos alinhados. Quando houver salto, aterrisse suavemente; quando houver deslocamento ou carga, mantenha o tronco estável durante toda a repetição.","Corpo inteiro","Cardio | Sem aparelhos | Casa","Corpo inteiro","","Cardio","Sem aparelhos","Casa","Avançado","gifs/Exercícios sem marca d'água/Salto dobrado.gif","https://raw.githubusercontent.com/brunofs3221/fortyn-exercise-media-extra/main/gifs/Exerc%C3%ADcios%20sem%20marca%20d'%C3%A1gua/Salto%20dobrado.gif","C:\Users\bruno\Downloads\Exercicios renomeados\Salto agrupado","MIGRADO_FONTE_REVISADA"
"media_5593336e85c3dd9a8d0b","Salto de elevação pélvica unilateral","Elevação pélvica unilateral no banco","Apoie os pés com firmeza e mantenha os joelhos alinhados. Contraia o abdômen e eleve o quadril apertando os glúteos até alinhar tronco e coxas. Evite hiperestender a lombar e desça o quadril lentamente.","Glúteos","Sem aparelhos | Casa","Glúteos","","Musculação","Sem aparelhos","Casa","Intermediário","gifs/Exercícios sem marca d'água/Salto de elevação pélvica com uma perna.gif","https://raw.githubusercontent.com/brunofs3221/fortyn-exercise-media-extra/main/gifs/Exerc%C3%ADcios%20sem%20marca%20d'%C3%A1gua/Salto%20de%20eleva%C3%A7%C3%A3o%20p%C3%A9lvica%20com%20uma%20perna.gif","C:\Users\bruno\Downloads\Exercicios renomeados\Salto de elevação pélvica unilateral","MIGRADO_FONTE_REVISADA"
"media_6c12c4b336b682ac2b70","Salto dividido com halteres","Afundo com salto e halteres","Assuma a posição inicial mostrada e execute o movimento de forma coordenada, mantendo o abdômen ativo e joelhos alinhados. Quando houver salto, aterrisse suavemente; quando houver deslocamento ou carga, mantenha o tronco estável durante toda a repetição.","Corpo inteiro","Halteres | Cardio | Academia","Corpo inteiro","","Cardio","Halteres","Academia","Avançado","gifs/Exercícios sem marca d'água/Salto dividido com halteres.gif","https://raw.githubusercontent.com/brunofs3221/fortyn-exercise-media-extra/main/gifs/Exerc%C3%ADcios%20sem%20marca%20d'%C3%A1gua/Salto%20dividido%20com%20halteres.gif","C:\Users\bruno\Downloads\Exercicios renomeados\Salto dividido com halteres","MIGRADO_FONTE_REVISADA"
"media_b88cadc46f0d4d95866c","Salto em distância","Salto horizontal parado","Assuma a posição inicial mostrada e execute o movimento de forma coordenada, mantendo o abdômen ativo e joelhos alinhados. Quando houver salto, aterrisse suavemente; quando houver deslocamento ou carga, mantenha o tronco estável durante toda a repetição.","Corpo inteiro","Cardio | Sem aparelhos | Casa","Corpo inteiro","","Cardio","Sem aparelhos","Casa","Intermediário","gifs/Exercícios sem marca d'água/Salto em distância.gif","https://raw.githubusercontent.com/brunofs3221/fortyn-exercise-media-extra/main/gifs/Exerc%C3%ADcios%20sem%20marca%20d'%C3%A1gua/Salto%20em%20dist%C3%A2ncia.gif","C:\Users\bruno\Downloads\Exercicios renomeados\Salto em distância","MIGRADO_FONTE_REVISADA"
"media_3767fd56a9b4327ddab3","Salto em distância unilateral","Salto horizontal unipodal","Assuma a posição inicial mostrada e execute o movimento de forma coordenada, mantendo o abdômen ativo e joelhos alinhados. Quando houver salto, aterrisse suavemente; quando houver deslocamento ou carga, mantenha o tronco estável durante toda a repetição.","Corpo inteiro","Cardio | Sem aparelhos | Casa","Corpo inteiro","","Cardio","Sem aparelhos","Casa","Avançado","gifs/Exercícios sem marca d'água/Salto em largura unipodal.gif","https://raw.githubusercontent.com/brunofs3221/fortyn-exercise-media-extra/main/gifs/Exerc%C3%ADcios%20sem%20marca%20d'%C3%A1gua/Salto%20em%20largura%20unipodal.gif","C:\Users\bruno\Downloads\Exercicios renomeados\Salto em distância unilateral","MIGRADO_FONTE_REVISADA"
"media_34a3bac127420a027db9","Salto em profundidade para obstáculo","Salto em profundidade com salto sobre obstáculo","Assuma a posição inicial mostrada e execute o movimento de forma coordenada, mantendo o abdômen ativo e joelhos alinhados. Quando houver salto, aterrisse suavemente; quando houver deslocamento ou carga, mantenha o tronco estável durante toda a repetição.","Corpo inteiro","Cardio | Sem aparelhos | Casa","Corpo inteiro","","Cardio","Sem aparelhos","Casa","Avançado","gifs/Exercícios sem marca d'água/Salto em profundidade para salto com obstáculos.gif","https://raw.githubusercontent.com/brunofs3221/fortyn-exercise-media-extra/main/gifs/Exerc%C3%ADcios%20sem%20marca%20d'%C3%A1gua/Salto%20em%20profundidade%20para%20salto%20com%20obst%C3%A1culos.gif","C:\Users\bruno\Downloads\Exercicios renomeados\Salto em profundidade para obstáculo","MIGRADO_FONTE_REVISADA"
"media_822f58a7c4a32e70fa16","Salto na caixa","Salto na caixa","Assuma a posição inicial mostrada e execute o movimento de forma coordenada, mantendo o abdômen ativo e joelhos alinhados. Quando houver salto, aterrisse suavemente; quando houver deslocamento ou carga, mantenha o tronco estável durante toda a repetição.","Corpo inteiro","Step/Caixa | Cardio | Academia","Corpo inteiro","","Cardio","Step/Caixa","Academia","Intermediário","gifs/Exercícios sem marca d'água/O salto da caixa.gif","https://raw.githubusercontent.com/brunofs3221/fortyn-exercise-media-extra/main/gifs/Exerc%C3%ADcios%20sem%20marca%20d'%C3%A1gua/O%20salto%20da%20caixa.gif","C:\Users\bruno\Downloads\Exercicios renomeados\Salto na caixa","MIGRADO_FONTE_REVISADA"
"media_0673631de2491887fe9c","Salto na caixa com uma perna","Salto unilateral na caixa","Assuma a posição inicial mostrada e execute o movimento de forma coordenada, mantendo o abdômen ativo e joelhos alinhados. Quando houver salto, aterrisse suavemente; quando houver deslocamento ou carga, mantenha o tronco estável durante toda a repetição.","Corpo inteiro","Step/Caixa | Cardio | Academia","Corpo inteiro","","Cardio","Step/Caixa","Academia","Avançado","gifs/Exercícios sem marca d'água/Salto de caixa com uma perna.gif","https://raw.githubusercontent.com/brunofs3221/fortyn-exercise-media-extra/main/gifs/Exerc%C3%ADcios%20sem%20marca%20d'%C3%A1gua/Salto%20de%20caixa%20com%20uma%20perna.gif","C:\Users\bruno\Downloads\Exercicios renomeados\Salto na caixa com uma perna","MIGRADO_FONTE_REVISADA"
"media_03b364bea968093e78f0","Salto para trás","Agachamento com salto","Assuma a posição inicial mostrada e execute o movimento de forma coordenada, mantendo o abdômen ativo e joelhos alinhados. Quando houver salto, aterrisse suavemente; quando houver deslocamento ou carga, mantenha o tronco estável durante toda a repetição.","Corpo inteiro","Cardio | Sem aparelhos | Casa","Corpo inteiro","","Cardio","Sem aparelhos","Casa","Intermediário","gifs/Exercícios sem marca d'água/Salto para trás.gif","https://raw.githubusercontent.com/brunofs3221/fortyn-exercise-media-extra/main/gifs/Exerc%C3%ADcios%20sem%20marca%20d'%C3%A1gua/Salto%20para%20tr%C3%A1s.gif","C:\Users\bruno\Downloads\Exercicios renomeados\Salto para trás","MIGRADO_FONTE_REVISADA"
"media_1c6ee613b14e0d609951","Salto pliométrico em zigue-zague","Salto pliométrico em zigue-zague entre cones","Assuma a posição inicial mostrada e execute o movimento de forma coordenada, mantendo o abdômen ativo e joelhos alinhados. Quando houver salto, aterrisse suavemente; quando houver deslocamento ou carga, mantenha o tronco estável durante toda a repetição.","Corpo inteiro","Cardio | Sem aparelhos | Casa","Corpo inteiro","","Cardio","Sem aparelhos","Casa","Avançado","gifs/Exercícios sem marca d'água/Zig zag hop pliométrico.gif","https://raw.githubusercontent.com/brunofs3221/fortyn-exercise-media-extra/main/gifs/Exerc%C3%ADcios%20sem%20marca%20d'%C3%A1gua/Zig%20zag%20hop%20pliom%C3%A9trico.gif","C:\Users\bruno\Downloads\Exercicios renomeados\Salto pliométrico em zigue-zague","MIGRADO_FONTE_REVISADA"
"media_e783592a49ae91e7c8d5","Salto vertical com alcance","Salto vertical com alcance","Assuma a posição inicial mostrada e execute o movimento de forma coordenada, mantendo o abdômen ativo e joelhos alinhados. Quando houver salto, aterrisse suavemente; quando houver deslocamento ou carga, mantenha o tronco estável durante toda a repetição.","Corpo inteiro","Cardio | Sem aparelhos | Casa","Corpo inteiro","","Cardio","Sem aparelhos","Casa","Intermediário","gifs/Exercícios sem marca d'água/exercicios_renomeados_pt_br/005_salto_vertical_com_alcance.gif","https://raw.githubusercontent.com/brunofs3221/fortyn-exercise-media-extra/main/gifs/Exerc%C3%ADcios%20sem%20marca%20d'%C3%A1gua/exercicios_renomeados_pt_br/005_salto_vertical_com_alcance.gif","C:\Users\bruno\Downloads\Exercicios renomeados\Salto vertical com alcance","MIGRADO_FONTE_REVISADA"
"media_9ef93caff4c0341a7ed3","Saltos com joelho alto","Corrida estacionária com joelhos altos","Assuma a posição inicial mostrada e execute o movimento de forma coordenada, mantendo o abdômen ativo e joelhos alinhados. Quando houver salto, aterrisse suavemente; quando houver deslocamento ou carga, mantenha o tronco estável durante toda a repetição.","Corpo inteiro","Cardio | Sem aparelhos | Casa","Corpo inteiro","","Cardio","Sem aparelhos","Casa","Intermediário","gifs/Exercícios sem marca d'água/Saltos de joelho alto.gif","https://raw.githubusercontent.com/brunofs3221/fortyn-exercise-media-extra/main/gifs/Exerc%C3%ADcios%20sem%20marca%20d'%C3%A1gua/Saltos%20de%20joelho%20alto.gif","C:\Users\bruno\Downloads\Exercicios renomeados\Saltos com joelho alto","MIGRADO_FONTE_REVISADA"
"media_2c5ba862da064babb4b0","Saltos de potência","Corrida estacionária com joelhos altos","Assuma a posição inicial mostrada e execute o movimento de forma coordenada, mantendo o abdômen ativo e joelhos alinhados. Quando houver salto, aterrisse suavemente; quando houver deslocamento ou carga, mantenha o tronco estável durante toda a repetição.","Corpo inteiro","Cardio | Sem aparelhos | Casa","Corpo inteiro","","Cardio","Sem aparelhos","Casa","Iniciante","gifs/Exercícios sem marca d'água/Saltos de energia.gif","https://raw.githubusercontent.com/brunofs3221/fortyn-exercise-media-extra/main/gifs/Exerc%C3%ADcios%20sem%20marca%20d'%C3%A1gua/Saltos%20de%20energia.gif","C:\Users\bruno\Downloads\Exercicios renomeados\Saltos de potência","MIGRADO_FONTE_REVISADA"
"media_3928f40d2fcdc598b8ce","Scott press","Desenvolvimento Scott com halteres","Comece com as mãos ou a carga na altura apropriada dos ombros e mantenha o abdômen ativo. Empurre para cima até estender os braços com controle. Desça de volta sem deixar os ombros subirem excessivamente em direção às orelhas.","Ombros","Banco | Tríceps | Academia","Ombros","Tríceps","Musculação","Banco","Academia","Intermediário","gifs/Exercícios sem marca d'água/Imprensa scott.gif","https://raw.githubusercontent.com/brunofs3221/fortyn-exercise-media-extra/main/gifs/Exerc%C3%ADcios%20sem%20marca%20d'%C3%A1gua/Imprensa%20scott.gif","C:\Users\bruno\Downloads\Exercicios renomeados\Scott press","MIGRADO_FONTE_REVISADA"
"media_40e4027e63f8c7d6a93f","SkiErg","Ergômetro de esqui","Segure as alças acima da cabeça, mantenha o abdômen ativo e puxe-as para baixo usando braços, tronco e leve flexão dos quadris e joelhos. Retorne os braços para cima de forma fluida e repita em ritmo contínuo.","Cardio","Máquina | Academia | Corpo inteiro","Cardio","Corpo inteiro","Cardio","Máquina","Academia","Intermediário","gifs/Exercícios sem marca d'água/Ergômetro de esqui.gif","https://raw.githubusercontent.com/brunofs3221/fortyn-exercise-media-extra/main/gifs/Exerc%C3%ADcios%20sem%20marca%20d'%C3%A1gua/Erg%C3%B4metro%20de%20esqui.gif","C:\Users\bruno\Downloads\Exercicios renomeados\SkiErg","MIGRADO_FONTE_REVISADA"
"media_15a3e6747708fe4ff506","Slam com bola medicinal","Arremesso de bola medicinal acima da cabeça no solo","Segure a bola com firmeza e use pernas, quadril e tronco para gerar força na direção mostrada. Lance ou bata a bola seguindo a trajetória do GIF. Recupere a posição de forma controlada antes da próxima repetição.","Corpo inteiro","Bola | Cardio | Academia","Corpo inteiro","","Cardio","Bola","Academia","Intermediário","gifs/Exercícios sem marca d'água/Bola medicinal batendo acima da cabeça.gif","https://raw.githubusercontent.com/brunofs3221/fortyn-exercise-media-extra/main/gifs/Exerc%C3%ADcios%20sem%20marca%20d'%C3%A1gua/Bola%20medicinal%20batendo%20acima%20da%20cabe%C3%A7a.gif","C:\Users\bruno\Downloads\Exercicios renomeados\Slam com bola medicinal","MIGRADO_FONTE_REVISADA"
"media_50433dffe9620f1c1c7c","Snatch balance","Agachamento com desenvolvimento com barra","Inicie com postura firme, abdômen ativo e a carga próxima ao corpo. Gere força com pernas e quadril e conduza a carga pela trajetória mostrada até a posição final. Estabilize o peso antes de retornar e controle cada etapa do movimento.","Corpo inteiro","Barra | Academia","Corpo inteiro","","Musculação","Barra","Academia","Avançado","gifs/Exercícios sem marca d'água/Levantamento de equilíbrio.gif","https://raw.githubusercontent.com/brunofs3221/fortyn-exercise-media-extra/main/gifs/Exerc%C3%ADcios%20sem%20marca%20d'%C3%A1gua/Levantamento%20de%20equil%C3%ADbrio.gif","C:\Users\bruno\Downloads\Exercicios renomeados\Snatch balance","MIGRADO_FONTE_REVISADA"
"media_2ea19f883edf7070ca88","Snatch com barra","Arranco com barra","Inicie com postura firme, abdômen ativo e a carga próxima ao corpo. Gere força com pernas e quadril e conduza a carga pela trajetória mostrada até a posição final. Estabilize o peso antes de retornar e controle cada etapa do movimento.","Corpo inteiro","Barra | Academia","Corpo inteiro","","Musculação","Barra","Academia","Avançado","gifs/Exercícios sem marca d'água/Snatch com barra.gif","https://raw.githubusercontent.com/brunofs3221/fortyn-exercise-media-extra/main/gifs/Exerc%C3%ADcios%20sem%20marca%20d'%C3%A1gua/Snatch%20com%20barra.gif","C:\Users\bruno\Downloads\Exercicios renomeados\Snatch com barra","MIGRADO_FONTE_REVISADA"
"media_e52590311864636df066","Snatch unilateral com halter","Arranco unilateral com halter","Inicie com postura firme, abdômen ativo e a carga próxima ao corpo. Gere força com pernas e quadril e conduza a carga pela trajetória mostrada até a posição final. Estabilize o peso antes de retornar e controle cada etapa do movimento.","Corpo inteiro","Halteres | Academia","Corpo inteiro","","Musculação","Halteres","Academia","Avançado","gifs/Exercícios sem marca d'água/Snatch com halteres com um braço.gif","https://raw.githubusercontent.com/brunofs3221/fortyn-exercise-media-extra/main/gifs/Exerc%C3%ADcios%20sem%20marca%20d'%C3%A1gua/Snatch%20com%20halteres%20com%20um%20bra%C3%A7o.gif","C:\Users\bruno\Downloads\Exercicios renomeados\Snatch unilateral com halter","MIGRADO_FONTE_REVISADA"
"media_46780e150c2ffee4f8ff","Socos","Soco alternado em pé","Assuma uma base estável, mantenha as mãos protegendo o rosto e o abdômen ativo. Execute o golpe mostrado girando quadril e tronco de forma coordenada, sem travar completamente as articulações. Retorne rapidamente à posição de guarda.","Cardio","Sem aparelhos | Casa | Corpo inteiro","Cardio","Corpo inteiro","Cardio","Sem aparelhos","Casa","Iniciante","gifs/Exercícios sem marca d'água/Socos.gif","https://raw.githubusercontent.com/brunofs3221/fortyn-exercise-media-extra/main/gifs/Exerc%C3%ADcios%20sem%20marca%20d'%C3%A1gua/Socos.gif","C:\Users\bruno\Downloads\Exercicios renomeados\Socos","MIGRADO_FONTE_REVISADA"
"media_5b3d146a48af410dfd5c","Sprint na bicicleta ergométrica","Bicicleta ergométrica","Ajuste o banco para que o joelho permaneça levemente flexionado no ponto mais baixo do pedal. Pedale com os joelhos alinhados aos pés e o tronco estável, mantendo uma cadência contínua. Ajuste resistência e ritmo à intensidade desejada.","Cardio","Máquina | Bicicleta | Academia","Cardio","","Cardio","Máquina | Bicicleta","Academia","Iniciante","gifs/Exercícios sem marca d'água/Corrida de bicicleta estacionária.gif","https://raw.githubusercontent.com/brunofs3221/fortyn-exercise-media-extra/main/gifs/Exerc%C3%ADcios%20sem%20marca%20d'%C3%A1gua/Corrida%20de%20bicicleta%20estacion%C3%A1ria.gif","C:\Users\bruno\Downloads\Exercicios renomeados\Sprint na bicicleta ergométrica","MIGRADO_FONTE_REVISADA"
"media_3ff2e34a5c3aed66a8d6","Squat thrust (agachamento para prancha)","Burpee sem salto","Comece em pé, agache e apoie as mãos no chão. Leve os pés para trás até a posição de prancha, mantendo o abdômen firme. Traga os pés de volta para perto das mãos e levante-se para completar a repetição, mantendo o movimento coordenado.","Corpo inteiro","Cardio | Sem aparelhos | Casa","Corpo inteiro","","Cardio","Sem aparelhos","Casa","Intermediário","gifs/Exercícios sem marca d'água/Saltos instantâneos.gif","https://raw.githubusercontent.com/brunofs3221/fortyn-exercise-media-extra/main/gifs/Exerc%C3%ADcios%20sem%20marca%20d'%C3%A1gua/Saltos%20instant%C3%A2neos.gif","C:\Users\bruno\Downloads\Exercicios renomeados\Squat thrust (agachamento para prancha)","MIGRADO_FONTE_REVISADA"
"media_25603c4c184000fe46be","Step-down unilateral","Step-down unilateral no degrau","Apoie completamente o pé da perna de trabalho no banco, caixa ou degrau. Empurre o apoio para elevar o corpo, mantendo joelho e pé alinhados. Desça de forma controlada e evite impulsionar excessivamente com a perna que fica no chão.","Quadríceps","Step/Caixa | Glúteos | Academia","Quadríceps","Glúteos","Musculação","Step/Caixa","Academia","Intermediário","gifs/Exercícios sem marca d'água/Degrau com uma perna para baixo.gif","https://raw.githubusercontent.com/brunofs3221/fortyn-exercise-media-extra/main/gifs/Exerc%C3%ADcios%20sem%20marca%20d'%C3%A1gua/Degrau%20com%20uma%20perna%20para%20baixo.gif","C:\Users\bruno\Downloads\Exercicios renomeados\Step-down unilateral","MIGRADO_FONTE_REVISADA"
"media_a9eebdc43bbaa0da601e","Step-up com elástico","Subida no caixote com miniband","Apoie completamente o pé da perna de trabalho no banco, caixa ou degrau. Empurre o apoio para elevar o corpo, mantendo joelho e pé alinhados. Desça de forma controlada e evite impulsionar excessivamente com a perna que fica no chão.","Quadríceps","Elástico | Step/Caixa | Glúteos","Quadríceps","Glúteos","Musculação","Elástico | Step/Caixa","Academia | Casa","Intermediário","gifs/Exercícios sem marca d'água/Passo em elástico.gif","https://raw.githubusercontent.com/brunofs3221/fortyn-exercise-media-extra/main/gifs/Exerc%C3%ADcios%20sem%20marca%20d'%C3%A1gua/Passo%20em%20el%C3%A1stico.gif","C:\Users\bruno\Downloads\Exercicios renomeados\Step-up com elástico","MIGRADO_FONTE_REVISADA"
"media_67bfb91c8acba912cb26","Step-up com elevação do joelho","Subida no banco com elevação de joelho","Apoie completamente o pé da perna de trabalho no banco, caixa ou degrau. Empurre o apoio para elevar o corpo, mantendo joelho e pé alinhados. Desça de forma controlada e evite impulsionar excessivamente com a perna que fica no chão.","Quadríceps","Step/Caixa | Glúteos | Academia","Quadríceps","Glúteos","Musculação","Step/Caixa","Academia","Iniciante","gifs/Exercícios sem marca d'água/Subir com elevação dos joelhos.gif","https://raw.githubusercontent.com/brunofs3221/fortyn-exercise-media-extra/main/gifs/Exerc%C3%ADcios%20sem%20marca%20d'%C3%A1gua/Subir%20com%20eleva%C3%A7%C3%A3o%20dos%20joelhos.gif","C:\Users\bruno\Downloads\Exercicios renomeados\Step-up com elevação do joelho","MIGRADO_FONTE_REVISADA"
"media_bfe1cffc4cf02b0a65a7","Step-up com equilíbrio e rosca bíceps","Subida no banco com rosca bíceps","Mantenha o braço estável e flexione o cotovelo trazendo a carga em direção ao ombro. Evite balançar o tronco ou projetar o cotovelo para ganhar impulso. Estenda o braço novamente de forma lenta até a posição inicial.","Bíceps","Step/Caixa | Academia","Bíceps","","Musculação","Step/Caixa","Academia","Avançado","gifs/Exercícios sem marca d'água/Intensificar o equilíbrio de uma perna com rosca bíceps.gif","https://raw.githubusercontent.com/brunofs3221/fortyn-exercise-media-extra/main/gifs/Exerc%C3%ADcios%20sem%20marca%20d'%C3%A1gua/Intensificar%20o%20equil%C3%ADbrio%20de%20uma%20perna%20com%20rosca%20b%C3%ADceps.gif","C:\Users\bruno\Downloads\Exercicios renomeados\Step-up com equilíbrio e rosca bíceps","MIGRADO_FONTE_REVISADA"
"media_21d252fe7df4de8b01a6","Step-up com halteres","Subida no banco com halteres","Apoie completamente o pé da perna de trabalho no banco, caixa ou degrau. Empurre o apoio para elevar o corpo, mantendo joelho e pé alinhados. Desça de forma controlada e evite impulsionar excessivamente com a perna que fica no chão.","Quadríceps","Halteres | Step/Caixa | Glúteos","Quadríceps","Glúteos","Musculação","Halteres | Step/Caixa","Casa | Academia","Intermediário","gifs/Exercícios sem marca d'água/Haltere intensificar.gif","https://raw.githubusercontent.com/brunofs3221/fortyn-exercise-media-extra/main/gifs/Exerc%C3%ADcios%20sem%20marca%20d'%C3%A1gua/Haltere%20intensificar.gif","C:\Users\bruno\Downloads\Exercicios renomeados\Step-up com halteres","MIGRADO_FONTE_REVISADA"
"media_c68a7f9f79457c36453e","Step-up com rotação e joelho ao cotovelo","Abdominal oblíquo em pé no banco","Apoie completamente o pé da perna de trabalho no banco, caixa ou degrau. Empurre o apoio para elevar o corpo, mantendo joelho e pé alinhados. Desça de forma controlada e evite impulsionar excessivamente com a perna que fica no chão.","Quadríceps","Step/Caixa | Glúteos | Academia","Quadríceps","Glúteos","Musculação","Step/Caixa","Academia","Intermediário","gifs/Exercícios sem marca d'água/Dar um passo oposto ao cotovelo torcer o joelho.gif","https://raw.githubusercontent.com/brunofs3221/fortyn-exercise-media-extra/main/gifs/Exerc%C3%ADcios%20sem%20marca%20d'%C3%A1gua/Dar%20um%20passo%20oposto%20ao%20cotovelo%20torcer%20o%20joelho.gif","C:\Users\bruno\Downloads\Exercicios renomeados\Step-up com rotação e joelho ao cotovelo","MIGRADO_FONTE_REVISADA"
"media_a95dd7df569e4fa31ed5","Step-up lateral","Subida lateral no banco","Apoie completamente o pé da perna de trabalho no banco, caixa ou degrau. Empurre o apoio para elevar o corpo, mantendo joelho e pé alinhados. Desça de forma controlada e evite impulsionar excessivamente com a perna que fica no chão.","Quadríceps","Step/Caixa | Glúteos | Academia","Quadríceps","Glúteos","Musculação","Step/Caixa","Academia","Iniciante","gifs/Exercícios sem marca d'água/Subida lateral.gif","https://raw.githubusercontent.com/brunofs3221/fortyn-exercise-media-extra/main/gifs/Exerc%C3%ADcios%20sem%20marca%20d'%C3%A1gua/Subida%20lateral.gif","C:\Users\bruno\Downloads\Exercicios renomeados\Step-up lateral","MIGRADO_FONTE_REVISADA"
"media_2d38aee402705afccb8f","Step-up lateral com halteres","Step-up lateral com halteres","Apoie completamente o pé da perna de trabalho no banco, caixa ou degrau. Empurre o apoio para elevar o corpo, mantendo joelho e pé alinhados. Desça de forma controlada e evite impulsionar excessivamente com a perna que fica no chão.","Quadríceps","Halteres | Step/Caixa | Glúteos","Quadríceps","Glúteos","Musculação","Halteres | Step/Caixa","Academia | Casa","Intermediário","gifs/Exercícios sem marca d'água/Step up lateral com halteres.gif","https://raw.githubusercontent.com/brunofs3221/fortyn-exercise-media-extra/main/gifs/Exerc%C3%ADcios%20sem%20marca%20d'%C3%A1gua/Step%20up%20lateral%20com%20halteres.gif","C:\Users\bruno\Downloads\Exercicios renomeados\Step-up lateral com halteres","MIGRADO_FONTE_REVISADA"
"media_118ff8b2ba6ba026f180","Step-up no banco com barra","Subida no banco com barra","Apoie completamente o pé da perna de trabalho no banco, caixa ou degrau. Empurre o apoio para elevar o corpo, mantendo joelho e pé alinhados. Desça de forma controlada e evite impulsionar excessivamente com a perna que fica no chão.","Quadríceps","Barra | Banco | Step/Caixa","Quadríceps","","Musculação","Barra | Banco | Step/Caixa","Academia","Avançado","gifs/Exercícios sem marca d'água/Subida no banco com barra.gif","https://raw.githubusercontent.com/brunofs3221/fortyn-exercise-media-extra/main/gifs/Exerc%C3%ADcios%20sem%20marca%20d'%C3%A1gua/Subida%20no%20banco%20com%20barra.gif","C:\Users\bruno\Downloads\Exercicios renomeados\Step-up no banco com barra","MIGRADO_FONTE_REVISADA"
"media_3229245c86fe25a905d4","Step-up no banco com halteres","Step-up no banco com halteres","Coloque um pé inteiro sobre o banco e segure os halteres ao lado do corpo. Empurre o banco com a perna de cima até subir completamente, evitando impulsionar com a perna de baixo. Desça de forma controlada e repita antes de trocar o lado.","Quadríceps","Glúteos | Halteres | Banco","Quadríceps","Glúteos","Musculação","Halteres | Banco","Casa | Academia","Intermediário","gifs/perna/Corrida.gif","https://raw.githubusercontent.com/brunofs3221/fortyn-exercise-media-extra/main/gifs/perna/Corrida.gif","C:\Users\bruno\Downloads\Exercicios renomeados\Step-up no banco com halteres","MIGRADO_FONTE_REVISADA"
"media_14c175528087a57ddc71","Step-up no banco com halteres - Variação 2","Step-up no banco com halteres - Variação 2","Coloque um pé inteiro sobre o banco e segure os halteres ao lado do corpo. Empurre o banco com a perna de cima até subir completamente, evitando impulsionar com a perna de baixo. Desça de forma controlada e repita antes de trocar o lado.","Quadríceps","Glúteos | Halteres | Banco","Quadríceps","Glúteos","Musculação","Halteres | Banco","Casa | Academia","Intermediário","gifs/perna/Recusar avanço com halteres no banco.gif","https://raw.githubusercontent.com/brunofs3221/fortyn-exercise-media-extra/main/gifs/perna/Recusar%20avan%C3%A7o%20com%20halteres%20no%20banco.gif","C:\Users\bruno\Downloads\Exercicios renomeados\Step-up no banco com halteres - Variação 2","MIGRADO_FONTE_REVISADA"
"media_868ed8908109f2f279b8","Stiff com barra","Stiff com barra","Fique em pé com a carga à frente das coxas e os joelhos levemente flexionados. Empurre o quadril para trás mantendo a coluna neutra e a carga próxima às pernas até sentir alongamento nos posteriores. Retorne estendendo o quadril e contraindo os glúteos, sem arredondar as costas.","Posterior de coxa","Glúteos | Barra | Academia","Posterior de coxa","Glúteos","Musculação","Barra","Academia","Intermediário","gifs/perna/Alongamento de isquiotibiais de perna cruzada em pé.gif","https://raw.githubusercontent.com/brunofs3221/fortyn-exercise-media-extra/main/gifs/perna/Alongamento%20de%20isquiotibiais%20de%20perna%20cruzada%20em%20p%C3%A9.gif","C:\Users\bruno\Downloads\Exercicios renomeados\Stiff com barra","MIGRADO_FONTE_REVISADA"
"media_c60d0677040259b02da3","Stiff com halteres","Levantamento terra romeno com halteres","Comece com os pés firmes e o abdômen ativo. Leve o quadril para trás mantendo a coluna neutra e a carga próxima ao corpo. Desça até sentir tensão nos posteriores sem perder a postura e volte estendendo o quadril de forma controlada.","Posterior de coxa","Halteres | Glúteos | Academia","Posterior de coxa","Glúteos","Musculação","Halteres","Academia","Intermediário","gifs/Exercícios sem marca d'água/Levantamento terra com halteres e perna reta.gif","https://raw.githubusercontent.com/brunofs3221/fortyn-exercise-media-extra/main/gifs/Exerc%C3%ADcios%20sem%20marca%20d'%C3%A1gua/Levantamento%20terra%20com%20halteres%20e%20perna%20reta.gif","C:\Users\bruno\Downloads\Exercicios renomeados\Stiff com halteres","MIGRADO_FONTE_REVISADA"
"media_b075d47f20be6561f8a7","Stiff no Smith","Stiff no Smith","Fique em pé com a carga à frente das coxas e os joelhos levemente flexionados. Empurre o quadril para trás mantendo a coluna neutra e a carga próxima às pernas até sentir alongamento nos posteriores. Retorne estendendo o quadril e contraindo os glúteos, sem arredondar as costas.","Posterior de coxa","Glúteos | Máquina | Academia","Posterior de coxa","Glúteos","Musculação","Máquina","Academia","Intermediário","gifs/perna/Flexão de perna única com alavanca.gif","https://raw.githubusercontent.com/brunofs3221/fortyn-exercise-media-extra/main/gifs/perna/Flex%C3%A3o%20de%20perna%20%C3%BAnica%20com%20alavanca.gif","C:\Users\bruno\Downloads\Exercicios renomeados\Stiff no Smith","MIGRADO_FONTE_REVISADA"
"media_166a78f87d50aeef5eb5","Super-homem","Super-homem","Mantenha o abdômen firme e eleve o tronco ou os membros conforme a variação, estendendo a coluna e o quadril sem usar impulso. Pare ao alinhar o corpo e retorne lentamente, evitando hiperextensão exagerada da lombar.","Costas","Sem aparelhos | Casa","Costas","","Musculação","Sem aparelhos","Casa","Iniciante","gifs/abdominais/Abdominal ponderada - Variação 2.gif","https://raw.githubusercontent.com/brunofs3221/fortyn-exercise-media-extra/main/gifs/abdominais/Abdominal%20ponderada%20-%20Varia%C3%A7%C3%A3o%202.gif","","SEM_FONTE_REVISADA"
"media_bdb2c36c305132520848","Super-homem","Superman","Mantenha o abdômen firme e eleve o tronco ou os membros conforme a variação, estendendo a coluna e o quadril sem usar impulso. Pare ao alinhar o corpo e retorne lentamente, evitando hiperextensão exagerada da lombar.","Costas","Sem aparelhos | Casa","Costas","","Musculação","Sem aparelhos","Casa","Iniciante","gifs/Exercícios sem marca d'água/Advasana l postura de cadáver reversa - Super-homem.gif","https://raw.githubusercontent.com/brunofs3221/fortyn-exercise-media-extra/main/gifs/Exerc%C3%ADcios%20sem%20marca%20d'%C3%A1gua/Advasana%20l%20postura%20de%20cad%C3%A1ver%20reversa%20-%20Super-homem.gif","C:\Users\bruno\Downloads\Exercicios renomeados\Super-homem","MIGRADO_FONTE_REVISADA"
"media_ad4725f408aace1587fa","Super-homem - variação 2","Superman com braços estendidos","Mantenha o abdômen firme e eleve o tronco ou os membros conforme a variação, estendendo a coluna e o quadril sem usar impulso. Pare ao alinhar o corpo e retorne lentamente, evitando hiperextensão exagerada da lombar.","Costas","Sem aparelhos | Casa","Costas","","Musculação","Sem aparelhos","Casa","Iniciante","gifs/Exercícios sem marca d'água/Advasana l postura de cadáver reversa - Super-homem - Variação 2.gif","https://raw.githubusercontent.com/brunofs3221/fortyn-exercise-media-extra/main/gifs/Exerc%C3%ADcios%20sem%20marca%20d'%C3%A1gua/Advasana%20l%20postura%20de%20cad%C3%A1ver%20reversa%20-%20Super-homem%20-%20Varia%C3%A7%C3%A3o%202.gif","C:\Users\bruno\Downloads\Exercicios renomeados\Super-homem - variação 2","MIGRADO_FONTE_REVISADA"
"media_069205b8deab71863d87","Super-homem - variação 3","Superman","Mantenha o abdômen firme e eleve o tronco ou os membros conforme a variação, estendendo a coluna e o quadril sem usar impulso. Pare ao alinhar o corpo e retorne lentamente, evitando hiperextensão exagerada da lombar.","Costas","Sem aparelhos | Casa","Costas","","Musculação","Sem aparelhos","Casa","Iniciante","gifs/Exercícios sem marca d'água/exercicios_renomeados_pt_br/014_superman.gif","https://raw.githubusercontent.com/brunofs3221/fortyn-exercise-media-extra/main/gifs/Exerc%C3%ADcios%20sem%20marca%20d'%C3%A1gua/exercicios_renomeados_pt_br/014_superman.gif","C:\Users\bruno\Downloads\Exercicios renomeados\Super-homem - variação 3","MIGRADO_FONTE_REVISADA"
"media_264685df5d19c9a9b848","Super-homem com braços estendidos","Super-homem com braços estendidos","Mantenha o abdômen firme e eleve o tronco ou os membros conforme a variação, estendendo a coluna e o quadril sem usar impulso. Pare ao alinhar o corpo e retorne lentamente, evitando hiperextensão exagerada da lombar.","Costas","Sem aparelhos | Casa","Costas","","Musculação","Sem aparelhos","Casa","Iniciante","gifs/abdominais/Abdominal ponderada - Variação 3.gif","https://raw.githubusercontent.com/brunofs3221/fortyn-exercise-media-extra/main/gifs/abdominais/Abdominal%20ponderada%20-%20Varia%C3%A7%C3%A3o%203.gif","C:\Users\bruno\Downloads\Exercicios renomeados\Super-homem com braços estendidos","MIGRADO_FONTE_REVISADA"
"media_66f1db807a9d4d3e0fde","Supino ajoelhado com elástico","Supino ajoelhado com elástico","Apoie as escápulas no banco ou encosto e mantenha os pés firmes. Desça a carga em direção ao peito com punhos alinhados e cotovelos em trajetória confortável. Empurre até estender os braços sem perder a posição dos ombros e retorne com controle.","Peito","Elástico | Banco | Tríceps","Peito","Tríceps","Musculação","Elástico | Banco","Casa | Academia","Iniciante","gifs/Exercícios sem marca d'água/exercicios_renomeados_pt_br/018_press_de_peito_ajoelhado_com_elastico.gif","https://raw.githubusercontent.com/brunofs3221/fortyn-exercise-media-extra/main/gifs/Exerc%C3%ADcios%20sem%20marca%20d'%C3%A1gua/exercicios_renomeados_pt_br/018_press_de_peito_ajoelhado_com_elastico.gif","C:\Users\bruno\Downloads\Exercicios renomeados\Supino ajoelhado com elástico","MIGRADO_FONTE_REVISADA"
"media_d432482a6d2371d9c4a7","Supino alternado com halteres","Crucifixo reto com halteres","Apoie as escápulas no banco ou encosto e mantenha os pés firmes. Desça a carga em direção ao peito com punhos alinhados e cotovelos em trajetória confortável. Empurre até estender os braços sem perder a posição dos ombros e retorne com controle.","Peito","Halteres | Banco | Tríceps","Peito","Tríceps","Musculação","Halteres | Banco","Academia | Casa","Intermediário","gifs/Exercícios sem marca d'água/Supino alternado com halteres.gif","https://raw.githubusercontent.com/brunofs3221/fortyn-exercise-media-extra/main/gifs/Exerc%C3%ADcios%20sem%20marca%20d'%C3%A1gua/Supino%20alternado%20com%20halteres.gif","C:\Users\bruno\Downloads\Exercicios renomeados\Supino alternado com halteres","MIGRADO_FONTE_REVISADA"
"media_e07c607a601c3a70b90a","Supino com halteres","Supino reto com halteres","Apoie as escápulas no banco ou encosto e mantenha os pés firmes. Desça a carga em direção ao peito com punhos alinhados e cotovelos em trajetória confortável. Empurre até estender os braços sem perder a posição dos ombros e retorne com controle.","Peito","Halteres | Banco | Tríceps","Peito","Tríceps","Musculação","Halteres | Banco","Academia","Iniciante","gifs/Exercícios sem marca d'água/Imprensa com halteres.gif","https://raw.githubusercontent.com/brunofs3221/fortyn-exercise-media-extra/main/gifs/Exerc%C3%ADcios%20sem%20marca%20d'%C3%A1gua/Imprensa%20com%20halteres.gif","C:\Users\bruno\Downloads\Exercicios renomeados\Supino com halteres","MIGRADO_FONTE_REVISADA"
"media_c9a7cd8b634bff61827d","Supino com halteres e pegada fechada","Supino fechado com halteres","Apoie ou estabilize o antebraço e mova principalmente o punho ou a pegada conforme a variação. Faça a contração sem usar impulso do braço e retorne devagar para trabalhar toda a amplitude.","Antebraços","Halteres | Banco | Academia","Antebraços","","Musculação","Halteres | Banco","Academia","Intermediário","gifs/Exercícios sem marca d'água/Supino com halteres de pegada fechada.gif","https://raw.githubusercontent.com/brunofs3221/fortyn-exercise-media-extra/main/gifs/Exerc%C3%ADcios%20sem%20marca%20d'%C3%A1gua/Supino%20com%20halteres%20de%20pegada%20fechada.gif","C:\Users\bruno\Downloads\Exercicios renomeados\Supino com halteres e pegada fechada","MIGRADO_FONTE_REVISADA"
"media_578435577be4475cf008","Supino com halteres e pegada reversa","Supino reto com halteres em pegada supinada","Apoie ou estabilize o antebraço e mova principalmente o punho ou a pegada conforme a variação. Faça a contração sem usar impulso do braço e retorne devagar para trabalhar toda a amplitude.","Antebraços","Halteres | Banco | Academia","Antebraços","","Musculação","Halteres | Banco","Academia","Intermediário","gifs/Exercícios sem marca d'água/Supino com halteres com pegada reversa.gif","https://raw.githubusercontent.com/brunofs3221/fortyn-exercise-media-extra/main/gifs/Exerc%C3%ADcios%20sem%20marca%20d'%C3%A1gua/Supino%20com%20halteres%20com%20pegada%20reversa.gif","C:\Users\bruno\Downloads\Exercicios renomeados\Supino com halteres e pegada reversa","MIGRADO_FONTE_REVISADA"
"media_d5c616bb94b508537411","Supino com halteres juntos (squeeze press)","Supino com halteres juntos (squeeze press)","Deite-se em um banco reto com um halter em cada mão e mantenha-os pressionados um contra o outro acima do peito. Desça os halteres juntos em direção ao tórax, mantendo a pressão entre eles, e empurre de volta para cima sem perder a estabilidade dos ombros.","Peito","Tríceps | Halteres","Peito","Tríceps","Musculação","Halteres","Academia","Intermediário","gifs/peitoral/Supino reto com barra.gif","https://raw.githubusercontent.com/brunofs3221/fortyn-exercise-media-extra/main/gifs/peitoral/Supino%20reto%20com%20barra.gif","C:\Users\bruno\Downloads\Exercicios renomeados\Supino com halteres juntos (squeeze press)","MIGRADO_FONTE_REVISADA"
"media_12c2a2cdbac36debf89c","Supino com pegada aberta","Supino reto com barra pegada aberta","Apoie ou estabilize o antebraço e mova principalmente o punho ou a pegada conforme a variação. Faça a contração sem usar impulso do braço e retorne devagar para trabalhar toda a amplitude.","Antebraços","Banco | Academia","Antebraços","","Musculação","Banco","Academia","Intermediário","gifs/Exercícios sem marca d'água/Supino de grande aderência.gif","https://raw.githubusercontent.com/brunofs3221/fortyn-exercise-media-extra/main/gifs/Exerc%C3%ADcios%20sem%20marca%20d'%C3%A1gua/Supino%20de%20grande%20ader%C3%AAncia.gif","C:\Users\bruno\Downloads\Exercicios renomeados\Supino com pegada aberta","MIGRADO_FONTE_REVISADA"
"media_2a19365360e67c7c55e9","Supino com pegada fechada","Supino reto com pegada fechada","Apoie ou estabilize o antebraço e mova principalmente o punho ou a pegada conforme a variação. Faça a contração sem usar impulso do braço e retorne devagar para trabalhar toda a amplitude.","Antebraços","Banco | Academia","Antebraços","","Musculação","Banco","Academia","Intermediário","gifs/Exercícios sem marca d'água/Supino com pegada fechada.gif","https://raw.githubusercontent.com/brunofs3221/fortyn-exercise-media-extra/main/gifs/Exerc%C3%ADcios%20sem%20marca%20d'%C3%A1gua/Supino%20com%20pegada%20fechada.gif","C:\Users\bruno\Downloads\Exercicios renomeados\Supino com pegada fechada","MIGRADO_FONTE_REVISADA"
"media_a58a3a28e9b6ff18adb2","Supino com pegada fechada","Supino com pegada fechada","Apoie ou estabilize o antebraço e mova principalmente o punho ou a pegada conforme a variação. Faça a contração sem usar impulso do braço e retorne devagar para trabalhar toda a amplitude.","Antebraços","Banco | Academia","Antebraços","","Musculação","Banco","Academia","Intermediário","gifs/tríceps/Supino com pegada fechada.gif","https://raw.githubusercontent.com/brunofs3221/fortyn-exercise-media-extra/main/gifs/tr%C3%ADceps/Supino%20com%20pegada%20fechada.gif","","SEM_FONTE_REVISADA"
"media_1126903b26ae141622ea","Supino convergente na máquina","Voador na máquina","Apoie as escápulas no banco ou encosto e mantenha os pés firmes. Desça a carga em direção ao peito com punhos alinhados e cotovelos em trajetória confortável. Empurre até estender os braços sem perder a posição dos ombros e retorne com controle.","Peito","Máquina | Tríceps | Academia","Peito","Tríceps","Musculação","Máquina","Academia","Iniciante","gifs/Exercícios sem marca d'água/Máquina de prensa torácica interna.gif","https://raw.githubusercontent.com/brunofs3221/fortyn-exercise-media-extra/main/gifs/Exerc%C3%ADcios%20sem%20marca%20d'%C3%A1gua/M%C3%A1quina%20de%20prensa%20tor%C3%A1cica%20interna.gif","C:\Users\bruno\Downloads\Exercicios renomeados\Supino convergente na máquina","MIGRADO_FONTE_REVISADA"
"media_8d1cd8a354abbd87be15","Supino declinado com barra","Supino declinado com barra","Apoie as escápulas no banco ou encosto e mantenha os pés firmes. Desça a carga em direção ao peito com punhos alinhados e cotovelos em trajetória confortável. Empurre até estender os braços sem perder a posição dos ombros e retorne com controle.","Peito","Barra | Banco | Tríceps","Peito","Tríceps","Musculação","Barra | Banco","Academia","Intermediário","gifs/Exercícios sem marca d'água/Declínio no supino com barra.gif","https://raw.githubusercontent.com/brunofs3221/fortyn-exercise-media-extra/main/gifs/Exerc%C3%ADcios%20sem%20marca%20d'%C3%A1gua/Decl%C3%ADnio%20no%20supino%20com%20barra.gif","C:\Users\bruno\Downloads\Exercicios renomeados\Supino declinado com barra","MIGRADO_FONTE_REVISADA"
"media_84caf5c2fa0ec08e48d6","Supino declinado com halteres","Supino declinado com halteres","Deite-se em um banco declinado com um halter em cada mão na linha do peito. Empurre os halteres para cima até quase estender os cotovelos e desça lentamente até uma amplitude confortável, mantendo as escápulas apoiadas.","Peito","Tríceps | Halteres | Banco | Academia","Peito","Tríceps","Musculação","Halteres | Banco","Academia","Intermediário","gifs/peitoral/Supino declinado com halteres - Variação.gif","https://raw.githubusercontent.com/brunofs3221/fortyn-exercise-media-extra/main/gifs/peitoral/Supino%20declinado%20com%20halteres%20-%20Varia%C3%A7%C3%A3o.gif","","SEM_FONTE_REVISADA"
"media_f065536813e7db4b1a55","Supino declinado com halteres","Supino declinado com halteres","Apoie as escápulas no banco ou encosto e mantenha os pés firmes. Desça a carga em direção ao peito com punhos alinhados e cotovelos em trajetória confortável. Empurre até estender os braços sem perder a posição dos ombros e retorne com controle.","Peito","Halteres | Banco | Tríceps","Peito","Tríceps","Musculação","Halteres | Banco","Academia","Intermediário","gifs/Exercícios sem marca d'água/Supino declinado com halteres.gif","https://raw.githubusercontent.com/brunofs3221/fortyn-exercise-media-extra/main/gifs/Exerc%C3%ADcios%20sem%20marca%20d'%C3%A1gua/Supino%20declinado%20com%20halteres.gif","C:\Users\bruno\Downloads\Exercicios renomeados\Supino declinado com halteres","MIGRADO_FONTE_REVISADA"
"media_373219ba00a988491140","Supino declinado com halteres - Variação 2","Supino declinado com halteres - Variação 2","Deite-se em um banco declinado com um halter em cada mão na linha do peito. Empurre os halteres para cima até quase estender os cotovelos e desça lentamente até uma amplitude confortável, mantendo as escápulas apoiadas.","Peito","Tríceps | Halteres | Banco","Peito","Tríceps","Musculação","Halteres | Banco","Academia","Intermediário","gifs/peitoral/Supino declinado com halteres.gif","https://raw.githubusercontent.com/brunofs3221/fortyn-exercise-media-extra/main/gifs/peitoral/Supino%20declinado%20com%20halteres.gif","C:\Users\bruno\Downloads\Exercicios renomeados\Supino declinado com halteres - Variação 2","MIGRADO_FONTE_REVISADA"
"media_46694e0eabb29c027c3b","Supino declinado na máquina","Supino declinado na máquina","Apoie as escápulas no banco ou encosto e mantenha os pés firmes. Desça a carga em direção ao peito com punhos alinhados e cotovelos em trajetória confortável. Empurre até estender os braços sem perder a posição dos ombros e retorne com controle.","Peito","Máquina | Tríceps | Academia","Peito","Tríceps","Musculação","Máquina","Academia","Iniciante","gifs/Exercícios sem marca d'água/Declínio na máquina, supino.gif","https://raw.githubusercontent.com/brunofs3221/fortyn-exercise-media-extra/main/gifs/Exerc%C3%ADcios%20sem%20marca%20d'%C3%A1gua/Decl%C3%ADnio%20na%20m%C3%A1quina%2C%20supino.gif","C:\Users\bruno\Downloads\Exercicios renomeados\Supino declinado na máquina","MIGRADO_FONTE_REVISADA"
"media_e7624d994ae29e4cda16","Supino declinado na máquina","Supino declinado na máquina","Ajuste o banco e a posição das alças para que fiquem alinhadas ao peito. Empurre as manoplas seguindo a trajetória da máquina até quase estender os cotovelos. Retorne lentamente até a posição inicial, mantendo o tronco apoiado e as escápulas estáveis.","Peito","Tríceps | Máquina | Academia","Peito","Tríceps","Musculação","Máquina","Academia","Intermediário","gifs/peitoral/Supino declinado na máquina.gif","https://raw.githubusercontent.com/brunofs3221/fortyn-exercise-media-extra/main/gifs/peitoral/Supino%20declinado%20na%20m%C3%A1quina.gif","","SEM_FONTE_REVISADA"
"media_36ff9e5f91c6613fd817","Supino declinado na máquina - variação 2","Supino declinado na máquina","Apoie as escápulas no banco ou encosto e mantenha os pés firmes. Desça a carga em direção ao peito com punhos alinhados e cotovelos em trajetória confortável. Empurre até estender os braços sem perder a posição dos ombros e retorne com controle.","Peito","Máquina | Tríceps | Academia","Peito","Tríceps","Musculação","Máquina","Academia","Iniciante","gifs/Exercícios sem marca d'água/Máquina de prensa torácica de declínio.gif","https://raw.githubusercontent.com/brunofs3221/fortyn-exercise-media-extra/main/gifs/Exerc%C3%ADcios%20sem%20marca%20d'%C3%A1gua/M%C3%A1quina%20de%20prensa%20tor%C3%A1cica%20de%20decl%C3%ADnio.gif","C:\Users\bruno\Downloads\Exercicios renomeados\Supino declinado na máquina - variação 2","MIGRADO_FONTE_REVISADA"
"media_08a6bfe55d453c624fc7","Supino declinado na máquina Smith","Supino declinado no Smith","Apoie as escápulas no banco ou encosto e mantenha os pés firmes. Desça a carga em direção ao peito com punhos alinhados e cotovelos em trajetória confortável. Empurre até estender os braços sem perder a posição dos ombros e retorne com controle.","Peito","Máquina | Tríceps | Academia","Peito","Tríceps","Musculação","Máquina","Academia","Intermediário","gifs/Exercícios sem marca d'água/Máquina smith declínio supino.gif","https://raw.githubusercontent.com/brunofs3221/fortyn-exercise-media-extra/main/gifs/Exerc%C3%ADcios%20sem%20marca%20d'%C3%A1gua/M%C3%A1quina%20smith%20decl%C3%ADnio%20supino.gif","C:\Users\bruno\Downloads\Exercicios renomeados\Supino declinado na máquina Smith","MIGRADO_FONTE_REVISADA"
"media_98334d6b79ebeded9f01","Supino deitado na máquina","Supino reto na máquina","Apoie as escápulas no banco ou encosto e mantenha os pés firmes. Desça a carga em direção ao peito com punhos alinhados e cotovelos em trajetória confortável. Empurre até estender os braços sem perder a posição dos ombros e retorne com controle.","Peito","Máquina | Tríceps | Academia","Peito","Tríceps","Musculação","Máquina","Academia","Iniciante","gifs/Exercícios sem marca d'água/Máquina de prensa torácica deitada.gif","https://raw.githubusercontent.com/brunofs3221/fortyn-exercise-media-extra/main/gifs/Exerc%C3%ADcios%20sem%20marca%20d'%C3%A1gua/M%C3%A1quina%20de%20prensa%20tor%C3%A1cica%20deitada.gif","C:\Users\bruno\Downloads\Exercicios renomeados\Supino deitado na máquina","MIGRADO_FONTE_REVISADA"
"media_1ad5949473a4fbdf2164","Supino em pé com elástico","Supino com elástico em pé","Apoie as escápulas no banco ou encosto e mantenha os pés firmes. Desça a carga em direção ao peito com punhos alinhados e cotovelos em trajetória confortável. Empurre até estender os braços sem perder a posição dos ombros e retorne com controle.","Peito","Elástico | Banco | Tríceps","Peito","Tríceps","Musculação","Elástico | Banco","Casa | Academia","Iniciante","gifs/Exercícios sem marca d'água/Elástico em pé no peito.gif","https://raw.githubusercontent.com/brunofs3221/fortyn-exercise-media-extra/main/gifs/Exerc%C3%ADcios%20sem%20marca%20d'%C3%A1gua/El%C3%A1stico%20em%20p%C3%A9%20no%20peito.gif","C:\Users\bruno\Downloads\Exercicios renomeados\Supino em pé com elástico","MIGRADO_FONTE_REVISADA"
"media_518ccd373cc5065584c0","Supino em pé com elástico","Supino em pé com elástico","Prenda o elástico atrás do corpo na altura do peito e fique em posição estável. Segure as extremidades com os cotovelos flexionados e empurre as mãos para a frente até quase estender os braços. Retorne lentamente, controlando a tensão do elástico e mantendo o tronco firme.","Peito","Tríceps | Elástico | Casa | Academia","Peito","Tríceps","Musculação","Elástico","Casa | Academia","Iniciante","gifs/peitoral/Supino em pé com elástico.gif","https://raw.githubusercontent.com/brunofs3221/fortyn-exercise-media-extra/main/gifs/peitoral/Supino%20em%20p%C3%A9%20com%20el%C3%A1stico.gif","","SEM_FONTE_REVISADA"
"media_0e43d7316b4955b28cd3","Supino fechado com tríceps testa no banco declinado","Supino fechado com tríceps testa no banco declinado","Apoie as mãos no banco, cadeira ou barras conforme a variação e mantenha os ombros estáveis. Flexione os cotovelos para descer o corpo em amplitude confortável. Estenda os cotovelos para retornar, evitando balanço.","Tríceps","Banco | Academia","Tríceps","","Musculação","Banco","Academia","Avançado","gifs/tríceps/Declinado close grip bench to skull crusher.gif","https://raw.githubusercontent.com/brunofs3221/fortyn-exercise-media-extra/main/gifs/tr%C3%ADceps/Declinado%20close%20grip%20bench%20to%20skull%20crusher.gif","C:\Users\bruno\Downloads\Exercicios renomeados\Supino fechado com tríceps testa no banco declinado","MIGRADO_FONTE_REVISADA"
"media_377beaa114d62af4723e","Supino inclinado com barra","Supino inclinado com barra","Deite-se em um banco inclinado, firme os pés e retraia levemente as escápulas. Segure a barra um pouco além da largura dos ombros, desça-a de forma controlada até próximo do peito e empurre para cima até quase estender os cotovelos.","Peito","Tríceps | Barra | Banco | Academia","Peito","Tríceps","Musculação","Barra | Banco","Academia","Intermediário","gifs/peitoral/Supino inclinado com barra.gif","https://raw.githubusercontent.com/brunofs3221/fortyn-exercise-media-extra/main/gifs/peitoral/Supino%20inclinado%20com%20barra.gif","","SEM_FONTE_REVISADA"
"media_7bf71653cc625df900ac","Supino inclinado com barra","Supino inclinado com barra","Apoie as escápulas no banco ou encosto e mantenha os pés firmes. Desça a carga em direção ao peito com punhos alinhados e cotovelos em trajetória confortável. Empurre até estender os braços sem perder a posição dos ombros e retorne com controle.","Peito","Barra | Banco | Tríceps","Peito","Tríceps","Musculação","Barra | Banco","Academia","Intermediário","gifs/Exercícios sem marca d'água/Supino inclinado com barra.gif","https://raw.githubusercontent.com/brunofs3221/fortyn-exercise-media-extra/main/gifs/Exerc%C3%ADcios%20sem%20marca%20d'%C3%A1gua/Supino%20inclinado%20com%20barra.gif","C:\Users\bruno\Downloads\Exercicios renomeados\Supino inclinado com barra","MIGRADO_FONTE_REVISADA"
"media_2f46ee24c34e16b27b51","Supino inclinado com barra - Variação 2","Supino inclinado com barra - Variação 2","Deite-se em um banco inclinado, firme os pés e retraia levemente as escápulas. Segure a barra um pouco além da largura dos ombros, desça-a de forma controlada até próximo do peito e empurre para cima até quase estender os cotovelos.","Peito","Tríceps | Barra | Banco","Peito","Tríceps","Musculação","Barra | Banco","Academia","Iniciante","gifs/peitoral/Supino inclinado na máquina - Variação 2.gif","https://raw.githubusercontent.com/brunofs3221/fortyn-exercise-media-extra/main/gifs/peitoral/Supino%20inclinado%20na%20m%C3%A1quina%20-%20Varia%C3%A7%C3%A3o%202.gif","C:\Users\bruno\Downloads\Exercicios renomeados\Supino inclinado com barra - Variação 2","MIGRADO_FONTE_REVISADA"
"media_1b95a3001e3ee0074fc5","Supino inclinado com halteres","Supino inclinado com halteres","Deite-se em um banco inclinado com um halter em cada mão na linha do peito. Empurre os halteres para cima até quase estender os cotovelos e desça lentamente até uma amplitude confortável, mantendo as escápulas apoiadas.","Peito","Tríceps | Halteres | Banco | Academia | Casa","Peito","Tríceps","Musculação","Halteres | Banco","Academia | Casa","Intermediário","gifs/peitoral/Supino inclinado com halteres.gif","https://raw.githubusercontent.com/brunofs3221/fortyn-exercise-media-extra/main/gifs/peitoral/Supino%20inclinado%20com%20halteres.gif","","SEM_FONTE_REVISADA"
"media_244770688862614a2093","Supino inclinado com halteres","Supino inclinado com halteres","Apoie as escápulas no banco ou encosto e mantenha os pés firmes. Desça a carga em direção ao peito com punhos alinhados e cotovelos em trajetória confortável. Empurre até estender os braços sem perder a posição dos ombros e retorne com controle.","Peito","Halteres | Banco | Tríceps","Peito","Tríceps","Musculação","Halteres | Banco","Academia | Casa","Intermediário","gifs/Exercícios sem marca d'água/Supino inclinado com halteres.gif","https://raw.githubusercontent.com/brunofs3221/fortyn-exercise-media-extra/main/gifs/Exerc%C3%ADcios%20sem%20marca%20d'%C3%A1gua/Supino%20inclinado%20com%20halteres.gif","C:\Users\bruno\Downloads\Exercicios renomeados\Supino inclinado com halteres","MIGRADO_FONTE_REVISADA"
"media_5c3cc8a96614c09fadee","Supino inclinado com halteres e pegada reversa","Supino inclinado com halteres pegada supinada","Apoie ou estabilize o antebraço e mova principalmente o punho ou a pegada conforme a variação. Faça a contração sem usar impulso do braço e retorne devagar para trabalhar toda a amplitude.","Antebraços","Halteres | Banco | Academia","Antebraços","","Musculação","Halteres | Banco","Academia","Intermediário","gifs/Exercícios sem marca d'água/Supino inclinado com halteres com aderência reversa.gif","https://raw.githubusercontent.com/brunofs3221/fortyn-exercise-media-extra/main/gifs/Exerc%C3%ADcios%20sem%20marca%20d'%C3%A1gua/Supino%20inclinado%20com%20halteres%20com%20ader%C3%AAncia%20reversa.gif","C:\Users\bruno\Downloads\Exercicios renomeados\Supino inclinado com halteres e pegada reversa","MIGRADO_FONTE_REVISADA"
"media_8420c40db8f404ac1c6d","Supino inclinado com pegada fechada","Supino inclinado com pegada fechada","Apoie ou estabilize o antebraço e mova principalmente o punho ou a pegada conforme a variação. Faça a contração sem usar impulso do braço e retorne devagar para trabalhar toda a amplitude.","Antebraços","Banco | Academia","Antebraços","","Musculação","Banco","Academia","Intermediário","gifs/Exercícios sem marca d'água/Supino inclinado com pegada fechada.gif","https://raw.githubusercontent.com/brunofs3221/fortyn-exercise-media-extra/main/gifs/Exerc%C3%ADcios%20sem%20marca%20d'%C3%A1gua/Supino%20inclinado%20com%20pegada%20fechada.gif","C:\Users\bruno\Downloads\Exercicios renomeados\Supino inclinado com pegada fechada","MIGRADO_FONTE_REVISADA"
"media_75767797e40f44dbb96e","Supino inclinado na máquina","Supino inclinado na máquina","Apoie as escápulas no banco ou encosto e mantenha os pés firmes. Desça a carga em direção ao peito com punhos alinhados e cotovelos em trajetória confortável. Empurre até estender os braços sem perder a posição dos ombros e retorne com controle.","Peito","Máquina | Tríceps | Academia","Peito","Tríceps","Musculação","Máquina","Academia","Iniciante","gifs/Exercícios sem marca d'água/Máquina de prensa torácica inclinada.gif","https://raw.githubusercontent.com/brunofs3221/fortyn-exercise-media-extra/main/gifs/Exerc%C3%ADcios%20sem%20marca%20d'%C3%A1gua/M%C3%A1quina%20de%20prensa%20tor%C3%A1cica%20inclinada.gif","C:\Users\bruno\Downloads\Exercicios renomeados\Supino inclinado na máquina","MIGRADO_FONTE_REVISADA"
"media_19197214f72a68d5b4f1","Supino inclinado na máquina - variação 2","Supino inclinado na máquina","Apoie as escápulas no banco ou encosto e mantenha os pés firmes. Desça a carga em direção ao peito com punhos alinhados e cotovelos em trajetória confortável. Empurre até estender os braços sem perder a posição dos ombros e retorne com controle.","Peito","Máquina | Tríceps | Academia","Peito","Tríceps","Musculação","Máquina","Academia","Iniciante","gifs/Exercícios sem marca d'água/Máquina inclinada no peito.gif","https://raw.githubusercontent.com/brunofs3221/fortyn-exercise-media-extra/main/gifs/Exerc%C3%ADcios%20sem%20marca%20d'%C3%A1gua/M%C3%A1quina%20inclinada%20no%20peito.gif","C:\Users\bruno\Downloads\Exercicios renomeados\Supino inclinado na máquina - variação 2","MIGRADO_FONTE_REVISADA"
"media_24c5f1b4e6dd347bbefe","Supino inclinado na máquina articulada","Supino inclinado na máquina articulada","Ajuste o banco e a posição das alças para que fiquem alinhadas ao peito. Empurre as manoplas seguindo a trajetória da máquina até quase estender os cotovelos. Retorne lentamente até a posição inicial, mantendo o tronco apoiado e as escápulas estáveis.","Peito","Tríceps | Máquina","Peito","Tríceps","Musculação","Máquina","Academia","Iniciante","gifs/peitoral/Crucifixo na polia em pé.gif","https://raw.githubusercontent.com/brunofs3221/fortyn-exercise-media-extra/main/gifs/peitoral/Crucifixo%20na%20polia%20em%20p%C3%A9.gif","C:\Users\bruno\Downloads\Exercicios renomeados\Supino inclinado na máquina articulada","MIGRADO_FONTE_REVISADA"
"media_e3cbf3f1faa001f1ac70","Supino inclinado na máquina articulada - Variação 2","Supino inclinado na máquina articulada - Variação 2","Ajuste o banco e a posição das alças para que fiquem alinhadas ao peito. Empurre as manoplas seguindo a trajetória da máquina até quase estender os cotovelos. Retorne lentamente até a posição inicial, mantendo o tronco apoiado e as escápulas estáveis.","Peito","Tríceps | Máquina","Peito","Tríceps","Musculação","Máquina","Academia","Iniciante","gifs/peitoral/Supino inclinado na máquina articulada.gif","https://raw.githubusercontent.com/brunofs3221/fortyn-exercise-media-extra/main/gifs/peitoral/Supino%20inclinado%20na%20m%C3%A1quina%20articulada.gif","C:\Users\bruno\Downloads\Exercicios renomeados\Supino inclinado na máquina articulada - Variação 2","MIGRADO_FONTE_REVISADA"
"media_1ec6694c584149147bf8","Supino inclinado na máquina Smith","Supino inclinado no Smith","Apoie as escápulas no banco ou encosto e mantenha os pés firmes. Desça a carga em direção ao peito com punhos alinhados e cotovelos em trajetória confortável. Empurre até estender os braços sem perder a posição dos ombros e retorne com controle.","Peito","Máquina | Tríceps | Academia","Peito","Tríceps","Musculação","Máquina","Academia","Intermediário","gifs/Exercícios sem marca d'água/Supino inclinado com máquina smith.gif","https://raw.githubusercontent.com/brunofs3221/fortyn-exercise-media-extra/main/gifs/Exerc%C3%ADcios%20sem%20marca%20d'%C3%A1gua/Supino%20inclinado%20com%20m%C3%A1quina%20smith.gif","C:\Users\bruno\Downloads\Exercicios renomeados\Supino inclinado na máquina Smith","MIGRADO_FONTE_REVISADA"
"media_05e15f44903ff06ceaff","Supino inclinado na polia","Supino inclinado na polia","Posicione-se em um banco inclinado entre as polias e segure as alças com os cotovelos flexionados. Empurre as mãos para a frente e para cima seguindo o ângulo do banco até quase estender os braços. Retorne com controle, mantendo o peito aberto e os ombros estáveis.","Peito","Tríceps | Banco | Polia/Cabo","Peito","Tríceps","Musculação","Banco | Polia/Cabo","Academia","Intermediário","gifs/peitoral/Crucifixo unilateral na polia em banco inclinado.gif","https://raw.githubusercontent.com/brunofs3221/fortyn-exercise-media-extra/main/gifs/peitoral/Crucifixo%20unilateral%20na%20polia%20em%20banco%20inclinado.gif","C:\Users\bruno\Downloads\Exercicios renomeados\Supino inclinado na polia","MIGRADO_FONTE_REVISADA"
"media_bc2c73213af27dcdfdef","Supino inclinado no Smith","Supino inclinado no Smith","Deite-se em um banco inclinado e posicione-se sob a barra guiada do Smith. Segure a barra um pouco além da largura dos ombros, destrave e desça em direção ao peito com controle. Empurre a barra para cima até quase estender os cotovelos, mantendo escápulas firmes e pés estáveis.","Peito","Tríceps | Banco | Máquina","Peito","Tríceps","Musculação","Banco | Máquina","Academia","Intermediário","gifs/peitoral/Crucifixo com halteres no banco reto.gif","https://raw.githubusercontent.com/brunofs3221/fortyn-exercise-media-extra/main/gifs/peitoral/Crucifixo%20com%20halteres%20no%20banco%20reto.gif","C:\Users\bruno\Downloads\Exercicios renomeados\Supino inclinado no Smith","MIGRADO_FONTE_REVISADA"
"media_81790c0123e74c0e7b90","Supino inclinado no Smith - Variação 2","Supino inclinado no Smith - Variação 2","Deite-se em um banco inclinado e posicione-se sob a barra guiada do Smith. Segure a barra um pouco além da largura dos ombros, destrave e desça em direção ao peito com controle. Empurre a barra para cima até quase estender os cotovelos, mantendo escápulas firmes e pés estáveis.","Peito","Tríceps | Banco | Máquina","Peito","Tríceps","Musculação","Banco | Máquina","Academia","Intermediário","gifs/peitoral/Supino inclinado no Smith.gif","https://raw.githubusercontent.com/brunofs3221/fortyn-exercise-media-extra/main/gifs/peitoral/Supino%20inclinado%20no%20Smith.gif","C:\Users\bruno\Downloads\Exercicios renomeados\Supino inclinado no Smith - Variação 2","MIGRADO_FONTE_REVISADA"
"media_d81d533a7b9ed1c205f2","Supino martelo com halteres","Supino reto com halteres","Apoie as escápulas no banco ou encosto e mantenha os pés firmes. Desça a carga em direção ao peito com punhos alinhados e cotovelos em trajetória confortável. Empurre até estender os braços sem perder a posição dos ombros e retorne com controle.","Peito","Halteres | Banco | Tríceps","Peito","Tríceps","Musculação","Halteres | Banco","Academia","Iniciante","gifs/Exercícios sem marca d'água/Prensa de martelo.gif","https://raw.githubusercontent.com/brunofs3221/fortyn-exercise-media-extra/main/gifs/Exerc%C3%ADcios%20sem%20marca%20d'%C3%A1gua/Prensa%20de%20martelo.gif","C:\Users\bruno\Downloads\Exercicios renomeados\Supino martelo com halteres","MIGRADO_FONTE_REVISADA"
"media_38e23216ab9a41445120","Supino martelo declinado com halteres","Supino declinado unilateral com halter e pegada neutra","Apoie as escápulas no banco ou encosto e mantenha os pés firmes. Desça a carga em direção ao peito com punhos alinhados e cotovelos em trajetória confortável. Empurre até estender os braços sem perder a posição dos ombros e retorne com controle.","Peito","Halteres | Banco | Tríceps","Peito","Tríceps","Musculação","Halteres | Banco","Academia","Intermediário","gifs/Exercícios sem marca d'água/Halteres declinam prensa de martelo com um braço.gif","https://raw.githubusercontent.com/brunofs3221/fortyn-exercise-media-extra/main/gifs/Exerc%C3%ADcios%20sem%20marca%20d'%C3%A1gua/Halteres%20declinam%20prensa%20de%20martelo%20com%20um%20bra%C3%A7o.gif","C:\Users\bruno\Downloads\Exercicios renomeados\Supino martelo declinado com halteres","MIGRADO_FONTE_REVISADA"
"media_b77110d46a0109008a99","Supino martelo declinado com halteres - variação 2","Rosca martelo com halteres no banco declinado","Apoie as escápulas no banco ou encosto e mantenha os pés firmes. Desça a carga em direção ao peito com punhos alinhados e cotovelos em trajetória confortável. Empurre até estender os braços sem perder a posição dos ombros e retorne com controle.","Peito","Halteres | Banco | Tríceps","Peito","Tríceps","Musculação","Halteres | Banco","Academia","Intermediário","gifs/Exercícios sem marca d'água/Recusar martelo.gif","https://raw.githubusercontent.com/brunofs3221/fortyn-exercise-media-extra/main/gifs/Exerc%C3%ADcios%20sem%20marca%20d'%C3%A1gua/Recusar%20martelo.gif","C:\Users\bruno\Downloads\Exercicios renomeados\Supino martelo declinado com halteres - variação 2","MIGRADO_FONTE_REVISADA"
"media_9d5128716cefc8f59b06","Supino martelo inclinado com halteres","Supino inclinado com halteres em pegada neutra","Apoie as escápulas no banco ou encosto e mantenha os pés firmes. Desça a carga em direção ao peito com punhos alinhados e cotovelos em trajetória confortável. Empurre até estender os braços sem perder a posição dos ombros e retorne com controle.","Peito","Halteres | Banco | Tríceps","Peito","Tríceps","Musculação","Halteres | Banco","Academia | Casa","Intermediário","gifs/Exercícios sem marca d'água/Prensa de martelo com halteres inclinado.gif","https://raw.githubusercontent.com/brunofs3221/fortyn-exercise-media-extra/main/gifs/Exerc%C3%ADcios%20sem%20marca%20d'%C3%A1gua/Prensa%20de%20martelo%20com%20halteres%20inclinado.gif","C:\Users\bruno\Downloads\Exercicios renomeados\Supino martelo inclinado com halteres","MIGRADO_FONTE_REVISADA"
"media_b17b6b21c798628bc3d3","Supino na máquina","Supino reto na máquina","Apoie as escápulas no banco ou encosto e mantenha os pés firmes. Desça a carga em direção ao peito com punhos alinhados e cotovelos em trajetória confortável. Empurre até estender os braços sem perder a posição dos ombros e retorne com controle.","Peito","Máquina | Tríceps | Academia","Peito","Tríceps","Musculação","Máquina","Academia","Iniciante","gifs/Exercícios sem marca d'água/Máquina de prensa torácica.gif","https://raw.githubusercontent.com/brunofs3221/fortyn-exercise-media-extra/main/gifs/Exerc%C3%ADcios%20sem%20marca%20d'%C3%A1gua/M%C3%A1quina%20de%20prensa%20tor%C3%A1cica.gif","C:\Users\bruno\Downloads\Exercicios renomeados\Supino na máquina","MIGRADO_FONTE_REVISADA"
"media_64f888d0c302bcd91d2a","Supino na máquina - variação 2","Supino na máquina","Apoie as escápulas no banco ou encosto e mantenha os pés firmes. Desça a carga em direção ao peito com punhos alinhados e cotovelos em trajetória confortável. Empurre até estender os braços sem perder a posição dos ombros e retorne com controle.","Peito","Máquina | Tríceps | Academia","Peito","Tríceps","Musculação","Máquina","Academia","Iniciante","gifs/Exercícios sem marca d'água/Máquina de supino.gif","https://raw.githubusercontent.com/brunofs3221/fortyn-exercise-media-extra/main/gifs/Exerc%C3%ADcios%20sem%20marca%20d'%C3%A1gua/M%C3%A1quina%20de%20supino.gif","C:\Users\bruno\Downloads\Exercicios renomeados\Supino na máquina - variação 2","MIGRADO_FONTE_REVISADA"
"media_4f4694759875b5dbd15e","Supino na máquina Smith","Supino reto no Smith","Apoie as escápulas no banco ou encosto e mantenha os pés firmes. Desça a carga em direção ao peito com punhos alinhados e cotovelos em trajetória confortável. Empurre até estender os braços sem perder a posição dos ombros e retorne com controle.","Peito","Máquina | Tríceps | Academia","Peito","Tríceps","Musculação","Máquina","Academia","Iniciante","gifs/Exercícios sem marca d'água/Supino de máquina smith.gif","https://raw.githubusercontent.com/brunofs3221/fortyn-exercise-media-extra/main/gifs/Exerc%C3%ADcios%20sem%20marca%20d'%C3%A1gua/Supino%20de%20m%C3%A1quina%20smith.gif","C:\Users\bruno\Downloads\Exercicios renomeados\Supino na máquina Smith","MIGRADO_FONTE_REVISADA"
"media_d0ee9cc870c984ce6c9a","Supino reto alternado com barra","Supino reto alternado com barra","Deite-se em um banco reto, firme os pés e retraia levemente as escápulas. Segure a barra um pouco além da largura dos ombros, desça-a de forma controlada até próximo do peito e empurre para cima até quase estender os cotovelos. Pressione um lado de cada vez conforme mostrado, sem perder o controle da barra.","Peito","Tríceps | Barra | Banco","Peito","Tríceps","Musculação","Barra | Banco","Academia","Intermediário","gifs/peitoral/Supino inclinado com halteres e rotação.gif","https://raw.githubusercontent.com/brunofs3221/fortyn-exercise-media-extra/main/gifs/peitoral/Supino%20inclinado%20com%20halteres%20e%20rota%C3%A7%C3%A3o.gif","C:\Users\bruno\Downloads\Exercicios renomeados\Supino reto alternado com barra","MIGRADO_FONTE_REVISADA"
"media_520d89a38b30a44f72ea","Supino reto alternado com halteres","Supino reto alternado com halteres","Deite-se em um banco reto com um halter em cada mão na linha do peito. Empurre os halteres para cima até quase estender os cotovelos e desça lentamente até uma amplitude confortável, mantendo as escápulas apoiadas. Mova um braço de cada vez, mantendo o outro estável, e alterne os lados.","Peito","Tríceps | Halteres | Banco","Peito","Tríceps","Musculação","Halteres | Banco","Academia | Casa","Intermediário","gifs/peitoral/Supino unilateral inclinado com halter.gif","https://raw.githubusercontent.com/brunofs3221/fortyn-exercise-media-extra/main/gifs/peitoral/Supino%20unilateral%20inclinado%20com%20halter.gif","C:\Users\bruno\Downloads\Exercicios renomeados\Supino reto alternado com halteres","MIGRADO_FONTE_REVISADA"
"media_bb7ae36dcd31aaf0b43b","Supino reto com barra","Supino inclinado no Smith","Apoie as escápulas no banco ou encosto e mantenha os pés firmes. Desça a carga em direção ao peito com punhos alinhados e cotovelos em trajetória confortável. Empurre até estender os braços sem perder a posição dos ombros e retorne com controle.","Peito","Barra | Banco | Tríceps","Peito","Tríceps","Musculação","Barra | Banco","Academia","Intermediário","gifs/Exercícios sem marca d'água/Supino.gif","https://raw.githubusercontent.com/brunofs3221/fortyn-exercise-media-extra/main/gifs/Exerc%C3%ADcios%20sem%20marca%20d'%C3%A1gua/Supino.gif","C:\Users\bruno\Downloads\Exercicios renomeados\Supino reto com barra","MIGRADO_FONTE_REVISADA"
"media_7c20a93927a719a66bc5","Supino reto com barra no rack","Supino reto com barra no rack","Deite-se em um banco reto, firme os pés e retraia levemente as escápulas. Segure a barra um pouco além da largura dos ombros, desça-a de forma controlada até próximo do peito e empurre para cima até quase estender os cotovelos.","Peito","Tríceps | Barra | Banco","Peito","Tríceps","Musculação","Barra | Banco","Academia","Iniciante","gifs/peitoral/Supino reto com barra no rack.gif","https://raw.githubusercontent.com/brunofs3221/fortyn-exercise-media-extra/main/gifs/peitoral/Supino%20reto%20com%20barra%20no%20rack.gif","C:\Users\bruno\Downloads\Exercicios renomeados\Supino reto com barra no rack","MIGRADO_FONTE_REVISADA"
"media_d0238db28bd27397475f","Supino reto com barra, pegada reversa e fechada","Supino fechado com pegada supinada","Apoie ou estabilize o antebraço e mova principalmente o punho ou a pegada conforme a variação. Faça a contração sem usar impulso do braço e retorne devagar para trabalhar toda a amplitude.","Antebraços","Barra | Banco | Academia","Antebraços","","Musculação","Barra | Banco","Academia","Avançado","gifs/Exercícios sem marca d'água/Supino reto reverso com barra e aperto fechado.gif","https://raw.githubusercontent.com/brunofs3221/fortyn-exercise-media-extra/main/gifs/Exerc%C3%ADcios%20sem%20marca%20d'%C3%A1gua/Supino%20reto%20reverso%20com%20barra%20e%20aperto%20fechado.gif","C:\Users\bruno\Downloads\Exercicios renomeados\Supino reto com barra, pegada reversa e fechada","MIGRADO_FONTE_REVISADA"
"media_2b8f89fc34dc1889ef38","Supino reto com halteres","Supino reto com halteres","Deite-se em um banco reto com um halter em cada mão na linha do peito. Empurre os halteres para cima até quase estender os cotovelos e desça lentamente até uma amplitude confortável, mantendo as escápulas apoiadas.","Peito","Tríceps | Halteres | Banco","Peito","Tríceps","Musculação","Halteres | Banco","Academia | Casa","Intermediário","gifs/peitoral/Supino com halteres.gif","https://raw.githubusercontent.com/brunofs3221/fortyn-exercise-media-extra/main/gifs/peitoral/Supino%20com%20halteres.gif","C:\Users\bruno\Downloads\Exercicios renomeados\Supino reto com halteres","MIGRADO_FONTE_REVISADA"
"media_add52e2cd701728e7cfe","Supino reto com halteres - Variação 2","Supino reto com halteres - Variação 2","Deite-se em um banco reto com um halter em cada mão na linha do peito. Empurre os halteres para cima até quase estender os cotovelos e desça lentamente até uma amplitude confortável, mantendo as escápulas apoiadas.","Peito","Tríceps | Halteres | Banco","Peito","Tríceps","Musculação","Halteres | Banco","Academia | Casa","Intermediário","gifs/peitoral/Supino declinado com halteres - Variação 2.gif","https://raw.githubusercontent.com/brunofs3221/fortyn-exercise-media-extra/main/gifs/peitoral/Supino%20declinado%20com%20halteres%20-%20Varia%C3%A7%C3%A3o%202.gif","C:\Users\bruno\Downloads\Exercicios renomeados\Supino reto com halteres - Variação 2","MIGRADO_FONTE_REVISADA"
"media_0ad7f642d10f71b2f0dd","Supino reto com halteres - Variação 3","Supino reto com halteres - Variação 3","Deite-se em um banco reto com um halter em cada mão na linha do peito. Empurre os halteres para cima até quase estender os cotovelos e desça lentamente até uma amplitude confortável, mantendo as escápulas apoiadas.","Peito","Tríceps | Halteres | Banco","Peito","Tríceps","Musculação","Halteres | Banco","Casa | Academia","Intermediário","gifs/peitoral/Supino inclinado com halteres - Variação 2.gif","https://raw.githubusercontent.com/brunofs3221/fortyn-exercise-media-extra/main/gifs/peitoral/Supino%20inclinado%20com%20halteres%20-%20Varia%C3%A7%C3%A3o%202.gif","C:\Users\bruno\Downloads\Exercicios renomeados\Supino reto com halteres - Variação 3","MIGRADO_FONTE_REVISADA"
"media_7e58b28ada948a473876","Supino reto com halteres - Variação 4","Supino reto com halteres - Variação 4","Deite-se em um banco reto com um halter em cada mão na linha do peito. Empurre os halteres para cima até quase estender os cotovelos e desça lentamente até uma amplitude confortável, mantendo as escápulas apoiadas.","Peito","Tríceps | Halteres | Banco","Peito","Tríceps","Musculação","Halteres | Banco","Academia","Intermediário","gifs/peitoral/Supino reto com halteres.gif","https://raw.githubusercontent.com/brunofs3221/fortyn-exercise-media-extra/main/gifs/peitoral/Supino%20reto%20com%20halteres.gif","C:\Users\bruno\Downloads\Exercicios renomeados\Supino reto com halteres - Variação 4","MIGRADO_FONTE_REVISADA"
"media_cd367af65beb671d9722","Supino reto com halteres e pernas elevadas","Supino reto com halteres e pernas elevadas","Deite-se em um banco reto com um halter em cada mão na linha do peito. Empurre os halteres para cima até quase estender os cotovelos e desça lentamente até uma amplitude confortável, mantendo as escápulas apoiadas. Mantenha as pernas elevadas como no GIF e o abdômen contraído para estabilizar a lombar.","Peito","Tríceps | Halteres | Banco","Peito","Tríceps","Musculação","Halteres | Banco","Academia | Casa","Intermediário","gifs/peitoral/Supino com halteres e pernas elevadas.gif","https://raw.githubusercontent.com/brunofs3221/fortyn-exercise-media-extra/main/gifs/peitoral/Supino%20com%20halteres%20e%20pernas%20elevadas.gif","C:\Users\bruno\Downloads\Exercicios renomeados\Supino reto com halteres e pernas elevadas","MIGRADO_FONTE_REVISADA"
"media_4705d33455f76b9195a9","Supino reto no Smith","Supino reto no Smith","Deite-se em um banco reto e posicione-se sob a barra guiada do Smith. Segure a barra um pouco além da largura dos ombros, destrave e desça em direção ao peito com controle. Empurre a barra para cima até quase estender os cotovelos, mantendo escápulas firmes e pés estáveis.","Peito","Tríceps | Banco | Máquina","Peito","Tríceps","Musculação","Banco | Máquina","Academia","Iniciante","gifs/peitoral/Supino reto com barra no Smith.gif","https://raw.githubusercontent.com/brunofs3221/fortyn-exercise-media-extra/main/gifs/peitoral/Supino%20reto%20com%20barra%20no%20Smith.gif","C:\Users\bruno\Downloads\Exercicios renomeados\Supino reto no Smith","MIGRADO_FONTE_REVISADA"
"media_f351b2f63687a7923456","Supino reto no Smith - Variação 2","Supino reto no Smith - Variação 2","Deite-se em um banco reto e posicione-se sob a barra guiada do Smith. Segure a barra um pouco além da largura dos ombros, destrave e desça em direção ao peito com controle. Empurre a barra para cima até quase estender os cotovelos, mantendo escápulas firmes e pés estáveis.","Peito","Tríceps | Banco | Máquina","Peito","Tríceps","Musculação","Banco | Máquina","Academia","Iniciante","gifs/peitoral/Supino reto no Smith.gif","https://raw.githubusercontent.com/brunofs3221/fortyn-exercise-media-extra/main/gifs/peitoral/Supino%20reto%20no%20Smith.gif","C:\Users\bruno\Downloads\Exercicios renomeados\Supino reto no Smith - Variação 2","MIGRADO_FONTE_REVISADA"
"media_ac60cc4a184a90e4446a","Supino sentado convergente na máquina","Supino sentado convergente na máquina","Ajuste o assento para que manoplas da máquina fiquem aproximadamente na linha média do peito. Comece com os cotovelos flexionados e empurre para a frente até quase estender os braços. Retorne lentamente sem deixar os ombros projetarem para a frente.","Peito","Tríceps | Máquina","Peito","Tríceps","Musculação","Máquina","Academia","Iniciante","gifs/peitoral/Supino sentado convergente na máquina.gif","https://raw.githubusercontent.com/brunofs3221/fortyn-exercise-media-extra/main/gifs/peitoral/Supino%20sentado%20convergente%20na%20m%C3%A1quina.gif","C:\Users\bruno\Downloads\Exercicios renomeados\Supino sentado convergente na máquina","MIGRADO_FONTE_REVISADA"
"media_477aba5043ac2fa4db7f","Supino sentado na máquina articulada","Supino sentado na máquina articulada","Ajuste o assento para que manoplas da máquina fiquem aproximadamente na linha média do peito. Comece com os cotovelos flexionados e empurre para a frente até quase estender os braços. Retorne lentamente sem deixar os ombros projetarem para a frente.","Peito","Tríceps | Máquina","Peito","Tríceps","Musculação","Máquina","Academia","Iniciante","gifs/peitoral/Flexão de braços.gif","https://raw.githubusercontent.com/brunofs3221/fortyn-exercise-media-extra/main/gifs/peitoral/Flex%C3%A3o%20de%20bra%C3%A7os.gif","C:\Users\bruno\Downloads\Exercicios renomeados\Supino sentado na máquina articulada","MIGRADO_FONTE_REVISADA"
"media_72111022ddb95b6a8ff5","Supino sentado na máquina com pegada neutra","Supino sentado na máquina com pegada neutra","Ajuste o assento para que manoplas da máquina fiquem aproximadamente na linha média do peito. Comece com os cotovelos flexionados e empurre para a frente até quase estender os braços. Retorne lentamente sem deixar os ombros projetarem para a frente.","Peito","Tríceps | Máquina","Peito","Tríceps","Musculação","Máquina","Academia","Iniciante","gifs/peitoral/Supino sentado na máquina com pegada neutra.gif","https://raw.githubusercontent.com/brunofs3221/fortyn-exercise-media-extra/main/gifs/peitoral/Supino%20sentado%20na%20m%C3%A1quina%20com%20pegada%20neutra.gif","C:\Users\bruno\Downloads\Exercicios renomeados\Supino sentado na máquina com pegada neutra","MIGRADO_FONTE_REVISADA"
"media_740c43d64d37faa1a4b3","Supino sentado na polia","Supino sentado na polia","Ajuste o assento para que alças da polia fiquem aproximadamente na linha média do peito. Comece com os cotovelos flexionados e empurre para a frente até quase estender os braços. Retorne lentamente sem deixar os ombros projetarem para a frente.","Peito","Tríceps | Banco | Polia/Cabo","Peito","Tríceps","Musculação","Banco | Polia/Cabo","Academia","Intermediário","gifs/peitoral/Crucifixo unilateral sentado na polia.gif","https://raw.githubusercontent.com/brunofs3221/fortyn-exercise-media-extra/main/gifs/peitoral/Crucifixo%20unilateral%20sentado%20na%20polia.gif","C:\Users\bruno\Downloads\Exercicios renomeados\Supino sentado na polia","MIGRADO_FONTE_REVISADA"
"media_fa4eb52e3a6d2dd16bdf","Supino sentado no cabo","Crucifixo sentado na polia","Apoie as escápulas no banco ou encosto e mantenha os pés firmes. Desça a carga em direção ao peito com punhos alinhados e cotovelos em trajetória confortável. Empurre até estender os braços sem perder a posição dos ombros e retorne com controle.","Peito","Polia/Cabo | Banco | Tríceps","Peito","Tríceps","Musculação","Polia/Cabo | Banco","Academia","Iniciante","gifs/Exercícios sem marca d'água/Prensa torácica com cabo sentado.gif","https://raw.githubusercontent.com/brunofs3221/fortyn-exercise-media-extra/main/gifs/Exerc%C3%ADcios%20sem%20marca%20d'%C3%A1gua/Prensa%20tor%C3%A1cica%20com%20cabo%20sentado.gif","C:\Users\bruno\Downloads\Exercicios renomeados\Supino sentado no cabo","MIGRADO_FONTE_REVISADA"
"media_e9477e80d0fb15e65cf0","Supino sentado no cabo com pegada fechada","Supino sentado na máquina com pegada fechada","Apoie ou estabilize o antebraço e mova principalmente o punho ou a pegada conforme a variação. Faça a contração sem usar impulso do braço e retorne devagar para trabalhar toda a amplitude.","Antebraços","Polia/Cabo | Banco | Academia","Antebraços","","Musculação","Polia/Cabo | Banco","Academia","Iniciante","gifs/Exercícios sem marca d'água/Cabo sentado, aperto próximo, supino.gif","https://raw.githubusercontent.com/brunofs3221/fortyn-exercise-media-extra/main/gifs/Exerc%C3%ADcios%20sem%20marca%20d'%C3%A1gua/Cabo%20sentado%2C%20aperto%20pr%C3%B3ximo%2C%20supino.gif","C:\Users\bruno\Downloads\Exercicios renomeados\Supino sentado no cabo com pegada fechada","MIGRADO_FONTE_REVISADA"
"media_e65cc478377759c4ed7e","Supino unilateral com halter e pegada reversa","Supino unilateral com halter e pegada supinada","Apoie ou estabilize o antebraço e mova principalmente o punho ou a pegada conforme a variação. Faça a contração sem usar impulso do braço e retorne devagar para trabalhar toda a amplitude.","Antebraços","Halteres | Banco | Academia","Antebraços","","Musculação","Halteres | Banco","Academia","Avançado","gifs/Exercícios sem marca d'água/Supino reverso com halteres com um braço.gif","https://raw.githubusercontent.com/brunofs3221/fortyn-exercise-media-extra/main/gifs/Exerc%C3%ADcios%20sem%20marca%20d'%C3%A1gua/Supino%20reverso%20com%20halteres%20com%20um%20bra%C3%A7o.gif","C:\Users\bruno\Downloads\Exercicios renomeados\Supino unilateral com halter e pegada reversa","MIGRADO_FONTE_REVISADA"
"media_fe568c6890f78f25fa51","Supino unilateral com kettlebell no banco","Supino unilateral com kettlebell","Apoie as escápulas no banco ou encosto e mantenha os pés firmes. Desça a carga em direção ao peito com punhos alinhados e cotovelos em trajetória confortável. Empurre até estender os braços sem perder a posição dos ombros e retorne com controle.","Peito","Kettlebell | Banco | Tríceps","Peito","Tríceps","Musculação","Kettlebell | Banco","Academia","Intermediário","gifs/Exercícios sem marca d'água/Supino com kettlebell com um braço no banco.gif","https://raw.githubusercontent.com/brunofs3221/fortyn-exercise-media-extra/main/gifs/Exerc%C3%ADcios%20sem%20marca%20d'%C3%A1gua/Supino%20com%20kettlebell%20com%20um%20bra%C3%A7o%20no%20banco.gif","C:\Users\bruno\Downloads\Exercicios renomeados\Supino unilateral com kettlebell no banco","MIGRADO_FONTE_REVISADA"
"media_9e47b03b9ae0086a6c6b","Supino unilateral na máquina","Supino unilateral na máquina","Apoie as escápulas no banco ou encosto e mantenha os pés firmes. Desça a carga em direção ao peito com punhos alinhados e cotovelos em trajetória confortável. Empurre até estender os braços sem perder a posição dos ombros e retorne com controle.","Peito","Máquina | Tríceps | Academia","Peito","Tríceps","Musculação","Máquina","Academia","Intermediário","gifs/Exercícios sem marca d'água/Máquina de supino com um braço.gif","https://raw.githubusercontent.com/brunofs3221/fortyn-exercise-media-extra/main/gifs/Exerc%C3%ADcios%20sem%20marca%20d'%C3%A1gua/M%C3%A1quina%20de%20supino%20com%20um%20bra%C3%A7o.gif","C:\Users\bruno\Downloads\Exercicios renomeados\Supino unilateral na máquina","MIGRADO_FONTE_REVISADA"
"media_ea72bb4460ed90de2ab2","Supino unilateral no cabo em pé","Supino em pé unilateral na polia","Apoie as escápulas no banco ou encosto e mantenha os pés firmes. Desça a carga em direção ao peito com punhos alinhados e cotovelos em trajetória confortável. Empurre até estender os braços sem perder a posição dos ombros e retorne com controle.","Peito","Polia/Cabo | Banco | Tríceps","Peito","Tríceps","Musculação","Polia/Cabo | Banco","Academia","Intermediário","gifs/Exercícios sem marca d'água/Prensa torácica com cabo de um braço.gif","https://raw.githubusercontent.com/brunofs3221/fortyn-exercise-media-extra/main/gifs/Exerc%C3%ADcios%20sem%20marca%20d'%C3%A1gua/Prensa%20tor%C3%A1cica%20com%20cabo%20de%20um%20bra%C3%A7o.gif","C:\Users\bruno\Downloads\Exercicios renomeados\Supino unilateral no cabo em pé","MIGRADO_FONTE_REVISADA"
"media_2ea854e4dcef74125365","Supino unilateral sentado na máquina","Supino unilateral sentado na máquina","Ajuste o assento para que manoplas da máquina fiquem aproximadamente na linha média do peito. Comece com os cotovelos flexionados e empurre para a frente até quase estender os braços. Retorne lentamente sem deixar os ombros projetarem para a frente. alterne os lados de forma controlada.","Peito","Tríceps | Máquina","Peito","Tríceps","Musculação","Máquina","Academia","Iniciante","gifs/peitoral/Crucifixo sentado na máquina.gif","https://raw.githubusercontent.com/brunofs3221/fortyn-exercise-media-extra/main/gifs/peitoral/Crucifixo%20sentado%20na%20m%C3%A1quina.gif","C:\Users\bruno\Downloads\Exercicios renomeados\Supino unilateral sentado na máquina","MIGRADO_FONTE_REVISADA"
"media_f14c532645cd63be8983","Supino unilateral sentado na máquina - Variação 2","Supino unilateral sentado na máquina - Variação 2","Ajuste o assento para que manoplas da máquina fiquem aproximadamente na linha média do peito. Comece com os cotovelos flexionados e empurre para a frente até quase estender os braços. Retorne lentamente sem deixar os ombros projetarem para a frente. alterne os lados de forma controlada.","Peito","Tríceps | Máquina","Peito","Tríceps","Musculação","Máquina","Academia","Iniciante","gifs/peitoral/Supino sentado na máquina.gif","https://raw.githubusercontent.com/brunofs3221/fortyn-exercise-media-extra/main/gifs/peitoral/Supino%20sentado%20na%20m%C3%A1quina.gif","C:\Users\bruno\Downloads\Exercicios renomeados\Supino unilateral sentado na máquina - Variação 2","MIGRADO_FONTE_REVISADA"
"media_2ab4ba9c1fc4f31ca23e","Suspensão na barra fixa","Suspensão na barra fixa","Comece com a pegada firme e os ombros ativos. Puxe levando os cotovelos para baixo e para trás, elevando o corpo ou aproximando o pegador do tronco conforme a variação. Retorne com controle e evite balanço excessivo.","Costas","Barra fixa | Bíceps | Academia","Costas","Bíceps","Musculação","Barra fixa","Academia","Iniciante","gifs/Exercícios sem marca d'água/exercicios_renomeados_pt_br/027_suspensao_na_barra_fixa.gif","https://raw.githubusercontent.com/brunofs3221/fortyn-exercise-media-extra/main/gifs/Exerc%C3%ADcios%20sem%20marca%20d'%C3%A1gua/exercicios_renomeados_pt_br/027_suspensao_na_barra_fixa.gif","C:\Users\bruno\Downloads\Exercicios renomeados\Suspensão na barra fixa","MIGRADO_FONTE_REVISADA"
"media_963e38d2278403293da5","Tesoura de braços","Tesoura de braços","Assuma a posição inicial de Tesoura de braços, estabilize o tronco e execute o movimento mostrado de forma coordenada. Use uma amplitude que consiga controlar, evite impulso desnecessário e retorne à posição inicial antes da repetição seguinte.","Corpo inteiro","Sem aparelhos | Casa","Corpo inteiro","","Musculação","Sem aparelhos","Casa","Iniciante","gifs/Exercícios sem marca d'água/Tesoura de braço.gif","https://raw.githubusercontent.com/brunofs3221/fortyn-exercise-media-extra/main/gifs/Exerc%C3%ADcios%20sem%20marca%20d'%C3%A1gua/Tesoura%20de%20bra%C3%A7o.gif","C:\Users\bruno\Downloads\Exercicios renomeados\Tesoura de braços","MIGRADO_FONTE_REVISADA"
"media_5b480e01e3b551f926ab","Tesoura de pernas deitado","Tesoura abdominal","Deite-se ou apoie-se conforme o GIF e mantenha a lombar controlada. Eleve ou alterne as pernas sem perder a estabilidade da pelve. Desça de maneira lenta, interrompendo a amplitude antes de a lombar arquear.","Abdômen/Core","Sem aparelhos | Casa","Abdômen/Core","","Musculação","Sem aparelhos","Casa","Iniciante","gifs/Exercícios sem marca d'água/Chute de tesoura deitado.gif","https://raw.githubusercontent.com/brunofs3221/fortyn-exercise-media-extra/main/gifs/Exerc%C3%ADcios%20sem%20marca%20d'%C3%A1gua/Chute%20de%20tesoura%20deitado.gif","C:\Users\bruno\Downloads\Exercicios renomeados\Tesoura de pernas deitado","MIGRADO_FONTE_REVISADA"
"media_e1ebd2bc5e186de43bdb","Tesoura de pernas deitado","Tesoura de pernas deitado","Deite-se ou apoie-se conforme o GIF e mantenha a lombar controlada. Eleve ou alterne as pernas sem perder a estabilidade da pelve. Desça de maneira lenta, interrompendo a amplitude antes de a lombar arquear.","Abdômen/Core","Sem aparelhos | Casa","Abdômen/Core","","Musculação","Sem aparelhos","Casa","Intermediário","gifs/abdominais/Macacos de prancha com perna estendida.gif","https://raw.githubusercontent.com/brunofs3221/fortyn-exercise-media-extra/main/gifs/abdominais/Macacos%20de%20prancha%20com%20perna%20estendida.gif","","SEM_FONTE_REVISADA"
"media_d3c4581cb7e194e6e270","Tesoura de pernas deitado - Variação 2","Tesoura de pernas deitado - Variação 2","Deite-se ou apoie-se conforme o GIF e mantenha a lombar controlada. Eleve ou alterne as pernas sem perder a estabilidade da pelve. Desça de maneira lenta, interrompendo a amplitude antes de a lombar arquear.","Abdômen/Core","Sem aparelhos | Casa","Abdômen/Core","","Musculação","Sem aparelhos","Casa","Intermediário","gifs/abdominais/Prancha.gif","https://raw.githubusercontent.com/brunofs3221/fortyn-exercise-media-extra/main/gifs/abdominais/Prancha.gif","C:\Users\bruno\Downloads\Exercicios renomeados\Tesoura de pernas deitado - Variação 2","MIGRADO_FONTE_REVISADA"
"media_f4fd5ed2f1bded341148","Tesoura de pernas sentado","Tesoura de pernas sentado","Deite-se ou apoie-se conforme o GIF e mantenha a lombar controlada. Eleve ou alterne as pernas sem perder a estabilidade da pelve. Desça de maneira lenta, interrompendo a amplitude antes de a lombar arquear.","Abdômen/Core","Sem aparelhos | Casa","Abdômen/Core","","Musculação","Sem aparelhos","Casa","Intermediário","gifs/abdominais/Abdominal ponderada.gif","https://raw.githubusercontent.com/brunofs3221/fortyn-exercise-media-extra/main/gifs/abdominais/Abdominal%20ponderada.gif","C:\Users\bruno\Downloads\Exercicios renomeados\Tesoura de pernas sentado","MIGRADO_FONTE_REVISADA"
"media_83a3d2f350b437850d33","Tesoura de pernas sentado no banco","Tesoura de pernas sentado no banco","Deite-se ou apoie-se conforme o GIF e mantenha a lombar controlada. Eleve ou alterne as pernas sem perder a estabilidade da pelve. Desça de maneira lenta, interrompendo a amplitude antes de a lombar arquear.","Abdômen/Core","Banco | Academia","Abdômen/Core","","Musculação","Banco","Academia","Iniciante","gifs/abdominais/Sentado flutter kick - Variação 3.gif","https://raw.githubusercontent.com/brunofs3221/fortyn-exercise-media-extra/main/gifs/abdominais/Sentado%20flutter%20kick%20-%20Varia%C3%A7%C3%A3o%203.gif","C:\Users\bruno\Downloads\Exercicios renomeados\Tesoura de pernas sentado no banco","MIGRADO_FONTE_REVISADA"
"media_51b45720ac22710f6d08","Thruster com kettlebell","Thruster com kettlebells","Inicie com postura firme, abdômen ativo e a carga próxima ao corpo. Gere força com pernas e quadril e conduza a carga pela trajetória mostrada até a posição final. Estabilize o peso antes de retornar e controle cada etapa do movimento.","Corpo inteiro","Kettlebell | Academia","Corpo inteiro","","Musculação","Kettlebell","Academia","Avançado","gifs/Exercícios sem marca d'água/Propulsor de kettlebell.gif","https://raw.githubusercontent.com/brunofs3221/fortyn-exercise-media-extra/main/gifs/Exerc%C3%ADcios%20sem%20marca%20d'%C3%A1gua/Propulsor%20de%20kettlebell.gif","C:\Users\bruno\Downloads\Exercicios renomeados\Thruster com kettlebell","MIGRADO_FONTE_REVISADA"
"media_5423c5311d3718024323","Toque de caranguejo","Toque de caranguejo","Estabilize o tronco para executar Toque de caranguejo. Mantenha o abdômen ativo durante toda a repetição e realize a trajetória mostrada sem usar balanço excessivo. Retorne à posição inicial de forma lenta e controlada.","Abdômen/Core","Sem aparelhos | Casa","Abdômen/Core","","Musculação","Sem aparelhos","Casa","Intermediário","gifs/abdominais/Pose de caranguejo.gif","https://raw.githubusercontent.com/brunofs3221/fortyn-exercise-media-extra/main/gifs/abdominais/Pose%20de%20caranguejo.gif","C:\Users\bruno\Downloads\Exercicios renomeados\Toque de caranguejo","MIGRADO_FONTE_REVISADA"
"media_743cb87d82dfedb2deef","Toque de caranguejo com rotação","Toque de caranguejo com rotação","Estabilize o tronco para executar Toque de caranguejo com rotação. Mantenha o abdômen ativo durante toda a repetição e realize a trajetória mostrada sem usar balanço excessivo. Retorne à posição inicial de forma lenta e controlada.","Abdômen/Core","Sem aparelhos | Casa","Abdômen/Core","","Musculação","Sem aparelhos","Casa","Intermediário","gifs/abdominais/Toque de torção de caranguejo.gif","https://raw.githubusercontent.com/brunofs3221/fortyn-exercise-media-extra/main/gifs/abdominais/Toque%20de%20tor%C3%A7%C3%A3o%20de%20caranguejo.gif","","SEM_FONTE_REVISADA"
"media_aacc97e352cb7c22fef8","Toque de caranguejo com rotação","Alcance alternado na posição de caranguejo","Estabilize o tronco para executar Toque de caranguejo com rotação. Mantenha o abdômen ativo durante toda a repetição e realize a trajetória mostrada sem usar balanço excessivo. Retorne à posição inicial de forma lenta e controlada.","Abdômen/Core","Sem aparelhos | Casa","Abdômen/Core","","Musculação","Sem aparelhos","Casa","Intermediário","gifs/Exercícios sem marca d'água/Postura de caranguejo - Toque de torção de caranguejo.gif","https://raw.githubusercontent.com/brunofs3221/fortyn-exercise-media-extra/main/gifs/Exerc%C3%ADcios%20sem%20marca%20d'%C3%A1gua/Postura%20de%20caranguejo%20-%20Toque%20de%20tor%C3%A7%C3%A3o%20de%20caranguejo.gif","C:\Users\bruno\Downloads\Exercicios renomeados\Toque de caranguejo com rotação","MIGRADO_FONTE_REVISADA"
"media_0e0efd578078ac0be267","Toque de caranguejo com rotação - variação 2","Postura do caranguejo com torção","Estabilize o tronco para executar Toque de caranguejo com rotação - variação 2. Mantenha o abdômen ativo durante toda a repetição e realize a trajetória mostrada sem usar balanço excessivo. Retorne à posição inicial de forma lenta e controlada.","Abdômen/Core","Sem aparelhos | Casa","Abdômen/Core","","Musculação","Sem aparelhos","Casa","Intermediário","gifs/Exercícios sem marca d'água/Postura de caranguejo - Toque de torção de caranguejo - Variação 2.gif","https://raw.githubusercontent.com/brunofs3221/fortyn-exercise-media-extra/main/gifs/Exerc%C3%ADcios%20sem%20marca%20d'%C3%A1gua/Postura%20de%20caranguejo%20-%20Toque%20de%20tor%C3%A7%C3%A3o%20de%20caranguejo%20-%20Varia%C3%A7%C3%A3o%202.gif","C:\Users\bruno\Downloads\Exercicios renomeados\Toque de caranguejo com rotação - variação 2","MIGRADO_FONTE_REVISADA"
"media_7b779589c0d32c4cab8a","Toque dos pés em pé","Alongamento de posterior em pé tocando os pés","Assuma a posição inicial de Toque dos pés em pé, estabilize o tronco e execute o movimento mostrado de forma coordenada. Use uma amplitude que consiga controlar, evite impulso desnecessário e retorne à posição inicial antes da repetição seguinte.","Corpo inteiro","Sem aparelhos | Casa","Corpo inteiro","","Musculação","Sem aparelhos","Casa","Iniciante","gifs/Exercícios sem marca d'água/Toque do dedo do pé em pé.gif","https://raw.githubusercontent.com/brunofs3221/fortyn-exercise-media-extra/main/gifs/Exerc%C3%ADcios%20sem%20marca%20d'%C3%A1gua/Toque%20do%20dedo%20do%20p%C3%A9%20em%20p%C3%A9.gif","C:\Users\bruno\Downloads\Exercicios renomeados\Toque dos pés em pé","MIGRADO_FONTE_REVISADA"
"media_dd4a8dd102db185dfc53","Toque lateral com elástico","Toque no pé com mini band","Assuma a posição inicial de Toque lateral com elástico, estabilize o tronco e execute o movimento mostrado de forma coordenada. Use uma amplitude que consiga controlar, evite impulso desnecessário e retorne à posição inicial antes da repetição seguinte.","Corpo inteiro","Elástico | Academia","Corpo inteiro","","Musculação","Elástico","Academia","Iniciante","gifs/Exercícios sem marca d'água/Elástico de resistência ao toque do dedo do pé.gif","https://raw.githubusercontent.com/brunofs3221/fortyn-exercise-media-extra/main/gifs/Exerc%C3%ADcios%20sem%20marca%20d'%C3%A1gua/El%C3%A1stico%20de%20resist%C3%AAncia%20ao%20toque%20do%20dedo%20do%20p%C3%A9.gif","C:\Users\bruno\Downloads\Exercicios renomeados\Toque lateral com elástico","MIGRADO_FONTE_REVISADA"
"media_a7672baa5e9273981864","Toque no calcanhar","Toque no calcanhar","Mantenha o abdômen contraído e a lombar controlada. Aproxime tronco e pernas conforme a variação mostrada, soltando o ar na fase de maior contração. Retorne lentamente, sem usar impulso do pescoço ou dos braços.","Abdômen/Core","Sem aparelhos | Casa","Abdômen/Core","","Musculação","Sem aparelhos","Casa","Iniciante","gifs/Exercícios sem marca d'água/Toque no calcanhar.gif","https://raw.githubusercontent.com/brunofs3221/fortyn-exercise-media-extra/main/gifs/Exerc%C3%ADcios%20sem%20marca%20d'%C3%A1gua/Toque%20no%20calcanhar.gif","C:\Users\bruno\Downloads\Exercicios renomeados\Toque no calcanhar","MIGRADO_FONTE_REVISADA"
"media_d39817b8f03c1508bfe6","Torção oblíqua sentada","Torção de tronco sentada","Mantenha o abdômen ativo e a pelve estável. Execute a rotação — ou resista a ela, no caso do Pallof press — conduzindo os braços pela trajetória mostrada. Retorne lentamente sem deixar a lombar assumir todo o movimento.","Abdômen/Core","Sem aparelhos | Casa","Abdômen/Core","","Musculação","Sem aparelhos","Casa","Iniciante","gifs/Exercícios sem marca d'água/Torção oblíqua sentada.gif","https://raw.githubusercontent.com/brunofs3221/fortyn-exercise-media-extra/main/gifs/Exerc%C3%ADcios%20sem%20marca%20d'%C3%A1gua/Tor%C3%A7%C3%A3o%20obl%C3%ADqua%20sentada.gif","C:\Users\bruno\Downloads\Exercicios renomeados\Torção oblíqua sentada","MIGRADO_FONTE_REVISADA"
"media_4efa59ff9d80102eb5d5","Torção russa","Torção russa","Mantenha o abdômen ativo e a pelve estável. Execute a rotação — ou resista a ela, no caso do Pallof press — conduzindo os braços pela trajetória mostrada. Retorne lentamente sem deixar a lombar assumir todo o movimento.","Abdômen/Core","Sem aparelhos | Casa","Abdômen/Core","","Musculação","Sem aparelhos","Casa","Intermediário","gifs/Exercícios sem marca d'água/Torção russa.gif","https://raw.githubusercontent.com/brunofs3221/fortyn-exercise-media-extra/main/gifs/Exerc%C3%ADcios%20sem%20marca%20d'%C3%A1gua/Tor%C3%A7%C3%A3o%20russa.gif","C:\Users\bruno\Downloads\Exercicios renomeados\Torção russa","MIGRADO_FONTE_REVISADA"
"media_dc261d442df7d3025042","Torção russa","Torção russa","Mantenha o abdômen ativo e a pelve estável. Execute a rotação — ou resista a ela, no caso do Pallof press — conduzindo os braços pela trajetória mostrada. Retorne lentamente sem deixar a lombar assumir todo o movimento.","Abdômen/Core","Sem aparelhos | Casa","Abdômen/Core","","Musculação","Sem aparelhos","Casa","Intermediário","gifs/abdominais/Torção russa.gif","https://raw.githubusercontent.com/brunofs3221/fortyn-exercise-media-extra/main/gifs/abdominais/Tor%C3%A7%C3%A3o%20russa.gif","","SEM_FONTE_REVISADA"
"media_4ce12af9c25627b3aa1f","Torção russa com pernas elevadas","Torção russa com pernas elevadas","Mantenha o abdômen ativo e a pelve estável. Execute a rotação — ou resista a ela, no caso do Pallof press — conduzindo os braços pela trajetória mostrada. Retorne lentamente sem deixar a lombar assumir todo o movimento.","Abdômen/Core","Sem aparelhos | Casa","Abdômen/Core","","Musculação","Sem aparelhos","Casa","Intermediário","gifs/abdominais/Torção russa - Variação 2.gif","https://raw.githubusercontent.com/brunofs3221/fortyn-exercise-media-extra/main/gifs/abdominais/Tor%C3%A7%C3%A3o%20russa%20-%20Varia%C3%A7%C3%A3o%202.gif","C:\Users\bruno\Downloads\Exercicios renomeados\Torção russa com pernas elevadas","MIGRADO_FONTE_REVISADA"
"media_3f819029554bb4436461","Tríceps na polia","Tríceps na polia com barra reta","Mantenha os ombros estáveis e controle a posição dos cotovelos. Estenda os cotovelos até contrair o tríceps e depois flexione-os lentamente para voltar. Evite usar o tronco ou os ombros para impulsionar a carga.","Tríceps","Polia/Cabo | Academia","Tríceps","","Musculação","Polia/Cabo","Academia","Iniciante","gifs/Exercícios sem marca d'água/Empurrar para baixo.gif","https://raw.githubusercontent.com/brunofs3221/fortyn-exercise-media-extra/main/gifs/Exerc%C3%ADcios%20sem%20marca%20d'%C3%A1gua/Empurrar%20para%20baixo.gif","C:\Users\bruno\Downloads\Exercicios renomeados\Tríceps na polia","MIGRADO_FONTE_REVISADA"
"media_f55f0a96e3259e77c1d6","Tríceps na polia","Tríceps na polia","Mantenha os ombros estáveis e controle a posição dos cotovelos. Estenda os cotovelos até contrair o tríceps e depois flexione-os lentamente para voltar. Evite usar o tronco ou os ombros para impulsionar a carga.","Tríceps","Polia/Cabo | Academia","Tríceps","","Musculação","Polia/Cabo","Academia","Iniciante","gifs/tríceps/Band skull crusher.gif","https://raw.githubusercontent.com/brunofs3221/fortyn-exercise-media-extra/main/gifs/tr%C3%ADceps/Band%20skull%20crusher.gif","","SEM_FONTE_REVISADA"
"media_c80f8f75174326cf9830","Tríceps na polia alta","Tríceps na polia alta","Mantenha os ombros estáveis e controle a posição dos cotovelos. Estenda os cotovelos até contrair o tríceps e depois flexione-os lentamente para voltar. Evite usar o tronco ou os ombros para impulsionar a carga.","Tríceps","Polia/Cabo | Academia","Tríceps","","Musculação","Polia/Cabo","Academia","Iniciante","gifs/tríceps/Bench dips on floor - Variação 3.gif","https://raw.githubusercontent.com/brunofs3221/fortyn-exercise-media-extra/main/gifs/tr%C3%ADceps/Bench%20dips%20on%20floor%20-%20Varia%C3%A7%C3%A3o%203.gif","C:\Users\bruno\Downloads\Exercicios renomeados\Tríceps na polia alta","MIGRADO_FONTE_REVISADA"
"media_38c3576685365a39b090","Tríceps na polia com barra","Tríceps na polia com barra","Mantenha os ombros estáveis e controle a posição dos cotovelos. Estenda os cotovelos até contrair o tríceps e depois flexione-os lentamente para voltar. Evite usar o tronco ou os ombros para impulsionar a carga.","Tríceps","Polia/Cabo | Barra | Academia","Tríceps","","Musculação","Polia/Cabo | Barra","Academia","Intermediário","gifs/tríceps/Bent over triceps kick back.gif","https://raw.githubusercontent.com/brunofs3221/fortyn-exercise-media-extra/main/gifs/tr%C3%ADceps/Bent%20over%20triceps%20kick%20back.gif","C:\Users\bruno\Downloads\Exercicios renomeados\Tríceps na polia com barra","MIGRADO_FONTE_REVISADA"
"media_5b82037ed2a66ea5730f","Tríceps na polia com barra reta","Tríceps na polia com barra reta","Mantenha os ombros estáveis e controle a posição dos cotovelos. Estenda os cotovelos até contrair o tríceps e depois flexione-os lentamente para voltar. Evite usar o tronco ou os ombros para impulsionar a carga.","Tríceps","Polia/Cabo | Barra | Academia","Tríceps","","Musculação","Polia/Cabo | Barra","Academia","Iniciante","gifs/tríceps/Band skull crusher - Variação 2.gif","https://raw.githubusercontent.com/brunofs3221/fortyn-exercise-media-extra/main/gifs/tr%C3%ADceps/Band%20skull%20crusher%20-%20Varia%C3%A7%C3%A3o%202.gif","C:\Users\bruno\Downloads\Exercicios renomeados\Tríceps na polia com barra reta","MIGRADO_FONTE_REVISADA"
"media_9c9d068ca5d667857fb4","Tríceps na polia com barra reta - Variação 2","Tríceps na polia com barra reta - Variação 2","Mantenha os ombros estáveis e controle a posição dos cotovelos. Estenda os cotovelos até contrair o tríceps e depois flexione-os lentamente para voltar. Evite usar o tronco ou os ombros para impulsionar a carga.","Tríceps","Polia/Cabo | Barra | Academia","Tríceps","","Musculação","Polia/Cabo | Barra","Academia","Iniciante","gifs/tríceps/Sentado ez bar overhead extensão de tríceps - Variação 2.gif","https://raw.githubusercontent.com/brunofs3221/fortyn-exercise-media-extra/main/gifs/tr%C3%ADceps/Sentado%20ez%20bar%20overhead%20extens%C3%A3o%20de%20tr%C3%ADceps%20-%20Varia%C3%A7%C3%A3o%202.gif","C:\Users\bruno\Downloads\Exercicios renomeados\Tríceps na polia com barra reta - Variação 2","MIGRADO_FONTE_REVISADA"
"media_3a837cfce62495425870","Tríceps no banco","Mergulho no banco","Apoie as mãos no banco, cadeira ou barras conforme a variação e mantenha os ombros estáveis. Flexione os cotovelos para descer o corpo em amplitude confortável. Estenda os cotovelos para retornar, evitando balanço.","Tríceps","Banco | Academia","Tríceps","","Musculação","Banco","Academia","Iniciante","gifs/Exercícios sem marca d'água/exercicios_renomeados_pt_br/029_triceps_no_banco.gif","https://raw.githubusercontent.com/brunofs3221/fortyn-exercise-media-extra/main/gifs/Exerc%C3%ADcios%20sem%20marca%20d'%C3%A1gua/exercicios_renomeados_pt_br/029_triceps_no_banco.gif","C:\Users\bruno\Downloads\Exercicios renomeados\Tríceps no banco","MIGRADO_FONTE_REVISADA"
"media_29d92338bd5c839be1c2","Tríceps testa com barra","Tríceps testa com barra","Mantenha os ombros estáveis e controle a posição dos cotovelos. Estenda os cotovelos até contrair o tríceps e depois flexione-os lentamente para voltar. Evite usar o tronco ou os ombros para impulsionar a carga.","Tríceps","Barra | Academia","Tríceps","","Musculação","Barra","Academia","Intermediário","gifs/tríceps/Em pé com barra extensão de tríceps.gif","https://raw.githubusercontent.com/brunofs3221/fortyn-exercise-media-extra/main/gifs/tr%C3%ADceps/Em%20p%C3%A9%20com%20barra%20extens%C3%A3o%20de%20tr%C3%ADceps.gif","","SEM_FONTE_REVISADA"
"media_73f014adea062cb63c99","Tríceps testa com barra","Tríceps testa com barra","Mantenha os ombros estáveis e controle a posição dos cotovelos. Estenda os cotovelos até contrair o tríceps e depois flexione-os lentamente para voltar. Evite usar o tronco ou os ombros para impulsionar a carga.","Tríceps","Barra | Academia","Tríceps","","Musculação","Barra","Academia","Intermediário","gifs/Exercícios sem marca d'água/Barra deitada atrás da cabeça, extensão de tríceps.gif","https://raw.githubusercontent.com/brunofs3221/fortyn-exercise-media-extra/main/gifs/Exerc%C3%ADcios%20sem%20marca%20d'%C3%A1gua/Barra%20deitada%20atr%C3%A1s%20da%20cabe%C3%A7a%2C%20extens%C3%A3o%20de%20tr%C3%ADceps.gif","C:\Users\bruno\Downloads\Exercicios renomeados\Tríceps testa com barra","MIGRADO_FONTE_REVISADA"
"media_b97da2b28aff08a1af74","Tríceps testa com barra - variação 2","Tríceps testa com barra","Mantenha os ombros estáveis e controle a posição dos cotovelos. Estenda os cotovelos até contrair o tríceps e depois flexione-os lentamente para voltar. Evite usar o tronco ou os ombros para impulsionar a carga.","Tríceps","Barra | Academia","Tríceps","","Musculação","Barra","Academia","Intermediário","gifs/Exercícios sem marca d'água/Extensão de tríceps com barra deitada.gif","https://raw.githubusercontent.com/brunofs3221/fortyn-exercise-media-extra/main/gifs/Exerc%C3%ADcios%20sem%20marca%20d'%C3%A1gua/Extens%C3%A3o%20de%20tr%C3%ADceps%20com%20barra%20deitada.gif","C:\Users\bruno\Downloads\Exercicios renomeados\Tríceps testa com barra - variação 2","MIGRADO_FONTE_REVISADA"
"media_d0d4bb994fe600ce102b","Tríceps testa com barra atrás da cabeça no banco","Tríceps testa com barra atrás da cabeça no banco","Apoie as mãos no banco, cadeira ou barras conforme a variação e mantenha os ombros estáveis. Flexione os cotovelos para descer o corpo em amplitude confortável. Estenda os cotovelos para retornar, evitando balanço.","Tríceps","Barra | Banco | Academia","Tríceps","","Musculação","Barra | Banco","Academia","Intermediário","gifs/tríceps/Na polia deitado triceps extensions.gif","https://raw.githubusercontent.com/brunofs3221/fortyn-exercise-media-extra/main/gifs/tr%C3%ADceps/Na%20polia%20deitado%20triceps%20extensions.gif","C:\Users\bruno\Downloads\Exercicios renomeados\Tríceps testa com barra atrás da cabeça no banco","MIGRADO_FONTE_REVISADA"
"media_96efd9124237c7d59e09","Tríceps testa com barra no banco","Tríceps testa com barra no banco","Apoie as mãos no banco, cadeira ou barras conforme a variação e mantenha os ombros estáveis. Flexione os cotovelos para descer o corpo em amplitude confortável. Estenda os cotovelos para retornar, evitando balanço.","Tríceps","Barra | Banco | Academia","Tríceps","","Musculação","Barra | Banco","Academia","Intermediário","gifs/tríceps/Na polia deitado triceps extensions - Variação 2.gif","https://raw.githubusercontent.com/brunofs3221/fortyn-exercise-media-extra/main/gifs/tr%C3%ADceps/Na%20polia%20deitado%20triceps%20extensions%20-%20Varia%C3%A7%C3%A3o%202.gif","C:\Users\bruno\Downloads\Exercicios renomeados\Tríceps testa com barra no banco","MIGRADO_FONTE_REVISADA"
"media_6411c6828248ac67d441","Tríceps testa com halteres","Tríceps testa com halteres","Mantenha os ombros estáveis e controle a posição dos cotovelos. Estenda os cotovelos até contrair o tríceps e depois flexione-os lentamente para voltar. Evite usar o tronco ou os ombros para impulsionar a carga.","Tríceps","Halteres | Academia","Tríceps","","Musculação","Halteres","Academia","Intermediário","gifs/tríceps/Bent over triceps kick back - Variação 2.gif","https://raw.githubusercontent.com/brunofs3221/fortyn-exercise-media-extra/main/gifs/tr%C3%ADceps/Bent%20over%20triceps%20kick%20back%20-%20Varia%C3%A7%C3%A3o%202.gif","C:\Users\bruno\Downloads\Exercicios renomeados\Tríceps testa com halteres","MIGRADO_FONTE_REVISADA"
"media_901f4fa1177469983e02","Tríceps testa com halteres - Variação 2","Tríceps testa com halteres - Variação 2","Mantenha os ombros estáveis e controle a posição dos cotovelos. Estenda os cotovelos até contrair o tríceps e depois flexione-os lentamente para voltar. Evite usar o tronco ou os ombros para impulsionar a carga.","Tríceps","Halteres | Academia","Tríceps","","Musculação","Halteres","Academia","Intermediário","gifs/tríceps/Com halteres skull crusher.gif","https://raw.githubusercontent.com/brunofs3221/fortyn-exercise-media-extra/main/gifs/tr%C3%ADceps/Com%20halteres%20skull%20crusher.gif","C:\Users\bruno\Downloads\Exercicios renomeados\Tríceps testa com halteres - Variação 2","MIGRADO_FONTE_REVISADA"
"media_62e50fb54ddee0f5a51f","Tríceps testa com peso corporal","Tríceps testa com peso corporal","Mantenha os ombros estáveis e controle a posição dos cotovelos. Estenda os cotovelos até contrair o tríceps e depois flexione-os lentamente para voltar. Evite usar o tronco ou os ombros para impulsionar a carga.","Tríceps","Sem aparelhos | Casa","Tríceps","","Musculação","Sem aparelhos","Casa","Intermediário","gifs/Exercícios sem marca d'água/Trituradores de crânio de peso corporal.gif","https://raw.githubusercontent.com/brunofs3221/fortyn-exercise-media-extra/main/gifs/Exerc%C3%ADcios%20sem%20marca%20d'%C3%A1gua/Trituradores%20de%20cr%C3%A2nio%20de%20peso%20corporal.gif","C:\Users\bruno\Downloads\Exercicios renomeados\Tríceps testa com peso corporal","MIGRADO_FONTE_REVISADA"
"media_d4d906e8647ff1f4b3ea","Tríceps testa unilateral com halter","Tríceps testa unilateral com halter","Mantenha os ombros estáveis e controle a posição dos cotovelos. Estenda os cotovelos até contrair o tríceps e depois flexione-os lentamente para voltar. Evite usar o tronco ou os ombros para impulsionar a carga.","Tríceps","Halteres | Academia","Tríceps","","Musculação","Halteres","Academia","Intermediário","gifs/tríceps/Unilateral pronated com halteres extensão de tríceps.gif","https://raw.githubusercontent.com/brunofs3221/fortyn-exercise-media-extra/main/gifs/tr%C3%ADceps/Unilateral%20pronated%20com%20halteres%20extens%C3%A3o%20de%20tr%C3%ADceps.gif","","SEM_FONTE_REVISADA"
"media_f935dde48069be02f01d","Tríceps testa unilateral com halter","Tríceps testa unilateral com halter","Mantenha os ombros estáveis e controle a posição dos cotovelos. Estenda os cotovelos até contrair o tríceps e depois flexione-os lentamente para voltar. Evite usar o tronco ou os ombros para impulsionar a carga.","Tríceps","Halteres | Academia","Tríceps","","Musculação","Halteres","Academia","Intermediário","gifs/Exercícios sem marca d'água/Extensão de tríceps deitada com um braço.gif","https://raw.githubusercontent.com/brunofs3221/fortyn-exercise-media-extra/main/gifs/Exerc%C3%ADcios%20sem%20marca%20d'%C3%A1gua/Extens%C3%A3o%20de%20tr%C3%ADceps%20deitada%20com%20um%20bra%C3%A7o.gif","C:\Users\bruno\Downloads\Exercicios renomeados\Tríceps testa unilateral com halter","MIGRADO_FONTE_REVISADA"
"media_08bc51618baa755d1eb0","Tríceps unilateral na polia","Tríceps na polia unilateral","Mantenha os ombros estáveis e controle a posição dos cotovelos. Estenda os cotovelos até contrair o tríceps e depois flexione-os lentamente para voltar. Evite usar o tronco ou os ombros para impulsionar a carga.","Tríceps","Polia/Cabo | Academia","Tríceps","","Musculação","Polia/Cabo","Academia","Iniciante","gifs/Exercícios sem marca d'água/Pushdown de tríceps com um braço.gif","https://raw.githubusercontent.com/brunofs3221/fortyn-exercise-media-extra/main/gifs/Exerc%C3%ADcios%20sem%20marca%20d'%C3%A1gua/Pushdown%20de%20tr%C3%ADceps%20com%20um%20bra%C3%A7o.gif","C:\Users\bruno\Downloads\Exercicios renomeados\Tríceps unilateral na polia","MIGRADO_FONTE_REVISADA"
"media_a241ba83f892124f4539","Tríceps unilateral na polia","Tríceps unilateral na polia","Mantenha os ombros estáveis e controle a posição dos cotovelos. Estenda os cotovelos até contrair o tríceps e depois flexione-os lentamente para voltar. Evite usar o tronco ou os ombros para impulsionar a carga.","Tríceps","Polia/Cabo | Academia","Tríceps","","Musculação","Polia/Cabo","Academia","Intermediário","gifs/tríceps/Band skull crusher - Variação 3.gif","https://raw.githubusercontent.com/brunofs3221/fortyn-exercise-media-extra/main/gifs/tr%C3%ADceps/Band%20skull%20crusher%20-%20Varia%C3%A7%C3%A3o%203.gif","","SEM_FONTE_REVISADA"
"media_f98acb96720587e71c8b","Tríceps unilateral na polia com pegada reversa","Tríceps unilateral na polia com pegada supinada","Apoie ou estabilize o antebraço e mova principalmente o punho ou a pegada conforme a variação. Faça a contração sem usar impulso do braço e retorne devagar para trabalhar toda a amplitude.","Antebraços","Polia/Cabo | Academia","Antebraços","","Musculação","Polia/Cabo","Academia","Iniciante","gifs/Exercícios sem marca d'água/Pushdown reverso de um braço lateral.gif","https://raw.githubusercontent.com/brunofs3221/fortyn-exercise-media-extra/main/gifs/Exerc%C3%ADcios%20sem%20marca%20d'%C3%A1gua/Pushdown%20reverso%20de%20um%20bra%C3%A7o%20lateral.gif","C:\Users\bruno\Downloads\Exercicios renomeados\Tríceps unilateral na polia com pegada reversa","MIGRADO_FONTE_REVISADA"
"media_ff37ee4a8039151c8960","Upavistha Konasana (alongamento sentado com pernas abertas)","Upavistha Konasana","Entre na posição de Upavistha Konasana (alongamento sentado com pernas abertas) de forma controlada. Ajuste o corpo até sentir um alongamento confortável na região trabalhada, mantenha a respiração normal e evite rebotes. Retorne lentamente e repita do outro lado quando necessário.","Alongamento","Sem aparelhos | Casa","Alongamento","","Alongamento","Sem aparelhos","Casa","Iniciante","gifs/Exercícios sem marca d'água/Upavistha konasana.gif","https://raw.githubusercontent.com/brunofs3221/fortyn-exercise-media-extra/main/gifs/Exerc%C3%ADcios%20sem%20marca%20d'%C3%A1gua/Upavistha%20konasana.gif","C:\Users\bruno\Downloads\Exercicios renomeados\Upavistha Konasana (alongamento sentado com pernas abertas)","MIGRADO_FONTE_REVISADA"
"media_0633dc40622a1c89e716","Uppercut de direita","Uppercut de direita","Assuma uma base estável, mantenha as mãos protegendo o rosto e o abdômen ativo. Execute o golpe mostrado girando quadril e tronco de forma coordenada, sem travar completamente as articulações. Retorne rapidamente à posição de guarda.","Cardio","Sem aparelhos | Casa | Corpo inteiro","Cardio","Corpo inteiro","Cardio","Sem aparelhos","Casa","Iniciante","gifs/Exercícios sem marca d'água/Superior direito.gif","https://raw.githubusercontent.com/brunofs3221/fortyn-exercise-media-extra/main/gifs/Exerc%C3%ADcios%20sem%20marca%20d'%C3%A1gua/Superior%20direito.gif","C:\Users\bruno\Downloads\Exercicios renomeados\Uppercut de direita","MIGRADO_FONTE_REVISADA"
"media_5dec271a7901b7364e3b","Vácuo abdominal em quatro apoios","Vácuo abdominal em quatro apoios","Mantenha o abdômen contraído e a lombar controlada. Aproxime tronco e pernas conforme a variação mostrada, soltando o ar na fase de maior contração. Retorne lentamente, sem usar impulso do pescoço ou dos braços.","Abdômen/Core","Sem aparelhos | Casa","Abdômen/Core","","Musculação","Sem aparelhos","Casa","Iniciante","gifs/Exercícios sem marca d'água/Exercício de vácuo de barriga de 4 pontos.gif","https://raw.githubusercontent.com/brunofs3221/fortyn-exercise-media-extra/main/gifs/Exerc%C3%ADcios%20sem%20marca%20d'%C3%A1gua/Exerc%C3%ADcio%20de%20v%C3%A1cuo%20de%20barriga%20de%204%20pontos.gif","C:\Users\bruno\Downloads\Exercicios renomeados\Vácuo abdominal em quatro apoios","MIGRADO_FONTE_REVISADA"
"media_b11b1e0995f4962f618b","Vácuo abdominal em quatro apoios","Vácuo abdominal em quatro apoios","Mantenha o abdômen contraído e a lombar controlada. Aproxime tronco e pernas conforme a variação mostrada, soltando o ar na fase de maior contração. Retorne lentamente, sem usar impulso do pescoço ou dos braços.","Abdômen/Core","Sem aparelhos | Casa","Abdômen/Core","","Musculação","Sem aparelhos","Casa","Iniciante","gifs/abdominais/Exercício de vácuo de barriga de 4 pontos.gif","https://raw.githubusercontent.com/brunofs3221/fortyn-exercise-media-extra/main/gifs/abdominais/Exerc%C3%ADcio%20de%20v%C3%A1cuo%20de%20barriga%20de%204%20pontos.gif","","SEM_FONTE_REVISADA"
"media_d85d90a0fa569eab9c6c","Virada de pneu","Virada de pneu","Assuma a posição inicial mostrada e execute o movimento de forma coordenada, mantendo o abdômen ativo e joelhos alinhados. Quando houver salto, aterrisse suavemente; quando houver deslocamento ou carga, mantenha o tronco estável durante toda a repetição.","Corpo inteiro","Cardio | Sem aparelhos | Casa","Corpo inteiro","","Cardio","Sem aparelhos","Casa","Avançado","gifs/Exercícios sem marca d'água/Pneu virado.gif","https://raw.githubusercontent.com/brunofs3221/fortyn-exercise-media-extra/main/gifs/Exerc%C3%ADcios%20sem%20marca%20d'%C3%A1gua/Pneu%20virado.gif","C:\Users\bruno\Downloads\Exercicios renomeados\Virada de pneu","MIGRADO_FONTE_REVISADA"
"media_a569d89908eaf901f622","Wall ball","Wall ball","Segure a bola junto ao peito, faça um agachamento controlado e, ao subir, estenda quadril, joelhos e braços para lançar a bola ao alvo. Receba a bola junto ao peito e use a descida para iniciar a repetição seguinte.","Corpo inteiro","Bola | Cardio | Academia","Corpo inteiro","","Cardio","Bola","Academia","Intermediário","gifs/Exercícios sem marca d'água/Bola de parede.gif","https://raw.githubusercontent.com/brunofs3221/fortyn-exercise-media-extra/main/gifs/Exerc%C3%ADcios%20sem%20marca%20d'%C3%A1gua/Bola%20de%20parede.gif","C:\Users\bruno\Downloads\Exercicios renomeados\Wall ball","MIGRADO_FONTE_REVISADA"
"media_62d78266b07d58b804e6","Wood chop em pé com elástico","Wood chop em pé com elástico","Mantenha o abdômen ativo e a pelve estável. Execute a rotação — ou resista a ela, no caso do Pallof press — conduzindo os braços pela trajetória mostrada. Retorne lentamente sem deixar a lombar assumir todo o movimento.","Abdômen/Core","Elástico | Academia","Abdômen/Core","","Musculação","Elástico","Academia","Intermediário","gifs/abdominais/Jab boxing.gif","https://raw.githubusercontent.com/brunofs3221/fortyn-exercise-media-extra/main/gifs/abdominais/Jab%20boxing.gif","C:\Users\bruno\Downloads\Exercicios renomeados\Wood chop em pé com elástico","MIGRADO_FONTE_REVISADA"
"media_56b5acb8fe14216e8037","Wood chop no cabo de baixo para cima","Chop baixo para alto na polia","Mantenha o abdômen ativo e a pelve estável. Execute a rotação — ou resista a ela, no caso do Pallof press — conduzindo os braços pela trajetória mostrada. Retorne lentamente sem deixar a lombar assumir todo o movimento.","Abdômen/Core","Polia/Cabo | Academia","Abdômen/Core","","Musculação","Polia/Cabo","Academia","Intermediário","gifs/Exercícios sem marca d'água/Cabo vertical de torção baixa a alta.gif","https://raw.githubusercontent.com/brunofs3221/fortyn-exercise-media-extra/main/gifs/Exerc%C3%ADcios%20sem%20marca%20d'%C3%A1gua/Cabo%20vertical%20de%20tor%C3%A7%C3%A3o%20baixa%20a%20alta.gif","C:\Users\bruno\Downloads\Exercicios renomeados\Wood chop no cabo de baixo para cima","MIGRADO_FONTE_REVISADA"
"media_ff2e459624fd36724877","Wood chop no cabo de cima para baixo","Rotação de tronco na polia de cima para baixo","Mantenha o abdômen ativo e a pelve estável. Execute a rotação — ou resista a ela, no caso do Pallof press — conduzindo os braços pela trajetória mostrada. Retorne lentamente sem deixar a lombar assumir todo o movimento.","Abdômen/Core","Polia/Cabo | Academia","Abdômen/Core","","Musculação","Polia/Cabo","Academia","Intermediário","gifs/Exercícios sem marca d'água/Cabo vertical de alta a baixa torção.gif","https://raw.githubusercontent.com/brunofs3221/fortyn-exercise-media-extra/main/gifs/Exerc%C3%ADcios%20sem%20marca%20d'%C3%A1gua/Cabo%20vertical%20de%20alta%20a%20baixa%20tor%C3%A7%C3%A3o.gif","C:\Users\bruno\Downloads\Exercicios renomeados\Wood chop no cabo de cima para baixo","MIGRADO_FONTE_REVISADA"
