"id","nome_antigo","nome_novo","gif_antigo","gif_novo","classificacao_antiga","grupo_principal_novo","secundarias_novas","descricao_atualizada","status","observacao"
"media_77a5114257259044cd07","Abdominais com peso","Abdominais com peso","gifs/Exercícios sem marca d'água/Abdominais com peso.gif","gifs/Exercícios sem marca d'água/Abdominais com peso.gif","Abdômen/Core","Abdômen/Core","Casa | Academia","true","mapped","ID e mídia preservados"
"media_f075e92677cc4673279e","Abdominal ajoelhado na polia","Abdominal ajoelhado na polia","gifs/Exercícios sem marca d'água/Ajoelhado, trituração de cabo.gif","gifs/Exercícios sem marca d'água/Ajoelhado, trituração de cabo.gif","Abdômen/Core","Abdômen/Core","Academia","true","mapped","ID e mídia preservados"
"media_3a5e94dc465ccc26b77e","Abdominal bicicleta","Abdominal bicicleta","gifs/Exercícios sem marca d'água/Abdominal bicicleta.gif","gifs/Exercícios sem marca d'água/Abdominal bicicleta.gif","Abdômen/Core","Abdômen/Core","Casa | Academia","true","mapped","ID e mídia preservados"
"media_3d545b06480bf53339e9","Abdominal bicicleta com elástico","Abdominal bicicleta com elástico","gifs/Exercícios sem marca d'água/exercicios_renomeados_pt_br/019_abdominal_bicicleta_com_elastico.gif","gifs/Exercícios sem marca d'água/exercicios_renomeados_pt_br/019_abdominal_bicicleta_com_elastico.gif","Abdômen/Core","Abdômen/Core","Casa | Academia","true","mapped","ID e mídia preservados"
"media_47fe930c4acb2b9d8c8f","Abdominal borboleta","Abdominal borboleta","gifs/Exercícios sem marca d'água/Abdominal sapo - Supta baddha konasana reclinado ângulo vinculado.gif","gifs/Exercícios sem marca d'água/Abdominal sapo - Supta baddha konasana reclinado ângulo vinculado.gif","Abdômen/Core","Abdômen/Core","Casa | Academia","true","mapped","ID e mídia preservados"
"media_a37a954213fb262d1eaf","Abdominal borboleta - variação 2","Abdominal borboleta - variação 2","gifs/Exercícios sem marca d'água/Abdominal sapo - Supta baddha konasana reclinado ângulo vinculado - Variação 2.gif","gifs/Exercícios sem marca d'água/Abdominal sapo - Supta baddha konasana reclinado ângulo vinculado - Variação 2.gif","Abdômen/Core","Abdômen/Core","Casa | Academia","true","mapped","ID e mídia preservados"
"media_e94b760d6d4baa0f694b","Abdominal canivete","Abdominal canivete","gifs/Exercícios sem marca d'água/Abdominais canivetes.gif","gifs/Exercícios sem marca d'água/Abdominais canivetes.gif","Abdômen/Core","Abdômen/Core","Academia | Casa","true","mapped","ID e mídia preservados"
"media_58c1d09f80ca964035e3","Abdominal canivete cruzado","Abdominal canivete cruzado","gifs/Exercícios sem marca d'água/Não cruze, sente-se.gif","gifs/Exercícios sem marca d'água/Não cruze, sente-se.gif","Abdômen/Core","Abdômen/Core","Casa | Academia","true","mapped","ID e mídia preservados"
"media_6945181e17155b7307ac","Abdominal com bola medicinal","Abdominal com bola medicinal","gifs/Exercícios sem marca d'água/Abdominal com bola medicinal.gif","gifs/Exercícios sem marca d'água/Abdominal com bola medicinal.gif","Abdômen/Core","Abdômen/Core","","true","mapped","ID e mídia preservados"
"media_bd387741514a5b94b4d6","Abdominal com braços estendidos","Abdominal com braços estendidos","gifs/Exercícios sem marca d'água/Flexão de braço longo.gif","gifs/Exercícios sem marca d'água/Flexão de braço longo.gif","Abdômen/Core","Abdômen/Core","Casa | Academia","true","mapped","ID e mídia preservados"
"media_5e06069d1747a3642390","Abdominal com joelhos ao peito deitado","Abdominal com joelhos ao peito deitado","gifs/Exercícios sem marca d'água/Puxada de perna em joelhos.gif","gifs/Exercícios sem marca d'água/Puxada de perna em joelhos.gif","Abdômen/Core","Abdômen/Core","Casa | Academia","true","mapped","ID e mídia preservados"
"media_84f3c348d0bd0de5889a","Abdominal com joelhos na bola suíça","Abdominal com joelhos na bola suíça","gifs/Exercícios sem marca d'água/Dobra de joelho com bola suíça.gif","gifs/Exercícios sem marca d'água/Dobra de joelho com bola suíça.gif","Abdômen/Core","Abdômen/Core","Casa | Academia","true","mapped","ID e mídia preservados"
"media_df1298bc746a35c6e9cc","Abdominal com peso","Abdominal com peso","gifs/Exercícios sem marca d'água/Abdominal com peso.gif","gifs/Exercícios sem marca d'água/Abdominal com peso.gif","Abdômen/Core","Abdômen/Core","Banco | Academia","true","mapped","ID e mídia preservados"
"media_5959ba8a910cc4bd333e","Abdominal com roda","Abdominal com roda","gifs/Exercícios sem marca d'água/Abdominal com roda.gif","gifs/Exercícios sem marca d'água/Abdominal com roda.gif","Abdômen/Core","Abdômen/Core","Academia | Casa","true","mapped","ID e mídia preservados"
"media_268cab95eea048617e6e","Abdominal completo","Abdominal completo","gifs/Exercícios sem marca d'água/Abdominal.gif","gifs/Exercícios sem marca d'água/Abdominal.gif","Abdômen/Core","Abdômen/Core","Casa | Academia","true","mapped","ID e mídia preservados"
"media_ecdd3a34b2d3919cdb19","Abdominal cruzado","Abdominal cruzado","gifs/Exercícios sem marca d'água/Abdominal cruzado.gif","gifs/Exercícios sem marca d'água/Abdominal cruzado.gif","Abdômen/Core","Abdômen/Core","Casa | Academia","true","mapped","ID e mídia preservados"
"media_41eada67854ead35ddd5","Abdominal declinado","Abdominal declinado","gifs/Exercícios sem marca d'água/Recusar sentar-se.gif","gifs/Exercícios sem marca d'água/Recusar sentar-se.gif","Abdômen/Core","Abdômen/Core","Academia | Casa","true","mapped","ID e mídia preservados"
"media_92cd324eddf81f9c7647","Abdominal em pé no cabo","Abdominal em pé no cabo","gifs/Exercícios sem marca d'água/Trituração de cabo em pé.gif","gifs/Exercícios sem marca d'água/Trituração de cabo em pé.gif","Abdômen/Core","Abdômen/Core","Corda | Academia","true","mapped","ID e mídia preservados"
"media_6ce369b6689dbf8a4a1e","Abdominal lateral na bola suíça com peso","Abdominal lateral na bola suíça com peso","gifs/Exercícios sem marca d'água/Flexão lateral com peso na bola suíça.gif","gifs/Exercícios sem marca d'água/Flexão lateral com peso na bola suíça.gif","Abdômen/Core","Abdômen/Core","","true","mapped","ID e mídia preservados"
"media_14d4dde1d41b863640bf","Abdominal lateral sentado","Abdominal lateral sentado","gifs/Exercícios sem marca d'água/Abdominal lateral sentada.gif","gifs/Exercícios sem marca d'água/Abdominal lateral sentada.gif","Abdômen/Core","Abdômen/Core","Casa | Academia","true","mapped","ID e mídia preservados"
"media_614eb5794d6c08c2ce86","Abdominal na máquina Ab Coaster","Abdominal na máquina Ab Coaster","gifs/Exercícios sem marca d'água/Abdominal na máquina Ab Coaster.gif","gifs/Exercícios sem marca d'água/Abdominal na máquina Ab Coaster.gif","Abdômen/Core","Abdômen/Core","Academia","true","mapped","ID e mídia preservados"
"media_2b8b21fdd1258627ca59","Abdominal no chão","Abdominal no chão","gifs/Exercícios sem marca d'água/Trituração do chão.gif","gifs/Exercícios sem marca d'água/Trituração do chão.gif","Abdômen/Core","Abdômen/Core","Casa | Academia","true","mapped","ID e mídia preservados"
"media_1bcfe6d58d2a42e3031e","Abdominal oblíquo no chão","Abdominal oblíquo no chão","gifs/Exercícios sem marca d'água/Flexões oblíquas no chão.gif","gifs/Exercícios sem marca d'água/Flexões oblíquas no chão.gif","Abdômen/Core","Abdômen/Core","Casa | Academia","true","mapped","ID e mídia preservados"
"media_4bf0f198cbc3fdac28da","Abdominal reverso","Abdominal reverso","gifs/Exercícios sem marca d'água/Abdominal reverso.gif","gifs/Exercícios sem marca d'água/Abdominal reverso.gif","Abdômen/Core","Abdômen/Core","Casa | Academia","true","mapped","ID e mídia preservados"
"media_0e463aeb4158497e2760","Abdominal sapo com bola suíça","Abdominal sapo com bola suíça","gifs/Exercícios sem marca d'água/Exercício bola sapo crunch.gif","gifs/Exercícios sem marca d'água/Exercício bola sapo crunch.gif","Abdômen/Core","Abdômen/Core","Casa | Academia","true","mapped","ID e mídia preservados"
"media_cde3619970c8c5aa12cd","Abdominal sentado no banco com joelhos ao peito","Abdominal sentado no banco com joelhos ao peito","gifs/Exercícios sem marca d'água/Perna sentada no banco puxada para dentro.gif","gifs/Exercícios sem marca d'água/Perna sentada no banco puxada para dentro.gif","Abdômen/Core","Abdômen/Core","Academia | Casa","true","mapped","ID e mídia preservados"
"media_90048a1103f0a4684dc6","Abdominal tradicional","Abdominal tradicional","gifs/Exercícios sem marca d'água/Abdominais.gif","gifs/Exercícios sem marca d'água/Abdominais.gif","Abdômen/Core","Abdômen/Core","Casa | Academia","true","mapped","ID e mídia preservados"
"media_be0a52168e8a76f693c9","Abdominal um quarto","Abdominal um quarto","gifs/Exercícios sem marca d'água/Um quarto sentado.gif","gifs/Exercícios sem marca d'água/Um quarto sentado.gif","Abdômen/Core","Abdômen/Core","Casa | Academia","true","mapped","ID e mídia preservados"
"media_5e580b9122697884ca0b","Abdominal V-up com bola suíça","Abdominal V-up com bola suíça","gifs/Exercícios sem marca d'água/Bola suíça v up.gif","gifs/Exercícios sem marca d'água/Bola suíça v up.gif","Abdômen/Core","Abdômen/Core","Casa | Academia","true","mapped","ID e mídia preservados"
"media_77369d3e940283d271f4","Abdominal V-up com halteres","Abdominal V-up com halteres","gifs/Exercícios sem marca d'água/Haltere v para cima.gif","gifs/Exercícios sem marca d'água/Haltere v para cima.gif","Abdômen/Core","Abdômen/Core","Halteres | Casa | Academia","true","mapped","ID e mídia preservados"
"media_31024f8c4102dcbeb163","Abdução de quadril deitado com elástico","Abdução de quadril deitado com elástico","gifs/Exercícios sem marca d'água/Crucifixo da coxa com elástico.gif","gifs/Exercícios sem marca d'água/Crucifixo da coxa com elástico.gif","Glúteos","Glúteos","Casa | Academia","true","mapped","ID e mídia preservados"
"media_64712606087f7ed7e202","Abdução de quadril deitado com elástico - variação 2","Abdução de quadril deitado com elástico - variação 2","gifs/Exercícios sem marca d'água/Levantamento de perna deitado lateralmente.gif","gifs/Exercícios sem marca d'água/Levantamento de perna deitado lateralmente.gif","Glúteos","Glúteos","Casa | Academia","true","mapped","ID e mídia preservados"
"media_93e74d3d0efd58646aee","Abdução de quadril em concha","Abdução de quadril em concha","gifs/Exercícios sem marca d'água/Abdução de quadril em concha.gif","gifs/Exercícios sem marca d'água/Abdução de quadril em concha.gif","Glúteos","Glúteos","Casa | Academia","true","mapped","ID e mídia preservados"
"media_708ff7631e6dc8a55607","Abdução de quadril em concha com elástico","Abdução de quadril em concha com elástico","gifs/Exercícios sem marca d'água/Abdução de quadril em concha com elástico.gif","gifs/Exercícios sem marca d'água/Abdução de quadril em concha com elástico.gif","Glúteos","Glúteos","Casa | Academia","true","mapped","ID e mídia preservados"
"media_3c4b654f94e7660ab52b","Abdução de quadril em pé","Abdução de quadril em pé","gifs/Exercícios sem marca d'água/Abdução de quadril em pé.gif","gifs/Exercícios sem marca d'água/Abdução de quadril em pé.gif","Glúteos","Glúteos","Banco | Casa | Academia","true","mapped","ID e mídia preservados"
"media_b262a3787323c079228f","Abdução de quadril em pé na máquina","Abdução de quadril em pé na máquina","gifs/Exercícios sem marca d'água/Abdução do quadril no lado na máquina.gif","gifs/Exercícios sem marca d'água/Abdução do quadril no lado na máquina.gif","Glúteos","Glúteos","Academia","true","mapped","ID e mídia preservados"
"media_447a9f38e00f1ea93d14","Abdução de quadril na máquina","Abdução de quadril na máquina","gifs/Exercícios sem marca d'água/Máquina de abdução de quadril.gif","gifs/Exercícios sem marca d'água/Máquina de abdução de quadril.gif","Glúteos","Glúteos","Academia","true","mapped","ID e mídia preservados"
"media_12ac4d5b2a0e64e06f1e","Abdução de quadril por cabo","Abdução de quadril por cabo","gifs/Exercícios sem marca d'água/Abdução de quadril por cabo.gif","gifs/Exercícios sem marca d'água/Abdução de quadril por cabo.gif","Glúteos","Glúteos","Academia","true","mapped","ID e mídia preservados"
"media_a22936611fd69af56158","Abdução de quadril sentado com elástico","Abdução de quadril sentado com elástico","gifs/Exercícios sem marca d'água/Abdução de quadril sentado com elástico.gif","gifs/Exercícios sem marca d'água/Abdução de quadril sentado com elástico.gif","Glúteos","Glúteos","Banco | Casa | Academia","true","mapped","ID e mídia preservados"
"media_877fec69edcc64c77919","Abertura de ombros com elástico","Abertura de ombros com elástico","gifs/Exercícios sem marca d'água/Elástico se separar.gif","gifs/Exercícios sem marca d'água/Elástico se separar.gif","Ombros","Ombros","Casa | Academia","true","mapped","ID e mídia preservados"
"media_9f35291f6339ed5dd6bd","Abraços de joelho em pé","Abraços de joelho em pé","gifs/Exercícios sem marca d'água/Abraços de joelho em pé.gif","gifs/Exercícios sem marca d'água/Abraços de joelho em pé.gif","Glúteos","Corpo inteiro","Casa | Academia | Ao ar livre","true","mapped","ID e mídia preservados"
"media_2ef552cd5c5cbf18f018","Adução de quadril na máquina","Adução de quadril na máquina","gifs/Exercícios sem marca d'água/Máquina de adução de quadril.gif","gifs/Exercícios sem marca d'água/Máquina de adução de quadril.gif","Quadril","Quadril","Academia","true","mapped","ID e mídia preservados"
"media_7cda2e76df3a35c0c190","Adução de quadril por cabo","Adução de quadril por cabo","gifs/Exercícios sem marca d'água/Adução de quadril por cabo.gif","gifs/Exercícios sem marca d'água/Adução de quadril por cabo.gif","Quadril","Quadril","Academia","true","mapped","ID e mídia preservados"
"media_a3383043964927e80f3b","Adução do quadril no lado na máquina","Adução do quadril no lado na máquina","gifs/Exercícios sem marca d'água/Adução do quadril no lado na máquina.gif","gifs/Exercícios sem marca d'água/Adução do quadril no lado na máquina.gif","Quadril","Corpo inteiro","Academia","true","mapped","ID e mídia preservados"
"media_ca835c3df03be9182c98","Afundo com elástico","Afundo com elástico","gifs/Exercícios sem marca d'água/exercicios_renomeados_pt_br/020_afundo_com_elastico.gif","gifs/Exercícios sem marca d'água/exercicios_renomeados_pt_br/020_afundo_com_elastico.gif","Quadríceps","Quadríceps","Casa | Academia","true","mapped","ID e mídia preservados"
"media_6d941a848eb91bc3b607","Agachamento ATG unilateral","Agachamento ATG unilateral","gifs/Exercícios sem marca d'água/Agachamento unilateral atg.gif","gifs/Exercícios sem marca d'água/Agachamento unilateral atg.gif","Quadríceps","Quadríceps","","true","mapped","ID e mídia preservados"
"media_0171af930b5923a97fad","Agachamento búlgaro com barra","Agachamento búlgaro com barra","gifs/Exercícios sem marca d'água/Agachamento búlgaro com barra.gif","gifs/Exercícios sem marca d'água/Agachamento búlgaro com barra.gif","Quadríceps","Quadríceps","Banco | Academia","true","mapped","ID e mídia preservados"
"media_7da8b8027fd4a8bddf1e","Agachamento búlgaro com halteres","Agachamento búlgaro com halteres","gifs/Exercícios sem marca d'água/Agachamento búlgaro com halteres.gif","gifs/Exercícios sem marca d'água/Agachamento búlgaro com halteres.gif","Quadríceps","Quadríceps","Halteres | Banco | Academia","true","mapped","ID e mídia preservados"
"media_95d909e4b2fa7f05519b","Agachamento búlgaro com peso corporal","Agachamento búlgaro com peso corporal","gifs/Exercícios sem marca d'água/Agachamento búlgaro com peso corporal.gif","gifs/Exercícios sem marca d'água/Agachamento búlgaro com peso corporal.gif","Quadríceps","Quadríceps","Banco | Casa | Academia","true","mapped","ID e mídia preservados"
"media_894cb9ea70d6cc338c49","Agachamento búlgaro com salto","Agachamento búlgaro com salto","gifs/Exercícios sem marca d'água/Agachamento búlgaro e salto.gif","gifs/Exercícios sem marca d'água/Agachamento búlgaro e salto.gif","Quadríceps","Quadríceps","Banco | Academia | Casa","true","mapped","ID e mídia preservados"
"media_ca889a128e25892c02f4","Agachamento com barra","Agachamento com barra","gifs/Exercícios sem marca d'água/Agachamento com barra.gif","gifs/Exercícios sem marca d'água/Agachamento com barra.gif","Quadríceps","Quadríceps","Barra | Anilhas | Academia","true","mapped","ID e mídia preservados"
"media_892279af90fc558ba61e","Agachamento com barra acima da cabeça","Agachamento com barra acima da cabeça","gifs/Exercícios sem marca d'água/Agachamento aéreo.gif","gifs/Exercícios sem marca d'água/Agachamento aéreo.gif","Quadríceps","Quadríceps","Barra | Academia","true","mapped","ID e mídia preservados"
"media_777e48bfd6407d6d31b9","Agachamento com desenvolvimento landmine","Agachamento com desenvolvimento landmine","gifs/Exercícios sem marca d'água/Desenvolvimento landmine.gif","gifs/Exercícios sem marca d'água/Desenvolvimento landmine.gif","Ombros","Ombros","Barra | Academia","true","mapped","ID e mídia preservados"
"media_ee37945b37f1c70954a5","Agachamento com elevação de panturrilhas","Agachamento com elevação de panturrilhas","gifs/Exercícios sem marca d'água/Agachamento, sustentação, panturrilha.gif","gifs/Exercícios sem marca d'água/Agachamento, sustentação, panturrilha.gif","Panturrilhas","Panturrilhas","Academia | Casa","true","mapped","ID e mídia preservados"
"media_70496d9ffaae3087b483","Agachamento com elástico e barra","Agachamento com elástico e barra","gifs/Exercícios sem marca d'água/exercicios_renomeados_pt_br/017_agachamento_com_elastico_e_barra.gif","gifs/Exercícios sem marca d'água/exercicios_renomeados_pt_br/017_agachamento_com_elastico_e_barra.gif","Quadríceps","Quadríceps","Barra | Anilhas | Academia | Casa","true","mapped","ID e mídia preservados"
"media_2aa40389276b9b58f83f","Agachamento com salto","Agachamento com salto","gifs/Exercícios sem marca d'água/Agachamento com salto.gif","gifs/Exercícios sem marca d'água/Agachamento com salto.gif","Quadríceps","Quadríceps","Casa | Academia","true","mapped","ID e mídia preservados"
"media_5e86e9246ef52954ff49","Agachamento com salto com halteres","Agachamento com salto com halteres","gifs/Exercícios sem marca d'água/Agachamento com salto com halteres.gif","gifs/Exercícios sem marca d'água/Agachamento com salto com halteres.gif","Quadríceps","Quadríceps","Halteres | Academia","true","mapped","ID e mídia preservados"
"media_c331bce709f4bc3ca5f3","Agachamento com salto partindo de joelhos","Agachamento com salto partindo de joelhos","gifs/Exercícios sem marca d'água/Agachamento com salto ajoelhado.gif","gifs/Exercícios sem marca d'água/Agachamento com salto ajoelhado.gif","Quadríceps","Quadríceps","Barra | Anilhas | Academia","true","mapped","ID e mídia preservados"
"media_6d2d5f55988dfe0c0214","Agachamento cossaco","Agachamento cossaco","gifs/Exercícios sem marca d'água/Agachamento cossaco.gif","gifs/Exercícios sem marca d'água/Agachamento cossaco.gif","Quadríceps","Quadríceps","","true","mapped","ID e mídia preservados"
"media_515f470fc5893566f881","Agachamento dividido sem peso","Agachamento dividido sem peso","gifs/Exercícios sem marca d'água/Agachamento unilateral.gif","gifs/Exercícios sem marca d'água/Agachamento unilateral.gif","Quadríceps","Quadríceps","Casa | Academia","true","mapped","ID e mídia preservados"
"media_68a2a250a1a499f0708a","Agachamento em reverência","Agachamento em reverência","gifs/Exercícios sem marca d'água/Agachamento em reverência.gif","gifs/Exercícios sem marca d'água/Agachamento em reverência.gif","Quadríceps","Quadríceps","","true","mapped","ID e mídia preservados"
"media_e494852cbe69f732e2e7","Agachamento frontal","Agachamento frontal","gifs/Exercícios sem marca d'água/Agachamento frontal.gif","gifs/Exercícios sem marca d'água/Agachamento frontal.gif","Quadríceps","Quadríceps","Anilhas | Academia","true","mapped","ID e mídia preservados"
"media_4e6468a658481a45541b","Agachamento frontal com barra","Agachamento frontal com barra","gifs/Exercícios sem marca d'água/Agachamento frontal com barra.gif","gifs/Exercícios sem marca d'água/Agachamento frontal com barra.gif","Quadríceps","Quadríceps","Barra | Anilhas | Banco | Academia","true","mapped","ID e mídia preservados"
"media_56a5fda36c7e7ab49164","Agachamento frontal com cabo","Agachamento frontal com cabo","gifs/Exercícios sem marca d'água/Agachamento frontal com cabo.gif","gifs/Exercícios sem marca d'água/Agachamento frontal com cabo.gif","Quadríceps","Quadríceps","Academia","true","mapped","ID e mídia preservados"
"media_e832b002bf2c8fbbf70b","Agachamento goblet com kettlebell","Agachamento goblet com kettlebell","gifs/Exercícios sem marca d'água/Agachamento com taça de kettlebell.gif","gifs/Exercícios sem marca d'água/Agachamento com taça de kettlebell.gif","Quadríceps","Quadríceps","Kettlebell | Academia","true","mapped","ID e mídia preservados"
"media_3d65500f975cea8c0c21","Agachamento hack reverso","Agachamento hack reverso","gifs/Exercícios sem marca d'água/Agachamento hack reverso.gif","gifs/Exercícios sem marca d'água/Agachamento hack reverso.gif","Quadríceps","Quadríceps","Anilhas | Academia","true","mapped","ID e mídia preservados"
"media_ebcddffdd8c7d3e7f722","Agachamento livre com barra","Agachamento livre com barra","gifs/Exercícios sem marca d'água/Agachamento.gif","gifs/Exercícios sem marca d'água/Agachamento.gif","Quadríceps","Quadríceps","Barra | Anilhas | Academia","true","mapped","ID e mídia preservados"
"media_7b0e8fc780db53bb8e4e","Agachamento livre sem peso","Agachamento livre sem peso","gifs/Exercícios sem marca d'água/exercicios_renomeados_pt_br/011_agachamento_livre.gif","gifs/Exercícios sem marca d'água/exercicios_renomeados_pt_br/011_agachamento_livre.gif","Quadríceps","Quadríceps","Casa | Academia","true","mapped","ID e mídia preservados"
"media_a056a94c9c19680f162c","Agachamento na máquina abdutora","Agachamento na máquina abdutora","gifs/Exercícios sem marca d'água/Agache-se na máquina abdutora.gif","gifs/Exercícios sem marca d'água/Agache-se na máquina abdutora.gif","Quadríceps","Quadríceps","Academia","true","mapped","ID e mídia preservados"
"media_9605731aec37f2b0f208","Agachamento na máquina hack","Agachamento na máquina hack","gifs/Exercícios sem marca d'água/Hackear máquina de agachamento.gif","gifs/Exercícios sem marca d'água/Hackear máquina de agachamento.gif","Quadríceps","Quadríceps","Academia","true","mapped","ID e mídia preservados"
"media_cad4be862aaecd57b990","Agachamento na parede com bola de exercício","Agachamento na parede com bola de exercício","gifs/Exercícios sem marca d'água/Agachamento na parede com bola de exercício.gif","gifs/Exercícios sem marca d'água/Agachamento na parede com bola de exercício.gif","Quadríceps","Quadríceps","Casa | Academia","true","mapped","ID e mídia preservados"
"media_7f224944c0ef0196a5fd","Agachamento pistola","Agachamento pistola","gifs/Exercícios sem marca d'água/Agachamento com pistola.gif","gifs/Exercícios sem marca d'água/Agachamento com pistola.gif","Quadríceps","Quadríceps","Casa | Academia","true","mapped","ID e mídia preservados"
"media_0d5e4d939eca8975cffc","Agachamento pistola com kettlebell","Agachamento pistola com kettlebell","gifs/Exercícios sem marca d'água/Agachamento com pistola kettlebell.gif","gifs/Exercícios sem marca d'água/Agachamento com pistola kettlebell.gif","Quadríceps","Quadríceps","Kettlebell | Casa | Academia","true","mapped","ID e mídia preservados"
"media_c9d5570b6dd94fde6c56","Agachamento sumô com barra","Agachamento sumô com barra","gifs/Exercícios sem marca d'água/Agachamento sumô com barra.gif","gifs/Exercícios sem marca d'água/Agachamento sumô com barra.gif","Quadríceps","Quadríceps","Barra | Anilhas | Academia","true","mapped","ID e mídia preservados"
"media_3511fc464b06ab0e6070","Agachamento sumô com halteres","Agachamento sumô com halteres","gifs/Exercícios sem marca d'água/Agachamento sumô com halteres.gif","gifs/Exercícios sem marca d'água/Agachamento sumô com halteres.gif","Quadríceps","Quadríceps","Academia | Casa","true","mapped","ID e mídia preservados"
"media_2bf4c5e258eebff75145","Agachamento sumô com peso corporal","Agachamento sumô com peso corporal","gifs/Exercícios sem marca d'água/Agachamento sumô com peso corporal.gif","gifs/Exercícios sem marca d'água/Agachamento sumô com peso corporal.gif","Quadríceps","Quadríceps","Casa | Academia","true","mapped","ID e mídia preservados"
"media_c0f396dd1380f9d316e9","Agachamento sumô plie com halteres","Agachamento sumô plie com halteres","gifs/Exercícios sem marca d'água/Agachamento sumô plie com halteres.gif","gifs/Exercícios sem marca d'água/Agachamento sumô plie com halteres.gif","Quadríceps","Quadríceps","Academia | Casa","true","mapped","ID e mídia preservados"
"media_096aae1b6a146e36ec0d","Agachamento unilateral com barra","Agachamento unilateral com barra","gifs/Exercícios sem marca d'água/Agachamento unilateral com barra.gif","gifs/Exercícios sem marca d'água/Agachamento unilateral com barra.gif","Quadríceps","Quadríceps","Academia","true","mapped","ID e mídia preservados"
"media_326320dc04f739a6c90f","Agachamento unilateral havaiano","Agachamento unilateral havaiano","gifs/Exercícios sem marca d'água/Agachamento havaiano.gif","gifs/Exercícios sem marca d'água/Agachamento havaiano.gif","Quadríceps","Quadríceps","Casa | Academia","true","mapped","ID e mídia preservados"
"media_f8658e3fafcfdca558b3","Agachamento zercher","Agachamento zercher","gifs/Exercícios sem marca d'água/Agachamento zercher.gif","gifs/Exercícios sem marca d'água/Agachamento zercher.gif","Quadríceps","Quadríceps","Barra | Anilhas | Academia","true","mapped","ID e mídia preservados"
"media_6bf40676c7cb302219df","Alongamento 90 - 90 de quadril","Alongamento 90 - 90 de quadril","gifs/Exercícios sem marca d'água/90 90 alongamento de quadril.gif","gifs/Exercícios sem marca d'água/90 90 alongamento de quadril.gif","Alongamento","Alongamento","Casa | Academia","true","mapped","ID e mídia preservados"
"media_2d42a663cf24cc405e8f","Alongamento abdominal cobra","Alongamento abdominal cobra","gifs/Exercícios sem marca d'água/Alongamento abdominal cobra.gif","gifs/Exercícios sem marca d'água/Alongamento abdominal cobra.gif","Alongamento","Alongamento","Casa | Academia","true","mapped","ID e mídia preservados"
"media_51fc03ea72a0314d40ea","Alongamento borboleta (Titli Asana)","Alongamento borboleta (Titli Asana)","gifs/Exercícios sem marca d'água/Estiramento de borboleta - Postura da borboleta titli asana.gif","gifs/Exercícios sem marca d'água/Estiramento de borboleta - Postura da borboleta titli asana.gif","Alongamento","Alongamento","Casa | Academia","true","mapped","ID e mídia preservados"
"media_84a6acfcf58fa2c04389","Alongamento da esfinge","Alongamento da esfinge","gifs/Exercícios sem marca d'água/Trecho da esfinge.gif","gifs/Exercícios sem marca d'água/Trecho da esfinge.gif","Alongamento","Alongamento","Casa | Academia","true","mapped","ID e mídia preservados"
"media_e78fb8ed022e365f8f18","Alongamento da panturrilha com perna esticada","Alongamento da panturrilha com perna esticada","gifs/Exercícios sem marca d'água/Alongamento da panturrilha com perna esticada.gif","gifs/Exercícios sem marca d'água/Alongamento da panturrilha com perna esticada.gif","Alongamento","Alongamento","Academia | Casa","true","mapped","ID e mídia preservados"
"media_9ee4109771b82167ecef","Alongamento da panturrilha gastrocnêmio em pé","Alongamento da panturrilha gastrocnêmio em pé","gifs/Exercícios sem marca d'água/Alongamento da panturrilha gastrocnêmio em pé.gif","gifs/Exercícios sem marca d'água/Alongamento da panturrilha gastrocnêmio em pé.gif","Alongamento","Alongamento","Banco | Casa | Academia","true","mapped","ID e mídia preservados"
"media_d409fcb8ac2ec18ef41d","Alongamento da panturrilha no calcanhar agachado","Alongamento da panturrilha no calcanhar agachado","gifs/Exercícios sem marca d'água/Alongamento da panturrilha no calcanhar agachado.gif","gifs/Exercícios sem marca d'água/Alongamento da panturrilha no calcanhar agachado.gif","Alongamento","Alongamento","Casa | Academia","true","mapped","ID e mídia preservados"
"media_a74a732d7be0d059f8c8","Alongamento da parte superior das costas","Alongamento da parte superior das costas","gifs/Exercícios sem marca d'água/Alongamento da parte superior das costas.gif","gifs/Exercícios sem marca d'água/Alongamento da parte superior das costas.gif","Alongamento","Alongamento","Casa | Academia","true","mapped","ID e mídia preservados"
"media_733bb0db68a94c59f2d6","Alongamento de avanço lateral","Alongamento de avanço lateral","gifs/Exercícios sem marca d'água/Alongamento de avanço lateral.gif","gifs/Exercícios sem marca d'água/Alongamento de avanço lateral.gif","Alongamento","Alongamento","","true","mapped","ID e mídia preservados"
"media_069490aef71bfee26e23","Alongamento de dorsais com apoio","Alongamento de dorsais com apoio","gifs/Exercícios sem marca d'água/Alongamento do peitoral traseiro.gif","gifs/Exercícios sem marca d'água/Alongamento do peitoral traseiro.gif","Alongamento","Alongamento","Banco | Casa | Academia","true","mapped","ID e mídia preservados"
"media_77c1a1aeb7bf8e3867ab","Alongamento de glúteo deitado","Alongamento de glúteo deitado","gifs/Exercícios sem marca d'água/Alongamento de glúteo deitado.gif","gifs/Exercícios sem marca d'água/Alongamento de glúteo deitado.gif","Alongamento","Alongamento","Casa | Academia","true","mapped","ID e mídia preservados"
"media_4b9ebfd31f7b8294bd49","Alongamento de isquiotibiais em pé","Alongamento de isquiotibiais em pé","gifs/Exercícios sem marca d'água/Alongamento de isquiotibiais em pé.gif","gifs/Exercícios sem marca d'água/Alongamento de isquiotibiais em pé.gif","Alongamento","Alongamento","Casa | Academia","true","mapped","ID e mídia preservados"
"media_63abed8d4214a8b702ee","Alongamento de isquiotibiais sentado","Alongamento de isquiotibiais sentado","gifs/Exercícios sem marca d'água/Alongamento de isquiotibiais sentado.gif","gifs/Exercícios sem marca d'água/Alongamento de isquiotibiais sentado.gif","Alongamento","Alongamento","Academia | Casa","true","mapped","ID e mídia preservados"
"media_f33c86c14c05899e86b2","Alongamento de ombro cruzado","Alongamento de ombro cruzado","gifs/Exercícios sem marca d'água/Através do alongamento do ombro no peito.gif","gifs/Exercícios sem marca d'água/Através do alongamento do ombro no peito.gif","Alongamento","Alongamento","Casa | Academia","true","mapped","ID e mídia preservados"
"media_3081929e8ef6e2570cb3","Alongamento de ombro reverso em pé","Alongamento de ombro reverso em pé","gifs/Exercícios sem marca d'água/Alongamento de ombro reverso em pé.gif","gifs/Exercícios sem marca d'água/Alongamento de ombro reverso em pé.gif","Alongamento","Alongamento","Casa | Academia","true","mapped","ID e mídia preservados"
"media_e850e7bb3e5aa35e6f58","Alongamento de ombros com toalha","Alongamento de ombros com toalha","gifs/Exercícios sem marca d'água/Esticar com toalha.gif","gifs/Exercícios sem marca d'água/Esticar com toalha.gif","Alongamento","Alongamento","Academia | Casa","true","mapped","ID e mídia preservados"
"media_18eef06f9ff2235dac03","Alongamento de panturrilha com calcanhar único","Alongamento de panturrilha com calcanhar único","gifs/Exercícios sem marca d'água/Alongamento de panturrilha com calcanhar único.gif","gifs/Exercícios sem marca d'água/Alongamento de panturrilha com calcanhar único.gif","Alongamento","Alongamento","Casa | Academia","true","mapped","ID e mídia preservados"
"media_fa68e8b147ab3b2a7d5c","Alongamento de panturrilha com corda","Alongamento de panturrilha com corda","gifs/Exercícios sem marca d'água/Alongamento de panturrilha com corda.gif","gifs/Exercícios sem marca d'água/Alongamento de panturrilha com corda.gif","Alongamento","Alongamento","Casa | Academia","true","mapped","ID e mídia preservados"
"media_962fb047af792dc9727a","Alongamento de panturrilha com perna reta sentada","Alongamento de panturrilha com perna reta sentada","gifs/Exercícios sem marca d'água/Alongamento de panturrilha com perna reta sentada.gif","gifs/Exercícios sem marca d'água/Alongamento de panturrilha com perna reta sentada.gif","Alongamento","Alongamento","Casa | Academia","true","mapped","ID e mídia preservados"
"media_b325bd4d91efaadde4b3","Alongamento de panturrilha em pé","Alongamento de panturrilha em pé","gifs/Exercícios sem marca d'água/Alongamento de panturrilha em pé.gif","gifs/Exercícios sem marca d'água/Alongamento de panturrilha em pé.gif","Alongamento","Alongamento","Casa | Academia","true","mapped","ID e mídia preservados"
"media_86a65791f399768f3c20","Alongamento de panturrilhas de uma perna","Alongamento de panturrilhas de uma perna","gifs/Exercícios sem marca d'água/Alongamento de panturrilhas de uma perna.gif","gifs/Exercícios sem marca d'água/Alongamento de panturrilhas de uma perna.gif","Alongamento","Alongamento","Casa | Academia","true","mapped","ID e mídia preservados"
"media_4fd8033a2364b86bf6b9","Alongamento de peito com rolo de espuma","Alongamento de peito com rolo de espuma","gifs/Exercícios sem marca d'água/Alongamento de peito com rolo de espuma.gif","gifs/Exercícios sem marca d'água/Alongamento de peito com rolo de espuma.gif","Alongamento","Alongamento","Rolo de espuma | Casa | Academia","true","mapped","ID e mídia preservados"
"media_525840eaa771d451882a","Alongamento de peito e ombros na porta","Alongamento de peito e ombros na porta","gifs/Exercícios sem marca d'água/Peitoral da porta e alongamento dos ombros.gif","gifs/Exercícios sem marca d'água/Peitoral da porta e alongamento dos ombros.gif","Alongamento","Alongamento","Casa | Academia","true","mapped","ID e mídia preservados"
"media_ef337b52a24ab70e2ec3","Alongamento de posteriores da coxa em pé com pernas cruzadas","Alongamento de posteriores da coxa em pé com pernas cruzadas","gifs/Exercícios sem marca d'água/Pada hastasana postura de mãos aos pés - Alongamento de isquiotibiais de perna cruzada em pé.gif","gifs/Exercícios sem marca d'água/Pada hastasana postura de mãos aos pés - Alongamento de isquiotibiais de perna cruzada em pé.gif","Alongamento","Alongamento","Academia | Casa","true","mapped","ID e mídia preservados"
"media_ce67570dcf58ea2e0c9a","Alongamento de quadríceps em pé","Alongamento de quadríceps em pé","gifs/Exercícios sem marca d'água/Alongamento de quadríceps em pé.gif","gifs/Exercícios sem marca d'água/Alongamento de quadríceps em pé.gif","Alongamento","Alongamento","Casa | Academia | Ao ar livre","true","mapped","ID e mídia preservados"
"media_fd7ed87266d6be137151","Alongamento de quadríceps em quatro apoios","Alongamento de quadríceps em quatro apoios","gifs/Exercícios sem marca d'água/Alongamento de quadríceps em quatro apoios.gif","gifs/Exercícios sem marca d'água/Alongamento de quadríceps em quatro apoios.gif","Alongamento","Alongamento","Casa | Academia","true","mapped","ID e mídia preservados"
"media_223c0014c13e1924d31a","Alongamento de rotação do pescoço","Alongamento de rotação do pescoço","gifs/Exercícios sem marca d'água/Alongamento de rotação do pescoço.gif","gifs/Exercícios sem marca d'água/Alongamento de rotação do pescoço.gif","Alongamento","Alongamento","Casa | Academia","true","mapped","ID e mídia preservados"
"media_4a48934603494434bc8e","Alongamento dinâmico do peito","Alongamento dinâmico do peito","gifs/Alongamento dinâmico do peito.gif","gifs/Alongamento dinâmico do peito.gif","Alongamento","Alongamento","Academia | Casa | Ao ar livre","true","mapped","ID e mídia preservados"
"media_e3130a9859e3efff8cb1","Alongamento do adutor com a perna ajoelhada","Alongamento do adutor com a perna ajoelhada","gifs/Exercícios sem marca d'água/Alongamento do adutor com a perna ajoelhada.gif","gifs/Exercícios sem marca d'água/Alongamento do adutor com a perna ajoelhada.gif","Alongamento","Alongamento","Academia | Casa","true","mapped","ID e mídia preservados"
"media_6b8fa1f903247b9bfb21","Alongamento do adutor da parte interna da coxa com rolo de espuma","Alongamento do adutor da parte interna da coxa com rolo de espuma","gifs/Exercícios sem marca d'água/Alongamento do adutor da parte interna da coxa com rolo de espuma.gif","gifs/Exercícios sem marca d'água/Alongamento do adutor da parte interna da coxa com rolo de espuma.gif","Alongamento","Alongamento","Rolo de espuma | Casa | Academia","true","mapped","ID e mídia preservados"
"media_d449d7a95bef268c3a9d","Alongamento do flexor do quadril ajoelhado","Alongamento do flexor do quadril ajoelhado","gifs/Exercícios sem marca d'água/Anjaneyasana postura de avanço baixa - Alongamento dos flexores do quadril ajoelhado.gif","gifs/Exercícios sem marca d'água/Anjaneyasana postura de avanço baixa - Alongamento dos flexores do quadril ajoelhado.gif","Alongamento","Alongamento","Casa | Academia","true","mapped","ID e mídia preservados"
"media_5750a2410bf433e054fa","Alongamento do peito acima da cabeça","Alongamento do peito acima da cabeça","gifs/Exercícios sem marca d'água/Alongamento do peito acima da cabeça.gif","gifs/Exercícios sem marca d'água/Alongamento do peito acima da cabeça.gif","Alongamento","Alongamento","Casa | Academia","true","mapped","ID e mídia preservados"
"media_33b254fa7eae33e2a8ad","Alongamento do peito e da frente dos ombros","Alongamento do peito e da frente dos ombros","gifs/Exercícios sem marca d'água/Alongamento do peito e da frente dos ombros.gif","gifs/Exercícios sem marca d'água/Alongamento do peito e da frente dos ombros.gif","Alongamento","Alongamento","Casa | Academia","true","mapped","ID e mídia preservados"
"media_0fafa9f029bf477acc49","Alongamento do peito sentado","Alongamento do peito sentado","gifs/Exercícios sem marca d'água/Alongamento do peito sentado.gif","gifs/Exercícios sem marca d'água/Alongamento do peito sentado.gif","Alongamento","Alongamento","Casa | Academia","true","mapped","ID e mídia preservados"
"media_c39b59d3b9d12e3254e8","Alongamento do pescoço ajoelhado","Alongamento do pescoço ajoelhado","gifs/Exercícios sem marca d'água/Alongamento do pescoço ajoelhado.gif","gifs/Exercícios sem marca d'água/Alongamento do pescoço ajoelhado.gif","Alongamento","Alongamento","Casa | Academia","true","mapped","ID e mídia preservados"
"media_ea4f183f87b329b3a411","Alongamento do pescoço na frente e atrás","Alongamento do pescoço na frente e atrás","gifs/Exercícios sem marca d'água/Alongamento do pescoço na frente e atrás.gif","gifs/Exercícios sem marca d'água/Alongamento do pescoço na frente e atrás.gif","Alongamento","Alongamento","Casa | Academia","true","mapped","ID e mídia preservados"
"media_2fc0502c80257e98f426","Alongamento do piriforme","Alongamento do piriforme","gifs/Exercícios sem marca d'água/Alongamento do piriforme.gif","gifs/Exercícios sem marca d'água/Alongamento do piriforme.gif","Alongamento","Alongamento","Casa | Academia","true","mapped","ID e mídia preservados"
"media_4dac9766556a2e464739","Alongamento do tendão de Aquiles em pé","Alongamento do tendão de Aquiles em pé","gifs/Exercícios sem marca d'água/Esticar o tendão de Aquiles em pé.gif","gifs/Exercícios sem marca d'água/Esticar o tendão de Aquiles em pé.gif","Alongamento","Alongamento","Casa | Academia","true","mapped","ID e mídia preservados"
"media_c24b01e0f50883f56a8a","Alongamento dos ombros atrás das costas","Alongamento dos ombros atrás das costas","gifs/Exercícios sem marca d'água/Alongamento dos ombros atrás das costas.gif","gifs/Exercícios sem marca d'água/Alongamento dos ombros atrás das costas.gif","Alongamento","Alongamento","Casa | Academia","true","mapped","ID e mídia preservados"
"media_9ce678ccdfeff4acb415","Alongamento em pé com alcance e rotação para trás","Alongamento em pé com alcance e rotação para trás","gifs/Exercícios sem marca d'água/Em pé, alcance, rotação para trás, alongamento.gif","gifs/Exercícios sem marca d'água/Em pé, alcance, rotação para trás, alongamento.gif","Alongamento","Alongamento","Casa | Academia","true","mapped","ID e mídia preservados"
"media_b6864eaa37b80ae20eba","Alongamento em pé tocando os pés","Alongamento em pé tocando os pés","gifs/Exercícios sem marca d'água/Toques de dedo do pé em pé - Postura de montanha tadasana.gif","gifs/Exercícios sem marca d'água/Toques de dedo do pé em pé - Postura de montanha tadasana.gif","Alongamento","Alongamento","Casa | Academia","true","mapped","ID e mídia preservados"
"media_ad719ebeceb808ae7eea","Alongamento estático de panturrilhas","Alongamento estático de panturrilhas","gifs/Exercícios sem marca d'água/Panturrilhas alongam posição estática.gif","gifs/Exercícios sem marca d'água/Panturrilhas alongam posição estática.gif","Alongamento","Alongamento","Casa | Academia","true","mapped","ID e mídia preservados"
"media_6cbbd42be5def6236f4b","Alongamento extensor do dedo do pé","Alongamento extensor do dedo do pé","gifs/Exercícios sem marca d'água/Alongamento extensor do dedo do pé.gif","gifs/Exercícios sem marca d'água/Alongamento extensor do dedo do pé.gif","Alongamento","Alongamento","Casa | Academia","true","mapped","ID e mídia preservados"
"media_956517a5c3aa0aba04f1","Alongamento flexor do dedo do pé em pé","Alongamento flexor do dedo do pé em pé","gifs/Exercícios sem marca d'água/Alongamento flexor do dedo do pé em pé.gif","gifs/Exercícios sem marca d'água/Alongamento flexor do dedo do pé em pé.gif","Alongamento","Alongamento","Casa | Academia","true","mapped","ID e mídia preservados"
"media_3a09d04944073caef961","Alongamento lateral da parte interna da coxa","Alongamento lateral da parte interna da coxa","gifs/Exercícios sem marca d'água/Alongamento lateral da parte interna da coxa.gif","gifs/Exercícios sem marca d'água/Alongamento lateral da parte interna da coxa.gif","Alongamento","Alongamento","Casa | Academia","true","mapped","ID e mídia preservados"
"media_201128c301ab020b75df","Alongamento lateral do pescoço","Alongamento lateral do pescoço","gifs/Exercícios sem marca d'água/Alongamento lateral do pescoço.gif","gifs/Exercícios sem marca d'água/Alongamento lateral do pescoço.gif","Alongamento","Alongamento","Casa | Academia","true","mapped","ID e mídia preservados"
"media_c0dd18c5ef0348c03d7c","Alongamento lateral do pescoço - Variação 2","Alongamento lateral do pescoço - Variação 2","gifs/Exercícios sem marca d'água/Alongamento lateral do pescoço - Variação 2.gif","gifs/Exercícios sem marca d'água/Alongamento lateral do pescoço - Variação 2.gif","Alongamento","Alongamento","Casa | Academia","true","mapped","ID e mídia preservados"
"media_a3699b5d616ee8a4ec23","Alongamento reverso assistido do ombro","Alongamento reverso assistido do ombro","gifs/Exercícios sem marca d'água/Alongamento reverso assistido do ombro.gif","gifs/Exercícios sem marca d'água/Alongamento reverso assistido do ombro.gif","Alongamento","Alongamento","Banco | Casa | Academia","true","mapped","ID e mídia preservados"
"media_91996788bbd747cbd849","Alongamento tibial posterior","Alongamento tibial posterior","gifs/Exercícios sem marca d'água/Alongamento tibial posterior.gif","gifs/Exercícios sem marca d'água/Alongamento tibial posterior.gif","Alongamento","Alongamento","Casa | Academia","true","mapped","ID e mídia preservados"
"media_f280c8c04f5592d91d0c","Alongamentos de pés e tornozelos","Alongamentos de pés e tornozelos","gifs/Exercícios sem marca d'água/Alongamentos de pés e tornozelos.gif","gifs/Exercícios sem marca d'água/Alongamentos de pés e tornozelos.gif","Alongamento","Alongamento","Casa | Academia","true","mapped","ID e mídia preservados"
"media_929dbf0966bac4decf20","Alpinista","Alpinista","gifs/Exercícios sem marca d'água/Alpinista.gif","gifs/Exercícios sem marca d'água/Alpinista.gif","Cardio","Cardio","Casa | Academia","true","mapped","ID e mídia preservados"
"media_20bd9b31cd9a576fe4e3","Alpinista de corpo cruzado","Alpinista de corpo cruzado","gifs/Exercícios sem marca d'água/Alpinista de corpo cruzado.gif","gifs/Exercícios sem marca d'água/Alpinista de corpo cruzado.gif","Cardio","Cardio","Casa | Academia","true","mapped","ID e mídia preservados"
"media_51f5eea1ada583f04619","Alpinista em pé","Alpinista em pé","gifs/Exercícios sem marca d'água/Alpinista vertical.gif","gifs/Exercícios sem marca d'água/Alpinista vertical.gif","Cardio","Cardio","Casa | Academia","true","mapped","ID e mídia preservados"
"media_0227c6e50f6b9aeb5d1b","Alto ajoelhado com kettlebell press com um braço","Alto ajoelhado com kettlebell press com um braço","gifs/Exercícios sem marca d'água/Alto ajoelhado com kettlebell press com um braço.gif","gifs/Exercícios sem marca d'água/Alto ajoelhado com kettlebell press com um braço.gif","Ombros | Abdômen/Core","Corpo inteiro","Kettlebell | Casa | Academia","true","mapped","ID e mídia preservados"
"media_1a0d6f86c3515ea14bbe","Andando","Andando","gifs/Exercícios sem marca d'água/Andando.gif","gifs/Exercícios sem marca d'água/Andando.gif","Cardio","Cardio","Casa | Ao ar livre | Academia","true","mapped","ID e mídia preservados"
"media_3d963b58748b84a8a442","Andar de bicicleta ao ar livre","Andar de bicicleta ao ar livre","gifs/Exercícios sem marca d'água/Andar de bicicleta ao ar livre.gif","gifs/Exercícios sem marca d'água/Andar de bicicleta ao ar livre.gif","Cardio","Cardio","Bicicleta | Ao ar livre","true","mapped","ID e mídia preservados"
"media_ccb1fd166f2e8e1aa341","Arnold Press de braço único","Arnold Press de braço único","gifs/Exercícios sem marca d'água/Arnold Press de braço único.gif","gifs/Exercícios sem marca d'água/Arnold Press de braço único.gif","Ombros","Ombros","Academia | Casa","true","mapped","ID e mídia preservados"
"media_8cc384160eac3a942fc8","Arranco de kettlebell com um braço","Arranco de kettlebell com um braço","gifs/Exercícios sem marca d'água/Arranco de kettlebell com um braço.gif","gifs/Exercícios sem marca d'água/Arranco de kettlebell com um braço.gif","Ombros | Abdômen/Core","Corpo inteiro","Kettlebell | Academia","true","mapped","ID e mídia preservados"
"media_7b48e5dca9b70ed59f00","Arranco dividido com kettlebell","Arranco dividido com kettlebell","gifs/Exercícios sem marca d'água/Arranco dividido com kettlebell.gif","gifs/Exercícios sem marca d'água/Arranco dividido com kettlebell.gif","Ombros | Abdômen/Core","Corpo inteiro","Kettlebell | Academia","true","mapped","ID e mídia preservados"
"media_ae61da474b9ee3a2ac51","Arremesso de bola medicinal acima da cabeça","Arremesso de bola medicinal acima da cabeça","gifs/Exercícios sem marca d'água/Lançamento de bola medicinal.gif","gifs/Exercícios sem marca d'água/Lançamento de bola medicinal.gif","Ombros | Peito | Abdômen/Core","Corpo inteiro","Academia | Casa | Ao ar livre","true","mapped","ID e mídia preservados"
"media_a98e9cff7f458ee7a006","Arremesso de bola medicinal para trás","Arremesso de bola medicinal para trás","gifs/Exercícios sem marca d'água/Lançamento de bola medicinal para trás.gif","gifs/Exercícios sem marca d'água/Lançamento de bola medicinal para trás.gif","Quadril | Ombros | Abdômen/Core","Corpo inteiro","Academia","true","mapped","ID e mídia preservados"
"media_8aa125b54d1d807fd825","Arremesso rotacional de bola medicinal","Arremesso rotacional de bola medicinal","gifs/Exercícios sem marca d'água/Lançamento rotacional de bola medicinal.gif","gifs/Exercícios sem marca d'água/Lançamento rotacional de bola medicinal.gif","Abdômen/Core | Ombros","Corpo inteiro","Academia","true","mapped","ID e mídia preservados"
"media_bf33024434d126cbcd82","Avanço caminhando com joelho alto","Avanço caminhando com joelho alto","gifs/Exercícios sem marca d'água/Andando com estocadas altas nos joelhos.gif","gifs/Exercícios sem marca d'água/Andando com estocadas altas nos joelhos.gif","Cardio","Cardio","Academia | Casa","true","mapped","ID e mídia preservados"
"media_86056df84075f61cb215","Avanço com barra","Avanço com barra","gifs/Exercícios sem marca d'água/Avanço com barra.gif","gifs/Exercícios sem marca d'água/Avanço com barra.gif","Quadríceps","Quadríceps","Barra | Anilhas | Academia","true","mapped","ID e mídia preservados"
"media_b9bc429a3370c748bafe","Avanço com halteres","Avanço com halteres","gifs/Exercícios sem marca d'água/Avanço com halteres.gif","gifs/Exercícios sem marca d'água/Avanço com halteres.gif","Quadríceps","Quadríceps","Halteres | Academia | Casa","true","mapped","ID e mídia preservados"
"media_f02a9ae17df06819456e","Avanço de joelho alto na bola bosu","Avanço de joelho alto na bola bosu","gifs/Exercícios sem marca d'água/Avanço de joelho alto na bola bosu.gif","gifs/Exercícios sem marca d'água/Avanço de joelho alto na bola bosu.gif","Quadríceps","Quadríceps","Academia","true","mapped","ID e mídia preservados"
"media_4197b976e29959797fdb","Avanço em reverência com halter","Avanço em reverência com halter","gifs/Exercícios sem marca d'água/Halteres taça reverência avanço.gif","gifs/Exercícios sem marca d'água/Halteres taça reverência avanço.gif","Quadríceps","Quadríceps","Casa | Academia","true","mapped","ID e mídia preservados"
"media_5275ca8b97493acce857","Avanço estático","Avanço estático","gifs/Exercícios sem marca d'água/Avanço estática.gif","gifs/Exercícios sem marca d'água/Avanço estática.gif","Quadríceps","Quadríceps","Academia | Casa","true","mapped","ID e mídia preservados"
"media_d14666c2a55e1afe6f7a","Avanço lateral com barra","Avanço lateral com barra","gifs/Exercícios sem marca d'água/Avanço lateral com barra.gif","gifs/Exercícios sem marca d'água/Avanço lateral com barra.gif","Quadríceps","Quadríceps","Barra | Anilhas | Academia","true","mapped","ID e mídia preservados"
"media_84aadc1a87a366a3aa9f","Avanço reverso","Avanço reverso","gifs/Exercícios sem marca d'água/Avanço reversa.gif","gifs/Exercícios sem marca d'água/Avanço reversa.gif","Quadríceps","Quadríceps","Casa | Academia","true","mapped","ID e mídia preservados"
"media_4adb2d380ec63f7847db","Avanço reverso com elevação do joelho","Avanço reverso com elevação do joelho","gifs/Exercícios sem marca d'água/Joelho de avanço reversa.gif","gifs/Exercícios sem marca d'água/Joelho de avanço reversa.gif","Quadríceps","Quadríceps","Academia | Casa | Ao ar livre","true","mapped","ID e mídia preservados"
"media_184795bc4d3432403a0c","Avanço reverso com halteres","Avanço reverso com halteres","gifs/Exercícios sem marca d'água/Avanço traseira com halteres.gif","gifs/Exercícios sem marca d'água/Avanço traseira com halteres.gif","Quadríceps","Quadríceps","Halteres | Casa | Academia","true","mapped","ID e mídia preservados"
"media_44ecad2e6834f3d1b08d","Avanço reverso com halteres em déficit","Avanço reverso com halteres em déficit","gifs/Exercícios sem marca d'água/Recusar avanço com halteres no banco.gif","gifs/Exercícios sem marca d'água/Recusar avanço com halteres no banco.gif","Quadríceps","Quadríceps","Halteres | Banco | Academia | Casa","true","mapped","ID e mídia preservados"
"media_b8fc63947f73d93e8737","Avanço à frente no cabo","Avanço à frente no cabo","gifs/Exercícios sem marca d'água/Avanço para frente do cabo.gif","gifs/Exercícios sem marca d'água/Avanço para frente do cabo.gif","Quadríceps","Quadríceps","Academia","true","mapped","ID e mídia preservados"
"media_758e4621a53bd9bc2df1","Balanço de braços para trás","Balanço de braços para trás","gifs/Exercícios sem marca d'água/Aumento de backhand.gif","gifs/Exercícios sem marca d'água/Aumento de backhand.gif","Ombros","Ombros","Halteres | Casa | Academia","true","mapped","ID e mídia preservados"
"media_9834555f768c1fa8c02f","Balanço de kettlebell com um braço","Balanço de kettlebell com um braço","gifs/Exercícios sem marca d'água/Balanço de kettlebell com um braço.gif","gifs/Exercícios sem marca d'água/Balanço de kettlebell com um braço.gif","Abdômen/Core | Ombros","Corpo inteiro","Kettlebell | Academia | Casa","true","mapped","ID e mídia preservados"
"media_153169d5090bfdd3451b","Balanços de kettlebell","Balanços de kettlebell","gifs/Exercícios sem marca d'água/Balanços de kettlebell.gif","gifs/Exercícios sem marca d'água/Balanços de kettlebell.gif","Costas | Abdômen/Core","Corpo inteiro","Kettlebell | Casa | Academia","true","mapped","ID e mídia preservados"
"media_b8bab8072533376065df","Bandeira do dragão","Bandeira do dragão","gifs/Exercícios sem marca d'água/Bandeira do dragão.gif","gifs/Exercícios sem marca d'água/Bandeira do dragão.gif","Abdômen/Core","Abdômen/Core","Academia | Casa","true","mapped","ID e mídia preservados"
"media_1ea4d467d2d1b8a2d59f","Bandeira humana","Bandeira humana","gifs/Exercícios sem marca d'água/Bandeira humana.gif","gifs/Exercícios sem marca d'água/Bandeira humana.gif","Abdômen/Core","Abdômen/Core","Academia","true","mapped","ID e mídia preservados"
"media_4dcab7ef8bb64971834a","Barra fixa atrás da nuca","Barra fixa atrás da nuca","gifs/Exercícios sem marca d'água/exercicios_renomeados_pt_br/028_barra_fixa_atras_da_nuca.gif","gifs/Exercícios sem marca d'água/exercicios_renomeados_pt_br/028_barra_fixa_atras_da_nuca.gif","Costas","Costas","Barra fixa | Academia | Casa","true","mapped","ID e mídia preservados"
"media_81c324bef463f603edca","Barra fixa com salto","Barra fixa com salto","gifs/Exercícios sem marca d'água/Pulando, puxe para cima.gif","gifs/Exercícios sem marca d'água/Pulando, puxe para cima.gif","Costas","Costas","Barra fixa | Academia | Casa","true","mapped","ID e mídia preservados"
"media_026655e8cc00bf1edc17","Barra fixa pronada","Barra fixa pronada","gifs/Exercícios sem marca d'água/Puxe para cima.gif","gifs/Exercícios sem marca d'água/Puxe para cima.gif","Costas","Costas","Barra fixa | Casa | Academia","true","mapped","ID e mídia preservados"
"media_e4603b1fcd8afe8294ed","Barra fixa supinada","Barra fixa supinada","gifs/Exercícios sem marca d'água/Queixo para cima.gif","gifs/Exercícios sem marca d'água/Queixo para cima.gif","Costas","Costas","Barra fixa | Academia","true","mapped","ID e mídia preservados"
"media_787d2b7f30c21b05a6ba","Bear crawl","Bear crawl","gifs/Exercícios sem marca d'água/Urso rasteja.gif","gifs/Exercícios sem marca d'água/Urso rasteja.gif","","Corpo inteiro","","true","mapped","ID e mídia preservados"
"media_ef407b9761897c2cc114","Bicicleta ergométrica","Bicicleta ergométrica","gifs/Exercícios sem marca d'água/Bicicleta.gif","gifs/Exercícios sem marca d'água/Bicicleta.gif","Cardio","Cardio","Academia","true","mapped","ID e mídia preservados"
"media_094d9361de1ff3d5ebbc","Bicicleta ergométrica de braços","Bicicleta ergométrica de braços","gifs/Exercícios sem marca d'água/Bicicleta de mãos.gif","gifs/Exercícios sem marca d'água/Bicicleta de mãos.gif","Cardio","Cardio","Academia","true","mapped","ID e mídia preservados"
"media_266d8394c72b60e51234","Bird dog","Bird dog","gifs/Exercícios sem marca d'água/Braço perna levanta.gif","gifs/Exercícios sem marca d'água/Braço perna levanta.gif","Abdômen/Core","Abdômen/Core","Casa | Academia","true","mapped","ID e mídia preservados"
"media_bb12c5fa78c5b89ff897","Bom dia","Bom dia","gifs/Exercícios sem marca d'água/Bom dia.gif","gifs/Exercícios sem marca d'água/Bom dia.gif","Posterior de coxa","Posterior de coxa","Barra | Academia","true","mapped","ID e mídia preservados"
"media_52802d407ef264232c75","Bom dia na máquina Smith","Bom dia na máquina Smith","gifs/Exercícios sem marca d'água/Máquina smith bom dia.gif","gifs/Exercícios sem marca d'água/Máquina smith bom dia.gif","Posterior de coxa","Posterior de coxa","Barra | Academia","true","mapped","ID e mídia preservados"
"media_5f7be5b8e1ab3409cde4","Burpee jack","Burpee jack","gifs/Exercícios sem marca d'água/Jack burpee.gif","gifs/Exercícios sem marca d'água/Jack burpee.gif","Cardio","Corpo inteiro","Academia | Casa","true","mapped","ID e mídia preservados"
"media_65f8cbd1c7beb95fc70a","Burpee Navy Seal","Burpee Navy Seal","gifs/Exercícios sem marca d'água/Burpee do selo da marinha.gif","gifs/Exercícios sem marca d'água/Burpee do selo da marinha.gif","Peito | Abdômen/Core","Corpo inteiro","Casa | Academia | Ao ar livre","true","mapped","ID e mídia preservados"
"media_a9a26a95177d7762092b","Burpees","Burpees","gifs/Exercícios sem marca d'água/Burpees.gif","gifs/Exercícios sem marca d'água/Burpees.gif","Peito | Abdômen/Core","Corpo inteiro","Casa | Academia","true","mapped","ID e mídia preservados"
"media_6ce342104be997857bfc","Burpees com halteres","Burpees com halteres","gifs/Exercícios sem marca d'água/Burpees com halteres.gif","gifs/Exercícios sem marca d'água/Burpees com halteres.gif","Peito | Abdômen/Core","Corpo inteiro","Halteres | Academia | Casa","true","mapped","ID e mídia preservados"
"media_6cc08b72e9f06a9ed4b7","Caminhada do fazendeiro","Caminhada do fazendeiro","gifs/Exercícios sem marca d'água/Agricultores caminham.gif","gifs/Exercícios sem marca d'água/Agricultores caminham.gif","Cardio","Cardio","Halteres | Academia | Casa","true","mapped","ID e mídia preservados"
"media_8373beec51ab2caef14a","Caminhada do pato","Caminhada do pato","gifs/Exercícios sem marca d'água/Passeio de pato.gif","gifs/Exercícios sem marca d'água/Passeio de pato.gif","Cardio","Cardio","Casa | Academia","true","mapped","ID e mídia preservados"
"media_ee0c42be9fa8cb27a654","Caminhada em elástico","Caminhada em elástico","gifs/Exercícios sem marca d'água/Caminhada em elástico.gif","gifs/Exercícios sem marca d'água/Caminhada em elástico.gif","Cardio","Cardio","Academia | Casa","true","mapped","ID e mídia preservados"
"media_ff9175ec64940dc28d4c","Caminhada lateral com elástico de resistência","Caminhada lateral com elástico de resistência","gifs/Exercícios sem marca d'água/Caminhada lateral com elástico de resistência.gif","gifs/Exercícios sem marca d'água/Caminhada lateral com elástico de resistência.gif","Cardio","Cardio","Casa | Academia","true","mapped","ID e mídia preservados"
"media_8fbf02503a0ce648bcc4","Caminhada na máquina Wave","Caminhada na máquina Wave","gifs/Exercícios sem marca d'água/Máquina de ondas de caminhada.gif","gifs/Exercícios sem marca d'água/Máquina de ondas de caminhada.gif","Cardio","Cardio","Academia | Casa","true","mapped","ID e mídia preservados"
"media_01d5b490f9b6cfaf4b1e","Caminhando rapidamente","Caminhando rapidamente","gifs/Exercícios sem marca d'água/Caminhando rapidamente.gif","gifs/Exercícios sem marca d'água/Caminhando rapidamente.gif","Cardio","Cardio","Casa | Ao ar livre | Academia","true","mapped","ID e mídia preservados"
"media_e1bd6d4568646d6011ba","Chute alternado de pernas no banco","Chute alternado de pernas no banco","gifs/Exercícios sem marca d'água/Chutes de vibração de glúteos no banco.gif","gifs/Exercícios sem marca d'água/Chutes de vibração de glúteos no banco.gif","Abdômen/Core","Abdômen/Core","Academia","true","mapped","ID e mídia preservados"
"media_a881870a637a1f10623d","Chute de gancho","Chute de gancho","gifs/Exercícios sem marca d'água/Chute de gancho.gif","gifs/Exercícios sem marca d'água/Chute de gancho.gif","Cardio","Cardio","Academia","true","mapped","ID e mídia preservados"
"media_9c6b0ae30ab6f670f146","Clean and jerk com kettlebell","Clean and jerk com kettlebell","gifs/Exercícios sem marca d'água/Kettlebell limpo e idiota - Kettlebell limpo e pressione.gif","gifs/Exercícios sem marca d'água/Kettlebell limpo e idiota - Kettlebell limpo e pressione.gif","Ombros","Corpo inteiro","Kettlebell | Casa | Academia","true","mapped","ID e mídia preservados"
"media_de5f68cb66debc8557fd","Clean and jerk com kettlebell - variação 2","Clean and jerk com kettlebell - variação 2","gifs/Exercícios sem marca d'água/Kettlebell limpo e idiota - Kettlebell limpo e pressione - Variação 2.gif","gifs/Exercícios sem marca d'água/Kettlebell limpo e idiota - Kettlebell limpo e pressione - Variação 2.gif","Ombros | Glúteos | Abdômen/Core","Corpo inteiro","Kettlebell | Academia","true","mapped","ID e mídia preservados"
"media_c1fdc05bd91fda763646","Clean and press com barra","Clean and press com barra","gifs/Exercícios sem marca d'água/Clean and press com barra.gif","gifs/Exercícios sem marca d'água/Clean and press com barra.gif","Ombros | Abdômen/Core","Corpo inteiro","Anilhas | Academia","true","mapped","ID e mídia preservados"
"media_632ab616e0f5d154bb11","Coice de burro de cabo","Coice de burro de cabo","gifs/Exercícios sem marca d'água/Coice de burro de cabo.gif","gifs/Exercícios sem marca d'água/Coice de burro de cabo.gif","Glúteos","Glúteos","Academia","true","mapped","ID e mídia preservados"
"media_a1737e5447fc1402669c","Coice de glúteo ajoelhado com elástico","Coice de glúteo ajoelhado com elástico","gifs/Exercícios sem marca d'água/exercicios_renomeados_pt_br/021_coice_ajoelhado_com_elastico.gif","gifs/Exercícios sem marca d'água/exercicios_renomeados_pt_br/021_coice_ajoelhado_com_elastico.gif","Glúteos","Glúteos","Casa | Academia","true","mapped","ID e mídia preservados"
"media_7a768bbd1c5351e7e603","Coice de glúteo com elástico","Coice de glúteo com elástico","gifs/Exercícios sem marca d'água/Coice de glúteo com elástico.gif","gifs/Exercícios sem marca d'água/Coice de glúteo com elástico.gif","Glúteos","Glúteos","Academia | Casa","true","mapped","ID e mídia preservados"
"media_c0e21e2b6be9b55d1243","Coice de glúteo em pé com elástico","Coice de glúteo em pé com elástico","gifs/Exercícios sem marca d'água/Coice de glúteo em pé com elástico.gif","gifs/Exercícios sem marca d'água/Coice de glúteo em pé com elástico.gif","Glúteos","Glúteos","Banco | Casa | Academia","true","mapped","ID e mídia preservados"
"media_6430871bfe3d73304ab3","Coice de glúteo em pé na máquina","Coice de glúteo em pé na máquina","gifs/Exercícios sem marca d'água/Chute traseiro em pé na máquina.gif","gifs/Exercícios sem marca d'água/Chute traseiro em pé na máquina.gif","Glúteos","Glúteos","Academia","true","mapped","ID e mídia preservados"
"media_5744c108e7b61ac95f38","Coice de glúteo em quatro apoios","Coice de glúteo em quatro apoios","gifs/Exercícios sem marca d'água/Burro chuta.gif","gifs/Exercícios sem marca d'água/Burro chuta.gif","Glúteos","Glúteos","Casa | Academia","true","mapped","ID e mídia preservados"
"media_5aeab25fa0bcb0dd6bd4","Coice de glúteo na máquina","Coice de glúteo na máquina","gifs/Exercícios sem marca d'água/Máquina de coice de glúteos.gif","gifs/Exercícios sem marca d'água/Máquina de coice de glúteos.gif","Glúteos","Glúteos","Academia","true","mapped","ID e mídia preservados"
"media_483617efe2b329d2853a","Coice de glúteo na máquina de extensão de perna","Coice de glúteo na máquina de extensão de perna","gifs/Exercícios sem marca d'água/Coice de glúteo na máquina de extensão de perna.gif","gifs/Exercícios sem marca d'água/Coice de glúteo na máquina de extensão de perna.gif","Glúteos","Glúteos","Academia","true","mapped","ID e mídia preservados"
"media_35efed0c97abbf98d75e","Coice de glúteo na máquina de ferreiro","Coice de glúteo na máquina de ferreiro","gifs/Exercícios sem marca d'água/Coice de glúteo na máquina de ferreiro.gif","gifs/Exercícios sem marca d'água/Coice de glúteo na máquina de ferreiro.gif","Glúteos","Glúteos","Academia","true","mapped","ID e mídia preservados"
"media_5eb24948448fca1620ba","Coice de glúteos com elástico","Coice de glúteos com elástico","gifs/Exercícios sem marca d'água/Coice de glúteos com elástico.gif","gifs/Exercícios sem marca d'água/Coice de glúteos com elástico.gif","Glúteos","Glúteos","Casa | Academia","true","mapped","ID e mídia preservados"
"media_535db44790309f2be456","Coice de tríceps com halter","Coice de tríceps com halter","gifs/Exercícios sem marca d'água/Coice com halteres.gif","gifs/Exercícios sem marca d'água/Coice com halteres.gif","Tríceps","Tríceps","Banco | Academia | Casa","true","mapped","ID e mídia preservados"
"media_54fdda4a4b95c1c43f3b","Coice reverso da máquina smith","Coice reverso da máquina smith","gifs/Exercícios sem marca d'água/Coice reverso da máquina smith.gif","gifs/Exercícios sem marca d'água/Coice reverso da máquina smith.gif","Glúteos","Glúteos","Barra | Anilhas | Academia","true","mapped","ID e mídia preservados"
"media_c9d8fac2c181276fe967","Contragolpe de perna reta","Contragolpe de perna reta","gifs/Exercícios sem marca d'água/Contragolpe de perna reta.gif","gifs/Exercícios sem marca d'água/Contragolpe de perna reta.gif","Glúteos","Glúteos","Casa | Academia","true","mapped","ID e mídia preservados"
"media_4e0edb0fb757e3dccb18","Correndo","Correndo","gifs/Exercícios sem marca d'água/Correndo.gif","gifs/Exercícios sem marca d'água/Correndo.gif","","Corpo inteiro","Academia | Casa | Ao ar livre","true","mapped","ID e mídia preservados"
"media_e5dfc0e56ee2d29a9a27","Correr no lugar","Correr no lugar","gifs/Exercícios sem marca d'água/Correr no lugar.gif","gifs/Exercícios sem marca d'água/Correr no lugar.gif","Cardio","Cardio","Casa | Academia | Ao ar livre","true","mapped","ID e mídia preservados"
"media_123d87b625e01bafaffe","Corrida com calcanhar no glúteo","Corrida com calcanhar no glúteo","gifs/Exercícios sem marca d'água/Chutes na bunda.gif","gifs/Exercícios sem marca d'água/Chutes na bunda.gif","Cardio","Cardio","Casa | Academia","true","mapped","ID e mídia preservados"
"media_26f7d8e5eb41c2d4250f","Corrida com levantamento de joelhos altos","Corrida com levantamento de joelhos altos","gifs/Exercícios sem marca d'água/Corrida com levantamento de joelhos altos.gif","gifs/Exercícios sem marca d'água/Corrida com levantamento de joelhos altos.gif","Cardio","Cardio","Casa | Academia | Ao ar livre","true","mapped","ID e mídia preservados"
"media_caaf3d5f4899b2e92455","Corrida com mudança de direção","Corrida com mudança de direção","gifs/Exercícios sem marca d'água/Corrida - Corrida de roda.gif","gifs/Exercícios sem marca d'água/Corrida - Corrida de roda.gif","Cardio","Cardio","Casa | Academia | Ao ar livre","true","mapped","ID e mídia preservados"
"media_2f20cf12e525daf6416e","Corrida com mudança de direção - variação 2","Corrida com mudança de direção - variação 2","gifs/Exercícios sem marca d'água/Corrida - Corrida de roda - Variação 2.gif","gifs/Exercícios sem marca d'água/Corrida - Corrida de roda - Variação 2.gif","Cardio","Cardio","Casa | Academia | Ao ar livre","true","mapped","ID e mídia preservados"
"media_56b89e088a455dfe8341","Corrida curta","Corrida curta","gifs/Exercícios sem marca d'água/Corrida curta.gif","gifs/Exercícios sem marca d'água/Corrida curta.gif","Cardio","Cardio","Casa | Academia | Ao ar livre","true","mapped","ID e mídia preservados"
"media_2044b0318cce8dca700b","Corrida de joelho alto","Corrida de joelho alto","gifs/Exercícios sem marca d'água/Corrida de joelho alto.gif","gifs/Exercícios sem marca d'água/Corrida de joelho alto.gif","Cardio","Cardio","Casa | Academia | Ao ar livre","true","mapped","ID e mídia preservados"
"media_16183aa3b50710307bfe","Corrida de joelhos altos na parede","Corrida de joelhos altos na parede","gifs/Exercícios sem marca d'água/Joelhos altos contra a parede.gif","gifs/Exercícios sem marca d'água/Joelhos altos contra a parede.gif","Cardio","Cardio","Casa | Academia","true","mapped","ID e mídia preservados"
"media_3928553c4d86d92e9341","Corrida de pés rápidos","Corrida de pés rápidos","gifs/Exercícios sem marca d'água/Pés rápidos correm.gif","gifs/Exercícios sem marca d'água/Pés rápidos correm.gif","Cardio","Cardio","Academia | Casa | Ao ar livre","true","mapped","ID e mídia preservados"
"media_dffc9594df3044c0cd33","Corrida de velocista assistida por elástico","Corrida de velocista assistida por elástico","gifs/Exercícios sem marca d'água/Corrida de velocista assistida por elástico.gif","gifs/Exercícios sem marca d'água/Corrida de velocista assistida por elástico.gif","Cardio","Cardio","","true","mapped","ID e mídia preservados"
"media_7a6a8c28181f8a019c18","Corrida no Assault AirRunner","Corrida no Assault AirRunner","gifs/Exercícios sem marca d'água/Corrida no Assault AirRunner.gif","gifs/Exercícios sem marca d'água/Corrida no Assault AirRunner.gif","Cardio","Cardio","Academia","true","mapped","ID e mídia preservados"
"media_2b54121a04e8f357f3fb","Corrida para trás","Corrida para trás","gifs/Exercícios sem marca d'água/Corrida para trás.gif","gifs/Exercícios sem marca d'água/Corrida para trás.gif","Cardio","Cardio","Casa | Academia | Ao ar livre","true","mapped","ID e mídia preservados"
"media_a7846d305c2dc974d864","Cotovelo ao joelho em pé","Cotovelo ao joelho em pé","gifs/Exercícios sem marca d'água/Torções de cotovelo a joelho.gif","gifs/Exercícios sem marca d'água/Torções de cotovelo a joelho.gif","Abdômen/Core","Abdômen/Core","Casa | Academia","true","mapped","ID e mídia preservados"
"media_e1c9b1636d26d992ee66","Cross de direita no boxe","Cross de direita no boxe","gifs/Exercícios sem marca d'água/Boxe cruzado direito.gif","gifs/Exercícios sem marca d'água/Boxe cruzado direito.gif","Cardio","Cardio","Academia","true","mapped","ID e mídia preservados"
"media_a039cbf545245860086e","Crossover na polia alta","Crossover na polia alta","gifs/Exercícios sem marca d'água/Cruzamento de cabo alto.gif","gifs/Exercícios sem marca d'água/Cruzamento de cabo alto.gif","Peito","Peito","Academia","true","mapped","ID e mídia preservados"
"media_2338c709ba8a04c9256a","Crossover na polia baixa","Crossover na polia baixa","gifs/Exercícios sem marca d'água/Cruzamento de cabo baixo.gif","gifs/Exercícios sem marca d'água/Cruzamento de cabo baixo.gif","Peito","Peito","Academia","true","mapped","ID e mídia preservados"
"media_48796bd36d11070af498","Crossover no cabo","Crossover no cabo","gifs/Exercícios sem marca d'água/Cruzamento de cabo.gif","gifs/Exercícios sem marca d'água/Cruzamento de cabo.gif","Peito","Peito","Academia","true","mapped","ID e mídia preservados"
"media_ac48f6a2218e2fee2ec1","Crossover no cabo de baixo para cima","Crossover no cabo de baixo para cima","gifs/Exercícios sem marca d'água/Cruzamentos da parte superior do tórax do cabo.gif","gifs/Exercícios sem marca d'água/Cruzamentos da parte superior do tórax do cabo.gif","Peito","Peito","Academia","true","mapped","ID e mídia preservados"
"media_01d7455df44bf9211b8a","Crossover unilateral no cabo","Crossover unilateral no cabo","gifs/Exercícios sem marca d'água/Cruzamento de cabo de braço único.gif","gifs/Exercícios sem marca d'água/Cruzamento de cabo de braço único.gif","Peito","Peito","Academia","true","mapped","ID e mídia preservados"
"media_2093cb48e0d0fc3f80c9","Crucifixo ascendente com halteres","Crucifixo ascendente com halteres","gifs/Exercícios sem marca d'água/Crucifixo para cima com halteres.gif","gifs/Exercícios sem marca d'água/Crucifixo para cima com halteres.gif","Peito","Peito","Halteres | Academia | Casa","true","mapped","ID e mídia preservados"
"media_dd27c4821b3134f73d2e","Crucifixo com halteres","Crucifixo com halteres","gifs/Exercícios sem marca d'água/Crucifixo com halteres.gif","gifs/Exercícios sem marca d'água/Crucifixo com halteres.gif","Peito","Peito","Halteres | Academia","true","mapped","ID e mídia preservados"
"media_32efff8a44da2bda6a3c","Crucifixo declinado com halteres","Crucifixo declinado com halteres","gifs/Exercícios sem marca d'água/Recusar crucifixo com halteres.gif","gifs/Exercícios sem marca d'água/Recusar crucifixo com halteres.gif","Peito","Peito","Halteres | Academia","true","mapped","ID e mídia preservados"
"media_63d7633c7ba75c100473","Crucifixo declinado no cabo","Crucifixo declinado no cabo","gifs/Exercícios sem marca d'água/Recusar voo de cabo.gif","gifs/Exercícios sem marca d'água/Recusar voo de cabo.gif","Peito","Peito","Academia","true","mapped","ID e mídia preservados"
"media_004d0341c40b57d75378","Crucifixo deitado no cabo","Crucifixo deitado no cabo","gifs/Exercícios sem marca d'água/Crucifixo de cabo mentirosa.gif","gifs/Exercícios sem marca d'água/Crucifixo de cabo mentirosa.gif","Peito","Peito","Academia","true","mapped","ID e mídia preservados"
"media_53d541e6d9d4a311dca8","Crucifixo inclinado alternado com elástico","Crucifixo inclinado alternado com elástico","gifs/Exercícios sem marca d'água/Elástico alternada de inclinação no peito.gif","gifs/Exercícios sem marca d'água/Elástico alternada de inclinação no peito.gif","Peito","Peito","Casa | Academia","true","mapped","ID e mídia preservados"
"media_2c6aecde2c95ce11e1f1","Crucifixo inclinado com halteres","Crucifixo inclinado com halteres","gifs/Exercícios sem marca d'água/Crucifixo inclinada com halteres.gif","gifs/Exercícios sem marca d'água/Crucifixo inclinada com halteres.gif","Peito","Peito","Halteres | Academia | Casa","true","mapped","ID e mídia preservados"
"media_255c8274bb07b4c98a54","Crucifixo inclinado no cabo","Crucifixo inclinado no cabo","gifs/Exercícios sem marca d'água/Crucifixo de cabo inclinada.gif","gifs/Exercícios sem marca d'água/Crucifixo de cabo inclinada.gif","Peito","Peito","Academia","true","mapped","ID e mídia preservados"
"media_c97dcc5db2496e206217","Crucifixo inverso com elástico","Crucifixo inverso com elástico","gifs/Exercícios sem marca d'água/exercicios_renomeados_pt_br/024_crucifixo_inverso_com_elastico.gif","gifs/Exercícios sem marca d'água/exercicios_renomeados_pt_br/024_crucifixo_inverso_com_elastico.gif","Ombros","Ombros","Casa | Academia","true","mapped","ID e mídia preservados"
"media_f67ee999bfd92c19abed","Crucifixo inverso com halteres","Crucifixo inverso com halteres","gifs/Exercícios sem marca d'água/Crucifixo inverso com halteres.gif","gifs/Exercícios sem marca d'água/Crucifixo inverso com halteres.gif","Ombros","Ombros","Halteres | Academia | Casa","true","mapped","ID e mídia preservados"
"media_1445d3b8069de7fdea0d","Crucifixo inverso curvado no cabo","Crucifixo inverso curvado no cabo","gifs/Exercícios sem marca d'água/Curvado sobre a crucifixo inverso do cabo.gif","gifs/Exercícios sem marca d'água/Curvado sobre a crucifixo inverso do cabo.gif","Ombros","Ombros","Academia","true","mapped","ID e mídia preservados"
"media_af9c1c99fc50e5aaf97e","Crucifixo inverso deitado no cabo","Crucifixo inverso deitado no cabo","gifs/Exercícios sem marca d'água/Cabo deitado crucifixo inverso.gif","gifs/Exercícios sem marca d'água/Cabo deitado crucifixo inverso.gif","Ombros","Ombros","Academia","true","mapped","ID e mídia preservados"
"media_3662cab0479c91c94a18","Crucifixo inverso na máquina","Crucifixo inverso na máquina","gifs/Exercícios sem marca d'água/Crucifixo traseira da máquina delt.gif","gifs/Exercícios sem marca d'água/Crucifixo traseira da máquina delt.gif","Ombros","Ombros","Academia","true","mapped","ID e mídia preservados"
"media_00291dd66ebf0d854707","Crucifixo inverso no cabo","Crucifixo inverso no cabo","gifs/Exercícios sem marca d'água/Cabo traseiro delt fly.gif","gifs/Exercícios sem marca d'água/Cabo traseiro delt fly.gif","Ombros","Ombros","Academia","true","mapped","ID e mídia preservados"
"media_4869c65d56b41321ed21","Crucifixo na máquina","Crucifixo na máquina","gifs/Exercícios sem marca d'água/Crucifixo da máquina.gif","gifs/Exercícios sem marca d'água/Crucifixo da máquina.gif","Peito","Peito","Academia","true","mapped","ID e mídia preservados"
"media_1d89a5ababf594223173","Crucifixo no peck deck","Crucifixo no peck deck","gifs/Exercícios sem marca d'água/Crucifixo do convés pec.gif","gifs/Exercícios sem marca d'água/Crucifixo do convés pec.gif","Peito","Peito","Academia","true","mapped","ID e mídia preservados"
"media_01bec319901abd9600f1","Crucifixo unilateral declinado no cabo","Crucifixo unilateral declinado no cabo","gifs/Exercícios sem marca d'água/Crucifixo de cabo com declínio de um braço.gif","gifs/Exercícios sem marca d'água/Crucifixo de cabo com declínio de um braço.gif","Peito","Peito","Academia","true","mapped","ID e mídia preservados"
"media_41da759efb2c7a9bcaf4","Crunch com elevação da perna","Crunch com elevação da perna","gifs/Exercícios sem marca d'água/Crunch com elevação da perna.gif","gifs/Exercícios sem marca d'água/Crunch com elevação da perna.gif","Abdômen/Core","Abdômen/Core","Casa | Academia","true","mapped","ID e mídia preservados"
"media_689629e11f014249d919","Crunch com joelhos elevados","Crunch com joelhos elevados","gifs/Exercícios sem marca d'água/Dobra crocante.gif","gifs/Exercícios sem marca d'água/Dobra crocante.gif","Abdômen/Core","Abdômen/Core","","true","mapped","ID e mídia preservados"
"media_ccd352815ced24e4f303","Cruz de ferro com halteres","Cruz de ferro com halteres","gifs/Exercícios sem marca d'água/Cruz de ferro com halteres.gif","gifs/Exercícios sem marca d'água/Cruz de ferro com halteres.gif","Glúteos | Ombros","Corpo inteiro","Halteres | Academia | Casa","true","mapped","ID e mídia preservados"
"media_f114a46b8a4e119f875b","Círculo com um braço","Círculo com um braço","gifs/Exercícios sem marca d'água/Círculos com os braços único.gif","gifs/Exercícios sem marca d'água/Círculos com os braços único.gif","Mobilidade","Mobilidade","Academia | Casa","true","mapped","ID e mídia preservados"
"media_f151c8d0af26673a8358","Círculos com os braços","Círculos com os braços","gifs/Exercícios sem marca d'água/Círculos com os braços.gif","gifs/Exercícios sem marca d'água/Círculos com os braços.gif","Mobilidade","Mobilidade","Casa | Academia | Ao ar livre","true","mapped","ID e mídia preservados"
"media_3c20bf7d10405945bec4","Dead bug","Dead bug","gifs/Exercícios sem marca d'água/Inseto morto.gif","gifs/Exercícios sem marca d'água/Inseto morto.gif","Abdômen/Core","Abdômen/Core","Casa | Academia","true","mapped","ID e mídia preservados"
"media_2aa3a12a2f26138e1fd1","Dead bug com braços elevados","Dead bug com braços elevados","gifs/Exercícios sem marca d'água/Mãos no ar, inseto morto.gif","gifs/Exercícios sem marca d'água/Mãos no ar, inseto morto.gif","Abdômen/Core","Abdômen/Core","Casa | Academia","true","mapped","ID e mídia preservados"
"media_ca799fce1a672240b906","Dedos dos pés na barra","Dedos dos pés na barra","gifs/Exercícios sem marca d'água/Dedos dos pés na barra.gif","gifs/Exercícios sem marca d'água/Dedos dos pés na barra.gif","Abdômen/Core","Abdômen/Core","Barra fixa | Academia","true","mapped","ID e mídia preservados"
"media_51b178e5a9acf9aa2c1f","Desenvolvimento alternado com barra EZ","Desenvolvimento alternado com barra EZ","gifs/Exercícios sem marca d'água/Ez bar imprensa dissimulada.gif","gifs/Exercícios sem marca d'água/Ez bar imprensa dissimulada.gif","Ombros","Ombros","Anilhas | Academia | Casa","true","mapped","ID e mídia preservados"
"media_f86a0c1ca1e275ae71f5","Desenvolvimento alternado com halteres em pé","Desenvolvimento alternado com halteres em pé","gifs/Exercícios sem marca d'água/Supino alternado com halteres em pé.gif","gifs/Exercícios sem marca d'água/Supino alternado com halteres em pé.gif","Ombros","Ombros","Halteres | Academia | Casa","true","mapped","ID e mídia preservados"
"media_b5a9f739d2b6ef4a3158","Desenvolvimento atrás da nuca na máquina Smith","Desenvolvimento atrás da nuca na máquina Smith","gifs/Exercícios sem marca d'água/Máquina smith atrás do pescoço.gif","gifs/Exercícios sem marca d'água/Máquina smith atrás do pescoço.gif","Ombros","Ombros","Banco | Academia","true","mapped","ID e mídia preservados"
"media_30a01fe445607e39f555","Desenvolvimento com barra sentado","Desenvolvimento com barra sentado","gifs/Exercícios sem marca d'água/Desenvolvimento de ombros com barra.gif","gifs/Exercícios sem marca d'água/Desenvolvimento de ombros com barra.gif","Ombros","Ombros","Academia","true","mapped","ID e mídia preservados"
"media_35ef171dc96ee35d9b54","Desenvolvimento com halteres em pé e pegada neutra","Desenvolvimento com halteres em pé e pegada neutra","gifs/Exercícios sem marca d'água/Halteres em pé com as palmas das mãos na imprensa.gif","gifs/Exercícios sem marca d'água/Halteres em pé com as palmas das mãos na imprensa.gif","Antebraços","Antebraços","Halteres | Academia | Casa","true","mapped","ID e mídia preservados"
"media_6aa923654afbc439e9c8","Desenvolvimento cubano com halteres","Desenvolvimento cubano com halteres","gifs/Exercícios sem marca d'água/Imprensa cubana com halteres.gif","gifs/Exercícios sem marca d'água/Imprensa cubana com halteres.gif","Ombros","Ombros","Halteres","true","mapped","ID e mídia preservados"
"media_6920eb862729677485cc","Desenvolvimento cubano sentado com halteres","Desenvolvimento cubano sentado com halteres","gifs/Exercícios sem marca d'água/Imprensa cubana sentada com halteres.gif","gifs/Exercícios sem marca d'água/Imprensa cubana sentada com halteres.gif","Ombros","Ombros","","true","mapped","ID e mídia preservados"
"media_1b375112a6411791ed79","Desenvolvimento de ombros com halteres","Desenvolvimento de ombros com halteres","gifs/Exercícios sem marca d'água/Desenvolvimento de ombros com halteres.gif","gifs/Exercícios sem marca d'água/Desenvolvimento de ombros com halteres.gif","Ombros","Ombros","Halteres | Academia | Casa","true","mapped","ID e mídia preservados"
"media_ee803fd0d91256fbefab","Desenvolvimento de ombros com kettlebell","Desenvolvimento de ombros com kettlebell","gifs/Exercícios sem marca d'água/Desenvolvimento de ombros com kettlebell.gif","gifs/Exercícios sem marca d'água/Desenvolvimento de ombros com kettlebell.gif","Ombros","Ombros","Academia","true","mapped","ID e mídia preservados"
"media_7ac5e41df5763c80b9a8","Desenvolvimento de ombros deitado com halteres","Desenvolvimento de ombros deitado com halteres","gifs/Exercícios sem marca d'água/Imprensa de ombro deitado.gif","gifs/Exercícios sem marca d'água/Imprensa de ombro deitado.gif","Ombros","Ombros","Halteres | Academia","true","mapped","ID e mídia preservados"
"media_a95f3ff19f05a71e5615","Desenvolvimento de ombros na máquina","Desenvolvimento de ombros na máquina","gifs/Exercícios sem marca d'água/Máquina de desenvolvimento de ombros.gif","gifs/Exercícios sem marca d'água/Máquina de desenvolvimento de ombros.gif","Ombros","Ombros","Academia","true","mapped","ID e mídia preservados"
"media_0ac5c9d784c783160f44","Desenvolvimento de ombros no cabo","Desenvolvimento de ombros no cabo","gifs/Exercícios sem marca d'água/Prensa de ombro de cabo.gif","gifs/Exercícios sem marca d'água/Prensa de ombro de cabo.gif","Ombros","Ombros","Academia","true","mapped","ID e mídia preservados"
"media_0fa6a4086f89b6f9293a","Desenvolvimento de ombros sentado com elástico","Desenvolvimento de ombros sentado com elástico","gifs/Exercícios sem marca d'água/Elástico de resistência para ombros sentados.gif","gifs/Exercícios sem marca d'água/Elástico de resistência para ombros sentados.gif","Ombros","Ombros","Casa | Academia","true","mapped","ID e mídia preservados"
"media_ddd2efe7106b48b467c7","Desenvolvimento em pé na máquina Smith","Desenvolvimento em pé na máquina Smith","gifs/Exercícios sem marca d'água/Prensa de ombro em máquina smith em pé.gif","gifs/Exercícios sem marca d'água/Prensa de ombro em máquina smith em pé.gif","Ombros","Ombros","Academia","true","mapped","ID e mídia preservados"
"media_0ed092ea7050d420c5a4","Desenvolvimento militar com barra","Desenvolvimento militar com barra","gifs/Exercícios sem marca d'água/exercicios_renomeados_pt_br/031_desenvolvimento_militar_com_barra.gif","gifs/Exercícios sem marca d'água/exercicios_renomeados_pt_br/031_desenvolvimento_militar_com_barra.gif","Ombros","Ombros","Academia | Casa","true","mapped","ID e mídia preservados"
"media_c4290788a9ffb48813ba","Desenvolvimento militar com barra e pegada aberta","Desenvolvimento militar com barra e pegada aberta","gifs/Exercícios sem marca d'água/exercicios_renomeados_pt_br/026_desenvolvimento_militar_com_barra_pegada_aberta.gif","gifs/Exercícios sem marca d'água/exercicios_renomeados_pt_br/026_desenvolvimento_militar_com_barra_pegada_aberta.gif","Antebraços","Antebraços","Barra | Anilhas | Academia | Casa","true","mapped","ID e mídia preservados"
"media_fdd43b649392ecc5a0df","Desenvolvimento militar com barra e pegada fechada","Desenvolvimento militar com barra e pegada fechada","gifs/Exercícios sem marca d'água/Barra em pé aperto próximo imprensa militar.gif","gifs/Exercícios sem marca d'água/Barra em pé aperto próximo imprensa militar.gif","Antebraços","Antebraços","Barra | Anilhas | Academia","true","mapped","ID e mídia preservados"
"media_9159aaf9f8ea4c751688","Desenvolvimento militar com peso corporal","Desenvolvimento militar com peso corporal","gifs/Exercícios sem marca d'água/Imprensa militar de peso corporal.gif","gifs/Exercícios sem marca d'água/Imprensa militar de peso corporal.gif","Ombros","Ombros","Casa | Academia","true","mapped","ID e mídia preservados"
"media_875c99e8b3e6d98b52d2","Desenvolvimento militar unilateral com kettlebell","Desenvolvimento militar unilateral com kettlebell","gifs/Exercícios sem marca d'água/Kettlebell imprensa militar de um braço.gif","gifs/Exercícios sem marca d'água/Kettlebell imprensa militar de um braço.gif","Ombros","Ombros","Kettlebell | Academia | Casa","true","mapped","ID e mídia preservados"
"media_f3521a52d7e97e142563","Desenvolvimento reverso na máquina","Desenvolvimento reverso na máquina","gifs/Exercícios sem marca d'água/Máquina de desenvolvimento de ombros reversa.gif","gifs/Exercícios sem marca d'água/Máquina de desenvolvimento de ombros reversa.gif","Ombros","Ombros","Academia","true","mapped","ID e mídia preservados"
"media_dd3a9b1f538e608ab930","Desenvolvimento sentado na máquina Smith","Desenvolvimento sentado na máquina Smith","gifs/Exercícios sem marca d'água/Prensa de ombro para máquina smith.gif","gifs/Exercícios sem marca d'água/Prensa de ombro para máquina smith.gif","Ombros","Ombros","Academia","true","mapped","ID e mídia preservados"
"media_567d99cfd1563c0f103f","Desenvolvimento unilateral com halter","Desenvolvimento unilateral com halter","gifs/Exercícios sem marca d'água/Halteres com um braço e ombros.gif","gifs/Exercícios sem marca d'água/Halteres com um braço e ombros.gif","Ombros","Ombros","Academia | Casa","true","mapped","ID e mídia preservados"
"media_2ae985efb10a10094052","Desenvolvimento unilateral de ombro com elástico","Desenvolvimento unilateral de ombro com elástico","gifs/Exercícios sem marca d'água/Elástico de desenvolvimento de ombros com um braço.gif","gifs/Exercícios sem marca d'água/Elástico de desenvolvimento de ombros com um braço.gif","Ombros","Ombros","Casa | Academia","true","mapped","ID e mídia preservados"
"media_892aad96d0a368e7d063","Desenvolvimento W com halteres","Desenvolvimento W com halteres","gifs/Exercícios sem marca d'água/Haltere w press.gif","gifs/Exercícios sem marca d'água/Haltere w press.gif","Ombros","Ombros","Halteres | Academia | Casa","true","mapped","ID e mídia preservados"
"media_50782b1a6d64ae8cb4bb","Deslizamento de braços na parede","Deslizamento de braços na parede","gifs/Exercícios sem marca d'água/Corrediças de parede.gif","gifs/Exercícios sem marca d'água/Corrediças de parede.gif","Mobilidade","Mobilidade","Casa | Academia","true","mapped","ID e mídia preservados"
"media_faa90e79037e01eb2306","Deslocamento lateral com toque no chão","Deslocamento lateral com toque no chão","gifs/Exercícios sem marca d'água/Lançadeira lateral.gif","gifs/Exercícios sem marca d'água/Lançadeira lateral.gif","Glúteos | Quadril","Corpo inteiro","Casa | Academia | Ao ar livre","true","mapped","ID e mídia preservados"
"media_4766cf26a589ad5f1760","Devil press com halteres","Devil press com halteres","gifs/Exercícios sem marca d'água/Imprensa do diabo com halteres.gif","gifs/Exercícios sem marca d'água/Imprensa do diabo com halteres.gif","Glúteos | Ombros | Peito | Abdômen/Core","Corpo inteiro","Academia","true","mapped","ID e mídia preservados"
"media_91d713ba2261458d84a8","Double Leg Stretch (Pilates)","Double Leg Stretch (Pilates)","gifs/Exercícios sem marca d'água/Alongamento de perna dupla.gif","gifs/Exercícios sem marca d'água/Alongamento de perna dupla.gif","Abdômen/Core | Quadril","Corpo inteiro","Casa | Academia","true","mapped","ID e mídia preservados"
"media_b9be3a9f6b7d1e541cf3","Drill em I de agilidade","Drill em I de agilidade","gifs/Exercícios sem marca d'água/exercicios_renomeados_pt_br/006_drill_em_l_de_agilidade.gif","gifs/Exercícios sem marca d'água/exercicios_renomeados_pt_br/006_drill_em_l_de_agilidade.gif","Cardio","Cardio","Academia | Casa","true","mapped","ID e mídia preservados"
"media_fac37bf08d5307c24903","Drill pliométrico de agilidade","Drill pliométrico de agilidade","gifs/Exercícios sem marca d'água/exercicios_renomeados_pt_br/008_drill_pliometrico_de_agilidade.gif","gifs/Exercícios sem marca d'água/exercicios_renomeados_pt_br/008_drill_pliometrico_de_agilidade.gif","Cardio","Cardio","Casa | Academia | Ao ar livre","true","mapped","ID e mídia preservados"
"media_b19f404ad8b36f775b70","Elevação alternada de pernas deitado","Elevação alternada de pernas deitado","gifs/Exercícios sem marca d'água/Elevação alternada da perna deitada no chão.gif","gifs/Exercícios sem marca d'água/Elevação alternada da perna deitada no chão.gif","Abdômen/Core | Quadril","Corpo inteiro","Casa | Academia","true","mapped","ID e mídia preservados"
"media_52b33c4b8230a24ec13d","Elevação da ponta dos pés (dorsiflexão)","Elevação da ponta dos pés (dorsiflexão)","gifs/Exercícios sem marca d'água/Dorsiflexão em pé.gif","gifs/Exercícios sem marca d'água/Dorsiflexão em pé.gif","Panturrilhas","Panturrilhas","Academia | Casa","true","mapped","ID e mídia preservados"
"media_e13090b7ee903a21369e","Elevação de braços na parede","Elevação de braços na parede","gifs/Exercícios sem marca d'água/Braço apoiado na parede levanta.gif","gifs/Exercícios sem marca d'água/Braço apoiado na parede levanta.gif","Mobilidade","Mobilidade","Casa | Academia","true","mapped","ID e mídia preservados"
"media_3d0a7039d00a5ef74406","Elevação de joelhos deitado","Elevação de joelhos deitado","gifs/Exercícios sem marca d'água/Deitado, joelho levantado.gif","gifs/Exercícios sem marca d'água/Deitado, joelho levantado.gif","Abdômen/Core","Abdômen/Core","Casa | Academia","true","mapped","ID e mídia preservados"
"media_8a917e29aeae65cf1f97","Elevação de joelhos suspenso","Elevação de joelhos suspenso","gifs/Exercícios sem marca d'água/Joelho pendurado levanta.gif","gifs/Exercícios sem marca d'água/Joelho pendurado levanta.gif","Abdômen/Core","Abdômen/Core","Barra fixa | Academia | Casa","true","mapped","ID e mídia preservados"
"media_6e6af6cfb5007391dcb0","Elevação de ombros em 4 direções com halteres","Elevação de ombros em 4 direções com halteres","gifs/Exercícios sem marca d'água/Haltere 4 maneiras de elevação lateral.gif","gifs/Exercícios sem marca d'água/Haltere 4 maneiras de elevação lateral.gif","Ombros","Ombros","Halteres","true","mapped","ID e mídia preservados"
"media_9908e3495013d3bad276","Elevação de ombros em 6 direções com halteres","Elevação de ombros em 6 direções com halteres","gifs/Exercícios sem marca d'água/Haltere 6 maneiras de levantar.gif","gifs/Exercícios sem marca d'água/Haltere 6 maneiras de levantar.gif","Ombros","Ombros","Halteres | Casa | Academia","true","mapped","ID e mídia preservados"
"media_b7118e82164991f2b2af","Elevação de panturrilhas com elástico","Elevação de panturrilhas com elástico","gifs/Exercícios sem marca d'água/Panturrilha com elástico de resistência.gif","gifs/Exercícios sem marca d'água/Panturrilha com elástico de resistência.gif","Panturrilhas","Panturrilhas","Casa | Academia","true","mapped","ID e mídia preservados"
"media_17863675884105ecf008","Elevação de panturrilhas com halteres","Elevação de panturrilhas com halteres","gifs/Exercícios sem marca d'água/Aumento de panturrilha.gif","gifs/Exercícios sem marca d'água/Aumento de panturrilha.gif","Panturrilhas","Panturrilhas","Halteres | Casa | Academia","true","mapped","ID e mídia preservados"
"media_c31bfce4b46b8c5aa9d7","Elevação de panturrilhas donkey","Elevação de panturrilhas donkey","gifs/Exercícios sem marca d'água/Elevação de panturrilha de burro.gif","gifs/Exercícios sem marca d'água/Elevação de panturrilha de burro.gif","Panturrilhas","Panturrilhas","Academia | Casa","true","mapped","ID e mídia preservados"
"media_03e61dea448efa9198c6","Elevação de panturrilhas donkey com peso","Elevação de panturrilhas donkey com peso","gifs/Exercícios sem marca d'água/Criação com peso de bezerro de burro.gif","gifs/Exercícios sem marca d'água/Criação com peso de bezerro de burro.gif","Panturrilhas","Panturrilhas","Banco | Casa | Academia","true","mapped","ID e mídia preservados"
"media_777383e359c11c5f51ad","Elevação de panturrilhas donkey na máquina","Elevação de panturrilhas donkey na máquina","gifs/Exercícios sem marca d'água/Elevação de panturrilha de burro na máquina.gif","gifs/Exercícios sem marca d'água/Elevação de panturrilha de burro na máquina.gif","Panturrilhas","Panturrilhas","Academia","true","mapped","ID e mídia preservados"
"media_fc2d4a88893c9883e217","Elevação de panturrilhas em pé","Elevação de panturrilhas em pé","gifs/Exercícios sem marca d'água/Panturrilha em pé.gif","gifs/Exercícios sem marca d'água/Panturrilha em pé.gif","Panturrilhas","Panturrilhas","Academia | Casa","true","mapped","ID e mídia preservados"
"media_0e75df0d48644ddb1bba","Elevação de panturrilhas em pé com barra","Elevação de panturrilhas em pé com barra","gifs/Exercícios sem marca d'água/Panturrilha em pé com barra.gif","gifs/Exercícios sem marca d'água/Panturrilha em pé com barra.gif","Panturrilhas","Panturrilhas","Academia","true","mapped","ID e mídia preservados"
"media_936ed88ed436afac77fa","Elevação de panturrilhas em pé na máquina","Elevação de panturrilhas em pé na máquina","gifs/Exercícios sem marca d'água/Máquina de supino em pé para panturrilha.gif","gifs/Exercícios sem marca d'água/Máquina de supino em pé para panturrilha.gif","Panturrilhas","Panturrilhas","Academia","true","mapped","ID e mídia preservados"
"media_e337530bc1a2c2d5307f","Elevação de panturrilhas na máquina hack","Elevação de panturrilhas na máquina hack","gifs/Exercícios sem marca d'água/Hackear agachamento de panturrilha.gif","gifs/Exercícios sem marca d'água/Hackear agachamento de panturrilha.gif","Panturrilhas","Panturrilhas","Academia","true","mapped","ID e mídia preservados"
"media_e33ff75c8986a659aa70","Elevação de panturrilhas sentado com barra","Elevação de panturrilhas sentado com barra","gifs/Exercícios sem marca d'água/Panturrilha sentada com barra.gif","gifs/Exercícios sem marca d'água/Panturrilha sentada com barra.gif","Panturrilhas","Panturrilhas","Barra | Banco | Academia","true","mapped","ID e mídia preservados"
"media_b73851a943f54a8cace9","Elevação de panturrilhas sentado com peso","Elevação de panturrilhas sentado com peso","gifs/Exercícios sem marca d'água/Panturrilha sentada com peso.gif","gifs/Exercícios sem marca d'água/Panturrilha sentada com peso.gif","Panturrilhas","Panturrilhas","Academia | Casa","true","mapped","ID e mídia preservados"
"media_af3e0f272de587555d9d","Elevação de perna em prancha","Elevação de perna em prancha","gifs/Exercícios sem marca d'água/Levantamento de perna de prancha.gif","gifs/Exercícios sem marca d'água/Levantamento de perna de prancha.gif","Abdômen/Core","Abdômen/Core","Casa | Academia","true","mapped","ID e mídia preservados"
"media_e565c87218f343cc8f24","Elevação de perna em pé na máquina","Elevação de perna em pé na máquina","gifs/Exercícios sem marca d'água/Máquina de elevação da perna em pé.gif","gifs/Exercícios sem marca d'água/Máquina de elevação da perna em pé.gif","Quadril","Quadril","Academia","true","mapped","ID e mídia preservados"
"media_36b306c17c825c4dcc54","Elevação de perna na prancha lateral","Elevação de perna na prancha lateral","gifs/Exercícios sem marca d'água/Elevação de perna na prancha lateral.gif","gifs/Exercícios sem marca d'água/Elevação de perna na prancha lateral.gif","Abdômen/Core","Abdômen/Core","Casa | Academia","true","mapped","ID e mídia preservados"
"media_eb8a95c08f066f266c77","Elevação de pernas deitado","Elevação de pernas deitado","gifs/Exercícios sem marca d'água/Elevação da perna.gif","gifs/Exercícios sem marca d'água/Elevação da perna.gif","Abdômen/Core","Abdômen/Core","Casa | Academia","true","mapped","ID e mídia preservados"
"media_b3c8449518084ebf4224","Elevação de pernas e quadril no banco inclinado","Elevação de pernas e quadril no banco inclinado","gifs/Exercícios sem marca d'água/Inclinação da perna elevação do quadril.gif","gifs/Exercícios sem marca d'água/Inclinação da perna elevação do quadril.gif","Abdômen/Core","Abdômen/Core","Academia | Casa","true","mapped","ID e mídia preservados"
"media_97452559c6b8d2c0322f","Elevação de pernas na cadeira romana","Elevação de pernas na cadeira romana","gifs/Exercícios sem marca d'água/Elevação da perna da cadeira do capitão.gif","gifs/Exercícios sem marca d'água/Elevação da perna da cadeira do capitão.gif","Abdômen/Core","Abdômen/Core","Academia","true","mapped","ID e mídia preservados"
"media_f73ab2ae583e3173f577","Elevação de quadril deitado com elástico","Elevação de quadril deitado com elástico","gifs/Exercícios sem marca d'água/Perna deitada com elástico e elevação do quadril.gif","gifs/Exercícios sem marca d'água/Perna deitada com elástico e elevação do quadril.gif","Glúteos","Glúteos","Casa | Academia","true","mapped","ID e mídia preservados"
"media_2ab7c051830a5ab0096d","Elevação frontal alternada com halteres","Elevação frontal alternada com halteres","gifs/Exercícios sem marca d'água/Elevação frontal alternado com halteres.gif","gifs/Exercícios sem marca d'água/Elevação frontal alternado com halteres.gif","Ombros","Ombros","Halteres | Casa | Academia","true","mapped","ID e mídia preservados"
"media_b359e324cf2d1c78b261","Elevação frontal apoiada no banco com halteres","Elevação frontal apoiada no banco com halteres","gifs/Exercícios sem marca d'água/Levantamentos frontais com halteres apoiados no peito.gif","gifs/Exercícios sem marca d'água/Levantamentos frontais com halteres apoiados no peito.gif","Ombros","Ombros","Halteres | Academia","true","mapped","ID e mídia preservados"
"media_b6b95c22f809905250d0","Elevação frontal com anilha","Elevação frontal com anilha","gifs/Exercícios sem marca d'água/Elevação frontal da placa de peso.gif","gifs/Exercícios sem marca d'água/Elevação frontal da placa de peso.gif","Ombros","Ombros","Academia | Casa","true","mapped","ID e mídia preservados"
"media_886ba7e6278a3f07a237","Elevação frontal com barra","Elevação frontal com barra","gifs/Exercícios sem marca d'água/Elevação frontal com barra.gif","gifs/Exercícios sem marca d'água/Elevação frontal com barra.gif","Ombros","Ombros","Barra | Anilhas | Academia | Casa","true","mapped","ID e mídia preservados"
"media_a7872048d9895c8e58d2","Elevação frontal com barra e rotação","Elevação frontal com barra e rotação","gifs/Exercícios sem marca d'água/Torção de elevação frontal com barra.gif","gifs/Exercícios sem marca d'água/Torção de elevação frontal com barra.gif","Ombros","Ombros","Barra | Academia | Casa","true","mapped","ID e mídia preservados"
"media_00dc19505218d6bdd7af","Elevação frontal com cabo de dois braços","Elevação frontal com cabo de dois braços","gifs/Exercícios sem marca d'água/Elevação frontal com cabo de dois braços.gif","gifs/Exercícios sem marca d'água/Elevação frontal com cabo de dois braços.gif","Ombros","Ombros","Academia","true","mapped","ID e mídia preservados"
"media_a6955b3d6b5ae7108c52","Elevação frontal com cabo duplo","Elevação frontal com cabo duplo","gifs/Exercícios sem marca d'água/Elevação frontal com cabo duplo.gif","gifs/Exercícios sem marca d'água/Elevação frontal com cabo duplo.gif","Ombros","Ombros","Academia","true","mapped","ID e mídia preservados"
"media_acc5dd489702819108a8","Elevação frontal com halteres","Elevação frontal com halteres","gifs/Exercícios sem marca d'água/Elevação frontal com halteres.gif","gifs/Exercícios sem marca d'água/Elevação frontal com halteres.gif","Ombros","Ombros","Halteres | Academia | Casa","true","mapped","ID e mídia preservados"
"media_1656b852dc13177aea31","Elevação frontal com halteres de dois braços","Elevação frontal com halteres de dois braços","gifs/Exercícios sem marca d'água/Elevação frontal com halteres de dois braços.gif","gifs/Exercícios sem marca d'água/Elevação frontal com halteres de dois braços.gif","Ombros","Ombros","Halteres | Casa | Academia","true","mapped","ID e mídia preservados"
"media_006aaaa8382e13e34653","Elevação frontal com halteres sentado","Elevação frontal com halteres sentado","gifs/Exercícios sem marca d'água/Elevação frontal com halteres sentado.gif","gifs/Exercícios sem marca d'água/Elevação frontal com halteres sentado.gif","Ombros","Ombros","Halteres | Banco | Casa | Academia","true","mapped","ID e mídia preservados"
"media_198dc751bdde6f796202","Elevação frontal do cabo","Elevação frontal do cabo","gifs/Exercícios sem marca d'água/Elevação frontal do cabo.gif","gifs/Exercícios sem marca d'água/Elevação frontal do cabo.gif","Ombros","Ombros","Academia","true","mapped","ID e mídia preservados"
"media_f505add36b8c84820ceb","Elevação lateral com cabo de dois braços","Elevação lateral com cabo de dois braços","gifs/Exercícios sem marca d'água/Elevação lateral com cabo de dois braços.gif","gifs/Exercícios sem marca d'água/Elevação lateral com cabo de dois braços.gif","Ombros","Ombros","Academia","true","mapped","ID e mídia preservados"
"media_c6ce58984b229dd1a1f7","Elevação lateral com halteres","Elevação lateral com halteres","gifs/Exercícios sem marca d'água/Elevação lateral com halteres.gif","gifs/Exercícios sem marca d'água/Elevação lateral com halteres.gif","Ombros","Ombros","Halteres | Academia | Casa","true","mapped","ID e mídia preservados"
"media_f45022d04b6f2ee24494","Elevação lateral com halteres para frente","Elevação lateral com halteres para frente","gifs/Exercícios sem marca d'água/Elevação lateral com halteres para frente.gif","gifs/Exercícios sem marca d'água/Elevação lateral com halteres para frente.gif","Ombros","Ombros","Halteres | Academia | Casa","true","mapped","ID e mídia preservados"
"media_f36c497ac228ac596cdd","Elevação lateral curvado com halteres","Elevação lateral curvado com halteres","gifs/Exercícios sem marca d'água/Curvado sobre elevação lateral.gif","gifs/Exercícios sem marca d'água/Curvado sobre elevação lateral.gif","Ombros","Ombros","Halteres | Academia | Casa","true","mapped","ID e mídia preservados"
"media_8bbd95b346b1ae81af32","Elevação lateral de braços sem peso","Elevação lateral de braços sem peso","gifs/Exercícios sem marca d'água/Braço lateral levanta.gif","gifs/Exercícios sem marca d'água/Braço lateral levanta.gif","Ombros","Ombros","Casa | Academia","true","mapped","ID e mídia preservados"
"media_4054aba26c9c9342e8d4","Elevação lateral de landmine","Elevação lateral de landmine","gifs/Exercícios sem marca d'água/Elevação lateral de landmine.gif","gifs/Exercícios sem marca d'água/Elevação lateral de landmine.gif","Ombros","Ombros","Barra | Anilhas | Academia","true","mapped","ID e mídia preservados"
"media_154903db657da1f6344a","Elevação lateral deltóide traseiro com halteres","Elevação lateral deltóide traseiro com halteres","gifs/Exercícios sem marca d'água/Elevação lateral deltóide traseiro com halteres.gif","gifs/Exercícios sem marca d'água/Elevação lateral deltóide traseiro com halteres.gif","Ombros","Ombros","Banco | Academia | Casa","true","mapped","ID e mídia preservados"
"media_7ce93fbe567716b3cc79","Elevação lateral do braço dobrado","Elevação lateral do braço dobrado","gifs/Exercícios sem marca d'água/Elevação lateral do braço dobrado.gif","gifs/Exercícios sem marca d'água/Elevação lateral do braço dobrado.gif","Ombros","Ombros","Halteres | Casa | Academia","true","mapped","ID e mídia preservados"
"media_2a8aec42b9a334f70e80","Elevação lateral do cabo","Elevação lateral do cabo","gifs/Exercícios sem marca d'água/Elevação lateral do cabo.gif","gifs/Exercícios sem marca d'água/Elevação lateral do cabo.gif","Ombros","Ombros","Academia","true","mapped","ID e mídia preservados"
"media_3d1a52a202a870041808","Elevação lateral do cabo inclinado","Elevação lateral do cabo inclinado","gifs/Exercícios sem marca d'água/Elevação lateral do cabo inclinado.gif","gifs/Exercícios sem marca d'água/Elevação lateral do cabo inclinado.gif","Ombros","Ombros","Academia","true","mapped","ID e mídia preservados"
"media_03b9755779d3c5440a8b","Elevação lateral inclinada com halteres","Elevação lateral inclinada com halteres","gifs/Exercícios sem marca d'água/Inclinação lateral com halteres elevação lateral.gif","gifs/Exercícios sem marca d'água/Inclinação lateral com halteres elevação lateral.gif","Ombros","Ombros","Casa | Academia","true","mapped","ID e mídia preservados"
"media_21761ea8609e3a78358d","Elevação lateral inclinado com haltere de braço único","Elevação lateral inclinado com haltere de braço único","gifs/Exercícios sem marca d'água/Elevação lateral inclinado com haltere de braço único.gif","gifs/Exercícios sem marca d'água/Elevação lateral inclinado com haltere de braço único.gif","Ombros","Ombros","Casa | Academia","true","mapped","ID e mídia preservados"
"media_24e4a6315b1cf32fe07d","Elevação lateral na máquina","Elevação lateral na máquina","gifs/Exercícios sem marca d'água/Elevação lateral na máquina.gif","gifs/Exercícios sem marca d'água/Elevação lateral na máquina.gif","Ombros","Ombros","Academia","true","mapped","ID e mídia preservados"
"media_1f3bc8ced33e2ad9012e","Elevação lateral na máquina - variação 2","Elevação lateral na máquina - variação 2","gifs/Exercícios sem marca d'água/Máquina de elevação lateral.gif","gifs/Exercícios sem marca d'água/Máquina de elevação lateral.gif","Ombros","Ombros","Academia","true","mapped","ID e mídia preservados"
"media_ffdf98f90480af67b8d0","Elevação lateral traseira com halteres sentado","Elevação lateral traseira com halteres sentado","gifs/Exercícios sem marca d'água/Elevação lateral traseira com halteres sentado.gif","gifs/Exercícios sem marca d'água/Elevação lateral traseira com halteres sentado.gif","Ombros","Ombros","Halteres | Academia | Casa","true","mapped","ID e mídia preservados"
"media_d67bcf20520a5f1ea0f6","Elevação lateral unilateral curvado no cabo","Elevação lateral unilateral curvado no cabo","gifs/Exercícios sem marca d'água/Um braço dobrado sobre o cabo elevação lateral.gif","gifs/Exercícios sem marca d'água/Um braço dobrado sobre o cabo elevação lateral.gif","Ombros","Ombros","Academia","true","mapped","ID e mídia preservados"
"media_d0ef9c1ae8bd3cbe7a83","Elevação no plano escapular com halteres","Elevação no plano escapular com halteres","gifs/Exercícios sem marca d'água/Escapção com halteres.gif","gifs/Exercícios sem marca d'água/Escapção com halteres.gif","Ombros","Ombros","Halteres | Academia","true","mapped","ID e mídia preservados"
"media_8180b15d38850ea9f14b","Elevação posterior apoiado no banco com halteres","Elevação posterior apoiado no banco com halteres","gifs/Exercícios sem marca d'água/Curvado sobre o deltóide traseiro com halteres e a cabeça no banco.gif","gifs/Exercícios sem marca d'água/Curvado sobre o deltóide traseiro com halteres e a cabeça no banco.gif","Ombros","Ombros","Halteres | Academia | Casa","true","mapped","ID e mídia preservados"
"media_47a5d17aa48c815f7e8c","Elevação posterior com barra","Elevação posterior com barra","gifs/Exercícios sem marca d'água/Elevação para deltoide posterior com barra.gif","gifs/Exercícios sem marca d'água/Elevação para deltoide posterior com barra.gif","Ombros","Ombros","Barra | Anilhas | Academia | Casa","true","mapped","ID e mídia preservados"
"media_aa9c72c4f9529dbc641a","Elevação posterior curvado com barra","Elevação posterior curvado com barra","gifs/Exercícios sem marca d'água/Curvado sobre levantamento reverso com barra.gif","gifs/Exercícios sem marca d'água/Curvado sobre levantamento reverso com barra.gif","Ombros","Ombros","Barra | Academia | Casa","true","mapped","ID e mídia preservados"
"media_138976a003191ea57cdd","Elevação posterior unilateral deitado com halter","Elevação posterior unilateral deitado com halter","gifs/Exercícios sem marca d'água/Haltere deitado com um braço elevação lateral traseira.gif","gifs/Exercícios sem marca d'água/Haltere deitado com um braço elevação lateral traseira.gif","Ombros","Ombros","Banco | Casa | Academia","true","mapped","ID e mídia preservados"
"media_d1b3fb2f8897c2724ceb","Elevação pélvica com barra","Elevação pélvica com barra","gifs/Exercícios sem marca d'água/Elevação pélvica com barra.gif","gifs/Exercícios sem marca d'água/Elevação pélvica com barra.gif","Glúteos","Glúteos","Barra | Anilhas | Academia | Casa","true","mapped","ID e mídia preservados"
"media_c72936925ea2578c92a9","Elevação pélvica com barra - variação 2","Elevação pélvica com barra - variação 2","gifs/Exercícios sem marca d'água/exercicios_renomeados_pt_br/015_elevacao_pelvica_com_barra.gif","gifs/Exercícios sem marca d'água/exercicios_renomeados_pt_br/015_elevacao_pelvica_com_barra.gif","Glúteos","Glúteos","Barra | Anilhas | Academia | Casa","true","mapped","ID e mídia preservados"
"media_bb51a0f742533e3c753b","Elevação pélvica com peso corporal","Elevação pélvica com peso corporal","gifs/Exercícios sem marca d'água/Elevação pélvica com peso corporal.gif","gifs/Exercícios sem marca d'água/Elevação pélvica com peso corporal.gif","Glúteos","Glúteos","Academia | Casa","true","mapped","ID e mídia preservados"
"media_7a906c1c159b957fb672","Elevação pélvica de perna única com barra","Elevação pélvica de perna única com barra","gifs/Exercícios sem marca d'água/Elevação pélvica de perna única com barra.gif","gifs/Exercícios sem marca d'água/Elevação pélvica de perna única com barra.gif","Glúteos","Glúteos","Barra | Banco | Academia","true","mapped","ID e mídia preservados"
"media_acc3c2ef0d313a60c309","Elevação pélvica na máquina","Elevação pélvica na máquina","gifs/Exercícios sem marca d'água/Máquina de elevação pélvica.gif","gifs/Exercícios sem marca d'água/Máquina de elevação pélvica.gif","Glúteos","Glúteos","Academia","true","mapped","ID e mídia preservados"
"media_d3b7a65073600caf2a61","Elevação pélvica na máquina extensora","Elevação pélvica na máquina extensora","gifs/Exercícios sem marca d'água/Elevação pélvica na máquina de extensão de perna.gif","gifs/Exercícios sem marca d'água/Elevação pélvica na máquina de extensão de perna.gif","Glúteos","Glúteos","Academia","true","mapped","ID e mídia preservados"
"media_73d6a19bea9134d3030e","Elevação T inclinada com halteres","Elevação T inclinada com halteres","gifs/Exercícios sem marca d'água/Inclinação do haltere t levantar.gif","gifs/Exercícios sem marca d'água/Inclinação do haltere t levantar.gif","Ombros","Ombros","","true","mapped","ID e mídia preservados"
"media_3a7620cd811cf80b9b27","Elevação unilateral de panturrilha com apoio","Elevação unilateral de panturrilha com apoio","gifs/Exercícios sem marca d'água/Elevação de panturrilha com uma perna.gif","gifs/Exercícios sem marca d'água/Elevação de panturrilha com uma perna.gif","Panturrilhas","Panturrilhas","Casa | Academia","true","mapped","ID e mídia preservados"
"media_6f7058f64d57a27854d8","Elevação Y inclinada com halteres","Elevação Y inclinada com halteres","gifs/Exercícios sem marca d'água/Inclinar haltere e levantar.gif","gifs/Exercícios sem marca d'água/Inclinar haltere e levantar.gif","Ombros","Ombros","Halteres | Academia | Casa","true","mapped","ID e mídia preservados"
"media_f43b9e2ba56dfe145497","Elevações alternadas das pernas","Elevações alternadas das pernas","gifs/Exercícios sem marca d'água/Elevações alternadas das pernas.gif","gifs/Exercícios sem marca d'água/Elevações alternadas das pernas.gif","Abdômen/Core","Abdômen/Core","Academia | Casa","true","mapped","ID e mídia preservados"
"media_d60953ed26ae64f21ab9","Elevações laterais apoiadas no peito com halteres","Elevações laterais apoiadas no peito com halteres","gifs/Exercícios sem marca d'água/Elevações laterais apoiadas no peito com halteres.gif","gifs/Exercícios sem marca d'água/Elevações laterais apoiadas no peito com halteres.gif","Ombros | Costas","Corpo inteiro","Halteres | Academia","true","mapped","ID e mídia preservados"
"media_cc635b67c677c9633be3","Elíptico","Elíptico","gifs/Exercícios sem marca d'água/Máquina elíptica.gif","gifs/Exercícios sem marca d'água/Máquina elíptica.gif","Cardio","Cardio","Academia | Casa","true","mapped","ID e mídia preservados"
"media_06eb797aba61b49a91ef","Em pé, alongamento do peito com um braço","Em pé, alongamento do peito com um braço","gifs/Exercícios sem marca d'água/Em pé, alongamento do peito com um braço.gif","gifs/Exercícios sem marca d'água/Em pé, alongamento do peito com um braço.gif","Alongamento","Alongamento","Casa | Academia","true","mapped","ID e mídia preservados"
"media_441566631008a3903842","Encolhimento com barra acima da cabeça","Encolhimento com barra acima da cabeça","gifs/Exercícios sem marca d'água/Encolhimento de ombros - Variação 2.gif","gifs/Exercícios sem marca d'água/Encolhimento de ombros - Variação 2.gif","Ombros","Ombros","Anilhas | Academia","true","mapped","ID e mídia preservados"
"media_6e8a4181e0592047c294","Encolhimento de ombros com barra","Encolhimento de ombros com barra","gifs/Exercícios sem marca d'água/Encolhimento de ombros com barra.gif","gifs/Exercícios sem marca d'água/Encolhimento de ombros com barra.gif","Ombros","Ombros","Barra","true","mapped","ID e mídia preservados"
"media_5c1e48c4bc795db80328","Encolhimento de ombros com halteres","Encolhimento de ombros com halteres","gifs/Exercícios sem marca d'água/Encolhimento de ombros com halteres.gif","gifs/Exercícios sem marca d'água/Encolhimento de ombros com halteres.gif","Ombros","Ombros","Halteres | Academia | Casa","true","mapped","ID e mídia preservados"
"media_c88cba6792ff2b343d30","Encolhimento de ombros inclinado","Encolhimento de ombros inclinado","gifs/Exercícios sem marca d'água/Encolhimento de ombros inclinado.gif","gifs/Exercícios sem marca d'água/Encolhimento de ombros inclinado.gif","Ombros","Ombros","Halteres | Academia | Casa","true","mapped","ID e mídia preservados"
"media_f546459b34d491eb2927","Encolhimento de ombros inclinado com halteres","Encolhimento de ombros inclinado com halteres","gifs/Exercícios sem marca d'água/Encolhimento de ombros inclinado com halteres.gif","gifs/Exercícios sem marca d'água/Encolhimento de ombros inclinado com halteres.gif","Ombros","Ombros","Halteres | Academia | Casa","true","mapped","ID e mídia preservados"
"media_8c09ddcd9df0f326d5d6","Encolhimento Gittleson","Encolhimento Gittleson","gifs/Exercícios sem marca d'água/Gittleson dá de ombros.gif","gifs/Exercícios sem marca d'água/Gittleson dá de ombros.gif","Ombros","Ombros","Banco | Academia","true","mapped","ID e mídia preservados"
"media_28d1aaf6e395d0113bf8","Encolhimento na máquina","Encolhimento na máquina","gifs/Exercícios sem marca d'água/Encolhimento de ombros - Variação 3.gif","gifs/Exercícios sem marca d'água/Encolhimento de ombros - Variação 3.gif","Ombros","Ombros","Barra | Anilhas | Academia | Casa","true","mapped","ID e mídia preservados"
"media_4dce2ed64ec5aa728817","Encolhimento na máquina sem pegada","Encolhimento na máquina sem pegada","gifs/Exercícios sem marca d'água/Encolhimento de ombros sem aperto na máquina.gif","gifs/Exercícios sem marca d'água/Encolhimento de ombros sem aperto na máquina.gif","Antebraços","Antebraços","Academia","true","mapped","ID e mídia preservados"
"media_bb47de33231e3923cd1f","Encolhimento no cabo","Encolhimento no cabo","gifs/Exercícios sem marca d'água/Encolhimento de ombros.gif","gifs/Exercícios sem marca d'água/Encolhimento de ombros.gif","Ombros","Ombros","Academia","true","mapped","ID e mídia preservados"
"media_6e7780b2d402ae54919e","Escada de agilidade frontal","Escada de agilidade frontal","gifs/Exercícios sem marca d'água/exercicios_renomeados_pt_br/009_escada_de_agilidade_frontal.gif","gifs/Exercícios sem marca d'água/exercicios_renomeados_pt_br/009_escada_de_agilidade_frontal.gif","Cardio","Cardio","","true","mapped","ID e mídia preservados"
"media_4ae24eac651893ec01f5","Escada de agilidade lateral","Escada de agilidade lateral","gifs/Exercícios sem marca d'água/exercicios_renomeados_pt_br/007_escada_de_agilidade_lateral.gif","gifs/Exercícios sem marca d'água/exercicios_renomeados_pt_br/007_escada_de_agilidade_lateral.gif","Cardio","Cardio","Academia | Casa | Ao ar livre","true","mapped","ID e mídia preservados"
"media_22620fa426bc238ef5a2","Escada ergométrica","Escada ergométrica","gifs/Exercícios sem marca d'água/Máquina para escalar escadas.gif","gifs/Exercícios sem marca d'água/Máquina para escalar escadas.gif","Cardio","Cardio","Academia","true","mapped","ID e mídia preservados"
"media_7d3709150966cd6f7afd","Escalada de corda","Escalada de corda","gifs/Exercícios sem marca d'água/Escalada de corda.gif","gifs/Exercícios sem marca d'água/Escalada de corda.gif","Costas","Costas","Academia","true","mapped","ID e mídia preservados"
"media_6186845cf57400811ad0","Esteira","Esteira","gifs/Exercícios sem marca d'água/Esteira.gif","gifs/Exercícios sem marca d'água/Esteira.gif","Cardio","Corpo inteiro","Esteira | Academia | Casa","true","mapped","ID e mídia preservados"
"media_0f1bbd4ee5650b3776bb","Esteira - Variação 2","Esteira - Variação 2","gifs/Exercícios sem marca d'água/Esteira - Variação 2.gif","gifs/Exercícios sem marca d'água/Esteira - Variação 2.gif","Cardio","Corpo inteiro","Esteira | Academia | Casa","true","mapped","ID e mídia preservados"
"media_bc49881a64be554ff97a","Esteira inclinada","Esteira inclinada","gifs/Exercícios sem marca d'água/Esteira inclinada.gif","gifs/Exercícios sem marca d'água/Esteira inclinada.gif","Glúteos | Cardio","Corpo inteiro","Esteira | Academia | Casa","true","mapped","ID e mídia preservados"
"media_8444ec372e803bafaf02","Extensão cervical com arnês","Extensão cervical com arnês","gifs/Exercícios sem marca d'água/Extensão de arnês de pescoço com peso.gif","gifs/Exercícios sem marca d'água/Extensão de arnês de pescoço com peso.gif","Pescoço","Pescoço","Academia","true","mapped","ID e mídia preservados"
"media_34ca7a2c220fd7ffeffa","Extensão cervical com peso deitado","Extensão cervical com peso deitado","gifs/Exercícios sem marca d'água/Extensão com peso do pescoço deitado.gif","gifs/Exercícios sem marca d'água/Extensão com peso do pescoço deitado.gif","Pescoço","Pescoço","Academia","true","mapped","ID e mídia preservados"
"media_0d389bd7d0b1d6a1e7f5","Extensão cervical com peso deitado - variação 2","Extensão cervical com peso deitado - variação 2","gifs/Exercícios sem marca d'água/Extensão de pescoço com peso deitada.gif","gifs/Exercícios sem marca d'água/Extensão de pescoço com peso deitada.gif","Pescoço","Pescoço","Banco | Academia","true","mapped","ID e mídia preservados"
"media_6ea6e2e6bfaea7786407","Extensão cervical deitado de bruços","Extensão cervical deitado de bruços","gifs/Exercícios sem marca d'água/Extensão cervical propensa.gif","gifs/Exercícios sem marca d'água/Extensão cervical propensa.gif","Pescoço","Pescoço","Banco | Casa | Academia","true","mapped","ID e mídia preservados"
"media_1d2274cbb15ad7bc514f","Extensão cervical sentado no cabo com arnês","Extensão cervical sentado no cabo com arnês","gifs/Exercícios sem marca d'água/Extensão de pescoço assentada por cabo com arnês de cabeça.gif","gifs/Exercícios sem marca d'água/Extensão de pescoço assentada por cabo com arnês de cabeça.gif","Pescoço","Pescoço","Banco | Academia","true","mapped","ID e mídia preservados"
"media_67ddf1893c83671e49b7","Extensão da coluna em pé (Yoga)","Extensão da coluna em pé (Yoga)","gifs/Exercícios sem marca d'água/Anuvittasana postura de backbend em pé.gif","gifs/Exercícios sem marca d'água/Anuvittasana postura de backbend em pé.gif","Alongamento","Alongamento","Casa | Academia","true","mapped","ID e mídia preservados"
"media_ec29af6b204cc24c0dd2","Extensão de ombro no cabo","Extensão de ombro no cabo","gifs/Exercícios sem marca d'água/Acionamento traseiro por cabo.gif","gifs/Exercícios sem marca d'água/Acionamento traseiro por cabo.gif","Tríceps","Corpo inteiro","Academia","true","mapped","ID e mídia preservados"
"media_3a3efd979b67bd3557f2","Extensão de pernas na máquina","Extensão de pernas na máquina","gifs/Exercícios sem marca d'água/Extensão de perna.gif","gifs/Exercícios sem marca d'água/Extensão de perna.gif","Quadríceps","Quadríceps","Academia","true","mapped","ID e mídia preservados"
"media_d508aa4c2cc52ede0109","Extensão de pescoço na máquina com anilhas","Extensão de pescoço na máquina com anilhas","gifs/Exercícios sem marca d'água/Placa de extensão do pescoço na máquina carregada.gif","gifs/Exercícios sem marca d'água/Placa de extensão do pescoço na máquina carregada.gif","Pescoço","Pescoço","Academia","true","mapped","ID e mídia preservados"
"media_f39e6793b455e785a3f5","Extensão de quadril em pé","Extensão de quadril em pé","gifs/Exercícios sem marca d'água/Extensão de quadril em pé.gif","gifs/Exercícios sem marca d'água/Extensão de quadril em pé.gif","Glúteos","Glúteos","Academia","true","mapped","ID e mídia preservados"
"media_0d2817d24094af2721eb","Extensão de quadril no banco","Extensão de quadril no banco","gifs/Exercícios sem marca d'água/Extensão de quadril no banco.gif","gifs/Exercícios sem marca d'água/Extensão de quadril no banco.gif","Glúteos","Glúteos","Banco | Casa | Academia","true","mapped","ID e mídia preservados"
"media_023991c951b11f9e43b3","Extensão de quadril no cabo","Extensão de quadril no cabo","gifs/Exercícios sem marca d'água/Extensão de quadril por cabo.gif","gifs/Exercícios sem marca d'água/Extensão de quadril por cabo.gif","Glúteos","Glúteos","Academia","true","mapped","ID e mídia preservados"
"media_1e570accb3fa8397ebad","Extensão de tronco na máquina","Extensão de tronco na máquina","gifs/Exercícios sem marca d'água/Extensão de encosto sentado.gif","gifs/Exercícios sem marca d'água/Extensão de encosto sentado.gif","Costas","Costas","Academia","true","mapped","ID e mídia preservados"
"media_30668254aec6895ee7f3","Extensão de tríceps acima da cabeça na polia","Extensão de tríceps acima da cabeça na polia","gifs/Exercícios sem marca d'água/Extensão de tríceps acima da polia alta.gif","gifs/Exercícios sem marca d'água/Extensão de tríceps acima da polia alta.gif","Tríceps","Tríceps","Academia","true","mapped","ID e mídia preservados"
"media_3051376b2de09cafe7a1","Extensão de tríceps unilateral com halter sentado","Extensão de tríceps unilateral com halter sentado","gifs/Exercícios sem marca d'água/Extensão de tríceps com halteres de um braço sentado.gif","gifs/Exercícios sem marca d'água/Extensão de tríceps com halteres de um braço sentado.gif","Tríceps","Tríceps","Academia | Casa","true","mapped","ID e mídia preservados"
"media_12dc8f2fd4d64b75b8b1","Extensão unilateral de perna","Extensão unilateral de perna","gifs/Exercícios sem marca d'água/Extensão de perna única.gif","gifs/Exercícios sem marca d'água/Extensão de perna única.gif","Quadríceps","Quadríceps","Academia","true","mapped","ID e mídia preservados"
"media_b9216a3c1d353a676e99","Face pull","Face pull","gifs/Exercícios sem marca d'água/Puxar o rosto.gif","gifs/Exercícios sem marca d'água/Puxar o rosto.gif","Costas","Costas","Corda | Academia","true","mapped","ID e mídia preservados"
"media_20df8f8b99d4bd167911","Fire hydrant","Fire hydrant","gifs/Exercícios sem marca d'água/Hidrante.gif","gifs/Exercícios sem marca d'água/Hidrante.gif","Glúteos","Glúteos","Casa | Academia","true","mapped","ID e mídia preservados"
"media_dd51385df295bad4d4c7","Fire hydrant com elástico","Fire hydrant com elástico","gifs/Exercícios sem marca d'água/Hidrante em elástico.gif","gifs/Exercícios sem marca d'água/Hidrante em elástico.gif","Glúteos","Glúteos","Academia | Casa","true","mapped","ID e mídia preservados"
"media_36924520d5d0f6fb57a4","Flexão alternada de ombros na parede","Flexão alternada de ombros na parede","gifs/Exercícios sem marca d'água/Costas contra a parede flexão alternada dos ombros.gif","gifs/Exercícios sem marca d'água/Costas contra a parede flexão alternada dos ombros.gif","Ombros | Abdômen/Core","Corpo inteiro","Casa | Academia","true","mapped","ID e mídia preservados"
"media_cdef662b84598539d694","Flexão cervical deitado com peso","Flexão cervical deitado com peso","gifs/Exercícios sem marca d'água/Flexão com peso do pescoço deitado.gif","gifs/Exercícios sem marca d'água/Flexão com peso do pescoço deitado.gif","Pescoço","Pescoço","Academia","true","mapped","ID e mídia preservados"
"media_9752000c22d7659a7f83","Flexão cervical deitado com peso - variação 2","Flexão cervical deitado com peso - variação 2","gifs/Exercícios sem marca d'água/Flexão com peso do pescoço deitado - Variação 2.gif","gifs/Exercícios sem marca d'água/Flexão com peso do pescoço deitado - Variação 2.gif","Pescoço","Pescoço","Academia","true","mapped","ID e mídia preservados"
"media_ad91aab2e92471d84a6d","Flexão cervical sentado no cabo com arnês","Flexão cervical sentado no cabo com arnês","gifs/Exercícios sem marca d'água/Flexão do pescoço sentado no cabo com arnês de cabeça.gif","gifs/Exercícios sem marca d'água/Flexão do pescoço sentado no cabo com arnês de cabeça.gif","Pescoço","Pescoço","Banco | Academia","true","mapped","ID e mídia preservados"
"media_5312e0a540c55f9cc07a","Flexão com barras de apoio","Flexão com barras de apoio","gifs/Exercícios sem marca d'água/Push up com barras push-up.gif","gifs/Exercícios sem marca d'água/Push up com barras push-up.gif","Peito","Peito","Academia | Casa","true","mapped","ID e mídia preservados"
"media_a351d08b046238041cd0","Flexão com bola medicinal","Flexão com bola medicinal","gifs/Exercícios sem marca d'água/Empurre a bola medicinal.gif","gifs/Exercícios sem marca d'água/Empurre a bola medicinal.gif","Peito","Peito","Academia | Casa","true","mapped","ID e mídia preservados"
"media_6a1a9619b5be5420ad21","Flexão com joelhos apoiados","Flexão com joelhos apoiados","gifs/Exercícios sem marca d'água/Flexão de joelho para cima.gif","gifs/Exercícios sem marca d'água/Flexão de joelho para cima.gif","Ombros","Corpo inteiro","","true","mapped","ID e mídia preservados"
"media_d2feaa2e6c6cba5f0325","Flexão com palmas","Flexão com palmas","gifs/Exercícios sem marca d'água/Bater palmas, empurrar para cima.gif","gifs/Exercícios sem marca d'água/Bater palmas, empurrar para cima.gif","Peito","Peito","Casa | Academia","true","mapped","ID e mídia preservados"
"media_16ab1dbc47f2fa998db3","Flexão com toque no peito","Flexão com toque no peito","gifs/Exercícios sem marca d'água/Toque no peito push up.gif","gifs/Exercícios sem marca d'água/Toque no peito push up.gif","Peito","Peito","Casa | Academia","true","mapped","ID e mídia preservados"
"media_14ee0cd648b8169f0532","Flexão com toque no pé","Flexão com toque no pé","gifs/Exercícios sem marca d'água/Empurrar para cima o toque do dedo do pé.gif","gifs/Exercícios sem marca d'água/Empurrar para cima o toque do dedo do pé.gif","Peito","Peito","Casa | Academia","true","mapped","ID e mídia preservados"
"media_aeafac67eab0c40c0945","Flexão cruzada","Flexão cruzada","gifs/Exercícios sem marca d'água/Flexão de corpo cruzado.gif","gifs/Exercícios sem marca d'água/Flexão de corpo cruzado.gif","Peito","Peito","Academia | Casa | Ao ar livre","true","mapped","ID e mídia preservados"
"media_4ee02330e3762d5a169f","Flexão de braços","Flexão de braços","gifs/Exercícios sem marca d'água/Empurrar para cima.gif","gifs/Exercícios sem marca d'água/Empurrar para cima.gif","Peito","Peito","Academia | Casa | Ao ar livre","true","mapped","ID e mídia preservados"
"media_205c839f8b5f19977fd5","Flexão de braços na bola suíça","Flexão de braços na bola suíça","gifs/Exercícios sem marca d'água/Flexão de bola suíça.gif","gifs/Exercícios sem marca d'água/Flexão de bola suíça.gif","Peito","Peito","Academia | Casa","true","mapped","ID e mídia preservados"
"media_1cbe6256bdbf2f21ce88","Flexão de joelho com deslizamento do calcanhar","Flexão de joelho com deslizamento do calcanhar","gifs/Exercícios sem marca d'água/Slide do inferno.gif","gifs/Exercícios sem marca d'água/Slide do inferno.gif","Posterior de coxa","Posterior de coxa","Casa | Academia","true","mapped","ID e mídia preservados"
"media_2f144a2ee74fb0466828","Flexão de joelhos ajoelhado na máquina","Flexão de joelhos ajoelhado na máquina","gifs/Exercícios sem marca d'água/Máquina ajoelhada flexão de perna.gif","gifs/Exercícios sem marca d'água/Máquina ajoelhada flexão de perna.gif","Posterior de coxa","Posterior de coxa","Academia","true","mapped","ID e mídia preservados"
"media_3cab195f3a79ae6d170c","Flexão de joelhos com toalha","Flexão de joelhos com toalha","gifs/Exercícios sem marca d'água/Enrolamento de perna de toalha.gif","gifs/Exercícios sem marca d'água/Enrolamento de perna de toalha.gif","Posterior de coxa","Posterior de coxa","Casa | Academia","true","mapped","ID e mídia preservados"
"media_e017f8f67ab2aa6b51d3","Flexão de joelhos declinada com halter","Flexão de joelhos declinada com halter","gifs/Exercícios sem marca d'água/Recusar flexão de perna com halteres.gif","gifs/Exercícios sem marca d'água/Recusar flexão de perna com halteres.gif","Posterior de coxa","Posterior de coxa","Academia","true","mapped","ID e mídia preservados"
"media_d136b22673894c4ad9a8","Flexão de joelhos deitado com halter","Flexão de joelhos deitado com halter","gifs/Exercícios sem marca d'água/Flexão de perna com halteres deitado.gif","gifs/Exercícios sem marca d'água/Flexão de perna com halteres deitado.gif","Posterior de coxa","Posterior de coxa","Academia","true","mapped","ID e mídia preservados"
"media_bf7dcd05de3fcbcbe200","Flexão de joelhos deitado na máquina","Flexão de joelhos deitado na máquina","gifs/Exercícios sem marca d'água/Flexão de perna.gif","gifs/Exercícios sem marca d'água/Flexão de perna.gif","Posterior de coxa","Posterior de coxa","Academia","true","mapped","ID e mídia preservados"
"media_c95c01dfe332cc066b32","Flexão de joelhos na bola suíça","Flexão de joelhos na bola suíça","gifs/Exercícios sem marca d'água/Flexão de perna na bola suíça.gif","gifs/Exercícios sem marca d'água/Flexão de perna na bola suíça.gif","Posterior de coxa","Posterior de coxa","Casa | Academia","true","mapped","ID e mídia preservados"
"media_086cebe84a251fe4c88f","Flexão de joelhos sentado na máquina","Flexão de joelhos sentado na máquina","gifs/Exercícios sem marca d'água/Flexão de perna sentada.gif","gifs/Exercícios sem marca d'água/Flexão de perna sentada.gif","Posterior de coxa","Posterior de coxa","Academia","true","mapped","ID e mídia preservados"
"media_afccb696f72c457a9f80","Flexão de ombro ajoelhado no cabo","Flexão de ombro ajoelhado no cabo","gifs/Exercícios sem marca d'água/Flexão de ombro com cabo ajoelhado.gif","gifs/Exercícios sem marca d'água/Flexão de ombro com cabo ajoelhado.gif","Ombros","Ombros","Academia","true","mapped","ID e mídia preservados"
"media_b1e9e13c8cd64549a889","Flexão declinada","Flexão declinada","gifs/Exercícios sem marca d'água/Recusar empurrar para cima.gif","gifs/Exercícios sem marca d'água/Recusar empurrar para cima.gif","Peito","Peito","Banco | Casa | Academia","true","mapped","ID e mídia preservados"
"media_362ad10d865d69256e17","Flexão declinada na bola suíça","Flexão declinada na bola suíça","gifs/Exercícios sem marca d'água/Flexão de declínio de bola suíça.gif","gifs/Exercícios sem marca d'água/Flexão de declínio de bola suíça.gif","Peito","Peito","Casa | Academia","true","mapped","ID e mídia preservados"
"media_af3167e6617f830935dc","Flexão diamante","Flexão diamante","gifs/Exercícios sem marca d'água/Flexão de diamante.gif","gifs/Exercícios sem marca d'água/Flexão de diamante.gif","Peito","Peito","Academia | Casa | Ao ar livre","true","mapped","ID e mídia preservados"
"media_40687f2cc4fff4fdda4f","Flexão hindu","Flexão hindu","gifs/Exercícios sem marca d'água/Flexões hindus.gif","gifs/Exercícios sem marca d'água/Flexões hindus.gif","Peito","Peito","Academia | Casa | Ao ar livre","true","mapped","ID e mídia preservados"
"media_4f5678671b2f3a25427a","Flexão inclinada","Flexão inclinada","gifs/Exercícios sem marca d'água/Flexão inclinada.gif","gifs/Exercícios sem marca d'água/Flexão inclinada.gif","Peito","Peito","Academia | Casa","true","mapped","ID e mídia preservados"
"media_8154cd5b4b68059982bd","Flexão lateral de pescoço na máquina com anilhas","Flexão lateral de pescoço na máquina com anilhas","gifs/Exercícios sem marca d'água/Placa de flexão do lado direito do pescoço na máquina carregada.gif","gifs/Exercícios sem marca d'água/Placa de flexão do lado direito do pescoço na máquina carregada.gif","Pescoço","Pescoço","Academia","true","mapped","ID e mídia preservados"
"media_a22ca9e10b2f91a84255","Flexão lateral do pescoço com peso","Flexão lateral do pescoço com peso","gifs/Exercícios sem marca d'água/Flexão lateral com peso do pescoço deitado.gif","gifs/Exercícios sem marca d'água/Flexão lateral com peso do pescoço deitado.gif","Pescoço","Pescoço","Banco | Academia","true","mapped","ID e mídia preservados"
"media_d765417591c0eb623e40","Flexão lateral do tronco com halter","Flexão lateral do tronco com halter","gifs/Exercícios sem marca d'água/Flexão lateral com halteres.gif","gifs/Exercícios sem marca d'água/Flexão lateral com halteres.gif","Abdômen/Core","Abdômen/Core","Academia","true","mapped","ID e mídia preservados"
"media_d82c28818ce54820097f","Flexão lateral do tronco em pé","Flexão lateral do tronco em pé","gifs/Exercícios sem marca d'água/Flexão lateral em pé.gif","gifs/Exercícios sem marca d'água/Flexão lateral em pé.gif","Abdômen/Core","Abdômen/Core","Casa | Academia","true","mapped","ID e mídia preservados"
"media_853b07ac97a1f24cc9c1","Flexão lateral do tronco no banco romano","Flexão lateral do tronco no banco romano","gifs/Exercícios sem marca d'água/Flexão lateral do banco.gif","gifs/Exercícios sem marca d'água/Flexão lateral do banco.gif","Abdômen/Core","Abdômen/Core","Academia","true","mapped","ID e mídia preservados"
"media_2adda7260fd910c013c3","Flexão na parada de mão","Flexão na parada de mão","gifs/Exercícios sem marca d'água/Adho mukha vrksasana ioga postura de parada de mão - Flexão de mão para cima.gif","gifs/Exercícios sem marca d'água/Adho mukha vrksasana ioga postura de parada de mão - Flexão de mão para cima.gif","Ombros","Ombros","Casa | Academia","true","mapped","ID e mídia preservados"
"media_bd75b8db827fe09fdf36","Flexão na parede","Flexão na parede","gifs/Exercícios sem marca d'água/Parede empurrar para cima.gif","gifs/Exercícios sem marca d'água/Parede empurrar para cima.gif","Peito","Peito","Casa | Academia","true","mapped","ID e mídia preservados"
"media_b913453846005c55a728","Flexão nórdica","Flexão nórdica","gifs/Exercícios sem marca d'água/Flexão nórdica dos isquiotibiais.gif","gifs/Exercícios sem marca d'água/Flexão nórdica dos isquiotibiais.gif","Posterior de coxa","Posterior de coxa","Academia","true","mapped","ID e mídia preservados"
"media_d775468b7e03d80d1d94","Flexão pike","Flexão pike","gifs/Exercícios sem marca d'água/Pique push up.gif","gifs/Exercícios sem marca d'água/Pique push up.gif","Ombros","Ombros","Casa | Academia","true","mapped","ID e mídia preservados"
"media_9829f03ea367c3f49088","Flexão pike no banco","Flexão pike no banco","gifs/Exercícios sem marca d'água/Flexão de pique no banco.gif","gifs/Exercícios sem marca d'água/Flexão de pique no banco.gif","Ombros","Ombros","Banco | Casa | Academia","true","mapped","ID e mídia preservados"
"media_3958b3e8dc0922841893","Flexão pliométrica com queda entre bancos","Flexão pliométrica com queda entre bancos","gifs/Exercícios sem marca d'água/Soltar flexão para cima.gif","gifs/Exercícios sem marca d'água/Soltar flexão para cima.gif","Peito","Peito","Academia | Casa","true","mapped","ID e mídia preservados"
"media_eda9d3651826332776ff","Flexão plus","Flexão plus","gifs/Exercícios sem marca d'água/Empurre para cima mais.gif","gifs/Exercícios sem marca d'água/Empurre para cima mais.gif","Peito","Peito","Academia | Casa","true","mapped","ID e mídia preservados"
"media_fce8c196df26005e9fc4","Flexão reversa","Flexão reversa","gifs/Exercícios sem marca d'água/Flexão reversa.gif","gifs/Exercícios sem marca d'água/Flexão reversa.gif","Peito","Peito","Casa | Academia","true","mapped","ID e mídia preservados"
"media_061e5ba3c3930736958f","Flexão unilateral","Flexão unilateral","gifs/Exercícios sem marca d'água/Flexão de braço único.gif","gifs/Exercícios sem marca d'água/Flexão de braço único.gif","Peito","Peito","Casa | Academia","true","mapped","ID e mídia preservados"
"media_a462d595e77e2e0a84eb","Flexão unilateral com apoio","Flexão unilateral com apoio","gifs/Exercícios sem marca d'água/Flexões de um braço com apoio.gif","gifs/Exercícios sem marca d'água/Flexões de um braço com apoio.gif","Peito","Peito","Banco | Academia | Casa","true","mapped","ID e mídia preservados"
"media_5bcdeeffe6ccb2d3c2d7","Flexão unilateral com bola medicinal","Flexão unilateral com bola medicinal","gifs/Exercícios sem marca d'água/Flexão de braço único na bola medicinal.gif","gifs/Exercícios sem marca d'água/Flexão de braço único na bola medicinal.gif","Peito","Peito","Academia | Casa","true","mapped","ID e mídia preservados"
"media_7539758f1bf30fb80e90","Flexão unilateral de joelhos na máquina","Flexão unilateral de joelhos na máquina","gifs/Exercícios sem marca d'água/Flexão de perna única na máquina.gif","gifs/Exercícios sem marca d'água/Flexão de perna única na máquina.gif","Peito","Peito","Academia","true","mapped","ID e mídia preservados"
"media_fc07fc4a9637d7cdb0a5","Fortalecimento de pegada com hand grip","Fortalecimento de pegada com hand grip","gifs/Exercícios sem marca d'água/Pinça de mão.gif","gifs/Exercícios sem marca d'água/Pinça de mão.gif","Antebraços","Antebraços","Academia | Casa","true","mapped","ID e mídia preservados"
"media_06a74a3500e337d46268","Gato-vaca","Gato-vaca","gifs/Exercícios sem marca d'água/Postura da vaca de gato.gif","gifs/Exercícios sem marca d'água/Postura da vaca de gato.gif","Alongamento","Alongamento","Casa | Academia","true","mapped","ID e mídia preservados"
"media_2ad8a1829ff77facf23a","Guerreiro I","Guerreiro I","gifs/Exercícios sem marca d'água/Postura de guerreiro 1.gif","gifs/Exercícios sem marca d'água/Postura de guerreiro 1.gif","Alongamento","Alongamento","Casa | Academia","true","mapped","ID e mídia preservados"
"media_df96bf7001903f2b2a14","Halo com anilha","Halo com anilha","gifs/Exercícios sem marca d'água/Braço redondo pesado.gif","gifs/Exercícios sem marca d'água/Braço redondo pesado.gif","Ombros","Ombros","Academia","true","mapped","ID e mídia preservados"
"media_6f8a67c2bc1be67e5c83","Hang clean com barra","Hang clean com barra","gifs/Exercícios sem marca d'água/Hang clean com barra.gif","gifs/Exercícios sem marca d'água/Hang clean com barra.gif","Glúteos | Costas | Ombros","Corpo inteiro","Anilhas | Academia","true","mapped","ID e mídia preservados"
"media_bf837322af1c7c3fe556","Hang clean com kettlebell","Hang clean com kettlebell","gifs/Exercícios sem marca d'água/Kettlebell pendurado limpo.gif","gifs/Exercícios sem marca d'água/Kettlebell pendurado limpo.gif","Glúteos | Costas | Ombros","Corpo inteiro","Kettlebell | Academia | Casa","true","mapped","ID e mídia preservados"
"media_43452773fb8459b5aed3","Hiperextensão com peso","Hiperextensão com peso","gifs/Exercícios sem marca d'água/Extensão traseira com peso.gif","gifs/Exercícios sem marca d'água/Extensão traseira com peso.gif","Costas","Costas","Academia","true","mapped","ID e mídia preservados"
"media_473b4cc303116792fed8","Hiperextensão no banco 45°","Hiperextensão no banco 45°","gifs/Exercícios sem marca d'água/Hiperextensão.gif","gifs/Exercícios sem marca d'água/Hiperextensão.gif","Costas","Costas","Academia","true","mapped","ID e mídia preservados"
"media_c08ac240b3ccab721752","Hiperextensão no banco plano","Hiperextensão no banco plano","gifs/Exercícios sem marca d'água/Hiperextensão em banco plano.gif","gifs/Exercícios sem marca d'água/Hiperextensão em banco plano.gif","Costas","Costas","Academia | Casa","true","mapped","ID e mídia preservados"
"media_5d19eff16d7ebdd53fc2","Hiperextensão no chão (Superman)","Hiperextensão no chão (Superman)","gifs/Exercícios sem marca d'água/Hiperextensão do chão - Postura de crocodilo makarasana.gif","gifs/Exercícios sem marca d'água/Hiperextensão do chão - Postura de crocodilo makarasana.gif","Costas","Costas","Casa | Academia","true","mapped","ID e mídia preservados"
"media_4c70260dd8bc580190dd","Hiperextensão reversa com elástico","Hiperextensão reversa com elástico","gifs/Exercícios sem marca d'água/Elástico de resistência hiperextensão reversa.gif","gifs/Exercícios sem marca d'água/Elástico de resistência hiperextensão reversa.gif","Costas","Costas","Academia | Casa","true","mapped","ID e mídia preservados"
"media_ae3fbd83873ae155c624","Hiperextensão reversa na máquina","Hiperextensão reversa na máquina","gifs/Exercícios sem marca d'água/Máquina de hiperextensão reversa.gif","gifs/Exercícios sem marca d'água/Máquina de hiperextensão reversa.gif","Costas","Costas","Academia","true","mapped","ID e mídia preservados"
"media_54cca565760119b34372","Hiperextensão reversa no banco","Hiperextensão reversa no banco","gifs/Exercícios sem marca d'água/Hiperextensões reversas.gif","gifs/Exercícios sem marca d'água/Hiperextensões reversas.gif","Costas","Costas","Academia","true","mapped","ID e mídia preservados"
"media_b7e1f6f84c490c6c04aa","Inclinação pélvica","Inclinação pélvica","gifs/Exercícios sem marca d'água/Inclinação pélvica.gif","gifs/Exercícios sem marca d'água/Inclinação pélvica.gif","Abdômen/Core","Abdômen/Core","Casa | Academia","true","mapped","ID e mídia preservados"
"media_26014d9b3c615394d420","Joelho único ao peito (alongamento)","Joelho único ao peito (alongamento)","gifs/Exercícios sem marca d'água/Único joelho no peito.gif","gifs/Exercícios sem marca d'água/Único joelho no peito.gif","Alongamento","Alongamento","Casa | Academia","true","mapped","ID e mídia preservados"
"media_1a47845297720efa8ffe","Lagarta","Lagarta","gifs/Exercícios sem marca d'água/Lagarta.gif","gifs/Exercícios sem marca d'água/Lagarta.gif","Abdômen/Core","Corpo inteiro","Casa | Academia","true","mapped","ID e mídia preservados"
"media_4d79288ca591e219fe84","Lançamento de bola de reação","Lançamento de bola de reação","gifs/Exercícios sem marca d'água/Lançamento de bola de reação.gif","gifs/Exercícios sem marca d'água/Lançamento de bola de reação.gif","Ombros | Abdômen/Core","Corpo inteiro","Academia | Casa","true","mapped","ID e mídia preservados"
"media_1e9a1e739da04a36cafd","Leg press 45°","Leg press 45°","gifs/Exercícios sem marca d'água/Leg press.gif","gifs/Exercícios sem marca d'água/Leg press.gif","Quadríceps","Quadríceps","Academia","true","mapped","ID e mídia preservados"
"media_d96d5db94e704f7e45ee","Leg press horizontal","Leg press horizontal","gifs/Exercícios sem marca d'água/Leg press horizontal.gif","gifs/Exercícios sem marca d'água/Leg press horizontal.gif","Quadríceps","Quadríceps","Academia","true","mapped","ID e mídia preservados"
"media_771b6663cd14b5bb1fe2","Leg press unilateral","Leg press unilateral","gifs/Exercícios sem marca d'água/Prensa de perna única.gif","gifs/Exercícios sem marca d'água/Prensa de perna única.gif","Quadríceps","Quadríceps","Anilhas | Academia","true","mapped","ID e mídia preservados"
"media_ebcdeae8026825756bfa","Leg press unilateral assistido na máquina","Leg press unilateral assistido na máquina","gifs/Exercícios sem marca d'água/Prensa de perna única assistida por máquina.gif","gifs/Exercícios sem marca d'água/Prensa de perna única assistida por máquina.gif","Quadríceps","Quadríceps","Academia","true","mapped","ID e mídia preservados"
"media_0663a599f8e0375d67b7","Levantada turca","Levantada turca","gifs/Exercícios sem marca d'água/Turco levante-se.gif","gifs/Exercícios sem marca d'água/Turco levante-se.gif","Abdômen/Core","Corpo inteiro","Kettlebell | Casa | Academia","true","mapped","ID e mídia preservados"
"media_307894349283603fb536","Levantamento de bola medicinal acima da cabeça","Levantamento de bola medicinal acima da cabeça","gifs/Exercícios sem marca d'água/exercicios_renomeados_pt_br/025_levantamento_de_bola_medicinal_acima_da_cabeca.gif","gifs/Exercícios sem marca d'água/exercicios_renomeados_pt_br/025_levantamento_de_bola_medicinal_acima_da_cabeca.gif","Ombros","Corpo inteiro","Academia | Casa","true","mapped","ID e mídia preservados"
"media_360f060ca8414928e03e","Levantamento de tronco (log lift)","Levantamento de tronco (log lift)","gifs/Exercícios sem marca d'água/Levantamento de toras.gif","gifs/Exercícios sem marca d'água/Levantamento de toras.gif","Ombros","Corpo inteiro","","true","mapped","ID e mídia preservados"
"media_29f0836044974a2635d9","Levantamento terra com barra","Levantamento terra com barra","gifs/Exercícios sem marca d'água/exercicios_renomeados_pt_br/030_levantamento_terra.gif","gifs/Exercícios sem marca d'água/exercicios_renomeados_pt_br/030_levantamento_terra.gif","Posterior de coxa","Posterior de coxa","Barra | Anilhas | Academia","true","mapped","ID e mídia preservados"
"media_873ed1f4f4377d206ddd","Levantamento terra com barra - variação 2","Levantamento terra com barra - variação 2","gifs/Exercícios sem marca d'água/Levantamento terra.gif","gifs/Exercícios sem marca d'água/Levantamento terra.gif","Posterior de coxa","Posterior de coxa","Barra | Anilhas | Academia","true","mapped","ID e mídia preservados"
"media_007d483ef75d4f8d1686","Levantamento terra com kettlebell","Levantamento terra com kettlebell","gifs/Exercícios sem marca d'água/Levantamento terra com kettlebell.gif","gifs/Exercícios sem marca d'água/Levantamento terra com kettlebell.gif","Posterior de coxa","Posterior de coxa","Kettlebell | Casa | Academia","true","mapped","ID e mídia preservados"
"media_8924842197ee0a67ae6c","Levantamento terra com trap bar","Levantamento terra com trap bar","gifs/Exercícios sem marca d'água/Levantamento terra com barra de armadilha.gif","gifs/Exercícios sem marca d'água/Levantamento terra com barra de armadilha.gif","Posterior de coxa","Posterior de coxa","Anilhas | Academia","true","mapped","ID e mídia preservados"
"media_470684105e7b7c12b4e8","Levantamento terra na máquina","Levantamento terra na máquina","gifs/Exercícios sem marca d'água/Levantamento terra na máquina.gif","gifs/Exercícios sem marca d'água/Levantamento terra na máquina.gif","Posterior de coxa","Posterior de coxa","Academia","true","mapped","ID e mídia preservados"
"media_77ec7be36872b3856ccd","Levantamento terra romeno com barra","Levantamento terra romeno com barra","gifs/Exercícios sem marca d'água/Levantamento terra romeno.gif","gifs/Exercícios sem marca d'água/Levantamento terra romeno.gif","Posterior de coxa","Posterior de coxa","","true","mapped","ID e mídia preservados"
"media_3062b485270585a01162","Levantamento terra romeno com halteres","Levantamento terra romeno com halteres","gifs/Exercícios sem marca d'água/Levantamento terra romeno com halteres.gif","gifs/Exercícios sem marca d'água/Levantamento terra romeno com halteres.gif","Posterior de coxa","Posterior de coxa","Halteres | Academia | Casa","true","mapped","ID e mídia preservados"
"media_70085bb459101e730d40","Levantamento terra sumô","Levantamento terra sumô","gifs/Exercícios sem marca d'água/Levantamento terra de sumô.gif","gifs/Exercícios sem marca d'água/Levantamento terra de sumô.gif","Posterior de coxa","Posterior de coxa","Anilhas | Academia","true","mapped","ID e mídia preservados"
"media_e0db156009e7e48b3888","Levantamento terra unilateral com kettlebell","Levantamento terra unilateral com kettlebell","gifs/Exercícios sem marca d'água/Levantamento terra unipodal com kettlebell.gif","gifs/Exercícios sem marca d'água/Levantamento terra unipodal com kettlebell.gif","Posterior de coxa","Posterior de coxa","Kettlebell | Academia","true","mapped","ID e mídia preservados"
"media_008b1c628a8553400460","Levantamento terra unilateral sem peso","Levantamento terra unilateral sem peso","gifs/Exercícios sem marca d'água/Levantamento terra de perna única com peso corporal.gif","gifs/Exercícios sem marca d'água/Levantamento terra de perna única com peso corporal.gif","Posterior de coxa","Posterior de coxa","Casa | Academia","true","mapped","ID e mídia preservados"
"media_9a56a721cdabc087124a","Liberação da banda iliotibial com rolo de espuma","Liberação da banda iliotibial com rolo de espuma","gifs/Exercícios sem marca d'água/Rolo de espuma para alongamento da elástico iliotibial.gif","gifs/Exercícios sem marca d'água/Rolo de espuma para alongamento da elástico iliotibial.gif","Mobilidade","Mobilidade","Casa | Academia","true","mapped","ID e mídia preservados"
"media_b6e096f4ab211515c096","Liberação da parte superior das costas com rolo de espuma","Liberação da parte superior das costas com rolo de espuma","gifs/Exercícios sem marca d'água/Alongamento traseiro do rolo de espuma.gif","gifs/Exercícios sem marca d'água/Alongamento traseiro do rolo de espuma.gif","Mobilidade","Mobilidade","Rolo de espuma | Casa | Academia","true","mapped","ID e mídia preservados"
"media_945d93aedbf545f4eb58","Liberação de panturrilhas com rolo de espuma","Liberação de panturrilhas com rolo de espuma","gifs/Exercícios sem marca d'água/Bezerros de rolo de espuma.gif","gifs/Exercícios sem marca d'água/Bezerros de rolo de espuma.gif","Mobilidade","Mobilidade","Rolo de espuma | Casa | Academia","true","mapped","ID e mídia preservados"
"media_d2bca394892badf9c0ab","Liberação de peitoral e ombro com rolo de espuma","Liberação de peitoral e ombro com rolo de espuma","gifs/Exercícios sem marca d'água/Rolo de espuma na frente do ombro e no peito.gif","gifs/Exercícios sem marca d'água/Rolo de espuma na frente do ombro e no peito.gif","Mobilidade","Mobilidade","Rolo de espuma | Casa | Academia","true","mapped","ID e mídia preservados"
"media_c9542dac8e6d113715fa","Liberação de posteriores da coxa com rolo de espuma","Liberação de posteriores da coxa com rolo de espuma","gifs/Exercícios sem marca d'água/Isquiotibiais de rolo de espuma.gif","gifs/Exercícios sem marca d'água/Isquiotibiais de rolo de espuma.gif","Mobilidade","Mobilidade","Rolo de espuma | Casa | Academia","true","mapped","ID e mídia preservados"
"media_cb920ca1c00c52c44e4f","Liberação de quadríceps com rolo de espuma","Liberação de quadríceps com rolo de espuma","gifs/Exercícios sem marca d'água/Quads de rolo de espuma.gif","gifs/Exercícios sem marca d'água/Quads de rolo de espuma.gif","Mobilidade","Mobilidade","Rolo de espuma | Casa | Academia","true","mapped","ID e mídia preservados"
"media_20dc77cc53be5986dd06","Limpador de para-brisa na barra fixa","Limpador de para-brisa na barra fixa","gifs/Exercícios sem marca d'água/Limpador de pára-brisa suspenso.gif","gifs/Exercícios sem marca d'água/Limpador de pára-brisa suspenso.gif","Abdômen/Core","Abdômen/Core","Barra fixa | Academia","true","mapped","ID e mídia preservados"
"media_4e0a157109add43440cc","Limpador de para-brisa no chão com halteres","Limpador de para-brisa no chão com halteres","gifs/Exercícios sem marca d'água/Limpadores de chão com halteres.gif","gifs/Exercícios sem marca d'água/Limpadores de chão com halteres.gif","Abdômen/Core","Abdômen/Core","Halteres | Academia | Casa","true","mapped","ID e mídia preservados"
"media_53573400dcdc801dd54b","Marretada no pneu","Marretada no pneu","gifs/Exercícios sem marca d'água/Marreta de pneu.gif","gifs/Exercícios sem marca d'água/Marreta de pneu.gif","Ombros | Abdômen/Core","Corpo inteiro","Academia | Ao ar livre","true","mapped","ID e mídia preservados"
"media_87c0179490ab6601fc3f","Meia flexão do tronco à frente (Yoga)","Meia flexão do tronco à frente (Yoga)","gifs/Exercícios sem marca d'água/Ardha uttanasana em pé meio curvado para frente.gif","gifs/Exercícios sem marca d'água/Ardha uttanasana em pé meio curvado para frente.gif","Alongamento","Alongamento","Casa | Academia","true","mapped","ID e mídia preservados"
"media_433a7ce1129c672566ae","Meio limpador de para-brisa","Meio limpador de para-brisa","gifs/Exercícios sem marca d'água/Meio limpador.gif","gifs/Exercícios sem marca d'água/Meio limpador.gif","Abdômen/Core","Abdômen/Core","Casa | Academia","true","mapped","ID e mídia preservados"
"media_b1564c52abf9ccde4204","Meio sapo","Meio sapo","gifs/Exercícios sem marca d'água/Postura de meio sapo.gif","gifs/Exercícios sem marca d'água/Postura de meio sapo.gif","Alongamento","Alongamento","Casa | Academia","true","mapped","ID e mídia preservados"
"media_15f31334dd0f0fc9c13f","Mergulho coreano","Mergulho coreano","gifs/Exercícios sem marca d'água/Molhos coreanos.gif","gifs/Exercícios sem marca d'água/Molhos coreanos.gif","Tríceps","Tríceps","Academia","true","mapped","ID e mídia preservados"
"media_504dcebcc77dc9dc3bb1","Mergulho de tríceps nas paralelas","Mergulho de tríceps nas paralelas","gifs/Exercícios sem marca d'água/Mergulhos de tríceps.gif","gifs/Exercícios sem marca d'água/Mergulhos de tríceps.gif","Tríceps","Tríceps","Academia","true","mapped","ID e mídia preservados"
"media_0c2f5a06890bde3543b5","Mergulho entre cadeiras","Mergulho entre cadeiras","gifs/Exercícios sem marca d'água/Mergulha entre cadeiras.gif","gifs/Exercícios sem marca d'água/Mergulha entre cadeiras.gif","Tríceps","Tríceps","Casa | Academia","true","mapped","ID e mídia preservados"
"media_fd35e161570d92844a93","Mergulho escapular no banco","Mergulho escapular no banco","gifs/Exercícios sem marca d'água/Mergulhos da escápula.gif","gifs/Exercícios sem marca d'água/Mergulhos da escápula.gif","Tríceps","Tríceps","Academia | Casa","true","mapped","ID e mídia preservados"
"media_ebbb5eaade5e6887d55d","Mergulho na barra reta","Mergulho na barra reta","gifs/Exercícios sem marca d'água/Mergulho em barra reta.gif","gifs/Exercícios sem marca d'água/Mergulho em barra reta.gif","Tríceps","Tríceps","Academia","true","mapped","ID e mídia preservados"
"media_7a0d6dff81958d3639db","Mergulho na cadeira","Mergulho na cadeira","gifs/Exercícios sem marca d'água/Mergulhos na cadeira.gif","gifs/Exercícios sem marca d'água/Mergulhos na cadeira.gif","Tríceps","Tríceps","Banco | Academia | Casa","true","mapped","ID e mídia preservados"
"media_eeaa97e01247cbfec85d","Mergulho no banco","Mergulho no banco","gifs/Exercícios sem marca d'água/Mergulhos de bancada.gif","gifs/Exercícios sem marca d'água/Mergulhos de bancada.gif","Tríceps","Tríceps","Academia","true","mapped","ID e mídia preservados"
"media_2194d2bfd60aeb72e6f3","Mobilidade de ombros sentado","Mobilidade de ombros sentado","gifs/Exercícios sem marca d'água/Exercício de bailarina sentada.gif","gifs/Exercícios sem marca d'água/Exercício de bailarina sentada.gif","Mobilidade","Mobilidade","Casa | Academia","true","mapped","ID e mídia preservados"
"media_42807f7442d9d2bdfb1f","Moinho de vento com kettlebell","Moinho de vento com kettlebell","gifs/Exercícios sem marca d'água/Moinho de vento com kettlebell.gif","gifs/Exercícios sem marca d'água/Moinho de vento com kettlebell.gif","Abdômen/Core","Abdômen/Core","Kettlebell | Academia | Casa","true","mapped","ID e mídia preservados"
"media_a22351bd2b5eb3c5c4c3","Moinho de vento sem peso","Moinho de vento sem peso","gifs/Exercícios sem marca d'água/Moinho de vento de peso corporal.gif","gifs/Exercícios sem marca d'água/Moinho de vento de peso corporal.gif","Abdômen/Core","Abdômen/Core","Casa | Academia","true","mapped","ID e mídia preservados"
"media_ddaa5b16ce356354951f","Muscle snatch","Muscle snatch","gifs/Exercícios sem marca d'água/Snatch muscular.gif","gifs/Exercícios sem marca d'água/Snatch muscular.gif","Ombros","Corpo inteiro","Anilhas","true","mapped","ID e mídia preservados"
"media_32e0b42a8b5af9fb1c21","Muscle-up","Muscle-up","gifs/Exercícios sem marca d'água/Músculo para cima.gif","gifs/Exercícios sem marca d'água/Músculo para cima.gif","Costas","Costas","Barra fixa | Casa | Academia","true","mapped","ID e mídia preservados"
"media_65a7ae2e6de4d1e2c57b","Natação","Natação","gifs/Exercícios sem marca d'água/Natação.gif","gifs/Exercícios sem marca d'água/Natação.gif","Cardio","Cardio","Casa | Academia","true","mapped","ID e mídia preservados"
"media_aba9f42cc0ebc05efdca","Pallof press meio ajoelhado","Pallof press meio ajoelhado","gifs/Exercícios sem marca d'água/Cabo meio ajoelhado pallof press.gif","gifs/Exercícios sem marca d'água/Cabo meio ajoelhado pallof press.gif","Abdômen/Core","Abdômen/Core","Academia","true","mapped","ID e mídia preservados"
"media_a4ac546d521d5e8d3957","Panturrilha no leg press","Panturrilha no leg press","gifs/Exercícios sem marca d'água/Leg press panturrilha.gif","gifs/Exercícios sem marca d'água/Leg press panturrilha.gif","Panturrilhas","Panturrilhas","Academia","true","mapped","ID e mídia preservados"
"media_0966f9e83c97f57726ea","Panturrilha sentada na máquina","Panturrilha sentada na máquina","gifs/Exercícios sem marca d'água/Elevação de panturrilha sentada por máquina.gif","gifs/Exercícios sem marca d'água/Elevação de panturrilha sentada por máquina.gif","Panturrilhas","Panturrilhas","Anilhas | Academia","true","mapped","ID e mídia preservados"
"media_035853df63fba3d7de99","Panturrilha sentada no leg press","Panturrilha sentada no leg press","gifs/Exercícios sem marca d'água/Panturrilha sentada na máquina de leg press.gif","gifs/Exercícios sem marca d'água/Panturrilha sentada na máquina de leg press.gif","Panturrilhas","Panturrilhas","Academia","true","mapped","ID e mídia preservados"
"media_4dc57dd5b8ce9f6b8b39","Panturrilha unilateral na máquina hack","Panturrilha unilateral na máquina hack","gifs/Exercícios sem marca d'água/Hackear máquina de elevação de panturrilha com uma perna.gif","gifs/Exercícios sem marca d'água/Hackear máquina de elevação de panturrilha com uma perna.gif","Panturrilhas","Panturrilhas","Academia","true","mapped","ID e mídia preservados"
"media_eebfaf003a83d846802f","Panturrilha unilateral no leg press","Panturrilha unilateral no leg press","gifs/Exercícios sem marca d'água/Elevação de panturrilha única na máquina leg press.gif","gifs/Exercícios sem marca d'água/Elevação de panturrilha única na máquina leg press.gif","Panturrilhas","Panturrilhas","Academia","true","mapped","ID e mídia preservados"
"media_878d079fe5711f27657b","Paralelas assistidas para peitoral","Paralelas assistidas para peitoral","gifs/Exercícios sem marca d'água/Paralelas para peitoral assistido.gif","gifs/Exercícios sem marca d'água/Paralelas para peitoral assistido.gif","Peito","Peito","Academia","true","mapped","ID e mídia preservados"
"media_c349175adda1ef536420","Paralelas assistidas para peitoral - variação 2","Paralelas assistidas para peitoral - variação 2","gifs/Exercícios sem marca d'água/Quedas no peito.gif","gifs/Exercícios sem marca d'água/Quedas no peito.gif","Peito","Peito","Academia","true","mapped","ID e mídia preservados"
"media_7238f0a60416f7f61f33","Passo lateral rápido","Passo lateral rápido","gifs/Exercícios sem marca d'água/Passo de velocidade lateral.gif","gifs/Exercícios sem marca d'água/Passo de velocidade lateral.gif","Cardio","Cardio","","true","mapped","ID e mídia preservados"
"media_9963eef29e67381de892","Patinador","Patinador","gifs/Exercícios sem marca d'água/Patinador.gif","gifs/Exercícios sem marca d'água/Patinador.gif","Cardio","Cardio","Casa | Academia","true","mapped","ID e mídia preservados"
"media_2097de173d20fb0ffb2c","Pilates Teaser","Pilates Teaser","gifs/Exercícios sem marca d'água/Pilates teaser.gif","gifs/Exercícios sem marca d'água/Pilates teaser.gif","Abdômen/Core","Abdômen/Core","Casa | Academia","true","mapped","ID e mídia preservados"
"media_4b318d3a6f0b04522fd3","Polichinelo","Polichinelo","gifs/Exercícios sem marca d'água/Macaco de salto.gif","gifs/Exercícios sem marca d'água/Macaco de salto.gif","Cardio","Cardio","Academia | Casa | Ao ar livre","true","mapped","ID e mídia preservados"
"media_f7a6f52882b9578e1634","Polichinelo com braços na lateral","Polichinelo com braços na lateral","gifs/Exercícios sem marca d'água/Montado em saltos.gif","gifs/Exercícios sem marca d'água/Montado em saltos.gif","Cardio","Cardio","Casa | Academia | Ao ar livre","true","mapped","ID e mídia preservados"
"media_cfedd47997d476d4d455","Polichinelo em passada","Polichinelo em passada","gifs/Exercícios sem marca d'água/Tomadas divididas.gif","gifs/Exercícios sem marca d'água/Tomadas divididas.gif","Cardio","Cardio","Casa | Academia | Ao ar livre","true","mapped","ID e mídia preservados"
"media_70c43f61dcc6ae3c951c","Polichinelo pliométrico","Polichinelo pliométrico","gifs/Exercícios sem marca d'água/Macacos plyo.gif","gifs/Exercícios sem marca d'água/Macacos plyo.gif","Cardio","Cardio","Casa | Academia","true","mapped","ID e mídia preservados"
"media_2900d8c620c68a77eb0e","Ponte de glúteos","Ponte de glúteos","gifs/Exercícios sem marca d'água/Ponte de glúteos.gif","gifs/Exercícios sem marca d'água/Ponte de glúteos.gif","Glúteos","Glúteos","Casa | Academia","true","mapped","ID e mídia preservados"
"media_a225e458cfd729ccf5ca","Ponte de glúteos com abdução","Ponte de glúteos com abdução","gifs/Exercícios sem marca d'água/Ponte de abdução do quadril.gif","gifs/Exercícios sem marca d'água/Ponte de abdução do quadril.gif","Glúteos","Glúteos","Casa | Academia","true","mapped","ID e mídia preservados"
"media_e828cbb41a1d4e33c62b","Ponte de glúteos com barra","Ponte de glúteos com barra","gifs/Exercícios sem marca d'água/Ponte de glúteos com barra.gif","gifs/Exercícios sem marca d'água/Ponte de glúteos com barra.gif","Glúteos","Glúteos","Barra | Anilhas | Academia","true","mapped","ID e mídia preservados"
"media_aabd717e449b717af465","Ponte de glúteos com elástico","Ponte de glúteos com elástico","gifs/Exercícios sem marca d'água/Ponte de glúteos com elástico.gif","gifs/Exercícios sem marca d'água/Ponte de glúteos com elástico.gif","Glúteos","Glúteos","Casa | Academia","true","mapped","ID e mídia preservados"
"media_5e55b1af84cc00217181","Ponte de glúteos com halteres","Ponte de glúteos com halteres","gifs/Exercícios sem marca d'água/Ponte de glúteos com halteres.gif","gifs/Exercícios sem marca d'água/Ponte de glúteos com halteres.gif","Glúteos","Glúteos","Casa | Academia","true","mapped","ID e mídia preservados"
"media_d95ebc9da4443039c04a","Ponte de glúteos com pés no banco","Ponte de glúteos com pés no banco","gifs/Exercícios sem marca d'água/Ponte de glúteos no banco.gif","gifs/Exercícios sem marca d'água/Ponte de glúteos no banco.gif","Glúteos","Glúteos","Banco | Casa | Academia","true","mapped","ID e mídia preservados"
"media_af8688c752650e40d3e9","Ponte lateral","Ponte lateral","gifs/Exercícios sem marca d'água/Ponte lateral.gif","gifs/Exercícios sem marca d'água/Ponte lateral.gif","Abdômen/Core","Abdômen/Core","Casa | Academia","true","mapped","ID e mídia preservados"
"media_58cb29ff6057b6c6f533","Ponte lateral com abdução de quadril","Ponte lateral com abdução de quadril","gifs/Exercícios sem marca d'água/Ponte lateral abdução do quadril.gif","gifs/Exercícios sem marca d'água/Ponte lateral abdução do quadril.gif","Abdômen/Core","Abdômen/Core","Casa | Academia","true","mapped","ID e mídia preservados"
"media_257b3c5fe3af8d63dd68","Ponte unilateral","Ponte unilateral","gifs/Exercícios sem marca d'água/Ponte de perna única.gif","gifs/Exercícios sem marca d'água/Ponte de perna única.gif","Glúteos","Glúteos","Casa | Academia","true","mapped","ID e mídia preservados"
"media_324bf44d30054cc40b21","Ponte unilateral (Yoga)","Ponte unilateral (Yoga)","gifs/Exercícios sem marca d'água/Eka pada setu bandha sarvangasana.gif","gifs/Exercícios sem marca d'água/Eka pada setu bandha sarvangasana.gif","Alongamento","Alongamento","Casa | Academia","true","mapped","ID e mídia preservados"
"media_114ed0df771f7ff05af6","Ponte unilateral com elástico","Ponte unilateral com elástico","gifs/Exercícios sem marca d'água/Ponte de glúteo de perna única com elástico.gif","gifs/Exercícios sem marca d'água/Ponte de glúteo de perna única com elástico.gif","Glúteos","Glúteos","Casa | Academia","true","mapped","ID e mídia preservados"
"media_c81bcc45bbfa93dc2275","Ponte unilateral com perna estendida","Ponte unilateral com perna estendida","gifs/Exercícios sem marca d'água/Ponte unilateral.gif","gifs/Exercícios sem marca d'água/Ponte unilateral.gif","Glúteos","Glúteos","Casa | Academia","true","mapped","ID e mídia preservados"
"media_fa079314f5ece96b558f","Ponte unilateral com pé no banco","Ponte unilateral com pé no banco","gifs/Exercícios sem marca d'água/Ponte de glúteos uma perna no banco.gif","gifs/Exercícios sem marca d'água/Ponte de glúteos uma perna no banco.gif","Glúteos","Glúteos","Banco | Casa | Academia","true","mapped","ID e mídia preservados"
"media_e8a1bf1051c7b461e62d","Postura da borboleta","Postura da borboleta","gifs/Exercícios sem marca d'água/Postura da borboleta badhakonasana.gif","gifs/Exercícios sem marca d'água/Postura da borboleta badhakonasana.gif","Alongamento","Alongamento","Academia | Casa","true","mapped","ID e mídia preservados"
"media_9271ca029a3634200448","Postura da criança","Postura da criança","gifs/Exercícios sem marca d'água/Postura da criança balasana.gif","gifs/Exercícios sem marca d'água/Postura da criança balasana.gif","Alongamento","Alongamento","Casa | Academia","true","mapped","ID e mídia preservados"
"media_ea5fa646f4a2f6cb8fcd","Postura da criança para cobra","Postura da criança para cobra","gifs/Exercícios sem marca d'água/Postura da criança para postura de cobra.gif","gifs/Exercícios sem marca d'água/Postura da criança para postura de cobra.gif","Alongamento","Alongamento","Casa | Academia","true","mapped","ID e mídia preservados"
"media_a6b1e1320ccf5029dae8","Postura da ponte","Postura da ponte","gifs/Exercícios sem marca d'água/Postura da ponte.gif","gifs/Exercícios sem marca d'água/Postura da ponte.gif","Alongamento","Alongamento","Casa | Academia","true","mapped","ID e mídia preservados"
"media_6d5bc8a914b3a4c4d69e","Postura da roda","Postura da roda","gifs/Exercícios sem marca d'água/Postura da roda urdhva dhanurasana.gif","gifs/Exercícios sem marca d'água/Postura da roda urdhva dhanurasana.gif","Alongamento","Alongamento","","true","mapped","ID e mídia preservados"
"media_a36acde6204607427997","Postura da vaca","Postura da vaca","gifs/Exercícios sem marca d'água/Postura da vaca bitilasana.gif","gifs/Exercícios sem marca d'água/Postura da vaca bitilasana.gif","Alongamento","Alongamento","Casa | Academia","true","mapped","ID e mídia preservados"
"media_573bf14671ded862a1b8","Postura da águia","Postura da águia","gifs/Exercícios sem marca d'água/Postura de águia garudasana.gif","gifs/Exercícios sem marca d'água/Postura de águia garudasana.gif","Alongamento","Alongamento","Casa | Academia","true","mapped","ID e mídia preservados"
"media_b9f484e4391eae53e412","Postura de mesa em equilíbrio","Postura de mesa em equilíbrio","gifs/Exercícios sem marca d'água/Dandayamana bharmanasana postura de mesa de equilíbrio.gif","gifs/Exercícios sem marca d'água/Dandayamana bharmanasana postura de mesa de equilíbrio.gif","Alongamento","Alongamento","Casa | Academia","true","mapped","ID e mídia preservados"
"media_a55f1e61e4caf2f35b7e","Postura do arco","Postura do arco","gifs/Exercícios sem marca d'água/Postura de arco.gif","gifs/Exercícios sem marca d'água/Postura de arco.gif","Alongamento","Alongamento","Casa | Academia","true","mapped","ID e mídia preservados"
"media_e545514e7287269769c9","Postura do peixe","Postura do peixe","gifs/Exercícios sem marca d'água/Postura de peixe.gif","gifs/Exercícios sem marca d'água/Postura de peixe.gif","Alongamento","Alongamento","Casa | Academia","true","mapped","ID e mídia preservados"
"media_e42cec803a1e7a7860a8","Postura do sapo para arco","Postura do sapo para arco","gifs/Exercícios sem marca d'água/Postura do sapo bhekasana - Postura de arco de balanço dhanurasana.gif","gifs/Exercícios sem marca d'água/Postura do sapo bhekasana - Postura de arco de balanço dhanurasana.gif","Alongamento","Alongamento","Casa | Academia","true","mapped","ID e mídia preservados"
"media_7e1ee0be220f22cd029d","Postura do sapo para arco - variação 2","Postura do sapo para arco - variação 2","gifs/Exercícios sem marca d'água/Postura do sapo bhekasana - Postura de arco de balanço dhanurasana - Variação 2.gif","gifs/Exercícios sem marca d'água/Postura do sapo bhekasana - Postura de arco de balanço dhanurasana - Variação 2.gif","Alongamento","Alongamento","Casa | Academia","true","mapped","ID e mídia preservados"
"media_b31c2c320de1fb5ce408","Postura do tigre","Postura do tigre","gifs/Exercícios sem marca d'água/Postura de ioga do tigre.gif","gifs/Exercícios sem marca d'água/Postura de ioga do tigre.gif","Alongamento","Alongamento","Casa | Academia","true","mapped","ID e mídia preservados"
"media_41d328156424cd3b3dcb","Postura do ângulo reto","Postura do ângulo reto","gifs/Exercícios sem marca d'água/Postura de ângulo reto samakonasana.gif","gifs/Exercícios sem marca d'água/Postura de ângulo reto samakonasana.gif","Alongamento","Alongamento","Casa | Academia","true","mapped","ID e mídia preservados"
"media_a45e1514cccff9c7bf01","Power clean com barra","Power clean com barra","gifs/Exercícios sem marca d'água/Power clean.gif","gifs/Exercícios sem marca d'água/Power clean.gif","Costas | Ombros","Corpo inteiro","Anilhas | Academia","true","mapped","ID e mídia preservados"
"media_8f1f25e176196d5425fd","Power clean com halteres","Power clean com halteres","gifs/Exercícios sem marca d'água/Power clean com halteres.gif","gifs/Exercícios sem marca d'água/Power clean com halteres.gif","Ombros","Corpo inteiro","Halteres | Academia","true","mapped","ID e mídia preservados"
"media_487277f748503266e041","Power snatch","Power snatch","gifs/Exercícios sem marca d'água/Snatch de poder.gif","gifs/Exercícios sem marca d'água/Snatch de poder.gif","Ombros | Costas","Corpo inteiro","Anilhas | Academia","true","mapped","ID e mídia preservados"
"media_f28bb7b206e0409f5639","Prancha","Prancha","gifs/Exercícios sem marca d'água/Prancha.gif","gifs/Exercícios sem marca d'água/Prancha.gif","Abdômen/Core","Abdômen/Core","Casa | Academia | Ao ar livre","true","mapped","ID e mídia preservados"
"media_2c146f3e6b41151a3129","Prancha aranha","Prancha aranha","gifs/Exercícios sem marca d'água/Prancha joelho a cotovelo - Prancha de aranha.gif","gifs/Exercícios sem marca d'água/Prancha joelho a cotovelo - Prancha de aranha.gif","Abdômen/Core","Abdômen/Core","Casa | Academia","true","mapped","ID e mídia preservados"
"media_00c0282487002d56ae88","Prancha baixa (Chaturanga)","Prancha baixa (Chaturanga)","gifs/Exercícios sem marca d'água/Chaturanga dandasana postura de prancha baixa.gif","gifs/Exercícios sem marca d'água/Chaturanga dandasana postura de prancha baixa.gif","Abdômen/Core","Abdômen/Core","Casa | Academia","true","mapped","ID e mídia preservados"
"media_92654151884d756bb20e","Prancha com abertura de pernas","Prancha com abertura de pernas","gifs/Exercícios sem marca d'água/Macacos de prancha com perna estendida.gif","gifs/Exercícios sem marca d'água/Macacos de prancha com perna estendida.gif","Abdômen/Core","Abdômen/Core","Casa | Academia","true","mapped","ID e mídia preservados"
"media_acadb6a95f2c81d484c2","Prancha com elevação alternada de braço e perna","Prancha com elevação alternada de braço e perna","gifs/Exercícios sem marca d'água/Prancha frontal com elevação de braços e pernas.gif","gifs/Exercícios sem marca d'água/Prancha frontal com elevação de braços e pernas.gif","Abdômen/Core","Abdômen/Core","Casa | Academia","true","mapped","ID e mídia preservados"
"media_0287190e69b694f14213","Prancha com elevação de braço","Prancha com elevação de braço","gifs/Exercícios sem marca d'água/Prancha frontal com elevação de braço.gif","gifs/Exercícios sem marca d'água/Prancha frontal com elevação de braço.gif","Abdômen/Core","Abdômen/Core","Casa | Academia","true","mapped","ID e mídia preservados"
"media_20895145f8512fc0b40c","Prancha com elevação de braço e perna","Prancha com elevação de braço e perna","gifs/Exercícios sem marca d'água/Prancha com elevação de braços e pernas.gif","gifs/Exercícios sem marca d'água/Prancha com elevação de braços e pernas.gif","Abdômen/Core","Abdômen/Core","Casa | Academia","true","mapped","ID e mídia preservados"
"media_6ec5aeb447442caedf44","Prancha com peso","Prancha com peso","gifs/Exercícios sem marca d'água/Prancha frontal com peso.gif","gifs/Exercícios sem marca d'água/Prancha frontal com peso.gif","Abdômen/Core","Abdômen/Core","Academia | Casa","true","mapped","ID e mídia preservados"
"media_fb8bfb4e9f615d494479","Prancha frontal para lateral","Prancha frontal para lateral","gifs/Exercícios sem marca d'água/Prancha da frente para o lado.gif","gifs/Exercícios sem marca d'água/Prancha da frente para o lado.gif","Abdômen/Core","Abdômen/Core","Casa | Academia","true","mapped","ID e mídia preservados"
"media_46c81ef07cd292879b35","Prancha reversa","Prancha reversa","gifs/Exercícios sem marca d'água/exercicios_renomeados_pt_br/004_prancha_invertida.gif","gifs/Exercícios sem marca d'água/exercicios_renomeados_pt_br/004_prancha_invertida.gif","Abdômen/Core","Abdômen/Core","Casa | Academia","true","mapped","ID e mídia preservados"
"media_e4d3f19a789c2804c5ef","Prancha reversa - variação 2","Prancha reversa - variação 2","gifs/Exercícios sem marca d'água/Prancha reversa.gif","gifs/Exercícios sem marca d'água/Prancha reversa.gif","Abdômen/Core","Abdômen/Core","Casa | Academia","true","mapped","ID e mídia preservados"
"media_9a977024f956899e726f","Pressão frontal com anilha","Pressão frontal com anilha","gifs/Exercícios sem marca d'água/Imprensa.gif","gifs/Exercícios sem marca d'água/Imprensa.gif","Peito","Peito","Academia | Casa","true","mapped","ID e mídia preservados"
"media_aa0581f2c69b74c0f40b","Protração e retração escapular","Protração e retração escapular","gifs/Exercícios sem marca d'água/Protração e retração escapular.gif","gifs/Exercícios sem marca d'água/Protração e retração escapular.gif","Mobilidade","Mobilidade","Casa | Academia","true","mapped","ID e mídia preservados"
"media_db5a0506df1d9553345c","Pular corda","Pular corda","gifs/Exercícios sem marca d'água/exercicios_renomeados_pt_br/012_pular_corda.gif","gifs/Exercícios sem marca d'água/exercicios_renomeados_pt_br/012_pular_corda.gif","Cardio","Cardio","Casa | Academia | Ao ar livre","true","mapped","ID e mídia preservados"
"media_d84fc9957e97c7fb92f1","Pull-through no cabo","Pull-through no cabo","gifs/Exercícios sem marca d'água/Passagem de cabo.gif","gifs/Exercícios sem marca d'água/Passagem de cabo.gif","Glúteos","Glúteos","Corda | Academia","true","mapped","ID e mídia preservados"
"media_e1b944bf95e1aa433687","Pullover com halteres","Pullover com halteres","gifs/Exercícios sem marca d'água/Pulôver com halteres.gif","gifs/Exercícios sem marca d'água/Pulôver com halteres.gif","Costas","Costas","Academia","true","mapped","ID e mídia preservados"
"media_18de60353d12ebccf2aa","Pullover com halteres na bola suíça","Pullover com halteres na bola suíça","gifs/Exercícios sem marca d'água/Pulôver com halteres na bola suíça.gif","gifs/Exercícios sem marca d'água/Pulôver com halteres na bola suíça.gif","Costas","Costas","Casa | Academia","true","mapped","ID e mídia preservados"
"media_c8010f42ea7b1fb0eeb1","Push press com barra","Push press com barra","gifs/Exercícios sem marca d'água/Pressione.gif","gifs/Exercícios sem marca d'água/Pressione.gif","Ombros","Ombros","Barra | Anilhas | Academia","true","mapped","ID e mídia preservados"
"media_b7decbdcdd225be45693","Puxada alta meio ajoelhado","Puxada alta meio ajoelhado","gifs/Exercícios sem marca d'água/Pulldown lat meio ajoelhado.gif","gifs/Exercícios sem marca d'água/Pulldown lat meio ajoelhado.gif","Costas","Costas","Academia","true","mapped","ID e mídia preservados"
"media_2d1b7a21cb060b0d8aad","Puxada alta na polia","Puxada alta na polia","gifs/Exercícios sem marca d'água/Lat pulldown.gif","gifs/Exercícios sem marca d'água/Lat pulldown.gif","Costas","Costas","Academia","true","mapped","ID e mídia preservados"
"media_f95c32d5a852d90825ef","Puxada frontal cruzada no cabo","Puxada frontal cruzada no cabo","gifs/Exercícios sem marca d'água/Tração frontal do cabo cruzado.gif","gifs/Exercícios sem marca d'água/Tração frontal do cabo cruzado.gif","Costas","Costas","Academia","true","mapped","ID e mídia preservados"
"media_4ae7fcedd3acbf99d39f","Puxada unilateral na polia alta","Puxada unilateral na polia alta","gifs/Exercícios sem marca d'água/Cabo um braço pulldown lat.gif","gifs/Exercícios sem marca d'água/Cabo um braço pulldown lat.gif","Costas","Costas","Academia","true","mapped","ID e mídia preservados"
"media_eae0275dc0ae95872b03","Puxada unilateral no cabo","Puxada unilateral no cabo","gifs/Exercícios sem marca d'água/Cabo pulldown de um braço.gif","gifs/Exercícios sem marca d'água/Cabo pulldown de um braço.gif","Costas","Costas","Academia","true","mapped","ID e mídia preservados"
"media_c5c69087caddbfc9afe2","Pêndulo de ombro","Pêndulo de ombro","gifs/Exercícios sem marca d'água/Pêndulo de ombro.gif","gifs/Exercícios sem marca d'água/Pêndulo de ombro.gif","Mobilidade","Mobilidade","Casa | Academia","true","mapped","ID e mídia preservados"
"media_cedd4e76ed9055d56e96","Remada ajoelhada na polia alta","Remada ajoelhada na polia alta","gifs/Exercícios sem marca d'água/Remada de polia alta ajoelhada.gif","gifs/Exercícios sem marca d'água/Remada de polia alta ajoelhada.gif","Costas","Costas","Academia","true","mapped","ID e mídia preservados"
"media_8af2b3b1e5df4396bad9","Remada alta ajoelhada na polia com corda","Remada alta ajoelhada na polia com corda","gifs/Exercícios sem marca d'água/Corda de remada de cabo alto meio ajoelhada.gif","gifs/Exercícios sem marca d'água/Corda de remada de cabo alto meio ajoelhada.gif","Ombros","Ombros","Corda | Academia","true","mapped","ID e mídia preservados"
"media_57d39e90b85820a1b19f","Remada alta com barra","Remada alta com barra","gifs/Exercícios sem marca d'água/Remada alta com barra.gif","gifs/Exercícios sem marca d'água/Remada alta com barra.gif","Ombros","Ombros","Anilhas | Academia","true","mapped","ID e mídia preservados"
"media_3d8c9f09c82d663dd52a","Remada alta com barra EZ","Remada alta com barra EZ","gifs/Exercícios sem marca d'água/Remada alta da barra ez.gif","gifs/Exercícios sem marca d'água/Remada alta da barra ez.gif","Ombros","Ombros","Anilhas | Academia | Casa","true","mapped","ID e mídia preservados"
"media_ae194179e9185f759270","Remada alta com halteres","Remada alta com halteres","gifs/Exercícios sem marca d'água/Levantamento de halteres.gif","gifs/Exercícios sem marca d'água/Levantamento de halteres.gif","Ombros","Ombros","Halteres | Academia | Casa","true","mapped","ID e mídia preservados"
"media_a9e664fa8a9e7c55247d","Remada alta com halteres - variação 2","Remada alta com halteres - variação 2","gifs/Exercícios sem marca d'água/Remada alta com halteres.gif","gifs/Exercícios sem marca d'água/Remada alta com halteres.gif","Ombros","Ombros","Halteres | Academia | Casa","true","mapped","ID e mídia preservados"
"media_db83cb7a37ada2e02174","Remada alta no cabo","Remada alta no cabo","gifs/Exercícios sem marca d'água/Cabo vertical.gif","gifs/Exercícios sem marca d'água/Cabo vertical.gif","Ombros","Ombros","Academia","true","mapped","ID e mídia preservados"
"media_91511fe109dc1b7aea91","Remada curvada com barra","Remada curvada com barra","gifs/Exercícios sem marca d'água/Barra curvada sobre a remada.gif","gifs/Exercícios sem marca d'água/Barra curvada sobre a remada.gif","Costas","Costas","Barra | Anilhas | Academia","true","mapped","ID e mídia preservados"
"media_4ba9926bbde9eca6b283","Remada curvada com elástico","Remada curvada com elástico","gifs/Exercícios sem marca d'água/exercicios_renomeados_pt_br/022_remada_curvada_com_elastico.gif","gifs/Exercícios sem marca d'água/exercicios_renomeados_pt_br/022_remada_curvada_com_elastico.gif","Costas","Costas","Casa | Academia","true","mapped","ID e mídia preservados"
"media_de98dd9b70cd2ad18bf8","Remada curvada com halteres","Remada curvada com halteres","gifs/Exercícios sem marca d'água/Curvado sobre a remada com halteres.gif","gifs/Exercícios sem marca d'água/Curvado sobre a remada com halteres.gif","Costas","Costas","Halteres | Academia","true","mapped","ID e mídia preservados"
"media_90a5fc3282ba1e4eb182","Remada inclinada 45° com halteres","Remada inclinada 45° com halteres","gifs/Exercícios sem marca d'água/Remada inclinada de 45 graus.gif","gifs/Exercícios sem marca d'água/Remada inclinada de 45 graus.gif","Costas","Costas","Halteres | Academia","true","mapped","ID e mídia preservados"
"media_88705ad1ef0e1ab140ba","Remada invertida","Remada invertida","gifs/Exercícios sem marca d'água/Remada invertida.gif","gifs/Exercícios sem marca d'água/Remada invertida.gif","Costas","Costas","Academia","true","mapped","ID e mídia preservados"
"media_b150a8c0887a0169e239","Remada invertida na mesa","Remada invertida na mesa","gifs/Exercícios sem marca d'água/Remada invertida da tabela.gif","gifs/Exercícios sem marca d'água/Remada invertida da tabela.gif","Costas","Costas","Casa","true","mapped","ID e mídia preservados"
"media_ff1549446f145f43ed94","Remada landmine unilateral","Remada landmine unilateral","gifs/Exercícios sem marca d'água/Remada landmine de um braço.gif","gifs/Exercícios sem marca d'água/Remada landmine de um braço.gif","Costas","Costas","Anilhas | Academia","true","mapped","ID e mídia preservados"
"media_11ec0c5a19f04fad3adb","Remada na postura do barco (Yoga)","Remada na postura do barco (Yoga)","gifs/Exercícios sem marca d'água/Nauka sanchalanasan remando na postura do barco.gif","gifs/Exercícios sem marca d'água/Nauka sanchalanasan remando na postura do barco.gif","Alongamento","Alongamento","Casa | Academia","true","mapped","ID e mídia preservados"
"media_ae818b5bf5bef7bbec48","Remada para deltoide posterior com halteres","Remada para deltoide posterior com halteres","gifs/Exercícios sem marca d'água/Remada delt traseira com halteres.gif","gifs/Exercícios sem marca d'água/Remada delt traseira com halteres.gif","Ombros","Ombros","Academia | Casa","true","mapped","ID e mídia preservados"
"media_bee29674c2de50f09eb8","Remada para deltoide posterior sentado com halteres","Remada para deltoide posterior sentado com halteres","gifs/Exercícios sem marca d'água/Haltere sentado curvado sobre a remada delt traseira.gif","gifs/Exercícios sem marca d'água/Haltere sentado curvado sobre a remada delt traseira.gif","Ombros","Ombros","Halteres | Academia | Casa","true","mapped","ID e mídia preservados"
"media_82439bffc0663be5dc4b","Remada sentada no cabo","Remada sentada no cabo","gifs/Exercícios sem marca d'água/Fileira de cabos sentado.gif","gifs/Exercícios sem marca d'água/Fileira de cabos sentado.gif","Costas","Costas","Academia","true","mapped","ID e mídia preservados"
"media_272cc43f6cedb3c96a06","Remada sentada no cabo - variação 2","Remada sentada no cabo - variação 2","gifs/Exercícios sem marca d'água/Fileira de cabos sentado - Variação 2.gif","gifs/Exercícios sem marca d'água/Fileira de cabos sentado - Variação 2.gif","Costas","Costas","Academia","true","mapped","ID e mídia preservados"
"media_a2d34b882390b26b0d59","Remada T","Remada T","gifs/Exercícios sem marca d'água/Remada da barra t.gif","gifs/Exercícios sem marca d'água/Remada da barra t.gif","Costas","Costas","Barra | Anilhas | Academia","true","mapped","ID e mídia preservados"
"media_107c9a3e32712c782ed3","Remada unilateral ajoelhada na polia alta","Remada unilateral ajoelhada na polia alta","gifs/Exercícios sem marca d'água/Remada ajoelhada com polia alta com braço único.gif","gifs/Exercícios sem marca d'água/Remada ajoelhada com polia alta com braço único.gif","Costas","Costas","Academia","true","mapped","ID e mídia preservados"
"media_539a76dbe8a199c15242","Remada unilateral com barra","Remada unilateral com barra","gifs/Exercícios sem marca d'água/Remada com barra de um braço.gif","gifs/Exercícios sem marca d'água/Remada com barra de um braço.gif","Costas","Costas","Barra | Anilhas | Academia","true","mapped","ID e mídia preservados"
"media_70e8341c906aa067cf67","Remada unilateral com halter","Remada unilateral com halter","gifs/Exercícios sem marca d'água/Remada com halteres.gif","gifs/Exercícios sem marca d'água/Remada com halteres.gif","Costas","Costas","Banco | Academia | Casa","true","mapped","ID e mídia preservados"
"media_d438b53b179ce04571a1","Remada unilateral no cabo","Remada unilateral no cabo","gifs/Exercícios sem marca d'água/Fileira de cabos de um braço.gif","gifs/Exercícios sem marca d'água/Fileira de cabos de um braço.gif","Costas","Costas","Academia","true","mapped","ID e mídia preservados"
"media_71a8f5c1901cb77c3de0","Remo ergométrico","Remo ergométrico","gifs/Exercícios sem marca d'água/Máquina de remo.gif","gifs/Exercícios sem marca d'água/Máquina de remo.gif","Cardio","Cardio","Academia | Casa","true","mapped","ID e mídia preservados"
"media_56adf8c69f69b2f105ea","Retração cervical (chin tuck)","Retração cervical (chin tuck)","gifs/Exercícios sem marca d'água/Queixo dobrado.gif","gifs/Exercícios sem marca d'água/Queixo dobrado.gif","Pescoço","Pescoço","Casa | Academia","true","mapped","ID e mídia preservados"
"media_51411ff48659902d77cb","Retração escapular sentado","Retração escapular sentado","gifs/Exercícios sem marca d'água/Exercício de retração escapular sentado.gif","gifs/Exercícios sem marca d'água/Exercício de retração escapular sentado.gif","Mobilidade","Mobilidade","Casa | Academia","true","mapped","ID e mídia preservados"
"media_fc904d9b551b3669ffeb","Rolando como uma bola (Pilates)","Rolando como uma bola (Pilates)","gifs/Exercícios sem marca d'água/Rolando como uma bola.gif","gifs/Exercícios sem marca d'água/Rolando como uma bola.gif","Abdômen/Core","Abdômen/Core","Casa | Academia","true","mapped","ID e mídia preservados"
"media_d300e51d0cbd52f57552","Rollout com barra","Rollout com barra","gifs/Exercícios sem marca d'água/Rollout com barra.gif","gifs/Exercícios sem marca d'água/Rollout com barra.gif","Abdômen/Core","Abdômen/Core","Barra | Anilhas | Academia | Casa","true","mapped","ID e mídia preservados"
"media_a4b7650f5f4c160cf146","Rollout na bola suíça","Rollout na bola suíça","gifs/Exercícios sem marca d'água/Lançamento da bola suíça.gif","gifs/Exercícios sem marca d'água/Lançamento da bola suíça.gif","Abdômen/Core","Abdômen/Core","Casa | Academia","true","mapped","ID e mídia preservados"
"media_2a614ed29e66ebd08d10","Rolo de punho","Rolo de punho","gifs/Exercícios sem marca d'água/Rolo de pulso.gif","gifs/Exercícios sem marca d'água/Rolo de pulso.gif","Antebraços","Antebraços","Academia | Casa","true","mapped","ID e mídia preservados"
"media_392221853c7a10e0beb0","Rosca bíceps unilateral com halter","Rosca bíceps unilateral com halter","gifs/Exercícios sem marca d'água/Rosca bíceps de um braço.gif","gifs/Exercícios sem marca d'água/Rosca bíceps de um braço.gif","Bíceps","Bíceps","Halteres | Academia | Casa","true","mapped","ID e mídia preservados"
"media_5856756ca99d7fda6203","Rosca bíceps unilateral no cabo","Rosca bíceps unilateral no cabo","gifs/Exercícios sem marca d'água/Enrolamento de cabo de um braço.gif","gifs/Exercícios sem marca d'água/Enrolamento de cabo de um braço.gif","Bíceps","Bíceps","Academia","true","mapped","ID e mídia preservados"
"media_427845c31b3370101bf7","Rosca concentração","Rosca concentração","gifs/Exercícios sem marca d'água/Ondulação de concentração.gif","gifs/Exercícios sem marca d'água/Ondulação de concentração.gif","Bíceps","Bíceps","Banco | Casa | Academia","true","mapped","ID e mídia preservados"
"media_7b503d2a8076d19a1fe3","Rosca de punho com barra atrás do corpo","Rosca de punho com barra atrás do corpo","gifs/Exercícios sem marca d'água/Atrás da rosca de punho com barra nas costas.gif","gifs/Exercícios sem marca d'água/Atrás da rosca de punho com barra nas costas.gif","Antebraços","Antebraços","Barra | Academia | Casa","true","mapped","ID e mídia preservados"
"media_e752d97b37ad86854c20","Rosca de punho com halteres","Rosca de punho com halteres","gifs/Exercícios sem marca d'água/Flexão de pulso com halteres.gif","gifs/Exercícios sem marca d'água/Flexão de pulso com halteres.gif","Antebraços","Antebraços","Banco | Academia","true","mapped","ID e mídia preservados"
"media_e6aef15d98655531dfef","Rosca de punho neutra com halteres","Rosca de punho neutra com halteres","gifs/Exercícios sem marca d'água/Flexão de pulso neutra sentada com halteres.gif","gifs/Exercícios sem marca d'água/Flexão de pulso neutra sentada com halteres.gif","Antebraços","Antebraços","Banco | Academia","true","mapped","ID e mídia preservados"
"media_b880c806fc403eeaa508","Rosca direta com barra","Rosca direta com barra","gifs/Exercícios sem marca d'água/Rosca direta com barra.gif","gifs/Exercícios sem marca d'água/Rosca direta com barra.gif","Bíceps","Bíceps","Barra | Anilhas | Academia | Casa","true","mapped","ID e mídia preservados"
"media_e5b11e6e45dac250592e","Rosca martelo com garrafas de água","Rosca martelo com garrafas de água","gifs/Exercícios sem marca d'água/Onda de martelo de garrafa de água.gif","gifs/Exercícios sem marca d'água/Onda de martelo de garrafa de água.gif","Bíceps","Bíceps","Casa | Academia","true","mapped","ID e mídia preservados"
"media_879ec42b4f9065b8f003","Rosca Scott com halteres","Rosca Scott com halteres","gifs/Exercícios sem marca d'água/Onda de pregador com halteres.gif","gifs/Exercícios sem marca d'água/Onda de pregador com halteres.gif","Bíceps","Bíceps","Academia","true","mapped","ID e mídia preservados"
"media_a639132cfeb9bf6b0eb4","Rosca Scott martelo com halteres","Rosca Scott martelo com halteres","gifs/Exercícios sem marca d'água/Rosca scott martelo com halteres.gif","gifs/Exercícios sem marca d'água/Rosca scott martelo com halteres.gif","Bíceps","Bíceps","Halteres | Academia","true","mapped","ID e mídia preservados"
"media_35ca16a56567e36edeae","Rotação de pés e tornozelos","Rotação de pés e tornozelos","gifs/Exercícios sem marca d'água/Rotação dos pés e tornozelo.gif","gifs/Exercícios sem marca d'água/Rotação dos pés e tornozelo.gif","Mobilidade","Mobilidade","Casa | Academia","true","mapped","ID e mídia preservados"
"media_d45a11e4795e9b245e22","Rotação de tronco deitado","Rotação de tronco deitado","gifs/Exercícios sem marca d'água/Rotação da parte superior do corpo deitado.gif","gifs/Exercícios sem marca d'água/Rotação da parte superior do corpo deitado.gif","Abdômen/Core","Abdômen/Core","Casa | Academia","true","mapped","ID e mídia preservados"
"media_321a0280062adb38942c","Rotação de tronco em pé","Rotação de tronco em pé","gifs/Exercícios sem marca d'água/Rotação em pé.gif","gifs/Exercícios sem marca d'água/Rotação em pé.gif","Abdômen/Core","Abdômen/Core","Casa | Academia","true","mapped","ID e mídia preservados"
"media_eb53b0d480c200689e9d","Rotação de tronco no cabo em pé","Rotação de tronco no cabo em pé","gifs/Exercícios sem marca d'água/Torção do cabo em pé.gif","gifs/Exercícios sem marca d'água/Torção do cabo em pé.gif","Abdômen/Core","Abdômen/Core","Academia","true","mapped","ID e mídia preservados"
"media_047347a875a19dc57ee2","Rotação externa cubana com halteres","Rotação externa cubana com halteres","gifs/Exercícios sem marca d'água/Rotação externa cubana com halteres.gif","gifs/Exercícios sem marca d'água/Rotação externa cubana com halteres.gif","Mobilidade","Mobilidade","Halteres | Casa | Academia","true","mapped","ID e mídia preservados"
"media_e6cf319fc09c6faad2eb","Rotação externa de ombro com halter apoiado no banco","Rotação externa de ombro com halter apoiado no banco","gifs/Exercícios sem marca d'água/Rotação externa com halteres apoiados em banco.gif","gifs/Exercícios sem marca d'água/Rotação externa com halteres apoiados em banco.gif","Ombros","Ombros","Academia","true","mapped","ID e mídia preservados"
"media_b4daed909a2373f32ece","Rotação externa de ombro meio ajoelhado no cabo","Rotação externa de ombro meio ajoelhado no cabo","gifs/Exercícios sem marca d'água/Rotação externa do cabo meio ajoelhado.gif","gifs/Exercícios sem marca d'água/Rotação externa do cabo meio ajoelhado.gif","Ombros","Ombros","Academia","true","mapped","ID e mídia preservados"
"media_947fd75865198dafd60a","Rotação externa de ombro no cabo","Rotação externa de ombro no cabo","gifs/Exercícios sem marca d'água/Rotação externa do ombro do cabo.gif","gifs/Exercícios sem marca d'água/Rotação externa do ombro do cabo.gif","Ombros","Ombros","Academia","true","mapped","ID e mídia preservados"
"media_f76439f6795fab16f382","Rotação externa do quadril sentado com elástico","Rotação externa do quadril sentado com elástico","gifs/Exercícios sem marca d'água/Rotação externa do quadril sentado na elástico.gif","gifs/Exercícios sem marca d'água/Rotação externa do quadril sentado na elástico.gif","Quadril","Quadril","Banco | Casa | Academia","true","mapped","ID e mídia preservados"
"media_57fd4837f3d51f5c51f8","Rotação externa do tornozelo com elástico","Rotação externa do tornozelo com elástico","gifs/Exercícios sem marca d'água/Rotação externa do pé da elástico.gif","gifs/Exercícios sem marca d'água/Rotação externa do pé da elástico.gif","Mobilidade","Mobilidade","Halteres | Banco | Academia | Casa","true","mapped","ID e mídia preservados"
"media_e5e17ae4254e8c9b5b29","Rotação interna de ombro no cabo","Rotação interna de ombro no cabo","gifs/Exercícios sem marca d'água/Rotação interna do ombro do cabo.gif","gifs/Exercícios sem marca d'água/Rotação interna do ombro do cabo.gif","Ombros","Ombros","Academia","true","mapped","ID e mídia preservados"
"media_7722f763275b439c9833","Rotação interna de ombro sentado no cabo","Rotação interna de ombro sentado no cabo","gifs/Exercícios sem marca d'água/Rotação interna do ombro sentado no cabo.gif","gifs/Exercícios sem marca d'água/Rotação interna do ombro sentado no cabo.gif","Ombros","Ombros","Academia","true","mapped","ID e mídia preservados"
"media_a0827fa0625c2576a452","Rotação interna do quadril sentado com elástico","Rotação interna do quadril sentado com elástico","gifs/Exercícios sem marca d'água/Rotação interna do quadril sentado na elástico.gif","gifs/Exercícios sem marca d'água/Rotação interna do quadril sentado na elástico.gif","Quadril","Quadril","Banco | Casa | Academia","true","mapped","ID e mídia preservados"
"media_ac3e58b4be3f47ccf5a7","Rotação landmine","Rotação landmine","gifs/Exercícios sem marca d'água/Torção de mina terrestre.gif","gifs/Exercícios sem marca d'água/Torção de mina terrestre.gif","Abdômen/Core","Abdômen/Core","Academia","true","mapped","ID e mídia preservados"
"media_962e032c8b1f8d4994db","Rotação torácica ajoelhado para trás","Rotação torácica ajoelhado para trás","gifs/Exercícios sem marca d'água/Rotação para trás ajoelhada.gif","gifs/Exercícios sem marca d'água/Rotação para trás ajoelhada.gif","Mobilidade","Mobilidade","Casa | Academia","true","mapped","ID e mídia preservados"
"media_f5d1a24976fa41b0b86b","Rotação torácica em quatro apoios","Rotação torácica em quatro apoios","gifs/Exercícios sem marca d'água/Ajoelhado, rotação da coluna - Parsva balasana enfiar a remada na postura da agulha.gif","gifs/Exercícios sem marca d'água/Ajoelhado, rotação da coluna - Parsva balasana enfiar a remada na postura da agulha.gif","Mobilidade","Mobilidade","Casa | Academia","true","mapped","ID e mídia preservados"
"media_e1af88165942a956c0e5","Salto agrupado","Salto agrupado","gifs/Exercícios sem marca d'água/Salto dobrado.gif","gifs/Exercícios sem marca d'água/Salto dobrado.gif","Glúteos | Abdômen/Core","Corpo inteiro","Academia","true","mapped","ID e mídia preservados"
"media_5593336e85c3dd9a8d0b","Salto de elevação pélvica unilateral","Salto de elevação pélvica unilateral","gifs/Exercícios sem marca d'água/Salto de elevação pélvica com uma perna.gif","gifs/Exercícios sem marca d'água/Salto de elevação pélvica com uma perna.gif","Glúteos","Glúteos","Banco | Casa | Academia","true","mapped","ID e mídia preservados"
"media_6c12c4b336b682ac2b70","Salto dividido com halteres","Salto dividido com halteres","gifs/Exercícios sem marca d'água/Salto dividido com halteres.gif","gifs/Exercícios sem marca d'água/Salto dividido com halteres.gif","Glúteos | Abdômen/Core","Corpo inteiro","Halteres | Academia","true","mapped","ID e mídia preservados"
"media_b88cadc46f0d4d95866c","Salto em distância","Salto em distância","gifs/Exercícios sem marca d'água/Salto em distância.gif","gifs/Exercícios sem marca d'água/Salto em distância.gif","Glúteos | Abdômen/Core","Corpo inteiro","Casa | Academia","true","mapped","ID e mídia preservados"
"media_3767fd56a9b4327ddab3","Salto em distância unilateral","Salto em distância unilateral","gifs/Exercícios sem marca d'água/Salto em largura unipodal.gif","gifs/Exercícios sem marca d'água/Salto em largura unipodal.gif","Glúteos | Abdômen/Core","Corpo inteiro","Academia | Casa","true","mapped","ID e mídia preservados"
"media_34a3bac127420a027db9","Salto em profundidade para obstáculo","Salto em profundidade para obstáculo","gifs/Exercícios sem marca d'água/Salto em profundidade para salto com obstáculos.gif","gifs/Exercícios sem marca d'água/Salto em profundidade para salto com obstáculos.gif","Glúteos | Abdômen/Core","Corpo inteiro","Academia","true","mapped","ID e mídia preservados"
"media_822f58a7c4a32e70fa16","Salto na caixa","Salto na caixa","gifs/Exercícios sem marca d'água/O salto da caixa.gif","gifs/Exercícios sem marca d'água/O salto da caixa.gif","Abdômen/Core","Corpo inteiro","Academia","true","mapped","ID e mídia preservados"
"media_0673631de2491887fe9c","Salto na caixa com uma perna","Salto na caixa com uma perna","gifs/Exercícios sem marca d'água/Salto de caixa com uma perna.gif","gifs/Exercícios sem marca d'água/Salto de caixa com uma perna.gif","","Corpo inteiro","Casa | Academia","true","mapped","ID e mídia preservados"
"media_03b364bea968093e78f0","Salto para trás","Salto para trás","gifs/Exercícios sem marca d'água/Salto para trás.gif","gifs/Exercícios sem marca d'água/Salto para trás.gif","Cardio","Corpo inteiro","Casa | Academia","true","mapped","ID e mídia preservados"
"media_1c6ee613b14e0d609951","Salto pliométrico em zigue-zague","Salto pliométrico em zigue-zague","gifs/Exercícios sem marca d'água/Zig zag hop pliométrico.gif","gifs/Exercícios sem marca d'água/Zig zag hop pliométrico.gif","","Corpo inteiro","Casa | Academia | Ao ar livre","true","mapped","ID e mídia preservados"
"media_e783592a49ae91e7c8d5","Salto vertical com alcance","Salto vertical com alcance","gifs/Exercícios sem marca d'água/exercicios_renomeados_pt_br/005_salto_vertical_com_alcance.gif","gifs/Exercícios sem marca d'água/exercicios_renomeados_pt_br/005_salto_vertical_com_alcance.gif","Glúteos | Panturrilhas | Abdômen/Core","Corpo inteiro","Academia","true","mapped","ID e mídia preservados"
"media_9ef93caff4c0341a7ed3","Saltos com joelho alto","Saltos com joelho alto","gifs/Exercícios sem marca d'água/Saltos de joelho alto.gif","gifs/Exercícios sem marca d'água/Saltos de joelho alto.gif","Abdômen/Core | Cardio","Corpo inteiro","Casa | Academia | Ao ar livre","true","mapped","ID e mídia preservados"
"media_2c5ba862da064babb4b0","Saltos de potência","Saltos de potência","gifs/Exercícios sem marca d'água/Saltos de energia.gif","gifs/Exercícios sem marca d'água/Saltos de energia.gif","","Corpo inteiro","Casa | Academia | Ao ar livre","true","mapped","ID e mídia preservados"
"media_3928f40d2fcdc598b8ce","Scott press","Scott press","gifs/Exercícios sem marca d'água/Imprensa scott.gif","gifs/Exercícios sem marca d'água/Imprensa scott.gif","Ombros","Ombros","Halteres | Academia | Casa","true","mapped","ID e mídia preservados"
"media_40e4027e63f8c7d6a93f","SkiErg","SkiErg","gifs/Exercícios sem marca d'água/Ergômetro de esqui.gif","gifs/Exercícios sem marca d'água/Ergômetro de esqui.gif","Cardio","Cardio","Academia","true","mapped","ID e mídia preservados"
"media_15a3e6747708fe4ff506","Slam com bola medicinal","Slam com bola medicinal","gifs/Exercícios sem marca d'água/Bola medicinal batendo acima da cabeça.gif","gifs/Exercícios sem marca d'água/Bola medicinal batendo acima da cabeça.gif","","Corpo inteiro","Academia | Casa","true","mapped","ID e mídia preservados"
"media_50433dffe9620f1c1c7c","Snatch balance","Snatch balance","gifs/Exercícios sem marca d'água/Levantamento de equilíbrio.gif","gifs/Exercícios sem marca d'água/Levantamento de equilíbrio.gif","Glúteos | Ombros | Abdômen/Core","Corpo inteiro","Barra | Anilhas | Academia","true","mapped","ID e mídia preservados"
"media_2ea19f883edf7070ca88","Snatch com barra","Snatch com barra","gifs/Exercícios sem marca d'água/Snatch com barra.gif","gifs/Exercícios sem marca d'água/Snatch com barra.gif","Ombros","Corpo inteiro","Anilhas | Academia","true","mapped","ID e mídia preservados"
"media_e52590311864636df066","Snatch unilateral com halter","Snatch unilateral com halter","gifs/Exercícios sem marca d'água/Snatch com halteres com um braço.gif","gifs/Exercícios sem marca d'água/Snatch com halteres com um braço.gif","Ombros | Abdômen/Core","Corpo inteiro","Academia","true","mapped","ID e mídia preservados"
"media_46780e150c2ffee4f8ff","Socos","Socos","gifs/Exercícios sem marca d'água/Socos.gif","gifs/Exercícios sem marca d'água/Socos.gif","Cardio","Cardio","Casa | Academia","true","mapped","ID e mídia preservados"
"media_5b3d146a48af410dfd5c","Sprint na bicicleta ergométrica","Sprint na bicicleta ergométrica","gifs/Exercícios sem marca d'água/Corrida de bicicleta estacionária.gif","gifs/Exercícios sem marca d'água/Corrida de bicicleta estacionária.gif","Cardio","Cardio","Academia | Casa","true","mapped","ID e mídia preservados"
"media_3ff2e34a5c3aed66a8d6","Squat thrust (agachamento para prancha)","Squat thrust (agachamento para prancha)","gifs/Exercícios sem marca d'água/Saltos instantâneos.gif","gifs/Exercícios sem marca d'água/Saltos instantâneos.gif","Peito | Abdômen/Core","Corpo inteiro","Academia | Casa | Ao ar livre","true","mapped","ID e mídia preservados"
"media_25603c4c184000fe46be","Step-down unilateral","Step-down unilateral","gifs/Exercícios sem marca d'água/Degrau com uma perna para baixo.gif","gifs/Exercícios sem marca d'água/Degrau com uma perna para baixo.gif","Quadríceps","Quadríceps","Casa | Academia","true","mapped","ID e mídia preservados"
"media_67bfb91c8acba912cb26","Step-up com elevação do joelho","Step-up com elevação do joelho","gifs/Exercícios sem marca d'água/Subir com elevação dos joelhos.gif","gifs/Exercícios sem marca d'água/Subir com elevação dos joelhos.gif","Quadríceps","Quadríceps","Banco | Casa | Academia | Ao ar livre","true","mapped","ID e mídia preservados"
"media_a9eebdc43bbaa0da601e","Step-up com elástico","Step-up com elástico","gifs/Exercícios sem marca d'água/Passo em elástico.gif","gifs/Exercícios sem marca d'água/Passo em elástico.gif","Quadríceps","Quadríceps","Academia | Casa","true","mapped","ID e mídia preservados"
"media_bfe1cffc4cf02b0a65a7","Step-up com equilíbrio e rosca bíceps","Step-up com equilíbrio e rosca bíceps","gifs/Exercícios sem marca d'água/Intensificar o equilíbrio de uma perna com rosca bíceps.gif","gifs/Exercícios sem marca d'água/Intensificar o equilíbrio de uma perna com rosca bíceps.gif","Bíceps","Bíceps","Halteres | Banco | Academia | Casa","true","mapped","ID e mídia preservados"
"media_21d252fe7df4de8b01a6","Step-up com halteres","Step-up com halteres","gifs/Exercícios sem marca d'água/Haltere intensificar.gif","gifs/Exercícios sem marca d'água/Haltere intensificar.gif","Quadríceps","Quadríceps","Halteres | Casa | Academia","true","mapped","ID e mídia preservados"
"media_c68a7f9f79457c36453e","Step-up com rotação e joelho ao cotovelo","Step-up com rotação e joelho ao cotovelo","gifs/Exercícios sem marca d'água/Dar um passo oposto ao cotovelo torcer o joelho.gif","gifs/Exercícios sem marca d'água/Dar um passo oposto ao cotovelo torcer o joelho.gif","Quadríceps","Quadríceps","Academia | Casa","true","mapped","ID e mídia preservados"
"media_a95dd7df569e4fa31ed5","Step-up lateral","Step-up lateral","gifs/Exercícios sem marca d'água/Subida lateral.gif","gifs/Exercícios sem marca d'água/Subida lateral.gif","Quadríceps","Quadríceps","Banco | Academia | Casa","true","mapped","ID e mídia preservados"
"media_2d38aee402705afccb8f","Step-up lateral com halteres","Step-up lateral com halteres","gifs/Exercícios sem marca d'água/Step up lateral com halteres.gif","gifs/Exercícios sem marca d'água/Step up lateral com halteres.gif","Quadríceps","Quadríceps","Halteres | Academia | Casa","true","mapped","ID e mídia preservados"
"media_118ff8b2ba6ba026f180","Step-up no banco com barra","Step-up no banco com barra","gifs/Exercícios sem marca d'água/Subida no banco com barra.gif","gifs/Exercícios sem marca d'água/Subida no banco com barra.gif","Quadríceps","Quadríceps","Banco | Academia","true","mapped","ID e mídia preservados"
"media_c60d0677040259b02da3","Stiff com halteres","Stiff com halteres","gifs/Exercícios sem marca d'água/Levantamento terra com halteres e perna reta.gif","gifs/Exercícios sem marca d'água/Levantamento terra com halteres e perna reta.gif","Posterior de coxa","Posterior de coxa","Halteres | Academia | Casa","true","mapped","ID e mídia preservados"
"media_bdb2c36c305132520848","Super-homem","Super-homem","gifs/Exercícios sem marca d'água/Advasana l postura de cadáver reversa - Super-homem.gif","gifs/Exercícios sem marca d'água/Advasana l postura de cadáver reversa - Super-homem.gif","Costas","Costas","Casa | Academia","true","mapped","ID e mídia preservados"
"media_ad4725f408aace1587fa","Super-homem - variação 2","Super-homem - variação 2","gifs/Exercícios sem marca d'água/Advasana l postura de cadáver reversa - Super-homem - Variação 2.gif","gifs/Exercícios sem marca d'água/Advasana l postura de cadáver reversa - Super-homem - Variação 2.gif","Costas","Costas","Casa | Academia","true","mapped","ID e mídia preservados"
"media_069205b8deab71863d87","Super-homem - variação 3","Super-homem - variação 3","gifs/Exercícios sem marca d'água/exercicios_renomeados_pt_br/014_superman.gif","gifs/Exercícios sem marca d'água/exercicios_renomeados_pt_br/014_superman.gif","Costas","Costas","Casa | Academia","true","mapped","ID e mídia preservados"
"media_66f1db807a9d4d3e0fde","Supino ajoelhado com elástico","Supino ajoelhado com elástico","gifs/Exercícios sem marca d'água/exercicios_renomeados_pt_br/018_press_de_peito_ajoelhado_com_elastico.gif","gifs/Exercícios sem marca d'água/exercicios_renomeados_pt_br/018_press_de_peito_ajoelhado_com_elastico.gif","Peito","Peito","Casa | Academia","true","mapped","ID e mídia preservados"
"media_d432482a6d2371d9c4a7","Supino alternado com halteres","Supino alternado com halteres","gifs/Exercícios sem marca d'água/Supino alternado com halteres.gif","gifs/Exercícios sem marca d'água/Supino alternado com halteres.gif","Peito","Peito","Halteres | Academia | Casa","true","mapped","ID e mídia preservados"
"media_e07c607a601c3a70b90a","Supino com halteres","Supino com halteres","gifs/Exercícios sem marca d'água/Imprensa com halteres.gif","gifs/Exercícios sem marca d'água/Imprensa com halteres.gif","Peito","Peito","Halteres | Academia","true","mapped","ID e mídia preservados"
"media_c9a7cd8b634bff61827d","Supino com halteres e pegada fechada","Supino com halteres e pegada fechada","gifs/Exercícios sem marca d'água/Supino com halteres de pegada fechada.gif","gifs/Exercícios sem marca d'água/Supino com halteres de pegada fechada.gif","Antebraços","Antebraços","Halteres | Academia | Casa","true","mapped","ID e mídia preservados"
"media_578435577be4475cf008","Supino com halteres e pegada reversa","Supino com halteres e pegada reversa","gifs/Exercícios sem marca d'água/Supino com halteres com pegada reversa.gif","gifs/Exercícios sem marca d'água/Supino com halteres com pegada reversa.gif","Antebraços","Antebraços","Halteres | Academia | Casa","true","mapped","ID e mídia preservados"
"media_12c2a2cdbac36debf89c","Supino com pegada aberta","Supino com pegada aberta","gifs/Exercícios sem marca d'água/Supino de grande aderência.gif","gifs/Exercícios sem marca d'água/Supino de grande aderência.gif","Antebraços","Antebraços","Academia","true","mapped","ID e mídia preservados"
"media_2a19365360e67c7c55e9","Supino com pegada fechada","Supino com pegada fechada","gifs/Exercícios sem marca d'água/Supino com pegada fechada.gif","gifs/Exercícios sem marca d'água/Supino com pegada fechada.gif","Antebraços","Antebraços","Barra | Anilhas | Academia | Casa","true","mapped","ID e mídia preservados"
"media_1126903b26ae141622ea","Supino convergente na máquina","Supino convergente na máquina","gifs/Exercícios sem marca d'água/Máquina de prensa torácica interna.gif","gifs/Exercícios sem marca d'água/Máquina de prensa torácica interna.gif","Peito","Peito","Academia","true","mapped","ID e mídia preservados"
"media_8d1cd8a354abbd87be15","Supino declinado com barra","Supino declinado com barra","gifs/Exercícios sem marca d'água/Declínio no supino com barra.gif","gifs/Exercícios sem marca d'água/Declínio no supino com barra.gif","Peito","Peito","Barra | Anilhas | Academia","true","mapped","ID e mídia preservados"
"media_f065536813e7db4b1a55","Supino declinado com halteres","Supino declinado com halteres","gifs/Exercícios sem marca d'água/Supino declinado com halteres.gif","gifs/Exercícios sem marca d'água/Supino declinado com halteres.gif","Peito","Peito","Halteres | Academia","true","mapped","ID e mídia preservados"
"media_46694e0eabb29c027c3b","Supino declinado na máquina","Supino declinado na máquina","gifs/Exercícios sem marca d'água/Declínio na máquina, supino.gif","gifs/Exercícios sem marca d'água/Declínio na máquina, supino.gif","Peito","Peito","Academia","true","mapped","ID e mídia preservados"
"media_36ff9e5f91c6613fd817","Supino declinado na máquina - variação 2","Supino declinado na máquina - variação 2","gifs/Exercícios sem marca d'água/Máquina de prensa torácica de declínio.gif","gifs/Exercícios sem marca d'água/Máquina de prensa torácica de declínio.gif","Peito","Peito","Anilhas | Academia","true","mapped","ID e mídia preservados"
"media_08a6bfe55d453c624fc7","Supino declinado na máquina Smith","Supino declinado na máquina Smith","gifs/Exercícios sem marca d'água/Máquina smith declínio supino.gif","gifs/Exercícios sem marca d'água/Máquina smith declínio supino.gif","Peito","Peito","Academia","true","mapped","ID e mídia preservados"
"media_98334d6b79ebeded9f01","Supino deitado na máquina","Supino deitado na máquina","gifs/Exercícios sem marca d'água/Máquina de prensa torácica deitada.gif","gifs/Exercícios sem marca d'água/Máquina de prensa torácica deitada.gif","Peito","Peito","Anilhas | Academia","true","mapped","ID e mídia preservados"
"media_1ad5949473a4fbdf2164","Supino em pé com elástico","Supino em pé com elástico","gifs/Exercícios sem marca d'água/Elástico em pé no peito.gif","gifs/Exercícios sem marca d'água/Elástico em pé no peito.gif","Peito","Peito","Casa | Academia","true","mapped","ID e mídia preservados"
"media_7bf71653cc625df900ac","Supino inclinado com barra","Supino inclinado com barra","gifs/Exercícios sem marca d'água/Supino inclinado com barra.gif","gifs/Exercícios sem marca d'água/Supino inclinado com barra.gif","Peito","Peito","Barra | Academia","true","mapped","ID e mídia preservados"
"media_244770688862614a2093","Supino inclinado com halteres","Supino inclinado com halteres","gifs/Exercícios sem marca d'água/Supino inclinado com halteres.gif","gifs/Exercícios sem marca d'água/Supino inclinado com halteres.gif","Peito","Peito","Halteres | Academia | Casa","true","mapped","ID e mídia preservados"
"media_5c3cc8a96614c09fadee","Supino inclinado com halteres e pegada reversa","Supino inclinado com halteres e pegada reversa","gifs/Exercícios sem marca d'água/Supino inclinado com halteres com aderência reversa.gif","gifs/Exercícios sem marca d'água/Supino inclinado com halteres com aderência reversa.gif","Antebraços","Antebraços","Halteres | Academia | Casa","true","mapped","ID e mídia preservados"
"media_8420c40db8f404ac1c6d","Supino inclinado com pegada fechada","Supino inclinado com pegada fechada","gifs/Exercícios sem marca d'água/Supino inclinado com pegada fechada.gif","gifs/Exercícios sem marca d'água/Supino inclinado com pegada fechada.gif","Antebraços","Antebraços","Barra | Anilhas | Academia","true","mapped","ID e mídia preservados"
"media_75767797e40f44dbb96e","Supino inclinado na máquina","Supino inclinado na máquina","gifs/Exercícios sem marca d'água/Máquina de prensa torácica inclinada.gif","gifs/Exercícios sem marca d'água/Máquina de prensa torácica inclinada.gif","Peito","Peito","Anilhas | Academia","true","mapped","ID e mídia preservados"
"media_19197214f72a68d5b4f1","Supino inclinado na máquina - variação 2","Supino inclinado na máquina - variação 2","gifs/Exercícios sem marca d'água/Máquina inclinada no peito.gif","gifs/Exercícios sem marca d'água/Máquina inclinada no peito.gif","Peito","Peito","Academia","true","mapped","ID e mídia preservados"
"media_1ec6694c584149147bf8","Supino inclinado na máquina Smith","Supino inclinado na máquina Smith","gifs/Exercícios sem marca d'água/Supino inclinado com máquina smith.gif","gifs/Exercícios sem marca d'água/Supino inclinado com máquina smith.gif","Peito","Peito","Academia","true","mapped","ID e mídia preservados"
"media_d81d533a7b9ed1c205f2","Supino martelo com halteres","Supino martelo com halteres","gifs/Exercícios sem marca d'água/Prensa de martelo.gif","gifs/Exercícios sem marca d'água/Prensa de martelo.gif","Peito","Peito","Halteres | Academia","true","mapped","ID e mídia preservados"
"media_38e23216ab9a41445120","Supino martelo declinado com halteres","Supino martelo declinado com halteres","gifs/Exercícios sem marca d'água/Halteres declinam prensa de martelo com um braço.gif","gifs/Exercícios sem marca d'água/Halteres declinam prensa de martelo com um braço.gif","Peito","Peito","Academia","true","mapped","ID e mídia preservados"
"media_b77110d46a0109008a99","Supino martelo declinado com halteres - variação 2","Supino martelo declinado com halteres - variação 2","gifs/Exercícios sem marca d'água/Recusar martelo.gif","gifs/Exercícios sem marca d'água/Recusar martelo.gif","Peito","Peito","Halteres | Academia","true","mapped","ID e mídia preservados"
"media_9d5128716cefc8f59b06","Supino martelo inclinado com halteres","Supino martelo inclinado com halteres","gifs/Exercícios sem marca d'água/Prensa de martelo com halteres inclinado.gif","gifs/Exercícios sem marca d'água/Prensa de martelo com halteres inclinado.gif","Peito","Peito","Halteres | Academia | Casa","true","mapped","ID e mídia preservados"
"media_b17b6b21c798628bc3d3","Supino na máquina","Supino na máquina","gifs/Exercícios sem marca d'água/Máquina de prensa torácica.gif","gifs/Exercícios sem marca d'água/Máquina de prensa torácica.gif","Peito","Peito","Academia","true","mapped","ID e mídia preservados"
"media_64f888d0c302bcd91d2a","Supino na máquina - variação 2","Supino na máquina - variação 2","gifs/Exercícios sem marca d'água/Máquina de supino.gif","gifs/Exercícios sem marca d'água/Máquina de supino.gif","Peito","Peito","Academia","true","mapped","ID e mídia preservados"
"media_4f4694759875b5dbd15e","Supino na máquina Smith","Supino na máquina Smith","gifs/Exercícios sem marca d'água/Supino de máquina smith.gif","gifs/Exercícios sem marca d'água/Supino de máquina smith.gif","Peito","Peito","Anilhas | Academia","true","mapped","ID e mídia preservados"
"media_bb7ae36dcd31aaf0b43b","Supino reto com barra","Supino reto com barra","gifs/Exercícios sem marca d'água/Supino.gif","gifs/Exercícios sem marca d'água/Supino.gif","Peito","Peito","Anilhas | Academia","true","mapped","ID e mídia preservados"
"media_d0238db28bd27397475f","Supino reto com barra, pegada reversa e fechada","Supino reto com barra, pegada reversa e fechada","gifs/Exercícios sem marca d'água/Supino reto reverso com barra e aperto fechado.gif","gifs/Exercícios sem marca d'água/Supino reto reverso com barra e aperto fechado.gif","Antebraços","Antebraços","Barra | Academia","true","mapped","ID e mídia preservados"
"media_fa4eb52e3a6d2dd16bdf","Supino sentado no cabo","Supino sentado no cabo","gifs/Exercícios sem marca d'água/Prensa torácica com cabo sentado.gif","gifs/Exercícios sem marca d'água/Prensa torácica com cabo sentado.gif","Peito","Peito","Academia","true","mapped","ID e mídia preservados"
"media_e9477e80d0fb15e65cf0","Supino sentado no cabo com pegada fechada","Supino sentado no cabo com pegada fechada","gifs/Exercícios sem marca d'água/Cabo sentado, aperto próximo, supino.gif","gifs/Exercícios sem marca d'água/Cabo sentado, aperto próximo, supino.gif","Antebraços","Antebraços","Academia","true","mapped","ID e mídia preservados"
"media_e65cc478377759c4ed7e","Supino unilateral com halter e pegada reversa","Supino unilateral com halter e pegada reversa","gifs/Exercícios sem marca d'água/Supino reverso com halteres com um braço.gif","gifs/Exercícios sem marca d'água/Supino reverso com halteres com um braço.gif","Antebraços","Antebraços","Academia","true","mapped","ID e mídia preservados"
"media_fe568c6890f78f25fa51","Supino unilateral com kettlebell no banco","Supino unilateral com kettlebell no banco","gifs/Exercícios sem marca d'água/Supino com kettlebell com um braço no banco.gif","gifs/Exercícios sem marca d'água/Supino com kettlebell com um braço no banco.gif","Peito","Peito","Kettlebell | Academia","true","mapped","ID e mídia preservados"
"media_9e47b03b9ae0086a6c6b","Supino unilateral na máquina","Supino unilateral na máquina","gifs/Exercícios sem marca d'água/Máquina de supino com um braço.gif","gifs/Exercícios sem marca d'água/Máquina de supino com um braço.gif","Peito","Peito","Academia","true","mapped","ID e mídia preservados"
"media_ea72bb4460ed90de2ab2","Supino unilateral no cabo em pé","Supino unilateral no cabo em pé","gifs/Exercícios sem marca d'água/Prensa torácica com cabo de um braço.gif","gifs/Exercícios sem marca d'água/Prensa torácica com cabo de um braço.gif","Peito","Peito","Academia","true","mapped","ID e mídia preservados"
"media_2ab4ba9c1fc4f31ca23e","Suspensão na barra fixa","Suspensão na barra fixa","gifs/Exercícios sem marca d'água/exercicios_renomeados_pt_br/027_suspensao_na_barra_fixa.gif","gifs/Exercícios sem marca d'água/exercicios_renomeados_pt_br/027_suspensao_na_barra_fixa.gif","Costas","Costas","Barra fixa | Casa | Academia","true","mapped","ID e mídia preservados"
"media_963e38d2278403293da5","Tesoura de braços","Tesoura de braços","gifs/Exercícios sem marca d'água/Tesoura de braço.gif","gifs/Exercícios sem marca d'água/Tesoura de braço.gif","Ombros | Peito","Corpo inteiro","Casa | Academia","true","mapped","ID e mídia preservados"
"media_5b480e01e3b551f926ab","Tesoura de pernas deitado","Tesoura de pernas deitado","gifs/Exercícios sem marca d'água/Chute de tesoura deitado.gif","gifs/Exercícios sem marca d'água/Chute de tesoura deitado.gif","Abdômen/Core","Abdômen/Core","Casa | Academia","true","mapped","ID e mídia preservados"
"media_51b45720ac22710f6d08","Thruster com kettlebell","Thruster com kettlebell","gifs/Exercícios sem marca d'água/Propulsor de kettlebell.gif","gifs/Exercícios sem marca d'água/Propulsor de kettlebell.gif","Glúteos | Ombros | Abdômen/Core","Corpo inteiro","Academia | Casa","true","mapped","ID e mídia preservados"
"media_aacc97e352cb7c22fef8","Toque de caranguejo com rotação","Toque de caranguejo com rotação","gifs/Exercícios sem marca d'água/Postura de caranguejo - Toque de torção de caranguejo.gif","gifs/Exercícios sem marca d'água/Postura de caranguejo - Toque de torção de caranguejo.gif","Abdômen/Core","Abdômen/Core","Casa | Academia","true","mapped","ID e mídia preservados"
"media_0e0efd578078ac0be267","Toque de caranguejo com rotação - variação 2","Toque de caranguejo com rotação - variação 2","gifs/Exercícios sem marca d'água/Postura de caranguejo - Toque de torção de caranguejo - Variação 2.gif","gifs/Exercícios sem marca d'água/Postura de caranguejo - Toque de torção de caranguejo - Variação 2.gif","Abdômen/Core","Abdômen/Core","Casa | Academia","true","mapped","ID e mídia preservados"
"media_7b779589c0d32c4cab8a","Toque dos pés em pé","Toque dos pés em pé","gifs/Exercícios sem marca d'água/Toque do dedo do pé em pé.gif","gifs/Exercícios sem marca d'água/Toque do dedo do pé em pé.gif","Posterior de coxa | Panturrilhas","Corpo inteiro","Casa | Academia","true","mapped","ID e mídia preservados"
"media_dd4a8dd102db185dfc53","Toque lateral com elástico","Toque lateral com elástico","gifs/Exercícios sem marca d'água/Elástico de resistência ao toque do dedo do pé.gif","gifs/Exercícios sem marca d'água/Elástico de resistência ao toque do dedo do pé.gif","Quadril | Glúteos","Corpo inteiro","Academia | Casa","true","mapped","ID e mídia preservados"
"media_a7672baa5e9273981864","Toque no calcanhar","Toque no calcanhar","gifs/Exercícios sem marca d'água/Toque no calcanhar.gif","gifs/Exercícios sem marca d'água/Toque no calcanhar.gif","Abdômen/Core","Abdômen/Core","Casa | Academia","true","mapped","ID e mídia preservados"
"media_d39817b8f03c1508bfe6","Torção oblíqua sentada","Torção oblíqua sentada","gifs/Exercícios sem marca d'água/Torção oblíqua sentada.gif","gifs/Exercícios sem marca d'água/Torção oblíqua sentada.gif","Abdômen/Core","Abdômen/Core","Casa | Academia","true","mapped","ID e mídia preservados"
"media_4efa59ff9d80102eb5d5","Torção russa","Torção russa","gifs/Exercícios sem marca d'água/Torção russa.gif","gifs/Exercícios sem marca d'água/Torção russa.gif","Abdômen/Core","Abdômen/Core","Academia | Casa","true","mapped","ID e mídia preservados"
"media_3f819029554bb4436461","Tríceps na polia","Tríceps na polia","gifs/Exercícios sem marca d'água/Empurrar para baixo.gif","gifs/Exercícios sem marca d'água/Empurrar para baixo.gif","Tríceps","Tríceps","Academia","true","mapped","ID e mídia preservados"
"media_3a837cfce62495425870","Tríceps no banco","Tríceps no banco","gifs/Exercícios sem marca d'água/exercicios_renomeados_pt_br/029_triceps_no_banco.gif","gifs/Exercícios sem marca d'água/exercicios_renomeados_pt_br/029_triceps_no_banco.gif","Tríceps","Tríceps","Casa | Academia","true","mapped","ID e mídia preservados"
"media_73f014adea062cb63c99","Tríceps testa com barra","Tríceps testa com barra","gifs/Exercícios sem marca d'água/Barra deitada atrás da cabeça, extensão de tríceps.gif","gifs/Exercícios sem marca d'água/Barra deitada atrás da cabeça, extensão de tríceps.gif","Tríceps","Tríceps","","true","mapped","ID e mídia preservados"
"media_b97da2b28aff08a1af74","Tríceps testa com barra - variação 2","Tríceps testa com barra - variação 2","gifs/Exercícios sem marca d'água/Extensão de tríceps com barra deitada.gif","gifs/Exercícios sem marca d'água/Extensão de tríceps com barra deitada.gif","Tríceps","Tríceps","Barra | Anilhas | Academia | Casa","true","mapped","ID e mídia preservados"
"media_62e50fb54ddee0f5a51f","Tríceps testa com peso corporal","Tríceps testa com peso corporal","gifs/Exercícios sem marca d'água/Trituradores de crânio de peso corporal.gif","gifs/Exercícios sem marca d'água/Trituradores de crânio de peso corporal.gif","Tríceps","Tríceps","Academia | Casa","true","mapped","ID e mídia preservados"
"media_f935dde48069be02f01d","Tríceps testa unilateral com halter","Tríceps testa unilateral com halter","gifs/Exercícios sem marca d'água/Extensão de tríceps deitada com um braço.gif","gifs/Exercícios sem marca d'água/Extensão de tríceps deitada com um braço.gif","Tríceps","Tríceps","Academia | Casa","true","mapped","ID e mídia preservados"
"media_08bc51618baa755d1eb0","Tríceps unilateral na polia","Tríceps unilateral na polia","gifs/Exercícios sem marca d'água/Pushdown de tríceps com um braço.gif","gifs/Exercícios sem marca d'água/Pushdown de tríceps com um braço.gif","Tríceps","Tríceps","Academia","true","mapped","ID e mídia preservados"
"media_f98acb96720587e71c8b","Tríceps unilateral na polia com pegada reversa","Tríceps unilateral na polia com pegada reversa","gifs/Exercícios sem marca d'água/Pushdown reverso de um braço lateral.gif","gifs/Exercícios sem marca d'água/Pushdown reverso de um braço lateral.gif","Antebraços","Antebraços","Academia","true","mapped","ID e mídia preservados"
"media_ff37ee4a8039151c8960","Upavistha Konasana (alongamento sentado com pernas abertas)","Upavistha Konasana (alongamento sentado com pernas abertas)","gifs/Exercícios sem marca d'água/Upavistha konasana.gif","gifs/Exercícios sem marca d'água/Upavistha konasana.gif","Alongamento","Alongamento","Casa | Academia","true","mapped","ID e mídia preservados"
"media_0633dc40622a1c89e716","Uppercut de direita","Uppercut de direita","gifs/Exercícios sem marca d'água/Superior direito.gif","gifs/Exercícios sem marca d'água/Superior direito.gif","Cardio","Cardio","Casa | Academia","true","mapped","ID e mídia preservados"
"media_d85d90a0fa569eab9c6c","Virada de pneu","Virada de pneu","gifs/Exercícios sem marca d'água/Pneu virado.gif","gifs/Exercícios sem marca d'água/Pneu virado.gif","Glúteos | Costas | Ombros | Abdômen/Core","Corpo inteiro","","true","mapped","ID e mídia preservados"
"media_5dec271a7901b7364e3b","Vácuo abdominal em quatro apoios","Vácuo abdominal em quatro apoios","gifs/Exercícios sem marca d'água/Exercício de vácuo de barriga de 4 pontos.gif","gifs/Exercícios sem marca d'água/Exercício de vácuo de barriga de 4 pontos.gif","Abdômen/Core","Abdômen/Core","Casa | Academia","true","mapped","ID e mídia preservados"
"media_a569d89908eaf901f622","Wall ball","Wall ball","gifs/Exercícios sem marca d'água/Bola de parede.gif","gifs/Exercícios sem marca d'água/Bola de parede.gif","Glúteos | Ombros","Corpo inteiro","Academia","true","mapped","ID e mídia preservados"
"media_56b5acb8fe14216e8037","Wood chop no cabo de baixo para cima","Wood chop no cabo de baixo para cima","gifs/Exercícios sem marca d'água/Cabo vertical de torção baixa a alta.gif","gifs/Exercícios sem marca d'água/Cabo vertical de torção baixa a alta.gif","Abdômen/Core","Abdômen/Core","Academia","true","mapped","ID e mídia preservados"
"media_ff2e459624fd36724877","Wood chop no cabo de cima para baixo","Wood chop no cabo de cima para baixo","gifs/Exercícios sem marca d'água/Cabo vertical de alta a baixa torção.gif","gifs/Exercícios sem marca d'água/Cabo vertical de alta a baixa torção.gif","Abdômen/Core","Abdômen/Core","Academia","true","mapped","ID e mídia preservados"
