"id","nome","source_folder","tags_secundarias","quantidade_secundarias","status"
"media_77a5114257259044cd07","Abdominais com peso","C:\Users\bruno\Downloads\Exercicios renomeados\Abdominais com peso","Sem aparelhos | Casa","2","COM_SECUNDARIAS_NO_TXT"
"media_f075e92677cc4673279e","Abdominal ajoelhado na polia","C:\Users\bruno\Downloads\Exercicios renomeados\Abdominal ajoelhado na polia","Polia/Cabo | Academia","2","COM_SECUNDARIAS_NO_TXT"
"media_3a5e94dc465ccc26b77e","Abdominal bicicleta","C:\Users\bruno\Downloads\Exercicios renomeados\Abdominal bicicleta","Bicicleta | Academia","2","COM_SECUNDARIAS_NO_TXT"
"media_3d545b06480bf53339e9","Abdominal bicicleta com elástico","C:\Users\bruno\Downloads\Exercicios renomeados\Abdominal bicicleta com elástico","Elástico | Bicicleta | Academia","3","COM_SECUNDARIAS_NO_TXT"
"media_47fe930c4acb2b9d8c8f","Abdominal borboleta","C:\Users\bruno\Downloads\Exercicios renomeados\Abdominal borboleta","Sem aparelhos | Casa","2","COM_SECUNDARIAS_NO_TXT"
"media_a37a954213fb262d1eaf","Abdominal borboleta - variação 2","C:\Users\bruno\Downloads\Exercicios renomeados\Abdominal borboleta - variação 2","Sem aparelhos | Casa","2","COM_SECUNDARIAS_NO_TXT"
"media_e94b760d6d4baa0f694b","Abdominal canivete","C:\Users\bruno\Downloads\Exercicios renomeados\Abdominal canivete","Sem aparelhos | Casa","2","COM_SECUNDARIAS_NO_TXT"
"media_58c1d09f80ca964035e3","Abdominal canivete cruzado","C:\Users\bruno\Downloads\Exercicios renomeados\Abdominal canivete cruzado","Sem aparelhos | Casa","2","COM_SECUNDARIAS_NO_TXT"
"media_6945181e17155b7307ac","Abdominal com bola medicinal","C:\Users\bruno\Downloads\Exercicios renomeados\Abdominal com bola medicinal","Bola | Academia","2","COM_SECUNDARIAS_NO_TXT"
"media_bd387741514a5b94b4d6","Abdominal com braços estendidos","C:\Users\bruno\Downloads\Exercicios renomeados\Abdominal com braços estendidos","Sem aparelhos | Casa","2","COM_SECUNDARIAS_NO_TXT"
"media_5e06069d1747a3642390","Abdominal com joelhos ao peito deitado","C:\Users\bruno\Downloads\Exercicios renomeados\Abdominal com joelhos ao peito deitado","Sem aparelhos | Casa","2","COM_SECUNDARIAS_NO_TXT"
"media_84f3c348d0bd0de5889a","Abdominal com joelhos na bola suíça","C:\Users\bruno\Downloads\Exercicios renomeados\Abdominal com joelhos na bola suíça","Bola | Academia","2","COM_SECUNDARIAS_NO_TXT"
"media_df1298bc746a35c6e9cc","Abdominal com peso","C:\Users\bruno\Downloads\Exercicios renomeados\Abdominal com peso","Sem aparelhos | Casa","2","COM_SECUNDARIAS_NO_TXT"
"media_5959ba8a910cc4bd333e","Abdominal com roda","C:\Users\bruno\Downloads\Exercicios renomeados\Abdominal com roda","Sem aparelhos | Casa","2","COM_SECUNDARIAS_NO_TXT"
"media_268cab95eea048617e6e","Abdominal completo","C:\Users\bruno\Downloads\Exercicios renomeados\Abdominal completo","Sem aparelhos | Casa","2","COM_SECUNDARIAS_NO_TXT"
"media_ecdd3a34b2d3919cdb19","Abdominal cruzado","C:\Users\bruno\Downloads\Exercicios renomeados\Abdominal cruzado","Sem aparelhos | Casa","2","COM_SECUNDARIAS_NO_TXT"
"media_41eada67854ead35ddd5","Abdominal declinado","C:\Users\bruno\Downloads\Exercicios renomeados\Abdominal declinado","Banco | Academia","2","COM_SECUNDARIAS_NO_TXT"
"media_92cd324eddf81f9c7647","Abdominal em pé no cabo","C:\Users\bruno\Downloads\Exercicios renomeados\Abdominal em pé no cabo","Polia/Cabo | Academia","2","COM_SECUNDARIAS_NO_TXT"
"media_6ce369b6689dbf8a4a1e","Abdominal lateral na bola suíça com peso","C:\Users\bruno\Downloads\Exercicios renomeados\Abdominal lateral na bola suíça com peso","Bola | Academia","2","COM_SECUNDARIAS_NO_TXT"
"media_14d4dde1d41b863640bf","Abdominal lateral sentado","C:\Users\bruno\Downloads\Exercicios renomeados\Abdominal lateral sentado","Sem aparelhos | Casa","2","COM_SECUNDARIAS_NO_TXT"
"media_614eb5794d6c08c2ce86","Abdominal na máquina Ab Coaster","C:\Users\bruno\Downloads\Exercicios renomeados\Abdominal na máquina Ab Coaster","Máquina | Academia","2","COM_SECUNDARIAS_NO_TXT"
"media_2b8b21fdd1258627ca59","Abdominal no chão","C:\Users\bruno\Downloads\Exercicios renomeados\Abdominal no chão","Sem aparelhos | Casa","2","COM_SECUNDARIAS_NO_TXT"
"media_1bcfe6d58d2a42e3031e","Abdominal oblíquo no chão","C:\Users\bruno\Downloads\Exercicios renomeados\Abdominal oblíquo no chão","Sem aparelhos | Casa","2","COM_SECUNDARIAS_NO_TXT"
"media_4bf0f198cbc3fdac28da","Abdominal reverso","C:\Users\bruno\Downloads\Exercicios renomeados\Abdominal reverso","Sem aparelhos | Casa","2","COM_SECUNDARIAS_NO_TXT"
"media_0e463aeb4158497e2760","Abdominal sapo com bola suíça","C:\Users\bruno\Downloads\Exercicios renomeados\Abdominal sapo com bola suíça","Bola | Academia","2","COM_SECUNDARIAS_NO_TXT"
"media_cde3619970c8c5aa12cd","Abdominal sentado no banco com joelhos ao peito","C:\Users\bruno\Downloads\Exercicios renomeados\Abdominal sentado no banco com joelhos ao peito","Banco | Academia","2","COM_SECUNDARIAS_NO_TXT"
"media_90048a1103f0a4684dc6","Abdominal tradicional","C:\Users\bruno\Downloads\Exercicios renomeados\Abdominal tradicional","Sem aparelhos | Casa","2","COM_SECUNDARIAS_NO_TXT"
"media_be0a52168e8a76f693c9","Abdominal um quarto","C:\Users\bruno\Downloads\Exercicios renomeados\Abdominal um quarto","Sem aparelhos | Casa","2","COM_SECUNDARIAS_NO_TXT"
"media_5e580b9122697884ca0b","Abdominal V-up com bola suíça","C:\Users\bruno\Downloads\Exercicios renomeados\Abdominal V-up com bola suíça","Bola | Academia","2","COM_SECUNDARIAS_NO_TXT"
"media_77369d3e940283d271f4","Abdominal V-up com halteres","C:\Users\bruno\Downloads\Exercicios renomeados\Abdominal V-up com halteres","Halteres | Academia","2","COM_SECUNDARIAS_NO_TXT"
"media_31024f8c4102dcbeb163","Abdução de quadril deitado com elástico","C:\Users\bruno\Downloads\Exercicios renomeados\Abdução de quadril deitado com elástico","Elástico | Quadril | Academia","3","COM_SECUNDARIAS_NO_TXT"
"media_64712606087f7ed7e202","Abdução de quadril deitado com elástico - variação 2","C:\Users\bruno\Downloads\Exercicios renomeados\Abdução de quadril deitado com elástico - variação 2","Elástico | Quadril | Academia","3","COM_SECUNDARIAS_NO_TXT"
"media_93e74d3d0efd58646aee","Abdução de quadril em concha","C:\Users\bruno\Downloads\Exercicios renomeados\Abdução de quadril em concha","Quadril | Sem aparelhos | Casa","3","COM_SECUNDARIAS_NO_TXT"
"media_708ff7631e6dc8a55607","Abdução de quadril em concha com elástico","C:\Users\bruno\Downloads\Exercicios renomeados\Abdução de quadril em concha com elástico","Elástico | Quadril | Academia","3","COM_SECUNDARIAS_NO_TXT"
"media_3c4b654f94e7660ab52b","Abdução de quadril em pé","C:\Users\bruno\Downloads\Exercicios renomeados\Abdução de quadril em pé","Quadril | Sem aparelhos | Casa","3","COM_SECUNDARIAS_NO_TXT"
"media_b262a3787323c079228f","Abdução de quadril em pé na máquina","C:\Users\bruno\Downloads\Exercicios renomeados\Abdução de quadril em pé na máquina","Máquina | Quadril | Academia","3","COM_SECUNDARIAS_NO_TXT"
"media_447a9f38e00f1ea93d14","Abdução de quadril na máquina","C:\Users\bruno\Downloads\Exercicios renomeados\Abdução de quadril na máquina","Máquina | Quadril | Academia","3","COM_SECUNDARIAS_NO_TXT"
"media_12ac4d5b2a0e64e06f1e","Abdução de quadril por cabo","C:\Users\bruno\Downloads\Exercicios renomeados\Abdução de quadril por cabo","Polia/Cabo | Quadril | Academia","3","COM_SECUNDARIAS_NO_TXT"
"media_a22936611fd69af56158","Abdução de quadril sentado com elástico","C:\Users\bruno\Downloads\Exercicios renomeados\Abdução de quadril sentado com elástico","Elástico | Quadril | Academia","3","COM_SECUNDARIAS_NO_TXT"
"media_877fec69edcc64c77919","Abertura de ombros com elástico","C:\Users\bruno\Downloads\Exercicios renomeados\Abertura de ombros com elástico","Elástico | Academia","2","COM_SECUNDARIAS_NO_TXT"
"media_9f35291f6339ed5dd6bd","Abraços de joelho em pé","C:\Users\bruno\Downloads\Exercicios renomeados\Abraços de joelho em pé","Sem aparelhos | Casa","2","COM_SECUNDARIAS_NO_TXT"
"media_2ef552cd5c5cbf18f018","Adução de quadril na máquina","C:\Users\bruno\Downloads\Exercicios renomeados\Adução de quadril na máquina","Máquina | Academia","2","COM_SECUNDARIAS_NO_TXT"
"media_7cda2e76df3a35c0c190","Adução de quadril por cabo","C:\Users\bruno\Downloads\Exercicios renomeados\Adução de quadril por cabo","Polia/Cabo | Academia","2","COM_SECUNDARIAS_NO_TXT"
"media_a3383043964927e80f3b","Adução do quadril no lado na máquina","C:\Users\bruno\Downloads\Exercicios renomeados\Adução do quadril no lado na máquina","Máquina | Academia","2","COM_SECUNDARIAS_NO_TXT"
"media_ca835c3df03be9182c98","Afundo com elástico","C:\Users\bruno\Downloads\Exercicios renomeados\Afundo com elástico","Elástico | Glúteos | Academia","3","COM_SECUNDARIAS_NO_TXT"
"media_6d941a848eb91bc3b607","Agachamento ATG unilateral","C:\Users\bruno\Downloads\Exercicios renomeados\Agachamento ATG unilateral","Glúteos | Sem aparelhos | Casa","3","COM_SECUNDARIAS_NO_TXT"
"media_0171af930b5923a97fad","Agachamento búlgaro com barra","C:\Users\bruno\Downloads\Exercicios renomeados\Agachamento búlgaro com barra","Barra | Glúteos | Academia","3","COM_SECUNDARIAS_NO_TXT"
"media_7da8b8027fd4a8bddf1e","Agachamento búlgaro com halteres","C:\Users\bruno\Downloads\Exercicios renomeados\Agachamento búlgaro com halteres","Halteres | Glúteos | Academia","3","COM_SECUNDARIAS_NO_TXT"
"media_95d909e4b2fa7f05519b","Agachamento búlgaro com peso corporal","C:\Users\bruno\Downloads\Exercicios renomeados\Agachamento búlgaro com peso corporal","Glúteos | Sem aparelhos | Casa","3","COM_SECUNDARIAS_NO_TXT"
"media_894cb9ea70d6cc338c49","Agachamento búlgaro com salto","C:\Users\bruno\Downloads\Exercicios renomeados\Agachamento búlgaro com salto","Glúteos | Sem aparelhos | Casa","3","COM_SECUNDARIAS_NO_TXT"
"media_ca889a128e25892c02f4","Agachamento com barra","C:\Users\bruno\Downloads\Exercicios renomeados\Agachamento com barra","Barra | Glúteos | Academia","3","COM_SECUNDARIAS_NO_TXT"
"media_892279af90fc558ba61e","Agachamento com barra acima da cabeça","C:\Users\bruno\Downloads\Exercicios renomeados\Agachamento com barra acima da cabeça","Barra | Glúteos | Academia","3","COM_SECUNDARIAS_NO_TXT"
"media_777e48bfd6407d6d31b9","Agachamento com desenvolvimento landmine","C:\Users\bruno\Downloads\Exercicios renomeados\Agachamento com desenvolvimento landmine","Barra | Tríceps | Academia","3","COM_SECUNDARIAS_NO_TXT"
"media_ee37945b37f1c70954a5","Agachamento com elevação de panturrilhas","C:\Users\bruno\Downloads\Exercicios renomeados\Agachamento com elevação de panturrilhas","Sem aparelhos | Casa","2","COM_SECUNDARIAS_NO_TXT"
"media_70496d9ffaae3087b483","Agachamento com elástico e barra","C:\Users\bruno\Downloads\Exercicios renomeados\Agachamento com elástico e barra","Elástico | Glúteos | Academia","3","COM_SECUNDARIAS_NO_TXT"
"media_2aa40389276b9b58f83f","Agachamento com salto","C:\Users\bruno\Downloads\Exercicios renomeados\Agachamento com salto","Glúteos | Sem aparelhos | Casa","3","COM_SECUNDARIAS_NO_TXT"
"media_5e86e9246ef52954ff49","Agachamento com salto com halteres","C:\Users\bruno\Downloads\Exercicios renomeados\Agachamento com salto com halteres","Halteres | Glúteos | Academia","3","COM_SECUNDARIAS_NO_TXT"
"media_c331bce709f4bc3ca5f3","Agachamento com salto partindo de joelhos","C:\Users\bruno\Downloads\Exercicios renomeados\Agachamento com salto partindo de joelhos","Glúteos | Sem aparelhos | Casa","3","COM_SECUNDARIAS_NO_TXT"
"media_6d2d5f55988dfe0c0214","Agachamento cossaco","C:\Users\bruno\Downloads\Exercicios renomeados\Agachamento cossaco","Glúteos | Sem aparelhos | Casa","3","COM_SECUNDARIAS_NO_TXT"
"media_515f470fc5893566f881","Agachamento dividido sem peso","C:\Users\bruno\Downloads\Exercicios renomeados\Agachamento dividido sem peso","Glúteos | Sem aparelhos | Casa","3","COM_SECUNDARIAS_NO_TXT"
"media_68a2a250a1a499f0708a","Agachamento em reverência","C:\Users\bruno\Downloads\Exercicios renomeados\Agachamento em reverência","Glúteos | Sem aparelhos | Casa","3","COM_SECUNDARIAS_NO_TXT"
"media_e494852cbe69f732e2e7","Agachamento frontal","C:\Users\bruno\Downloads\Exercicios renomeados\Agachamento frontal","Glúteos | Sem aparelhos | Casa","3","COM_SECUNDARIAS_NO_TXT"
"media_4e6468a658481a45541b","Agachamento frontal com barra","C:\Users\bruno\Downloads\Exercicios renomeados\Agachamento frontal com barra","Barra | Glúteos | Academia","3","COM_SECUNDARIAS_NO_TXT"
"media_56a5fda36c7e7ab49164","Agachamento frontal com cabo","C:\Users\bruno\Downloads\Exercicios renomeados\Agachamento frontal com cabo","Polia/Cabo | Glúteos | Academia","3","COM_SECUNDARIAS_NO_TXT"
"media_e832b002bf2c8fbbf70b","Agachamento goblet com kettlebell","C:\Users\bruno\Downloads\Exercicios renomeados\Agachamento goblet com kettlebell","Kettlebell | Glúteos | Academia","3","COM_SECUNDARIAS_NO_TXT"
"media_3d65500f975cea8c0c21","Agachamento hack reverso","C:\Users\bruno\Downloads\Exercicios renomeados\Agachamento hack reverso","Máquina | Glúteos | Academia","3","COM_SECUNDARIAS_NO_TXT"
"media_ebcddffdd8c7d3e7f722","Agachamento livre com barra","C:\Users\bruno\Downloads\Exercicios renomeados\Agachamento livre com barra","Barra | Glúteos | Academia","3","COM_SECUNDARIAS_NO_TXT"
"media_7b0e8fc780db53bb8e4e","Agachamento livre sem peso","C:\Users\bruno\Downloads\Exercicios renomeados\Agachamento livre sem peso","Glúteos | Sem aparelhos | Casa","3","COM_SECUNDARIAS_NO_TXT"
"media_a056a94c9c19680f162c","Agachamento na máquina abdutora","C:\Users\bruno\Downloads\Exercicios renomeados\Agachamento na máquina abdutora","Máquina | Glúteos | Academia","3","COM_SECUNDARIAS_NO_TXT"
"media_9605731aec37f2b0f208","Agachamento na máquina hack","C:\Users\bruno\Downloads\Exercicios renomeados\Agachamento na máquina hack","Máquina | Glúteos | Academia","3","COM_SECUNDARIAS_NO_TXT"
"media_cad4be862aaecd57b990","Agachamento na parede com bola de exercício","C:\Users\bruno\Downloads\Exercicios renomeados\Agachamento na parede com bola de exercício","Bola | Glúteos | Academia","3","COM_SECUNDARIAS_NO_TXT"
"media_7f224944c0ef0196a5fd","Agachamento pistola","C:\Users\bruno\Downloads\Exercicios renomeados\Agachamento pistola","Glúteos | Sem aparelhos | Casa","3","COM_SECUNDARIAS_NO_TXT"
"media_0d5e4d939eca8975cffc","Agachamento pistola com kettlebell","C:\Users\bruno\Downloads\Exercicios renomeados\Agachamento pistola com kettlebell","Kettlebell | Glúteos | Academia","3","COM_SECUNDARIAS_NO_TXT"
"media_c9d5570b6dd94fde6c56","Agachamento sumô com barra","C:\Users\bruno\Downloads\Exercicios renomeados\Agachamento sumô com barra","Barra | Glúteos | Academia","3","COM_SECUNDARIAS_NO_TXT"
"media_3511fc464b06ab0e6070","Agachamento sumô com halteres","C:\Users\bruno\Downloads\Exercicios renomeados\Agachamento sumô com halteres","Halteres | Glúteos | Academia","3","COM_SECUNDARIAS_NO_TXT"
"media_2bf4c5e258eebff75145","Agachamento sumô com peso corporal","C:\Users\bruno\Downloads\Exercicios renomeados\Agachamento sumô com peso corporal","Glúteos | Sem aparelhos | Casa","3","COM_SECUNDARIAS_NO_TXT"
"media_c0f396dd1380f9d316e9","Agachamento sumô plie com halteres","C:\Users\bruno\Downloads\Exercicios renomeados\Agachamento sumô plie com halteres","Halteres | Glúteos | Academia","3","COM_SECUNDARIAS_NO_TXT"
"media_096aae1b6a146e36ec0d","Agachamento unilateral com barra","C:\Users\bruno\Downloads\Exercicios renomeados\Agachamento unilateral com barra","Barra | Glúteos | Academia","3","COM_SECUNDARIAS_NO_TXT"
"media_326320dc04f739a6c90f","Agachamento unilateral havaiano","C:\Users\bruno\Downloads\Exercicios renomeados\Agachamento unilateral havaiano","Glúteos | Sem aparelhos | Casa","3","COM_SECUNDARIAS_NO_TXT"
"media_f8658e3fafcfdca558b3","Agachamento zercher","C:\Users\bruno\Downloads\Exercicios renomeados\Agachamento zercher","Glúteos | Sem aparelhos | Casa","3","COM_SECUNDARIAS_NO_TXT"
"media_6bf40676c7cb302219df","Alongamento 90 - 90 de quadril","C:\Users\bruno\Downloads\Exercicios renomeados\Alongamento 90 - 90 de quadril","Quadril | Sem aparelhos | Casa","3","COM_SECUNDARIAS_NO_TXT"
"media_2d42a663cf24cc405e8f","Alongamento abdominal cobra","C:\Users\bruno\Downloads\Exercicios renomeados\Alongamento abdominal cobra","Costas | Sem aparelhos | Casa","3","COM_SECUNDARIAS_NO_TXT"
"media_51fc03ea72a0314d40ea","Alongamento borboleta (Titli Asana)","C:\Users\bruno\Downloads\Exercicios renomeados\Alongamento borboleta (Titli Asana)","Sem aparelhos | Casa","2","COM_SECUNDARIAS_NO_TXT"
"media_84a6acfcf58fa2c04389","Alongamento da esfinge","C:\Users\bruno\Downloads\Exercicios renomeados\Alongamento da esfinge","Costas | Sem aparelhos | Casa","3","COM_SECUNDARIAS_NO_TXT"
"media_e78fb8ed022e365f8f18","Alongamento da panturrilha com perna esticada","C:\Users\bruno\Downloads\Exercicios renomeados\Alongamento da panturrilha com perna esticada","Panturrilhas | Sem aparelhos | Casa","3","COM_SECUNDARIAS_NO_TXT"
"media_9ee4109771b82167ecef","Alongamento da panturrilha gastrocnêmio em pé","C:\Users\bruno\Downloads\Exercicios renomeados\Alongamento da panturrilha gastrocnêmio em pé","Panturrilhas | Sem aparelhos | Casa","3","COM_SECUNDARIAS_NO_TXT"
"media_d409fcb8ac2ec18ef41d","Alongamento da panturrilha no calcanhar agachado","C:\Users\bruno\Downloads\Exercicios renomeados\Alongamento da panturrilha no calcanhar agachado","Panturrilhas | Sem aparelhos | Casa","3","COM_SECUNDARIAS_NO_TXT"
"media_a74a732d7be0d059f8c8","Alongamento da parte superior das costas","C:\Users\bruno\Downloads\Exercicios renomeados\Alongamento da parte superior das costas","Costas | Sem aparelhos | Casa","3","COM_SECUNDARIAS_NO_TXT"
"media_733bb0db68a94c59f2d6","Alongamento de avanço lateral","C:\Users\bruno\Downloads\Exercicios renomeados\Alongamento de avanço lateral","Sem aparelhos | Casa","2","COM_SECUNDARIAS_NO_TXT"
"media_069490aef71bfee26e23","Alongamento de dorsais com apoio","C:\Users\bruno\Downloads\Exercicios renomeados\Alongamento de dorsais com apoio","Costas | Sem aparelhos | Casa","3","COM_SECUNDARIAS_NO_TXT"
"media_77c1a1aeb7bf8e3867ab","Alongamento de glúteo deitado","C:\Users\bruno\Downloads\Exercicios renomeados\Alongamento de glúteo deitado","Sem aparelhos | Casa","2","COM_SECUNDARIAS_NO_TXT"
"media_4b9ebfd31f7b8294bd49","Alongamento de isquiotibiais em pé","C:\Users\bruno\Downloads\Exercicios renomeados\Alongamento de isquiotibiais em pé","Posterior de coxa | Sem aparelhos | Casa","3","COM_SECUNDARIAS_NO_TXT"
"media_63abed8d4214a8b702ee","Alongamento de isquiotibiais sentado","C:\Users\bruno\Downloads\Exercicios renomeados\Alongamento de isquiotibiais sentado","Posterior de coxa | Sem aparelhos | Casa","3","COM_SECUNDARIAS_NO_TXT"
"media_f33c86c14c05899e86b2","Alongamento de ombro cruzado","C:\Users\bruno\Downloads\Exercicios renomeados\Alongamento de ombro cruzado","Ombros | Sem aparelhos | Casa","3","COM_SECUNDARIAS_NO_TXT"
"media_3081929e8ef6e2570cb3","Alongamento de ombro reverso em pé","C:\Users\bruno\Downloads\Exercicios renomeados\Alongamento de ombro reverso em pé","Ombros | Sem aparelhos | Casa","3","COM_SECUNDARIAS_NO_TXT"
"media_e850e7bb3e5aa35e6f58","Alongamento de ombros com toalha","C:\Users\bruno\Downloads\Exercicios renomeados\Alongamento de ombros com toalha","Ombros | Sem aparelhos | Casa","3","COM_SECUNDARIAS_NO_TXT"
"media_18eef06f9ff2235dac03","Alongamento de panturrilha com calcanhar único","C:\Users\bruno\Downloads\Exercicios renomeados\Alongamento de panturrilha com calcanhar único","Panturrilhas | Sem aparelhos | Casa","3","COM_SECUNDARIAS_NO_TXT"
"media_fa68e8b147ab3b2a7d5c","Alongamento de panturrilha com corda","C:\Users\bruno\Downloads\Exercicios renomeados\Alongamento de panturrilha com corda","Panturrilhas | Corda | Casa","3","COM_SECUNDARIAS_NO_TXT"
"media_962fb047af792dc9727a","Alongamento de panturrilha com perna reta sentada","C:\Users\bruno\Downloads\Exercicios renomeados\Alongamento de panturrilha com perna reta sentada","Panturrilhas | Sem aparelhos | Casa","3","COM_SECUNDARIAS_NO_TXT"
"media_b325bd4d91efaadde4b3","Alongamento de panturrilha em pé","C:\Users\bruno\Downloads\Exercicios renomeados\Alongamento de panturrilha em pé","Panturrilhas | Sem aparelhos | Casa","3","COM_SECUNDARIAS_NO_TXT"
"media_86a65791f399768f3c20","Alongamento de panturrilhas de uma perna","C:\Users\bruno\Downloads\Exercicios renomeados\Alongamento de panturrilhas de uma perna","Panturrilhas | Sem aparelhos | Casa","3","COM_SECUNDARIAS_NO_TXT"
"media_4fd8033a2364b86bf6b9","Alongamento de peito com rolo de espuma","C:\Users\bruno\Downloads\Exercicios renomeados\Alongamento de peito com rolo de espuma","Peito | Rolo de espuma | Casa","3","COM_SECUNDARIAS_NO_TXT"
"media_525840eaa771d451882a","Alongamento de peito e ombros na porta","C:\Users\bruno\Downloads\Exercicios renomeados\Alongamento de peito e ombros na porta","Peito | Sem aparelhos | Casa","3","COM_SECUNDARIAS_NO_TXT"
"media_ef337b52a24ab70e2ec3","Alongamento de posteriores da coxa em pé com pernas cruzadas","C:\Users\bruno\Downloads\Exercicios renomeados\Alongamento de posteriores da coxa em pé com pernas cruzadas","Posterior de coxa | Sem aparelhos | Casa","3","COM_SECUNDARIAS_NO_TXT"
"media_ce67570dcf58ea2e0c9a","Alongamento de quadríceps em pé","C:\Users\bruno\Downloads\Exercicios renomeados\Alongamento de quadríceps em pé","Quadríceps | Sem aparelhos | Casa","3","COM_SECUNDARIAS_NO_TXT"
"media_fd7ed87266d6be137151","Alongamento de quadríceps em quatro apoios","C:\Users\bruno\Downloads\Exercicios renomeados\Alongamento de quadríceps em quatro apoios","Quadríceps | Sem aparelhos | Casa","3","COM_SECUNDARIAS_NO_TXT"
"media_223c0014c13e1924d31a","Alongamento de rotação do pescoço","C:\Users\bruno\Downloads\Exercicios renomeados\Alongamento de rotação do pescoço","Pescoço | Sem aparelhos | Casa","3","COM_SECUNDARIAS_NO_TXT"
"media_4a48934603494434bc8e","Marcha com joelhos altos","C:\Users\bruno\Downloads\Exercicios renomeados\Marcha com joelhos altos","Sem aparelhos | Casa | Corpo inteiro","3","COM_SECUNDARIAS_NO_TXT"
"media_e3130a9859e3efff8cb1","Alongamento do adutor com a perna ajoelhada","C:\Users\bruno\Downloads\Exercicios renomeados\Alongamento do adutor com a perna ajoelhada","Quadril | Sem aparelhos | Casa","3","COM_SECUNDARIAS_NO_TXT"
"media_6b8fa1f903247b9bfb21","Alongamento do adutor da parte interna da coxa com rolo de espuma","C:\Users\bruno\Downloads\Exercicios renomeados\Alongamento do adutor da parte interna da coxa com rolo de espuma","Quadril | Rolo de espuma | Casa","3","COM_SECUNDARIAS_NO_TXT"
"media_d449d7a95bef268c3a9d","Alongamento do flexor do quadril ajoelhado","C:\Users\bruno\Downloads\Exercicios renomeados\Alongamento do flexor do quadril ajoelhado","Quadril | Sem aparelhos | Casa","3","COM_SECUNDARIAS_NO_TXT"
"media_5750a2410bf433e054fa","Alongamento do peito acima da cabeça","C:\Users\bruno\Downloads\Exercicios renomeados\Alongamento do peito acima da cabeça","Peito | Sem aparelhos | Casa","3","COM_SECUNDARIAS_NO_TXT"
"media_33b254fa7eae33e2a8ad","Alongamento do peito e da frente dos ombros","C:\Users\bruno\Downloads\Exercicios renomeados\Alongamento do peito e da frente dos ombros","Peito | Sem aparelhos | Casa","3","COM_SECUNDARIAS_NO_TXT"
"media_0fafa9f029bf477acc49","Alongamento do peito sentado","C:\Users\bruno\Downloads\Exercicios renomeados\Alongamento do peito sentado","Peito | Sem aparelhos | Casa","3","COM_SECUNDARIAS_NO_TXT"
"media_c39b59d3b9d12e3254e8","Alongamento do pescoço ajoelhado","C:\Users\bruno\Downloads\Exercicios renomeados\Alongamento do pescoço ajoelhado","Pescoço | Sem aparelhos | Casa","3","COM_SECUNDARIAS_NO_TXT"
"media_ea4f183f87b329b3a411","Alongamento do pescoço na frente e atrás","C:\Users\bruno\Downloads\Exercicios renomeados\Alongamento do pescoço na frente e atrás","Pescoço | Sem aparelhos | Casa","3","COM_SECUNDARIAS_NO_TXT"
"media_2fc0502c80257e98f426","Alongamento do piriforme","C:\Users\bruno\Downloads\Exercicios renomeados\Alongamento do piriforme","Quadril | Sem aparelhos | Casa","3","COM_SECUNDARIAS_NO_TXT"
"media_4dac9766556a2e464739","Alongamento do tendão de Aquiles em pé","C:\Users\bruno\Downloads\Exercicios renomeados\Alongamento do tendão de Aquiles em pé","Panturrilhas | Sem aparelhos | Casa","3","COM_SECUNDARIAS_NO_TXT"
"media_c24b01e0f50883f56a8a","Alongamento dos ombros atrás das costas","C:\Users\bruno\Downloads\Exercicios renomeados\Alongamento dos ombros atrás das costas","Ombros | Sem aparelhos | Casa","3","COM_SECUNDARIAS_NO_TXT"
"media_9ce678ccdfeff4acb415","Alongamento em pé com alcance e rotação para trás","C:\Users\bruno\Downloads\Exercicios renomeados\Alongamento em pé com alcance e rotação para trás","Sem aparelhos | Casa","2","COM_SECUNDARIAS_NO_TXT"
"media_b6864eaa37b80ae20eba","Alongamento em pé tocando os pés","C:\Users\bruno\Downloads\Exercicios renomeados\Alongamento em pé tocando os pés","Sem aparelhos | Casa","2","COM_SECUNDARIAS_NO_TXT"
"media_ad719ebeceb808ae7eea","Alongamento estático de panturrilhas","C:\Users\bruno\Downloads\Exercicios renomeados\Alongamento estático de panturrilhas","Panturrilhas | Sem aparelhos | Casa","3","COM_SECUNDARIAS_NO_TXT"
"media_6cbbd42be5def6236f4b","Alongamento extensor do dedo do pé","C:\Users\bruno\Downloads\Exercicios renomeados\Alongamento extensor do dedo do pé","Sem aparelhos | Casa","2","COM_SECUNDARIAS_NO_TXT"
"media_956517a5c3aa0aba04f1","Alongamento flexor do dedo do pé em pé","C:\Users\bruno\Downloads\Exercicios renomeados\Alongamento flexor do dedo do pé em pé","Sem aparelhos | Casa","2","COM_SECUNDARIAS_NO_TXT"
"media_3a09d04944073caef961","Alongamento lateral da parte interna da coxa","C:\Users\bruno\Downloads\Exercicios renomeados\Alongamento lateral da parte interna da coxa","Quadril | Sem aparelhos | Casa","3","COM_SECUNDARIAS_NO_TXT"
"media_201128c301ab020b75df","Alongamento lateral do pescoço","C:\Users\bruno\Downloads\Exercicios renomeados\Alongamento lateral do pescoço","Pescoço | Sem aparelhos | Casa","3","COM_SECUNDARIAS_NO_TXT"
"media_c0dd18c5ef0348c03d7c","Alongamento lateral do pescoço - Variação 2","C:\Users\bruno\Downloads\Exercicios renomeados\Alongamento lateral do pescoço - Variação 2","Pescoço | Sem aparelhos | Casa","3","COM_SECUNDARIAS_NO_TXT"
"media_a3699b5d616ee8a4ec23","Alongamento reverso assistido do ombro","C:\Users\bruno\Downloads\Exercicios renomeados\Alongamento reverso assistido do ombro","Ombros | Sem aparelhos | Casa","3","COM_SECUNDARIAS_NO_TXT"
"media_91996788bbd747cbd849","Alongamento tibial posterior","C:\Users\bruno\Downloads\Exercicios renomeados\Alongamento tibial posterior","Posterior de coxa | Sem aparelhos | Casa","3","COM_SECUNDARIAS_NO_TXT"
"media_f280c8c04f5592d91d0c","Alongamentos de pés e tornozelos","C:\Users\bruno\Downloads\Exercicios renomeados\Alongamentos de pés e tornozelos","Sem aparelhos | Casa","2","COM_SECUNDARIAS_NO_TXT"
"media_929dbf0966bac4decf20","Alpinista","C:\Users\bruno\Downloads\Exercicios renomeados\Alpinista","Sem aparelhos | Casa | Corpo inteiro","3","COM_SECUNDARIAS_NO_TXT"
"media_20bd9b31cd9a576fe4e3","Alpinista de corpo cruzado","C:\Users\bruno\Downloads\Exercicios renomeados\Alpinista de corpo cruzado","Sem aparelhos | Casa | Corpo inteiro","3","COM_SECUNDARIAS_NO_TXT"
"media_51f5eea1ada583f04619","Alpinista em pé","C:\Users\bruno\Downloads\Exercicios renomeados\Alpinista em pé","Sem aparelhos | Casa | Corpo inteiro","3","COM_SECUNDARIAS_NO_TXT"
"media_0227c6e50f6b9aeb5d1b","Alto ajoelhado com kettlebell press com um braço","C:\Users\bruno\Downloads\Exercicios renomeados\Alto ajoelhado com kettlebell press com um braço","Kettlebell | Academia","2","COM_SECUNDARIAS_NO_TXT"
"media_1a0d6f86c3515ea14bbe","Andando","C:\Users\bruno\Downloads\Exercicios renomeados\Andando","Sem aparelhos | Casa | Corpo inteiro","3","COM_SECUNDARIAS_NO_TXT"
"media_3d963b58748b84a8a442","Andar de bicicleta ao ar livre","C:\Users\bruno\Downloads\Exercicios renomeados\Andar de bicicleta ao ar livre","Bicicleta | Ao ar livre | Corpo inteiro","3","COM_SECUNDARIAS_NO_TXT"
"media_ccb1fd166f2e8e1aa341","Arnold Press de braço único","C:\Users\bruno\Downloads\Exercicios renomeados\Arnold Press de braço único","Tríceps | Sem aparelhos | Casa","3","COM_SECUNDARIAS_NO_TXT"
"media_8cc384160eac3a942fc8","Arranco de kettlebell com um braço","C:\Users\bruno\Downloads\Exercicios renomeados\Arranco de kettlebell com um braço","Kettlebell | Academia","2","COM_SECUNDARIAS_NO_TXT"
"media_7b48e5dca9b70ed59f00","Arranco dividido com kettlebell","C:\Users\bruno\Downloads\Exercicios renomeados\Arranco dividido com kettlebell","Kettlebell | Academia","2","COM_SECUNDARIAS_NO_TXT"
"media_ae61da474b9ee3a2ac51","Arremesso de bola medicinal acima da cabeça","C:\Users\bruno\Downloads\Exercicios renomeados\Arremesso de bola medicinal acima da cabeça","Bola | Academia","2","COM_SECUNDARIAS_NO_TXT"
"media_a98e9cff7f458ee7a006","Arremesso de bola medicinal para trás","C:\Users\bruno\Downloads\Exercicios renomeados\Arremesso de bola medicinal para trás","Bola | Academia","2","COM_SECUNDARIAS_NO_TXT"
"media_8aa125b54d1d807fd825","Arremesso rotacional de bola medicinal","C:\Users\bruno\Downloads\Exercicios renomeados\Arremesso rotacional de bola medicinal","Bola | Academia","2","COM_SECUNDARIAS_NO_TXT"
"media_bf33024434d126cbcd82","Avanço caminhando com joelho alto","C:\Users\bruno\Downloads\Exercicios renomeados\Avanço caminhando com joelho alto","Sem aparelhos | Casa | Corpo inteiro","3","COM_SECUNDARIAS_NO_TXT"
"media_86056df84075f61cb215","Avanço com barra","C:\Users\bruno\Downloads\Exercicios renomeados\Avanço com barra","Barra | Glúteos | Academia","3","COM_SECUNDARIAS_NO_TXT"
"media_b9bc429a3370c748bafe","Avanço com halteres","C:\Users\bruno\Downloads\Exercicios renomeados\Avanço com halteres","Halteres | Glúteos | Academia","3","COM_SECUNDARIAS_NO_TXT"
"media_f02a9ae17df06819456e","Avanço de joelho alto na bola bosu","C:\Users\bruno\Downloads\Exercicios renomeados\Avanço de joelho alto na bola bosu","Bola | Glúteos | Academia","3","COM_SECUNDARIAS_NO_TXT"
"media_4197b976e29959797fdb","Avanço em reverência com halter","C:\Users\bruno\Downloads\Exercicios renomeados\Avanço em reverência com halter","Halteres | Glúteos | Academia","3","COM_SECUNDARIAS_NO_TXT"
"media_5275ca8b97493acce857","Avanço estático","C:\Users\bruno\Downloads\Exercicios renomeados\Avanço estático","Glúteos | Sem aparelhos | Casa","3","COM_SECUNDARIAS_NO_TXT"
"media_d14666c2a55e1afe6f7a","Avanço lateral com barra","C:\Users\bruno\Downloads\Exercicios renomeados\Avanço lateral com barra","Barra | Glúteos | Academia","3","COM_SECUNDARIAS_NO_TXT"
"media_84aadc1a87a366a3aa9f","Avanço reverso","C:\Users\bruno\Downloads\Exercicios renomeados\Avanço reverso","Glúteos | Sem aparelhos | Casa","3","COM_SECUNDARIAS_NO_TXT"
"media_4adb2d380ec63f7847db","Avanço reverso com elevação do joelho","C:\Users\bruno\Downloads\Exercicios renomeados\Avanço reverso com elevação do joelho","Glúteos | Sem aparelhos | Casa","3","COM_SECUNDARIAS_NO_TXT"
"media_184795bc4d3432403a0c","Avanço reverso com halteres","C:\Users\bruno\Downloads\Exercicios renomeados\Avanço reverso com halteres","Halteres | Glúteos | Academia","3","COM_SECUNDARIAS_NO_TXT"
"media_44ecad2e6834f3d1b08d","Avanço reverso com halteres em déficit","C:\Users\bruno\Downloads\Exercicios renomeados\Avanço reverso com halteres em déficit","Halteres | Glúteos | Academia","3","COM_SECUNDARIAS_NO_TXT"
"media_b8fc63947f73d93e8737","Avanço à frente no cabo","C:\Users\bruno\Downloads\Exercicios renomeados\Avanço à frente no cabo","Polia/Cabo | Glúteos | Academia","3","COM_SECUNDARIAS_NO_TXT"
"media_758e4621a53bd9bc2df1","Balanço de braços para trás","C:\Users\bruno\Downloads\Exercicios renomeados\Balanço de braços para trás","Sem aparelhos | Casa","2","COM_SECUNDARIAS_NO_TXT"
"media_9834555f768c1fa8c02f","Balanço de kettlebell com um braço","C:\Users\bruno\Downloads\Exercicios renomeados\Balanço de kettlebell com um braço","Kettlebell | Academia","2","COM_SECUNDARIAS_NO_TXT"
"media_153169d5090bfdd3451b","Balanços de kettlebell","C:\Users\bruno\Downloads\Exercicios renomeados\Balanços de kettlebell","Kettlebell | Academia","2","COM_SECUNDARIAS_NO_TXT"
"media_b8bab8072533376065df","Bandeira do dragão","C:\Users\bruno\Downloads\Exercicios renomeados\Bandeira do dragão","Sem aparelhos | Casa","2","COM_SECUNDARIAS_NO_TXT"
"media_1ea4d467d2d1b8a2d59f","Bandeira humana","C:\Users\bruno\Downloads\Exercicios renomeados\Bandeira humana","Sem aparelhos | Casa","2","COM_SECUNDARIAS_NO_TXT"
"media_4dcab7ef8bb64971834a","Barra fixa atrás da nuca","C:\Users\bruno\Downloads\Exercicios renomeados\Barra fixa atrás da nuca","Barra fixa | Bíceps | Academia","3","COM_SECUNDARIAS_NO_TXT"
"media_81c324bef463f603edca","Barra fixa com salto","C:\Users\bruno\Downloads\Exercicios renomeados\Barra fixa com salto","Barra fixa | Bíceps | Academia","3","COM_SECUNDARIAS_NO_TXT"
"media_026655e8cc00bf1edc17","Barra fixa pronada","C:\Users\bruno\Downloads\Exercicios renomeados\Barra fixa pronada","Barra fixa | Bíceps | Academia","3","COM_SECUNDARIAS_NO_TXT"
"media_e4603b1fcd8afe8294ed","Barra fixa supinada","C:\Users\bruno\Downloads\Exercicios renomeados\Barra fixa supinada","Barra fixa | Bíceps | Academia","3","COM_SECUNDARIAS_NO_TXT"
"media_787d2b7f30c21b05a6ba","Bear crawl","C:\Users\bruno\Downloads\Exercicios renomeados\Bear crawl","Cardio | Sem aparelhos | Casa","3","COM_SECUNDARIAS_NO_TXT"
"media_ef407b9761897c2cc114","Bicicleta ergométrica","C:\Users\bruno\Downloads\Exercicios renomeados\Bicicleta ergométrica","Máquina | Bicicleta | Academia","3","COM_SECUNDARIAS_NO_TXT"
"media_094d9361de1ff3d5ebbc","Bicicleta ergométrica de braços","C:\Users\bruno\Downloads\Exercicios renomeados\Bicicleta ergométrica de braços","Máquina | Bicicleta | Academia","3","COM_SECUNDARIAS_NO_TXT"
"media_266d8394c72b60e51234","Bird dog","C:\Users\bruno\Downloads\Exercicios renomeados\Bird dog","Sem aparelhos | Casa","2","COM_SECUNDARIAS_NO_TXT"
"media_bb12c5fa78c5b89ff897","Bom dia","C:\Users\bruno\Downloads\Exercicios renomeados\Bom dia","Glúteos | Sem aparelhos | Casa","3","COM_SECUNDARIAS_NO_TXT"
"media_52802d407ef264232c75","Bom dia na máquina Smith","C:\Users\bruno\Downloads\Exercicios renomeados\Bom dia na máquina Smith","Máquina | Glúteos | Academia","3","COM_SECUNDARIAS_NO_TXT"
"media_5f7be5b8e1ab3409cde4","Burpee jack","C:\Users\bruno\Downloads\Exercicios renomeados\Burpee jack","Cardio | Sem aparelhos | Casa","3","COM_SECUNDARIAS_NO_TXT"
"media_65f8cbd1c7beb95fc70a","Burpee Navy Seal","C:\Users\bruno\Downloads\Exercicios renomeados\Burpee Navy Seal","Cardio | Sem aparelhos | Casa","3","COM_SECUNDARIAS_NO_TXT"
"media_a9a26a95177d7762092b","Burpees","C:\Users\bruno\Downloads\Exercicios renomeados\Burpees","Cardio | Sem aparelhos | Casa","3","COM_SECUNDARIAS_NO_TXT"
"media_6ce342104be997857bfc","Burpees com halteres","C:\Users\bruno\Downloads\Exercicios renomeados\Burpees com halteres","Halteres | Cardio | Academia","3","COM_SECUNDARIAS_NO_TXT"
"media_6cc08b72e9f06a9ed4b7","Caminhada do fazendeiro","C:\Users\bruno\Downloads\Exercicios renomeados\Caminhada do fazendeiro","Sem aparelhos | Ao ar livre | Corpo inteiro","3","COM_SECUNDARIAS_NO_TXT"
"media_8373beec51ab2caef14a","Caminhada do pato","C:\Users\bruno\Downloads\Exercicios renomeados\Caminhada do pato","Sem aparelhos | Ao ar livre | Corpo inteiro","3","COM_SECUNDARIAS_NO_TXT"
"media_ee0c42be9fa8cb27a654","Caminhada em elástico","C:\Users\bruno\Downloads\Exercicios renomeados\Caminhada em elástico","Elástico | Ao ar livre | Corpo inteiro","3","COM_SECUNDARIAS_NO_TXT"
"media_ff9175ec64940dc28d4c","Caminhada lateral com elástico de resistência","C:\Users\bruno\Downloads\Exercicios renomeados\Caminhada lateral com elástico de resistência","Elástico | Ao ar livre | Corpo inteiro","3","COM_SECUNDARIAS_NO_TXT"
"media_8fbf02503a0ce648bcc4","Caminhada na máquina Wave","C:\Users\bruno\Downloads\Exercicios renomeados\Caminhada na máquina Wave","Máquina | Ao ar livre | Corpo inteiro","3","COM_SECUNDARIAS_NO_TXT"
"media_01d5b490f9b6cfaf4b1e","Caminhando rapidamente","C:\Users\bruno\Downloads\Exercicios renomeados\Caminhando rapidamente","Sem aparelhos | Casa | Corpo inteiro","3","COM_SECUNDARIAS_NO_TXT"
"media_e1bd6d4568646d6011ba","Chute alternado de pernas no banco","C:\Users\bruno\Downloads\Exercicios renomeados\Chute alternado de pernas no banco","Banco | Academia","2","COM_SECUNDARIAS_NO_TXT"
"media_a881870a637a1f10623d","Chute de gancho","C:\Users\bruno\Downloads\Exercicios renomeados\Chute de gancho","Sem aparelhos | Casa | Corpo inteiro","3","COM_SECUNDARIAS_NO_TXT"
"media_9c6b0ae30ab6f670f146","Clean and jerk com kettlebell","C:\Users\bruno\Downloads\Exercicios renomeados\Clean and jerk com kettlebell","Kettlebell | Academia","2","COM_SECUNDARIAS_NO_TXT"
"media_de5f68cb66debc8557fd","Clean and jerk com kettlebell - variação 2","C:\Users\bruno\Downloads\Exercicios renomeados\Clean and jerk com kettlebell - variação 2","Kettlebell | Academia","2","COM_SECUNDARIAS_NO_TXT"
"media_c1fdc05bd91fda763646","Clean and press com barra","C:\Users\bruno\Downloads\Exercicios renomeados\Clean and press com barra","Barra | Academia","2","COM_SECUNDARIAS_NO_TXT"
"media_632ab616e0f5d154bb11","Coice de burro de cabo","C:\Users\bruno\Downloads\Exercicios renomeados\Coice de burro de cabo","Polia/Cabo | Academia","2","COM_SECUNDARIAS_NO_TXT"
"media_a1737e5447fc1402669c","Coice de glúteo ajoelhado com elástico","C:\Users\bruno\Downloads\Exercicios renomeados\Coice de glúteo ajoelhado com elástico","Elástico | Academia","2","COM_SECUNDARIAS_NO_TXT"
"media_7a768bbd1c5351e7e603","Coice de glúteo com elástico","C:\Users\bruno\Downloads\Exercicios renomeados\Coice de glúteo com elástico","Elástico | Academia","2","COM_SECUNDARIAS_NO_TXT"
"media_c0e21e2b6be9b55d1243","Coice de glúteo em pé com elástico","C:\Users\bruno\Downloads\Exercicios renomeados\Coice de glúteo em pé com elástico","Elástico | Academia","2","COM_SECUNDARIAS_NO_TXT"
"media_6430871bfe3d73304ab3","Coice de glúteo em pé na máquina","C:\Users\bruno\Downloads\Exercicios renomeados\Coice de glúteo em pé na máquina","Máquina | Academia","2","COM_SECUNDARIAS_NO_TXT"
"media_5744c108e7b61ac95f38","Coice de glúteo em quatro apoios","C:\Users\bruno\Downloads\Exercicios renomeados\Coice de glúteo em quatro apoios","Sem aparelhos | Casa","2","COM_SECUNDARIAS_NO_TXT"
"media_5aeab25fa0bcb0dd6bd4","Coice de glúteo na máquina","C:\Users\bruno\Downloads\Exercicios renomeados\Coice de glúteo na máquina","Máquina | Academia","2","COM_SECUNDARIAS_NO_TXT"
"media_483617efe2b329d2853a","Coice de glúteo na máquina de extensão de perna","C:\Users\bruno\Downloads\Exercicios renomeados\Coice de glúteo na máquina de extensão de perna","Máquina | Academia","2","COM_SECUNDARIAS_NO_TXT"
"media_35efed0c97abbf98d75e","Coice de glúteo na máquina de ferreiro","C:\Users\bruno\Downloads\Exercicios renomeados\Coice de glúteo na máquina de ferreiro","Máquina | Academia","2","COM_SECUNDARIAS_NO_TXT"
"media_5eb24948448fca1620ba","Coice de glúteos com elástico","C:\Users\bruno\Downloads\Exercicios renomeados\Coice de glúteos com elástico","Elástico | Academia","2","COM_SECUNDARIAS_NO_TXT"
"media_535db44790309f2be456","Coice de tríceps com halter","C:\Users\bruno\Downloads\Exercicios renomeados\Coice de tríceps com halter","Halteres | Academia","2","COM_SECUNDARIAS_NO_TXT"
"media_54fdda4a4b95c1c43f3b","Coice reverso da máquina smith","C:\Users\bruno\Downloads\Exercicios renomeados\Coice reverso da máquina smith","Máquina | Academia","2","COM_SECUNDARIAS_NO_TXT"
"media_c9d8fac2c181276fe967","Contragolpe de perna reta","C:\Users\bruno\Downloads\Exercicios renomeados\Contragolpe de perna reta","Sem aparelhos | Casa","2","COM_SECUNDARIAS_NO_TXT"
"media_4e0edb0fb757e3dccb18","Correndo","C:\Users\bruno\Downloads\Exercicios renomeados\Correndo","Sem aparelhos | Casa","2","COM_SECUNDARIAS_NO_TXT"
"media_e5dfc0e56ee2d29a9a27","Correr no lugar","C:\Users\bruno\Downloads\Exercicios renomeados\Correr no lugar","Sem aparelhos | Casa | Corpo inteiro","3","COM_SECUNDARIAS_NO_TXT"
"media_123d87b625e01bafaffe","Corrida com calcanhar no glúteo","C:\Users\bruno\Downloads\Exercicios renomeados\Corrida com calcanhar no glúteo","Sem aparelhos | Ao ar livre | Corpo inteiro","3","COM_SECUNDARIAS_NO_TXT"
"media_26f7d8e5eb41c2d4250f","Corrida com levantamento de joelhos altos","C:\Users\bruno\Downloads\Exercicios renomeados\Corrida com levantamento de joelhos altos","Sem aparelhos | Ao ar livre | Corpo inteiro","3","COM_SECUNDARIAS_NO_TXT"
"media_caaf3d5f4899b2e92455","Corrida com mudança de direção","C:\Users\bruno\Downloads\Exercicios renomeados\Corrida com mudança de direção","Sem aparelhos | Ao ar livre | Corpo inteiro","3","COM_SECUNDARIAS_NO_TXT"
"media_2f20cf12e525daf6416e","Corrida com mudança de direção - variação 2","C:\Users\bruno\Downloads\Exercicios renomeados\Corrida com mudança de direção - variação 2","Sem aparelhos | Ao ar livre | Corpo inteiro","3","COM_SECUNDARIAS_NO_TXT"
"media_56b89e088a455dfe8341","Corrida curta","C:\Users\bruno\Downloads\Exercicios renomeados\Corrida curta","Sem aparelhos | Ao ar livre | Corpo inteiro","3","COM_SECUNDARIAS_NO_TXT"
"media_2044b0318cce8dca700b","Corrida de joelho alto","C:\Users\bruno\Downloads\Exercicios renomeados\Corrida de joelho alto","Sem aparelhos | Ao ar livre | Corpo inteiro","3","COM_SECUNDARIAS_NO_TXT"
"media_16183aa3b50710307bfe","Corrida de joelhos altos na parede","C:\Users\bruno\Downloads\Exercicios renomeados\Corrida de joelhos altos na parede","Sem aparelhos | Ao ar livre | Corpo inteiro","3","COM_SECUNDARIAS_NO_TXT"
"media_3928553c4d86d92e9341","Corrida de pés rápidos","C:\Users\bruno\Downloads\Exercicios renomeados\Corrida de pés rápidos","Sem aparelhos | Ao ar livre | Corpo inteiro","3","COM_SECUNDARIAS_NO_TXT"
"media_dffc9594df3044c0cd33","Corrida de velocista assistida por elástico","C:\Users\bruno\Downloads\Exercicios renomeados\Corrida de velocista assistida por elástico","Elástico | Ao ar livre | Corpo inteiro","3","COM_SECUNDARIAS_NO_TXT"
"media_7a6a8c28181f8a019c18","Corrida no Assault AirRunner","C:\Users\bruno\Downloads\Exercicios renomeados\Corrida no Assault AirRunner","Máquina | Esteira | Ao ar livre","3","COM_SECUNDARIAS_NO_TXT"
"media_2b54121a04e8f357f3fb","Corrida para trás","C:\Users\bruno\Downloads\Exercicios renomeados\Corrida para trás","Sem aparelhos | Ao ar livre | Corpo inteiro","3","COM_SECUNDARIAS_NO_TXT"
"media_a7846d305c2dc974d864","Cotovelo ao joelho em pé","C:\Users\bruno\Downloads\Exercicios renomeados\Cotovelo ao joelho em pé","Sem aparelhos | Casa","2","COM_SECUNDARIAS_NO_TXT"
"media_e1c9b1636d26d992ee66","Cross de direita no boxe","C:\Users\bruno\Downloads\Exercicios renomeados\Cross de direita no boxe","Sem aparelhos | Casa | Corpo inteiro","3","COM_SECUNDARIAS_NO_TXT"
"media_a039cbf545245860086e","Crossover na polia alta","C:\Users\bruno\Downloads\Exercicios renomeados\Crossover na polia alta","Polia/Cabo | Ombros | Academia","3","COM_SECUNDARIAS_NO_TXT"
"media_2338c709ba8a04c9256a","Crossover na polia baixa","C:\Users\bruno\Downloads\Exercicios renomeados\Crossover na polia baixa","Polia/Cabo | Ombros | Academia","3","COM_SECUNDARIAS_NO_TXT"
"media_48796bd36d11070af498","Crossover no cabo","C:\Users\bruno\Downloads\Exercicios renomeados\Crossover no cabo","Polia/Cabo | Ombros | Academia","3","COM_SECUNDARIAS_NO_TXT"
"media_ac48f6a2218e2fee2ec1","Crossover no cabo de baixo para cima","C:\Users\bruno\Downloads\Exercicios renomeados\Crossover no cabo de baixo para cima","Polia/Cabo | Ombros | Academia","3","COM_SECUNDARIAS_NO_TXT"
"media_01d7455df44bf9211b8a","Crossover unilateral no cabo","C:\Users\bruno\Downloads\Exercicios renomeados\Crossover unilateral no cabo","Polia/Cabo | Ombros | Academia","3","COM_SECUNDARIAS_NO_TXT"
"media_2093cb48e0d0fc3f80c9","Crucifixo ascendente com halteres","C:\Users\bruno\Downloads\Exercicios renomeados\Crucifixo ascendente com halteres","Halteres | Ombros | Academia","3","COM_SECUNDARIAS_NO_TXT"
"media_dd27c4821b3134f73d2e","Crucifixo com halteres","C:\Users\bruno\Downloads\Exercicios renomeados\Crucifixo com halteres","Halteres | Ombros | Academia","3","COM_SECUNDARIAS_NO_TXT"
"media_32efff8a44da2bda6a3c","Crucifixo declinado com halteres","C:\Users\bruno\Downloads\Exercicios renomeados\Crucifixo declinado com halteres","Halteres | Banco | Ombros","3","COM_SECUNDARIAS_NO_TXT"
"media_63d7633c7ba75c100473","Crucifixo declinado no cabo","C:\Users\bruno\Downloads\Exercicios renomeados\Crucifixo declinado no cabo","Polia/Cabo | Banco | Ombros","3","COM_SECUNDARIAS_NO_TXT"
"media_004d0341c40b57d75378","Crucifixo deitado no cabo","C:\Users\bruno\Downloads\Exercicios renomeados\Crucifixo deitado no cabo","Polia/Cabo | Ombros | Academia","3","COM_SECUNDARIAS_NO_TXT"
"media_53d541e6d9d4a311dca8","Crucifixo inclinado alternado com elástico","C:\Users\bruno\Downloads\Exercicios renomeados\Crucifixo inclinado alternado com elástico","Elástico | Banco | Ombros","3","COM_SECUNDARIAS_NO_TXT"
"media_2c6aecde2c95ce11e1f1","Crucifixo inclinado com halteres","C:\Users\bruno\Downloads\Exercicios renomeados\Crucifixo inclinado com halteres","Halteres | Banco | Ombros","3","COM_SECUNDARIAS_NO_TXT"
"media_255c8274bb07b4c98a54","Crucifixo inclinado no cabo","C:\Users\bruno\Downloads\Exercicios renomeados\Crucifixo inclinado no cabo","Polia/Cabo | Banco | Ombros","3","COM_SECUNDARIAS_NO_TXT"
"media_c97dcc5db2496e206217","Crucifixo inverso com elástico","C:\Users\bruno\Downloads\Exercicios renomeados\Crucifixo inverso com elástico","Elástico | Academia","2","COM_SECUNDARIAS_NO_TXT"
"media_f67ee999bfd92c19abed","Crucifixo inverso com halteres","C:\Users\bruno\Downloads\Exercicios renomeados\Crucifixo inverso com halteres","Halteres | Academia","2","COM_SECUNDARIAS_NO_TXT"
"media_1445d3b8069de7fdea0d","Crucifixo inverso curvado no cabo","C:\Users\bruno\Downloads\Exercicios renomeados\Crucifixo inverso curvado no cabo","Polia/Cabo | Academia","2","COM_SECUNDARIAS_NO_TXT"
"media_af9c1c99fc50e5aaf97e","Crucifixo inverso deitado no cabo","C:\Users\bruno\Downloads\Exercicios renomeados\Crucifixo inverso deitado no cabo","Polia/Cabo | Academia","2","COM_SECUNDARIAS_NO_TXT"
"media_3662cab0479c91c94a18","Crucifixo inverso na máquina","C:\Users\bruno\Downloads\Exercicios renomeados\Crucifixo inverso na máquina","Máquina | Academia","2","COM_SECUNDARIAS_NO_TXT"
"media_00291dd66ebf0d854707","Crucifixo inverso no cabo","C:\Users\bruno\Downloads\Exercicios renomeados\Crucifixo inverso no cabo","Polia/Cabo | Academia","2","COM_SECUNDARIAS_NO_TXT"
"media_4869c65d56b41321ed21","Crucifixo na máquina","C:\Users\bruno\Downloads\Exercicios renomeados\Crucifixo na máquina","Máquina | Ombros | Academia","3","COM_SECUNDARIAS_NO_TXT"
"media_1d89a5ababf594223173","Crucifixo no peck deck","C:\Users\bruno\Downloads\Exercicios renomeados\Crucifixo no peck deck","Máquina | Ombros | Academia","3","COM_SECUNDARIAS_NO_TXT"
"media_01bec319901abd9600f1","Crucifixo unilateral declinado no cabo","C:\Users\bruno\Downloads\Exercicios renomeados\Crucifixo unilateral declinado no cabo","Polia/Cabo | Banco | Ombros","3","COM_SECUNDARIAS_NO_TXT"
"media_41da759efb2c7a9bcaf4","Crunch com elevação da perna","C:\Users\bruno\Downloads\Exercicios renomeados\Crunch com elevação da perna","Sem aparelhos | Casa","2","COM_SECUNDARIAS_NO_TXT"
"media_689629e11f014249d919","Crunch com joelhos elevados","C:\Users\bruno\Downloads\Exercicios renomeados\Crunch com joelhos elevados","Sem aparelhos | Casa","2","COM_SECUNDARIAS_NO_TXT"
"media_ccd352815ced24e4f303","Cruz de ferro com halteres","C:\Users\bruno\Downloads\Exercicios renomeados\Cruz de ferro com halteres","Halteres | Academia","2","COM_SECUNDARIAS_NO_TXT"
"media_f114a46b8a4e119f875b","Círculo com um braço","C:\Users\bruno\Downloads\Exercicios renomeados\Círculo com um braço","Sem aparelhos | Casa","2","COM_SECUNDARIAS_NO_TXT"
"media_f151c8d0af26673a8358","Círculos com os braços","C:\Users\bruno\Downloads\Exercicios renomeados\Círculos com os braços","Sem aparelhos | Casa","2","COM_SECUNDARIAS_NO_TXT"
"media_3c20bf7d10405945bec4","Dead bug","C:\Users\bruno\Downloads\Exercicios renomeados\Dead bug","Sem aparelhos | Casa","2","COM_SECUNDARIAS_NO_TXT"
"media_2aa3a12a2f26138e1fd1","Dead bug com braços elevados","C:\Users\bruno\Downloads\Exercicios renomeados\Dead bug com braços elevados","Sem aparelhos | Casa","2","COM_SECUNDARIAS_NO_TXT"
"media_ca799fce1a672240b906","Dedos dos pés na barra","C:\Users\bruno\Downloads\Exercicios renomeados\Dedos dos pés na barra","Barra fixa | Academia","2","COM_SECUNDARIAS_NO_TXT"
"media_51b178e5a9acf9aa2c1f","Desenvolvimento alternado com barra EZ","C:\Users\bruno\Downloads\Exercicios renomeados\Desenvolvimento alternado com barra EZ","Barra | Tríceps | Academia","3","COM_SECUNDARIAS_NO_TXT"
"media_f86a0c1ca1e275ae71f5","Desenvolvimento alternado com halteres em pé","C:\Users\bruno\Downloads\Exercicios renomeados\Desenvolvimento alternado com halteres em pé","Halteres | Tríceps | Academia","3","COM_SECUNDARIAS_NO_TXT"
"media_b5a9f739d2b6ef4a3158","Desenvolvimento atrás da nuca na máquina Smith","C:\Users\bruno\Downloads\Exercicios renomeados\Desenvolvimento atrás da nuca na máquina Smith","Máquina | Tríceps | Academia","3","COM_SECUNDARIAS_NO_TXT"
"media_30a01fe445607e39f555","Desenvolvimento com barra sentado","C:\Users\bruno\Downloads\Exercicios renomeados\Desenvolvimento com barra sentado","Barra | Tríceps | Academia","3","COM_SECUNDARIAS_NO_TXT"
"media_35ef171dc96ee35d9b54","Desenvolvimento com halteres em pé e pegada neutra","C:\Users\bruno\Downloads\Exercicios renomeados\Desenvolvimento com halteres em pé e pegada neutra","Halteres | Academia","2","COM_SECUNDARIAS_NO_TXT"
"media_6aa923654afbc439e9c8","Desenvolvimento cubano com halteres","C:\Users\bruno\Downloads\Exercicios renomeados\Desenvolvimento cubano com halteres","Halteres | Tríceps | Academia","3","COM_SECUNDARIAS_NO_TXT"
"media_6920eb862729677485cc","Desenvolvimento cubano sentado com halteres","C:\Users\bruno\Downloads\Exercicios renomeados\Desenvolvimento cubano sentado com halteres","Halteres | Tríceps | Academia","3","COM_SECUNDARIAS_NO_TXT"
"media_1b375112a6411791ed79","Desenvolvimento de ombros com halteres","C:\Users\bruno\Downloads\Exercicios renomeados\Desenvolvimento de ombros com halteres","Halteres | Tríceps | Academia","3","COM_SECUNDARIAS_NO_TXT"
"media_ee803fd0d91256fbefab","Desenvolvimento de ombros com kettlebell","C:\Users\bruno\Downloads\Exercicios renomeados\Desenvolvimento de ombros com kettlebell","Kettlebell | Tríceps | Academia","3","COM_SECUNDARIAS_NO_TXT"
"media_7ac5e41df5763c80b9a8","Desenvolvimento de ombros deitado com halteres","C:\Users\bruno\Downloads\Exercicios renomeados\Desenvolvimento de ombros deitado com halteres","Halteres | Tríceps | Academia","3","COM_SECUNDARIAS_NO_TXT"
"media_a95f3ff19f05a71e5615","Desenvolvimento de ombros na máquina","C:\Users\bruno\Downloads\Exercicios renomeados\Desenvolvimento de ombros na máquina","Máquina | Tríceps | Academia","3","COM_SECUNDARIAS_NO_TXT"
"media_0ac5c9d784c783160f44","Desenvolvimento de ombros no cabo","C:\Users\bruno\Downloads\Exercicios renomeados\Desenvolvimento de ombros no cabo","Polia/Cabo | Tríceps | Academia","3","COM_SECUNDARIAS_NO_TXT"
"media_0fa6a4086f89b6f9293a","Desenvolvimento de ombros sentado com elástico","C:\Users\bruno\Downloads\Exercicios renomeados\Desenvolvimento de ombros sentado com elástico","Elástico | Tríceps | Academia","3","COM_SECUNDARIAS_NO_TXT"
"media_ddd2efe7106b48b467c7","Desenvolvimento em pé na máquina Smith","C:\Users\bruno\Downloads\Exercicios renomeados\Desenvolvimento em pé na máquina Smith","Máquina | Tríceps | Academia","3","COM_SECUNDARIAS_NO_TXT"
"media_0ed092ea7050d420c5a4","Desenvolvimento militar com barra","C:\Users\bruno\Downloads\Exercicios renomeados\Desenvolvimento militar com barra","Barra | Tríceps | Academia","3","COM_SECUNDARIAS_NO_TXT"
"media_c4290788a9ffb48813ba","Desenvolvimento militar com barra e pegada aberta","C:\Users\bruno\Downloads\Exercicios renomeados\Desenvolvimento militar com barra e pegada aberta","Barra | Academia","2","COM_SECUNDARIAS_NO_TXT"
"media_fdd43b649392ecc5a0df","Desenvolvimento militar com barra e pegada fechada","C:\Users\bruno\Downloads\Exercicios renomeados\Desenvolvimento militar com barra e pegada fechada","Barra | Academia","2","COM_SECUNDARIAS_NO_TXT"
"media_9159aaf9f8ea4c751688","Desenvolvimento militar com peso corporal","C:\Users\bruno\Downloads\Exercicios renomeados\Desenvolvimento militar com peso corporal","Tríceps | Sem aparelhos | Casa","3","COM_SECUNDARIAS_NO_TXT"
"media_875c99e8b3e6d98b52d2","Desenvolvimento militar unilateral com kettlebell","C:\Users\bruno\Downloads\Exercicios renomeados\Desenvolvimento militar unilateral com kettlebell","Kettlebell | Tríceps | Academia","3","COM_SECUNDARIAS_NO_TXT"
"media_f3521a52d7e97e142563","Desenvolvimento reverso na máquina","C:\Users\bruno\Downloads\Exercicios renomeados\Desenvolvimento reverso na máquina","Máquina | Tríceps | Academia","3","COM_SECUNDARIAS_NO_TXT"
"media_dd3a9b1f538e608ab930","Desenvolvimento sentado na máquina Smith","C:\Users\bruno\Downloads\Exercicios renomeados\Desenvolvimento sentado na máquina Smith","Máquina | Tríceps | Academia","3","COM_SECUNDARIAS_NO_TXT"
"media_567d99cfd1563c0f103f","Desenvolvimento unilateral com halter","C:\Users\bruno\Downloads\Exercicios renomeados\Desenvolvimento unilateral com halter","Halteres | Tríceps | Academia","3","COM_SECUNDARIAS_NO_TXT"
"media_2ae985efb10a10094052","Desenvolvimento unilateral de ombro com elástico","C:\Users\bruno\Downloads\Exercicios renomeados\Desenvolvimento unilateral de ombro com elástico","Elástico | Tríceps | Academia","3","COM_SECUNDARIAS_NO_TXT"
"media_892aad96d0a368e7d063","Desenvolvimento W com halteres","C:\Users\bruno\Downloads\Exercicios renomeados\Desenvolvimento W com halteres","Halteres | Tríceps | Academia","3","COM_SECUNDARIAS_NO_TXT"
"media_50782b1a6d64ae8cb4bb","Deslizamento de braços na parede","C:\Users\bruno\Downloads\Exercicios renomeados\Deslizamento de braços na parede","Sem aparelhos | Casa","2","COM_SECUNDARIAS_NO_TXT"
"media_faa90e79037e01eb2306","Deslocamento lateral com toque no chão","C:\Users\bruno\Downloads\Exercicios renomeados\Deslocamento lateral com toque no chão","Sem aparelhos | Casa","2","COM_SECUNDARIAS_NO_TXT"
"media_4766cf26a589ad5f1760","Devil press com halteres","C:\Users\bruno\Downloads\Exercicios renomeados\Devil press com halteres","Halteres | Academia","2","COM_SECUNDARIAS_NO_TXT"
"media_91d713ba2261458d84a8","Double Leg Stretch (Pilates)","C:\Users\bruno\Downloads\Exercicios renomeados\Double Leg Stretch (Pilates)","Sem aparelhos | Casa","2","COM_SECUNDARIAS_NO_TXT"
"media_b9be3a9f6b7d1e541cf3","Drill em I de agilidade","C:\Users\bruno\Downloads\Exercicios renomeados\Drill em I de agilidade","Sem aparelhos | Casa | Corpo inteiro","3","COM_SECUNDARIAS_NO_TXT"
"media_fac37bf08d5307c24903","Drill pliométrico de agilidade","C:\Users\bruno\Downloads\Exercicios renomeados\Drill pliométrico de agilidade","Sem aparelhos | Casa | Corpo inteiro","3","COM_SECUNDARIAS_NO_TXT"
"media_b19f404ad8b36f775b70","Elevação alternada de pernas deitado","C:\Users\bruno\Downloads\Exercicios renomeados\Elevação alternada de pernas deitado","Sem aparelhos | Casa","2","COM_SECUNDARIAS_NO_TXT"
"media_52b33c4b8230a24ec13d","Elevação da ponta dos pés (dorsiflexão)","C:\Users\bruno\Downloads\Exercicios renomeados\Elevação da ponta dos pés (dorsiflexão)","Sem aparelhos | Casa","2","COM_SECUNDARIAS_NO_TXT"
"media_e13090b7ee903a21369e","Elevação de braços na parede","C:\Users\bruno\Downloads\Exercicios renomeados\Elevação de braços na parede","Sem aparelhos | Casa","2","COM_SECUNDARIAS_NO_TXT"
"media_3d0a7039d00a5ef74406","Elevação de joelhos deitado","C:\Users\bruno\Downloads\Exercicios renomeados\Elevação de joelhos deitado","Sem aparelhos | Casa","2","COM_SECUNDARIAS_NO_TXT"
"media_8a917e29aeae65cf1f97","Elevação de joelhos suspenso","C:\Users\bruno\Downloads\Exercicios renomeados\Elevação de joelhos suspenso","Barra fixa | Academia","2","COM_SECUNDARIAS_NO_TXT"
"media_6e6af6cfb5007391dcb0","Elevação de ombros em 4 direções com halteres","C:\Users\bruno\Downloads\Exercicios renomeados\Elevação de ombros em 4 direções com halteres","Halteres | Academia","2","COM_SECUNDARIAS_NO_TXT"
"media_9908e3495013d3bad276","Elevação de ombros em 6 direções com halteres","C:\Users\bruno\Downloads\Exercicios renomeados\Elevação de ombros em 6 direções com halteres","Halteres | Academia","2","COM_SECUNDARIAS_NO_TXT"
"media_b7118e82164991f2b2af","Elevação de panturrilhas com elástico","C:\Users\bruno\Downloads\Exercicios renomeados\Elevação de panturrilhas com elástico","Elástico | Academia","2","COM_SECUNDARIAS_NO_TXT"
"media_17863675884105ecf008","Elevação de panturrilhas com halteres","C:\Users\bruno\Downloads\Exercicios renomeados\Elevação de panturrilhas com halteres","Halteres | Academia","2","COM_SECUNDARIAS_NO_TXT"
"media_c31bfce4b46b8c5aa9d7","Elevação de panturrilhas donkey","C:\Users\bruno\Downloads\Exercicios renomeados\Elevação de panturrilhas donkey","Sem aparelhos | Casa","2","COM_SECUNDARIAS_NO_TXT"
"media_03e61dea448efa9198c6","Elevação de panturrilhas donkey com peso","C:\Users\bruno\Downloads\Exercicios renomeados\Elevação de panturrilhas donkey com peso","Sem aparelhos | Casa","2","COM_SECUNDARIAS_NO_TXT"
"media_777383e359c11c5f51ad","Elevação de panturrilhas donkey na máquina","C:\Users\bruno\Downloads\Exercicios renomeados\Elevação de panturrilhas donkey na máquina","Máquina | Academia","2","COM_SECUNDARIAS_NO_TXT"
"media_fc2d4a88893c9883e217","Elevação de panturrilhas em pé","C:\Users\bruno\Downloads\Exercicios renomeados\Elevação de panturrilhas em pé","Sem aparelhos | Casa","2","COM_SECUNDARIAS_NO_TXT"
"media_0e75df0d48644ddb1bba","Elevação de panturrilhas em pé com barra","C:\Users\bruno\Downloads\Exercicios renomeados\Elevação de panturrilhas em pé com barra","Barra | Academia","2","COM_SECUNDARIAS_NO_TXT"
"media_936ed88ed436afac77fa","Elevação de panturrilhas em pé na máquina","C:\Users\bruno\Downloads\Exercicios renomeados\Elevação de panturrilhas em pé na máquina","Máquina | Academia","2","COM_SECUNDARIAS_NO_TXT"
"media_e337530bc1a2c2d5307f","Elevação de panturrilhas na máquina hack","C:\Users\bruno\Downloads\Exercicios renomeados\Elevação de panturrilhas na máquina hack","Máquina | Academia","2","COM_SECUNDARIAS_NO_TXT"
"media_e33ff75c8986a659aa70","Elevação de panturrilhas sentado com barra","C:\Users\bruno\Downloads\Exercicios renomeados\Elevação de panturrilhas sentado com barra","Barra | Academia","2","COM_SECUNDARIAS_NO_TXT"
"media_b73851a943f54a8cace9","Elevação de panturrilhas sentado com peso","C:\Users\bruno\Downloads\Exercicios renomeados\Elevação de panturrilhas sentado com peso","Sem aparelhos | Casa","2","COM_SECUNDARIAS_NO_TXT"
"media_af3e0f272de587555d9d","Elevação de perna em prancha","C:\Users\bruno\Downloads\Exercicios renomeados\Elevação de perna em prancha","Sem aparelhos | Casa","2","COM_SECUNDARIAS_NO_TXT"
"media_e565c87218f343cc8f24","Elevação de perna em pé na máquina","C:\Users\bruno\Downloads\Exercicios renomeados\Elevação de perna em pé na máquina","Máquina | Academia","2","COM_SECUNDARIAS_NO_TXT"
"media_36b306c17c825c4dcc54","Elevação de perna na prancha lateral","C:\Users\bruno\Downloads\Exercicios renomeados\Elevação de perna na prancha lateral","Sem aparelhos | Casa","2","COM_SECUNDARIAS_NO_TXT"
"media_eb8a95c08f066f266c77","Elevação de pernas deitado","C:\Users\bruno\Downloads\Exercicios renomeados\Elevação de pernas deitado","Sem aparelhos | Casa","2","COM_SECUNDARIAS_NO_TXT"
"media_b3c8449518084ebf4224","Elevação de pernas e quadril no banco inclinado","C:\Users\bruno\Downloads\Exercicios renomeados\Elevação de pernas e quadril no banco inclinado","Banco | Academia","2","COM_SECUNDARIAS_NO_TXT"
"media_97452559c6b8d2c0322f","Elevação de pernas na cadeira romana","C:\Users\bruno\Downloads\Exercicios renomeados\Elevação de pernas na cadeira romana","Sem aparelhos | Casa","2","COM_SECUNDARIAS_NO_TXT"
"media_f73ab2ae583e3173f577","Elevação de quadril deitado com elástico","C:\Users\bruno\Downloads\Exercicios renomeados\Elevação de quadril deitado com elástico","Elástico | Academia","2","COM_SECUNDARIAS_NO_TXT"
"media_2ab7c051830a5ab0096d","Elevação frontal alternada com halteres","C:\Users\bruno\Downloads\Exercicios renomeados\Elevação frontal alternada com halteres","Halteres | Academia","2","COM_SECUNDARIAS_NO_TXT"
"media_b359e324cf2d1c78b261","Elevação frontal apoiada no banco com halteres","C:\Users\bruno\Downloads\Exercicios renomeados\Elevação frontal apoiada no banco com halteres","Halteres | Banco | Academia","3","COM_SECUNDARIAS_NO_TXT"
"media_b6b95c22f809905250d0","Elevação frontal com anilha","C:\Users\bruno\Downloads\Exercicios renomeados\Elevação frontal com anilha","Anilhas | Academia","2","COM_SECUNDARIAS_NO_TXT"
"media_886ba7e6278a3f07a237","Elevação frontal com barra","C:\Users\bruno\Downloads\Exercicios renomeados\Elevação frontal com barra","Barra | Academia","2","COM_SECUNDARIAS_NO_TXT"
"media_a7872048d9895c8e58d2","Elevação frontal com barra e rotação","C:\Users\bruno\Downloads\Exercicios renomeados\Elevação frontal com barra e rotação","Barra | Academia","2","COM_SECUNDARIAS_NO_TXT"
"media_00dc19505218d6bdd7af","Elevação frontal com cabo de dois braços","C:\Users\bruno\Downloads\Exercicios renomeados\Elevação frontal com cabo de dois braços","Polia/Cabo | Academia","2","COM_SECUNDARIAS_NO_TXT"
"media_a6955b3d6b5ae7108c52","Elevação frontal com cabo duplo","C:\Users\bruno\Downloads\Exercicios renomeados\Elevação frontal com cabo duplo","Polia/Cabo | Academia","2","COM_SECUNDARIAS_NO_TXT"
"media_acc5dd489702819108a8","Elevação frontal com halteres","C:\Users\bruno\Downloads\Exercicios renomeados\Elevação frontal com halteres","Halteres | Academia","2","COM_SECUNDARIAS_NO_TXT"
"media_1656b852dc13177aea31","Elevação frontal com halteres de dois braços","C:\Users\bruno\Downloads\Exercicios renomeados\Elevação frontal com halteres de dois braços","Halteres | Academia","2","COM_SECUNDARIAS_NO_TXT"
"media_006aaaa8382e13e34653","Elevação frontal com halteres sentado","C:\Users\bruno\Downloads\Exercicios renomeados\Elevação frontal com halteres sentado","Halteres | Academia","2","COM_SECUNDARIAS_NO_TXT"
"media_198dc751bdde6f796202","Elevação frontal do cabo","C:\Users\bruno\Downloads\Exercicios renomeados\Elevação frontal do cabo","Polia/Cabo | Academia","2","COM_SECUNDARIAS_NO_TXT"
"media_f505add36b8c84820ceb","Elevação lateral com cabo de dois braços","C:\Users\bruno\Downloads\Exercicios renomeados\Elevação lateral com cabo de dois braços","Polia/Cabo | Academia","2","COM_SECUNDARIAS_NO_TXT"
"media_c6ce58984b229dd1a1f7","Elevação lateral com halteres","C:\Users\bruno\Downloads\Exercicios renomeados\Elevação lateral com halteres","Halteres | Academia","2","COM_SECUNDARIAS_NO_TXT"
"media_f45022d04b6f2ee24494","Elevação lateral com halteres para frente","C:\Users\bruno\Downloads\Exercicios renomeados\Elevação lateral com halteres para frente","Halteres | Academia","2","COM_SECUNDARIAS_NO_TXT"
"media_f36c497ac228ac596cdd","Elevação lateral curvado com halteres","C:\Users\bruno\Downloads\Exercicios renomeados\Elevação lateral curvado com halteres","Halteres | Academia","2","COM_SECUNDARIAS_NO_TXT"
"media_8bbd95b346b1ae81af32","Elevação lateral de braços sem peso","C:\Users\bruno\Downloads\Exercicios renomeados\Elevação lateral de braços sem peso","Sem aparelhos | Casa","2","COM_SECUNDARIAS_NO_TXT"
"media_4054aba26c9c9342e8d4","Elevação lateral de landmine","C:\Users\bruno\Downloads\Exercicios renomeados\Elevação lateral de landmine","Barra | Academia","2","COM_SECUNDARIAS_NO_TXT"
"media_154903db657da1f6344a","Elevação lateral deltóide traseiro com halteres","C:\Users\bruno\Downloads\Exercicios renomeados\Elevação lateral deltóide traseiro com halteres","Halteres | Academia","2","COM_SECUNDARIAS_NO_TXT"
"media_7ce93fbe567716b3cc79","Elevação lateral do braço dobrado","C:\Users\bruno\Downloads\Exercicios renomeados\Elevação lateral do braço dobrado","Sem aparelhos | Casa","2","COM_SECUNDARIAS_NO_TXT"
"media_2a8aec42b9a334f70e80","Elevação lateral do cabo","C:\Users\bruno\Downloads\Exercicios renomeados\Elevação lateral do cabo","Polia/Cabo | Academia","2","COM_SECUNDARIAS_NO_TXT"
"media_3d1a52a202a870041808","Elevação lateral do cabo inclinado","C:\Users\bruno\Downloads\Exercicios renomeados\Elevação lateral do cabo inclinado","Polia/Cabo | Banco | Academia","3","COM_SECUNDARIAS_NO_TXT"
"media_03b9755779d3c5440a8b","Elevação lateral inclinada com halteres","C:\Users\bruno\Downloads\Exercicios renomeados\Elevação lateral inclinada com halteres","Halteres | Academia","2","COM_SECUNDARIAS_NO_TXT"
"media_21761ea8609e3a78358d","Elevação lateral inclinado com haltere de braço único","C:\Users\bruno\Downloads\Exercicios renomeados\Elevação lateral inclinado com haltere de braço único","Halteres | Banco | Academia","3","COM_SECUNDARIAS_NO_TXT"
"media_24e4a6315b1cf32fe07d","Elevação lateral na máquina","C:\Users\bruno\Downloads\Exercicios renomeados\Elevação lateral na máquina","Máquina | Academia","2","COM_SECUNDARIAS_NO_TXT"
"media_1f3bc8ced33e2ad9012e","Elevação lateral na máquina - variação 2","C:\Users\bruno\Downloads\Exercicios renomeados\Elevação lateral na máquina - variação 2","Máquina | Academia","2","COM_SECUNDARIAS_NO_TXT"
"media_ffdf98f90480af67b8d0","Elevação lateral traseira com halteres sentado","C:\Users\bruno\Downloads\Exercicios renomeados\Elevação lateral traseira com halteres sentado","Halteres | Academia","2","COM_SECUNDARIAS_NO_TXT"
"media_d67bcf20520a5f1ea0f6","Elevação lateral unilateral curvado no cabo","C:\Users\bruno\Downloads\Exercicios renomeados\Elevação lateral unilateral curvado no cabo","Polia/Cabo | Academia","2","COM_SECUNDARIAS_NO_TXT"
"media_d0ef9c1ae8bd3cbe7a83","Elevação no plano escapular com halteres","C:\Users\bruno\Downloads\Exercicios renomeados\Elevação no plano escapular com halteres","Halteres | Academia","2","COM_SECUNDARIAS_NO_TXT"
"media_8180b15d38850ea9f14b","Elevação posterior apoiado no banco com halteres","C:\Users\bruno\Downloads\Exercicios renomeados\Elevação posterior apoiado no banco com halteres","Halteres | Banco | Academia","3","COM_SECUNDARIAS_NO_TXT"
"media_47a5d17aa48c815f7e8c","Elevação posterior com barra","C:\Users\bruno\Downloads\Exercicios renomeados\Elevação posterior com barra","Barra | Academia","2","COM_SECUNDARIAS_NO_TXT"
"media_aa9c72c4f9529dbc641a","Elevação posterior curvado com barra","C:\Users\bruno\Downloads\Exercicios renomeados\Elevação posterior curvado com barra","Barra | Academia","2","COM_SECUNDARIAS_NO_TXT"
"media_138976a003191ea57cdd","Elevação posterior unilateral deitado com halter","C:\Users\bruno\Downloads\Exercicios renomeados\Elevação posterior unilateral deitado com halter","Halteres | Academia","2","COM_SECUNDARIAS_NO_TXT"
"media_d1b3fb2f8897c2724ceb","Elevação pélvica com barra","C:\Users\bruno\Downloads\Exercicios renomeados\Elevação pélvica com barra","Barra | Academia","2","COM_SECUNDARIAS_NO_TXT"
"media_c72936925ea2578c92a9","Elevação pélvica com barra - variação 2","C:\Users\bruno\Downloads\Exercicios renomeados\Elevação pélvica com barra - variação 2","Barra | Academia","2","COM_SECUNDARIAS_NO_TXT"
"media_bb51a0f742533e3c753b","Elevação pélvica com peso corporal","C:\Users\bruno\Downloads\Exercicios renomeados\Elevação pélvica com peso corporal","Sem aparelhos | Casa","2","COM_SECUNDARIAS_NO_TXT"
"media_7a906c1c159b957fb672","Elevação pélvica de perna única com barra","C:\Users\bruno\Downloads\Exercicios renomeados\Elevação pélvica de perna única com barra","Barra | Academia","2","COM_SECUNDARIAS_NO_TXT"
"media_acc3c2ef0d313a60c309","Elevação pélvica na máquina","C:\Users\bruno\Downloads\Exercicios renomeados\Elevação pélvica na máquina","Máquina | Academia","2","COM_SECUNDARIAS_NO_TXT"
"media_d3b7a65073600caf2a61","Elevação pélvica na máquina extensora","C:\Users\bruno\Downloads\Exercicios renomeados\Elevação pélvica na máquina extensora","Máquina | Academia","2","COM_SECUNDARIAS_NO_TXT"
"media_73d6a19bea9134d3030e","Elevação T inclinada com halteres","C:\Users\bruno\Downloads\Exercicios renomeados\Elevação T inclinada com halteres","Halteres | Academia","2","COM_SECUNDARIAS_NO_TXT"
"media_3a7620cd811cf80b9b27","Elevação unilateral de panturrilha com apoio","C:\Users\bruno\Downloads\Exercicios renomeados\Elevação unilateral de panturrilha com apoio","Sem aparelhos | Casa","2","COM_SECUNDARIAS_NO_TXT"
"media_6f7058f64d57a27854d8","Elevação Y inclinada com halteres","C:\Users\bruno\Downloads\Exercicios renomeados\Elevação Y inclinada com halteres","Halteres | Academia","2","COM_SECUNDARIAS_NO_TXT"
"media_f43b9e2ba56dfe145497","Elevações alternadas das pernas","C:\Users\bruno\Downloads\Exercicios renomeados\Elevações alternadas das pernas","Sem aparelhos | Casa","2","COM_SECUNDARIAS_NO_TXT"
"media_d60953ed26ae64f21ab9","Elevações laterais apoiadas no peito com halteres","C:\Users\bruno\Downloads\Exercicios renomeados\Elevações laterais apoiadas no peito com halteres","Halteres | Academia","2","COM_SECUNDARIAS_NO_TXT"
"media_cc635b67c677c9633be3","Elíptico","C:\Users\bruno\Downloads\Exercicios renomeados\Elíptico","Máquina | Academia | Corpo inteiro","3","COM_SECUNDARIAS_NO_TXT"
"media_06eb797aba61b49a91ef","Em pé, alongamento do peito com um braço","C:\Users\bruno\Downloads\Exercicios renomeados\Em pé, alongamento do peito com um braço","Peito | Sem aparelhos | Casa","3","COM_SECUNDARIAS_NO_TXT"
"media_441566631008a3903842","Encolhimento com barra acima da cabeça","C:\Users\bruno\Downloads\Exercicios renomeados\Encolhimento com barra acima da cabeça","Barra | Academia","2","COM_SECUNDARIAS_NO_TXT"
"media_6e8a4181e0592047c294","Encolhimento de ombros com barra","C:\Users\bruno\Downloads\Exercicios renomeados\Encolhimento de ombros com barra","Barra | Academia","2","COM_SECUNDARIAS_NO_TXT"
"media_5c1e48c4bc795db80328","Encolhimento de ombros com halteres","C:\Users\bruno\Downloads\Exercicios renomeados\Encolhimento de ombros com halteres","Halteres | Academia","2","COM_SECUNDARIAS_NO_TXT"
"media_c88cba6792ff2b343d30","Encolhimento de ombros inclinado","C:\Users\bruno\Downloads\Exercicios renomeados\Encolhimento de ombros inclinado","Banco | Academia","2","COM_SECUNDARIAS_NO_TXT"
"media_f546459b34d491eb2927","Encolhimento de ombros inclinado com halteres","C:\Users\bruno\Downloads\Exercicios renomeados\Encolhimento de ombros inclinado com halteres","Halteres | Banco | Academia","3","COM_SECUNDARIAS_NO_TXT"
"media_8c09ddcd9df0f326d5d6","Encolhimento Gittleson","C:\Users\bruno\Downloads\Exercicios renomeados\Encolhimento Gittleson","Sem aparelhos | Casa","2","COM_SECUNDARIAS_NO_TXT"
"media_28d1aaf6e395d0113bf8","Encolhimento na máquina","C:\Users\bruno\Downloads\Exercicios renomeados\Encolhimento na máquina","Máquina | Academia","2","COM_SECUNDARIAS_NO_TXT"
"media_4dce2ed64ec5aa728817","Encolhimento na máquina sem pegada","C:\Users\bruno\Downloads\Exercicios renomeados\Encolhimento na máquina sem pegada","Máquina | Academia","2","COM_SECUNDARIAS_NO_TXT"
"media_bb47de33231e3923cd1f","Encolhimento no cabo","C:\Users\bruno\Downloads\Exercicios renomeados\Encolhimento no cabo","Polia/Cabo | Academia","2","COM_SECUNDARIAS_NO_TXT"
"media_6e7780b2d402ae54919e","Escada de agilidade frontal","C:\Users\bruno\Downloads\Exercicios renomeados\Escada de agilidade frontal","Sem aparelhos | Casa | Corpo inteiro","3","COM_SECUNDARIAS_NO_TXT"
"media_4ae24eac651893ec01f5","Escada de agilidade lateral","C:\Users\bruno\Downloads\Exercicios renomeados\Escada de agilidade lateral","Sem aparelhos | Casa | Corpo inteiro","3","COM_SECUNDARIAS_NO_TXT"
"media_22620fa426bc238ef5a2","Escada ergométrica","C:\Users\bruno\Downloads\Exercicios renomeados\Escada ergométrica","Máquina | Academia | Corpo inteiro","3","COM_SECUNDARIAS_NO_TXT"
"media_7d3709150966cd6f7afd","Escalada de corda","C:\Users\bruno\Downloads\Exercicios renomeados\Escalada de corda","Corda | Academia","2","COM_SECUNDARIAS_NO_TXT"
"media_6186845cf57400811ad0","Esteira","C:\Users\bruno\Downloads\Exercicios renomeados\Esteira","Esteira | Academia","2","COM_SECUNDARIAS_NO_TXT"
"media_0f1bbd4ee5650b3776bb","Esteira - Variação 2","C:\Users\bruno\Downloads\Exercicios renomeados\Esteira - Variação 2","Esteira | Academia","2","COM_SECUNDARIAS_NO_TXT"
"media_bc49881a64be554ff97a","Esteira inclinada","C:\Users\bruno\Downloads\Exercicios renomeados\Esteira inclinada","Esteira | Academia","2","COM_SECUNDARIAS_NO_TXT"
"media_8444ec372e803bafaf02","Extensão cervical com arnês","C:\Users\bruno\Downloads\Exercicios renomeados\Extensão cervical com arnês","Sem aparelhos | Casa","2","COM_SECUNDARIAS_NO_TXT"
"media_34ca7a2c220fd7ffeffa","Extensão cervical com peso deitado","C:\Users\bruno\Downloads\Exercicios renomeados\Extensão cervical com peso deitado","Sem aparelhos | Casa","2","COM_SECUNDARIAS_NO_TXT"
"media_0d389bd7d0b1d6a1e7f5","Extensão cervical com peso deitado - variação 2","C:\Users\bruno\Downloads\Exercicios renomeados\Extensão cervical com peso deitado - variação 2","Sem aparelhos | Casa","2","COM_SECUNDARIAS_NO_TXT"
"media_6ea6e2e6bfaea7786407","Extensão cervical deitado de bruços","C:\Users\bruno\Downloads\Exercicios renomeados\Extensão cervical deitado de bruços","Sem aparelhos | Casa","2","COM_SECUNDARIAS_NO_TXT"
"media_1d2274cbb15ad7bc514f","Extensão cervical sentado no cabo com arnês","C:\Users\bruno\Downloads\Exercicios renomeados\Extensão cervical sentado no cabo com arnês","Polia/Cabo | Academia","2","COM_SECUNDARIAS_NO_TXT"
"media_67ddf1893c83671e49b7","Extensão da coluna em pé (Yoga)","C:\Users\bruno\Downloads\Exercicios renomeados\Extensão da coluna em pé (Yoga)","Costas | Sem aparelhos | Casa","3","COM_SECUNDARIAS_NO_TXT"
"media_ec29af6b204cc24c0dd2","Extensão de ombro no cabo","C:\Users\bruno\Downloads\Exercicios renomeados\Extensão de ombro no cabo","Polia/Cabo | Academia","2","COM_SECUNDARIAS_NO_TXT"
"media_3a3efd979b67bd3557f2","Extensão de pernas na máquina","C:\Users\bruno\Downloads\Exercicios renomeados\Extensão de pernas na máquina","Máquina | Academia","2","COM_SECUNDARIAS_NO_TXT"
"media_d508aa4c2cc52ede0109","Extensão de pescoço na máquina com anilhas","C:\Users\bruno\Downloads\Exercicios renomeados\Extensão de pescoço na máquina com anilhas","Anilhas | Máquina | Academia","3","COM_SECUNDARIAS_NO_TXT"
"media_f39e6793b455e785a3f5","Extensão de quadril em pé","C:\Users\bruno\Downloads\Exercicios renomeados\Extensão de quadril em pé","Sem aparelhos | Casa","2","COM_SECUNDARIAS_NO_TXT"
"media_0d2817d24094af2721eb","Extensão de quadril no banco","C:\Users\bruno\Downloads\Exercicios renomeados\Extensão de quadril no banco","Banco | Academia","2","COM_SECUNDARIAS_NO_TXT"
"media_023991c951b11f9e43b3","Extensão de quadril no cabo","C:\Users\bruno\Downloads\Exercicios renomeados\Extensão de quadril no cabo","Polia/Cabo | Academia","2","COM_SECUNDARIAS_NO_TXT"
"media_1e570accb3fa8397ebad","Extensão de tronco na máquina","C:\Users\bruno\Downloads\Exercicios renomeados\Extensão de tronco na máquina","Máquina | Academia","2","COM_SECUNDARIAS_NO_TXT"
"media_30668254aec6895ee7f3","Extensão de tríceps acima da cabeça na polia","C:\Users\bruno\Downloads\Exercicios renomeados\Extensão de tríceps acima da cabeça na polia","Polia/Cabo | Academia","2","COM_SECUNDARIAS_NO_TXT"
"media_3051376b2de09cafe7a1","Extensão de tríceps unilateral com halter sentado","C:\Users\bruno\Downloads\Exercicios renomeados\Extensão de tríceps unilateral com halter sentado","Halteres | Academia","2","COM_SECUNDARIAS_NO_TXT"
"media_12dc8f2fd4d64b75b8b1","Extensão unilateral de perna","C:\Users\bruno\Downloads\Exercicios renomeados\Extensão unilateral de perna","Sem aparelhos | Casa","2","COM_SECUNDARIAS_NO_TXT"
"media_b9216a3c1d353a676e99","Face pull","C:\Users\bruno\Downloads\Exercicios renomeados\Face pull","Polia/Cabo | Academia","2","COM_SECUNDARIAS_NO_TXT"
"media_20df8f8b99d4bd167911","Fire hydrant","C:\Users\bruno\Downloads\Exercicios renomeados\Fire hydrant","Sem aparelhos | Casa","2","COM_SECUNDARIAS_NO_TXT"
"media_dd51385df295bad4d4c7","Fire hydrant com elástico","C:\Users\bruno\Downloads\Exercicios renomeados\Fire hydrant com elástico","Elástico | Academia","2","COM_SECUNDARIAS_NO_TXT"
"media_36924520d5d0f6fb57a4","Flexão alternada de ombros na parede","C:\Users\bruno\Downloads\Exercicios renomeados\Flexão alternada de ombros na parede","Sem aparelhos | Casa","2","COM_SECUNDARIAS_NO_TXT"
"media_cdef662b84598539d694","Flexão cervical deitado com peso","C:\Users\bruno\Downloads\Exercicios renomeados\Flexão cervical deitado com peso","Sem aparelhos | Casa","2","COM_SECUNDARIAS_NO_TXT"
"media_9752000c22d7659a7f83","Flexão cervical deitado com peso - variação 2","C:\Users\bruno\Downloads\Exercicios renomeados\Flexão cervical deitado com peso - variação 2","Sem aparelhos | Casa","2","COM_SECUNDARIAS_NO_TXT"
"media_ad91aab2e92471d84a6d","Flexão cervical sentado no cabo com arnês","C:\Users\bruno\Downloads\Exercicios renomeados\Flexão cervical sentado no cabo com arnês","Polia/Cabo | Academia","2","COM_SECUNDARIAS_NO_TXT"
"media_5312e0a540c55f9cc07a","Flexão com barras de apoio","C:\Users\bruno\Downloads\Exercicios renomeados\Flexão com barras de apoio","Barra | Tríceps | Academia","3","COM_SECUNDARIAS_NO_TXT"
"media_a351d08b046238041cd0","Flexão com bola medicinal","C:\Users\bruno\Downloads\Exercicios renomeados\Flexão com bola medicinal","Bola | Tríceps | Academia","3","COM_SECUNDARIAS_NO_TXT"
"media_6a1a9619b5be5420ad21","Flexão com joelhos apoiados","C:\Users\bruno\Downloads\Exercicios renomeados\Flexão com joelhos apoiados","Sem aparelhos | Casa","2","COM_SECUNDARIAS_NO_TXT"
"media_d2feaa2e6c6cba5f0325","Flexão com palmas","C:\Users\bruno\Downloads\Exercicios renomeados\Flexão com palmas","Tríceps | Sem aparelhos | Casa","3","COM_SECUNDARIAS_NO_TXT"
"media_16ab1dbc47f2fa998db3","Flexão com toque no peito","C:\Users\bruno\Downloads\Exercicios renomeados\Flexão com toque no peito","Tríceps | Sem aparelhos | Casa","3","COM_SECUNDARIAS_NO_TXT"
"media_14ee0cd648b8169f0532","Flexão com toque no pé","C:\Users\bruno\Downloads\Exercicios renomeados\Flexão com toque no pé","Tríceps | Sem aparelhos | Casa","3","COM_SECUNDARIAS_NO_TXT"
"media_aeafac67eab0c40c0945","Flexão cruzada","C:\Users\bruno\Downloads\Exercicios renomeados\Flexão cruzada","Tríceps | Sem aparelhos | Casa","3","COM_SECUNDARIAS_NO_TXT"
"media_4ee02330e3762d5a169f","Flexão de braços","C:\Users\bruno\Downloads\Exercicios renomeados\Flexão de braços","Tríceps | Sem aparelhos | Casa","3","COM_SECUNDARIAS_NO_TXT"
"media_205c839f8b5f19977fd5","Flexão de braços na bola suíça","C:\Users\bruno\Downloads\Exercicios renomeados\Flexão de braços na bola suíça","Bola | Tríceps | Academia","3","COM_SECUNDARIAS_NO_TXT"
"media_1cbe6256bdbf2f21ce88","Flexão de joelho com deslizamento do calcanhar","C:\Users\bruno\Downloads\Exercicios renomeados\Flexão de joelho com deslizamento do calcanhar","Sem aparelhos | Casa","2","COM_SECUNDARIAS_NO_TXT"
"media_2f144a2ee74fb0466828","Flexão de joelhos ajoelhado na máquina","C:\Users\bruno\Downloads\Exercicios renomeados\Flexão de joelhos ajoelhado na máquina","Máquina | Academia","2","COM_SECUNDARIAS_NO_TXT"
"media_3cab195f3a79ae6d170c","Flexão de joelhos com toalha","C:\Users\bruno\Downloads\Exercicios renomeados\Flexão de joelhos com toalha","Sem aparelhos | Casa","2","COM_SECUNDARIAS_NO_TXT"
"media_e017f8f67ab2aa6b51d3","Flexão de joelhos declinada com halter","C:\Users\bruno\Downloads\Exercicios renomeados\Flexão de joelhos declinada com halter","Halteres | Academia","2","COM_SECUNDARIAS_NO_TXT"
"media_d136b22673894c4ad9a8","Flexão de joelhos deitado com halter","C:\Users\bruno\Downloads\Exercicios renomeados\Flexão de joelhos deitado com halter","Halteres | Academia","2","COM_SECUNDARIAS_NO_TXT"
"media_bf7dcd05de3fcbcbe200","Flexão de joelhos deitado na máquina","C:\Users\bruno\Downloads\Exercicios renomeados\Flexão de joelhos deitado na máquina","Máquina | Academia","2","COM_SECUNDARIAS_NO_TXT"
"media_c95c01dfe332cc066b32","Flexão de joelhos na bola suíça","C:\Users\bruno\Downloads\Exercicios renomeados\Flexão de joelhos na bola suíça","Bola | Academia","2","COM_SECUNDARIAS_NO_TXT"
"media_086cebe84a251fe4c88f","Flexão de joelhos sentado na máquina","C:\Users\bruno\Downloads\Exercicios renomeados\Flexão de joelhos sentado na máquina","Máquina | Academia","2","COM_SECUNDARIAS_NO_TXT"
"media_afccb696f72c457a9f80","Flexão de ombro ajoelhado no cabo","C:\Users\bruno\Downloads\Exercicios renomeados\Flexão de ombro ajoelhado no cabo","Polia/Cabo | Academia","2","COM_SECUNDARIAS_NO_TXT"
"media_b1e9e13c8cd64549a889","Flexão declinada","C:\Users\bruno\Downloads\Exercicios renomeados\Flexão declinada","Tríceps | Sem aparelhos | Casa","3","COM_SECUNDARIAS_NO_TXT"
"media_362ad10d865d69256e17","Flexão declinada na bola suíça","C:\Users\bruno\Downloads\Exercicios renomeados\Flexão declinada na bola suíça","Bola | Tríceps | Academia","3","COM_SECUNDARIAS_NO_TXT"
"media_af3167e6617f830935dc","Flexão diamante","C:\Users\bruno\Downloads\Exercicios renomeados\Flexão diamante","Tríceps | Sem aparelhos | Casa","3","COM_SECUNDARIAS_NO_TXT"
"media_40687f2cc4fff4fdda4f","Flexão hindu","C:\Users\bruno\Downloads\Exercicios renomeados\Flexão hindu","Tríceps | Sem aparelhos | Casa","3","COM_SECUNDARIAS_NO_TXT"
"media_4f5678671b2f3a25427a","Flexão inclinada","C:\Users\bruno\Downloads\Exercicios renomeados\Flexão inclinada","Tríceps | Sem aparelhos | Casa","3","COM_SECUNDARIAS_NO_TXT"
"media_8154cd5b4b68059982bd","Flexão lateral de pescoço na máquina com anilhas","C:\Users\bruno\Downloads\Exercicios renomeados\Flexão lateral de pescoço na máquina com anilhas","Anilhas | Máquina | Academia","3","COM_SECUNDARIAS_NO_TXT"
"media_a22ca9e10b2f91a84255","Flexão lateral do pescoço com peso","C:\Users\bruno\Downloads\Exercicios renomeados\Flexão lateral do pescoço com peso","Sem aparelhos | Casa","2","COM_SECUNDARIAS_NO_TXT"
"media_d765417591c0eb623e40","Flexão lateral do tronco com halter","C:\Users\bruno\Downloads\Exercicios renomeados\Flexão lateral do tronco com halter","Halteres | Academia","2","COM_SECUNDARIAS_NO_TXT"
"media_d82c28818ce54820097f","Flexão lateral do tronco em pé","C:\Users\bruno\Downloads\Exercicios renomeados\Flexão lateral do tronco em pé","Sem aparelhos | Casa","2","COM_SECUNDARIAS_NO_TXT"
"media_853b07ac97a1f24cc9c1","Flexão lateral do tronco no banco romano","C:\Users\bruno\Downloads\Exercicios renomeados\Flexão lateral do tronco no banco romano","Banco | Academia","2","COM_SECUNDARIAS_NO_TXT"
"media_2adda7260fd910c013c3","Flexão na parada de mão","C:\Users\bruno\Downloads\Exercicios renomeados\Flexão na parada de mão","Sem aparelhos | Casa","2","COM_SECUNDARIAS_NO_TXT"
"media_bd75b8db827fe09fdf36","Flexão na parede","C:\Users\bruno\Downloads\Exercicios renomeados\Flexão na parede","Tríceps | Sem aparelhos | Casa","3","COM_SECUNDARIAS_NO_TXT"
"media_b913453846005c55a728","Flexão nórdica","C:\Users\bruno\Downloads\Exercicios renomeados\Flexão nórdica","Sem aparelhos | Casa","2","COM_SECUNDARIAS_NO_TXT"
"media_d775468b7e03d80d1d94","Flexão pike","C:\Users\bruno\Downloads\Exercicios renomeados\Flexão pike","Sem aparelhos | Casa","2","COM_SECUNDARIAS_NO_TXT"
"media_9829f03ea367c3f49088","Flexão pike no banco","C:\Users\bruno\Downloads\Exercicios renomeados\Flexão pike no banco","Banco | Academia","2","COM_SECUNDARIAS_NO_TXT"
"media_3958b3e8dc0922841893","Flexão pliométrica com queda entre bancos","C:\Users\bruno\Downloads\Exercicios renomeados\Flexão pliométrica com queda entre bancos","Banco | Tríceps | Academia","3","COM_SECUNDARIAS_NO_TXT"
"media_eda9d3651826332776ff","Flexão plus","C:\Users\bruno\Downloads\Exercicios renomeados\Flexão plus","Tríceps | Sem aparelhos | Casa","3","COM_SECUNDARIAS_NO_TXT"
"media_fce8c196df26005e9fc4","Flexão reversa","C:\Users\bruno\Downloads\Exercicios renomeados\Flexão reversa","Tríceps | Sem aparelhos | Casa","3","COM_SECUNDARIAS_NO_TXT"
"media_061e5ba3c3930736958f","Flexão unilateral","C:\Users\bruno\Downloads\Exercicios renomeados\Flexão unilateral","Tríceps | Sem aparelhos | Casa","3","COM_SECUNDARIAS_NO_TXT"
"media_a462d595e77e2e0a84eb","Flexão unilateral com apoio","C:\Users\bruno\Downloads\Exercicios renomeados\Flexão unilateral com apoio","Tríceps | Sem aparelhos | Casa","3","COM_SECUNDARIAS_NO_TXT"
"media_5bcdeeffe6ccb2d3c2d7","Flexão unilateral com bola medicinal","C:\Users\bruno\Downloads\Exercicios renomeados\Flexão unilateral com bola medicinal","Bola | Tríceps | Academia","3","COM_SECUNDARIAS_NO_TXT"
"media_7539758f1bf30fb80e90","Flexão unilateral de joelhos na máquina","C:\Users\bruno\Downloads\Exercicios renomeados\Flexão unilateral de joelhos na máquina","Máquina | Tríceps | Academia","3","COM_SECUNDARIAS_NO_TXT"
"media_fc07fc4a9637d7cdb0a5","Fortalecimento de pegada com hand grip","C:\Users\bruno\Downloads\Exercicios renomeados\Fortalecimento de pegada com hand grip","Sem aparelhos | Casa","2","COM_SECUNDARIAS_NO_TXT"
"media_06a74a3500e337d46268","Gato-vaca","C:\Users\bruno\Downloads\Exercicios renomeados\Gato-vaca","Sem aparelhos | Casa","2","COM_SECUNDARIAS_NO_TXT"
"media_2ad8a1829ff77facf23a","Guerreiro I","C:\Users\bruno\Downloads\Exercicios renomeados\Guerreiro I","Sem aparelhos | Casa","2","COM_SECUNDARIAS_NO_TXT"
"media_df96bf7001903f2b2a14","Halo com anilha","C:\Users\bruno\Downloads\Exercicios renomeados\Halo com anilha","Anilhas | Academia","2","COM_SECUNDARIAS_NO_TXT"
"media_6f8a67c2bc1be67e5c83","Hang clean com barra","C:\Users\bruno\Downloads\Exercicios renomeados\Hang clean com barra","Barra | Academia","2","COM_SECUNDARIAS_NO_TXT"
"media_bf837322af1c7c3fe556","Hang clean com kettlebell","C:\Users\bruno\Downloads\Exercicios renomeados\Hang clean com kettlebell","Kettlebell | Academia","2","COM_SECUNDARIAS_NO_TXT"
"media_43452773fb8459b5aed3","Hiperextensão com peso","C:\Users\bruno\Downloads\Exercicios renomeados\Hiperextensão com peso","Sem aparelhos | Casa","2","COM_SECUNDARIAS_NO_TXT"
"media_473b4cc303116792fed8","Hiperextensão no banco 45°","C:\Users\bruno\Downloads\Exercicios renomeados\Hiperextensão no banco 45°","Banco | Academia","2","COM_SECUNDARIAS_NO_TXT"
"media_c08ac240b3ccab721752","Hiperextensão no banco plano","C:\Users\bruno\Downloads\Exercicios renomeados\Hiperextensão no banco plano","Banco | Academia","2","COM_SECUNDARIAS_NO_TXT"
"media_5d19eff16d7ebdd53fc2","Hiperextensão no chão (Superman)","C:\Users\bruno\Downloads\Exercicios renomeados\Hiperextensão no chão (Superman)","Sem aparelhos | Casa","2","COM_SECUNDARIAS_NO_TXT"
"media_4c70260dd8bc580190dd","Hiperextensão reversa com elástico","C:\Users\bruno\Downloads\Exercicios renomeados\Hiperextensão reversa com elástico","Elástico | Academia","2","COM_SECUNDARIAS_NO_TXT"
"media_ae3fbd83873ae155c624","Hiperextensão reversa na máquina","C:\Users\bruno\Downloads\Exercicios renomeados\Hiperextensão reversa na máquina","Máquina | Academia","2","COM_SECUNDARIAS_NO_TXT"
"media_54cca565760119b34372","Hiperextensão reversa no banco","C:\Users\bruno\Downloads\Exercicios renomeados\Hiperextensão reversa no banco","Banco | Academia","2","COM_SECUNDARIAS_NO_TXT"
"media_b7e1f6f84c490c6c04aa","Inclinação pélvica","C:\Users\bruno\Downloads\Exercicios renomeados\Inclinação pélvica","Sem aparelhos | Casa","2","COM_SECUNDARIAS_NO_TXT"
"media_26014d9b3c615394d420","Joelho único ao peito (alongamento)","C:\Users\bruno\Downloads\Exercicios renomeados\Joelho único ao peito (alongamento)","Peito | Sem aparelhos | Casa","3","COM_SECUNDARIAS_NO_TXT"
"media_1a47845297720efa8ffe","Lagarta","C:\Users\bruno\Downloads\Exercicios renomeados\Lagarta","Sem aparelhos | Casa","2","COM_SECUNDARIAS_NO_TXT"
"media_4d79288ca591e219fe84","Lançamento de bola de reação","C:\Users\bruno\Downloads\Exercicios renomeados\Lançamento de bola de reação","Bola | Academia","2","COM_SECUNDARIAS_NO_TXT"
"media_1e9a1e739da04a36cafd","Leg press 45°","C:\Users\bruno\Downloads\Exercicios renomeados\Leg press 45°","Máquina | Academia","2","COM_SECUNDARIAS_NO_TXT"
"media_d96d5db94e704f7e45ee","Leg press horizontal","C:\Users\bruno\Downloads\Exercicios renomeados\Leg press horizontal","Máquina | Academia","2","COM_SECUNDARIAS_NO_TXT"
"media_771b6663cd14b5bb1fe2","Leg press unilateral","C:\Users\bruno\Downloads\Exercicios renomeados\Leg press unilateral","Máquina | Academia","2","COM_SECUNDARIAS_NO_TXT"
"media_ebcdeae8026825756bfa","Leg press unilateral assistido na máquina","C:\Users\bruno\Downloads\Exercicios renomeados\Leg press unilateral assistido na máquina","Máquina | Academia","2","COM_SECUNDARIAS_NO_TXT"
"media_0663a599f8e0375d67b7","Levantada turca","C:\Users\bruno\Downloads\Exercicios renomeados\Levantada turca","Sem aparelhos | Casa","2","COM_SECUNDARIAS_NO_TXT"
"media_307894349283603fb536","Levantamento de bola medicinal acima da cabeça","C:\Users\bruno\Downloads\Exercicios renomeados\Levantamento de bola medicinal acima da cabeça","Bola | Academia","2","COM_SECUNDARIAS_NO_TXT"
"media_360f060ca8414928e03e","Levantamento de tronco (log lift)","C:\Users\bruno\Downloads\Exercicios renomeados\Levantamento de tronco (log lift)","Sem aparelhos | Casa","2","COM_SECUNDARIAS_NO_TXT"
"media_29f0836044974a2635d9","Levantamento terra com barra","C:\Users\bruno\Downloads\Exercicios renomeados\Levantamento terra com barra","Barra | Glúteos | Academia","3","COM_SECUNDARIAS_NO_TXT"
"media_873ed1f4f4377d206ddd","Levantamento terra com barra - variação 2","C:\Users\bruno\Downloads\Exercicios renomeados\Levantamento terra com barra - variação 2","Barra | Glúteos | Academia","3","COM_SECUNDARIAS_NO_TXT"
"media_007d483ef75d4f8d1686","Levantamento terra com kettlebell","C:\Users\bruno\Downloads\Exercicios renomeados\Levantamento terra com kettlebell","Kettlebell | Glúteos | Academia","3","COM_SECUNDARIAS_NO_TXT"
"media_8924842197ee0a67ae6c","Levantamento terra com trap bar","C:\Users\bruno\Downloads\Exercicios renomeados\Levantamento terra com trap bar","Barra | Glúteos | Academia","3","COM_SECUNDARIAS_NO_TXT"
"media_470684105e7b7c12b4e8","Levantamento terra na máquina","C:\Users\bruno\Downloads\Exercicios renomeados\Levantamento terra na máquina","Máquina | Glúteos | Academia","3","COM_SECUNDARIAS_NO_TXT"
"media_77ec7be36872b3856ccd","Levantamento terra romeno com barra","C:\Users\bruno\Downloads\Exercicios renomeados\Levantamento terra romeno com barra","Barra | Glúteos | Academia","3","COM_SECUNDARIAS_NO_TXT"
"media_3062b485270585a01162","Levantamento terra romeno com halteres","C:\Users\bruno\Downloads\Exercicios renomeados\Levantamento terra romeno com halteres","Halteres | Glúteos | Academia","3","COM_SECUNDARIAS_NO_TXT"
"media_70085bb459101e730d40","Levantamento terra sumô","C:\Users\bruno\Downloads\Exercicios renomeados\Levantamento terra sumô","Glúteos | Sem aparelhos | Casa","3","COM_SECUNDARIAS_NO_TXT"
"media_e0db156009e7e48b3888","Levantamento terra unilateral com kettlebell","C:\Users\bruno\Downloads\Exercicios renomeados\Levantamento terra unilateral com kettlebell","Kettlebell | Glúteos | Academia","3","COM_SECUNDARIAS_NO_TXT"
"media_008b1c628a8553400460","Levantamento terra unilateral sem peso","C:\Users\bruno\Downloads\Exercicios renomeados\Levantamento terra unilateral sem peso","Glúteos | Sem aparelhos | Casa","3","COM_SECUNDARIAS_NO_TXT"
"media_9a56a721cdabc087124a","Liberação da banda iliotibial com rolo de espuma","C:\Users\bruno\Downloads\Exercicios renomeados\Liberação da banda iliotibial com rolo de espuma","Rolo de espuma | Academia","2","COM_SECUNDARIAS_NO_TXT"
"media_b6e096f4ab211515c096","Liberação da parte superior das costas com rolo de espuma","C:\Users\bruno\Downloads\Exercicios renomeados\Liberação da parte superior das costas com rolo de espuma","Rolo de espuma | Academia","2","COM_SECUNDARIAS_NO_TXT"
"media_945d93aedbf545f4eb58","Liberação de panturrilhas com rolo de espuma","C:\Users\bruno\Downloads\Exercicios renomeados\Liberação de panturrilhas com rolo de espuma","Rolo de espuma | Academia","2","COM_SECUNDARIAS_NO_TXT"
"media_d2bca394892badf9c0ab","Liberação de peitoral e ombro com rolo de espuma","C:\Users\bruno\Downloads\Exercicios renomeados\Liberação de peitoral e ombro com rolo de espuma","Rolo de espuma | Academia","2","COM_SECUNDARIAS_NO_TXT"
"media_c9542dac8e6d113715fa","Liberação de posteriores da coxa com rolo de espuma","C:\Users\bruno\Downloads\Exercicios renomeados\Liberação de posteriores da coxa com rolo de espuma","Rolo de espuma | Academia","2","COM_SECUNDARIAS_NO_TXT"
"media_cb920ca1c00c52c44e4f","Liberação de quadríceps com rolo de espuma","C:\Users\bruno\Downloads\Exercicios renomeados\Liberação de quadríceps com rolo de espuma","Rolo de espuma | Academia","2","COM_SECUNDARIAS_NO_TXT"
"media_20dc77cc53be5986dd06","Limpador de para-brisa na barra fixa","C:\Users\bruno\Downloads\Exercicios renomeados\Limpador de para-brisa na barra fixa","Barra fixa | Academia","2","COM_SECUNDARIAS_NO_TXT"
"media_4e0a157109add43440cc","Limpador de para-brisa no chão com halteres","C:\Users\bruno\Downloads\Exercicios renomeados\Limpador de para-brisa no chão com halteres","Halteres | Academia","2","COM_SECUNDARIAS_NO_TXT"
"media_53573400dcdc801dd54b","Marretada no pneu","C:\Users\bruno\Downloads\Exercicios renomeados\Marretada no pneu","Cardio | Sem aparelhos | Casa","3","COM_SECUNDARIAS_NO_TXT"
"media_87c0179490ab6601fc3f","Meia flexão do tronco à frente (Yoga)","C:\Users\bruno\Downloads\Exercicios renomeados\Meia flexão do tronco à frente (Yoga)","Sem aparelhos | Casa","2","COM_SECUNDARIAS_NO_TXT"
"media_433a7ce1129c672566ae","Meio limpador de para-brisa","C:\Users\bruno\Downloads\Exercicios renomeados\Meio limpador de para-brisa","Sem aparelhos | Casa","2","COM_SECUNDARIAS_NO_TXT"
"media_b1564c52abf9ccde4204","Meio sapo","C:\Users\bruno\Downloads\Exercicios renomeados\Meio sapo","Sem aparelhos | Casa","2","COM_SECUNDARIAS_NO_TXT"
"media_15f31334dd0f0fc9c13f","Mergulho coreano","C:\Users\bruno\Downloads\Exercicios renomeados\Mergulho coreano","Sem aparelhos | Casa","2","COM_SECUNDARIAS_NO_TXT"
"media_504dcebcc77dc9dc3bb1","Mergulho de tríceps nas paralelas","C:\Users\bruno\Downloads\Exercicios renomeados\Mergulho de tríceps nas paralelas","Sem aparelhos | Casa","2","COM_SECUNDARIAS_NO_TXT"
"media_0c2f5a06890bde3543b5","Mergulho entre cadeiras","C:\Users\bruno\Downloads\Exercicios renomeados\Mergulho entre cadeiras","Sem aparelhos | Casa","2","COM_SECUNDARIAS_NO_TXT"
"media_fd35e161570d92844a93","Mergulho escapular no banco","C:\Users\bruno\Downloads\Exercicios renomeados\Mergulho escapular no banco","Banco | Academia","2","COM_SECUNDARIAS_NO_TXT"
"media_ebbb5eaade5e6887d55d","Mergulho na barra reta","C:\Users\bruno\Downloads\Exercicios renomeados\Mergulho na barra reta","Sem aparelhos | Casa","2","COM_SECUNDARIAS_NO_TXT"
"media_7a0d6dff81958d3639db","Mergulho na cadeira","C:\Users\bruno\Downloads\Exercicios renomeados\Mergulho na cadeira","Sem aparelhos | Casa","2","COM_SECUNDARIAS_NO_TXT"
"media_eeaa97e01247cbfec85d","Mergulho no banco","C:\Users\bruno\Downloads\Exercicios renomeados\Mergulho no banco","Banco | Academia","2","COM_SECUNDARIAS_NO_TXT"
"media_2194d2bfd60aeb72e6f3","Mobilidade de ombros sentado","C:\Users\bruno\Downloads\Exercicios renomeados\Mobilidade de ombros sentado","Sem aparelhos | Casa","2","COM_SECUNDARIAS_NO_TXT"
"media_42807f7442d9d2bdfb1f","Moinho de vento com kettlebell","C:\Users\bruno\Downloads\Exercicios renomeados\Moinho de vento com kettlebell","Kettlebell | Academia","2","COM_SECUNDARIAS_NO_TXT"
"media_a22351bd2b5eb3c5c4c3","Moinho de vento sem peso","C:\Users\bruno\Downloads\Exercicios renomeados\Moinho de vento sem peso","Sem aparelhos | Casa","2","COM_SECUNDARIAS_NO_TXT"
"media_ddaa5b16ce356354951f","Muscle snatch","C:\Users\bruno\Downloads\Exercicios renomeados\Muscle snatch","Sem aparelhos | Casa","2","COM_SECUNDARIAS_NO_TXT"
"media_32e0b42a8b5af9fb1c21","Muscle-up","C:\Users\bruno\Downloads\Exercicios renomeados\Muscle-up","Barra fixa | Academia","2","COM_SECUNDARIAS_NO_TXT"
"media_65a7ae2e6de4d1e2c57b","Natação","C:\Users\bruno\Downloads\Exercicios renomeados\Natação","Sem aparelhos | Ao ar livre | Corpo inteiro","3","COM_SECUNDARIAS_NO_TXT"
"media_aba9f42cc0ebc05efdca","Pallof press meio ajoelhado","C:\Users\bruno\Downloads\Exercicios renomeados\Pallof press meio ajoelhado","Sem aparelhos | Casa","2","COM_SECUNDARIAS_NO_TXT"
"media_a4ac546d521d5e8d3957","Panturrilha no leg press","C:\Users\bruno\Downloads\Exercicios renomeados\Panturrilha no leg press","Máquina | Academia","2","COM_SECUNDARIAS_NO_TXT"
"media_0966f9e83c97f57726ea","Panturrilha sentada na máquina","C:\Users\bruno\Downloads\Exercicios renomeados\Panturrilha sentada na máquina","Máquina | Academia","2","COM_SECUNDARIAS_NO_TXT"
"media_035853df63fba3d7de99","Panturrilha sentada no leg press","C:\Users\bruno\Downloads\Exercicios renomeados\Panturrilha sentada no leg press","Máquina | Academia","2","COM_SECUNDARIAS_NO_TXT"
"media_4dc57dd5b8ce9f6b8b39","Panturrilha unilateral na máquina hack","C:\Users\bruno\Downloads\Exercicios renomeados\Panturrilha unilateral na máquina hack","Máquina | Academia","2","COM_SECUNDARIAS_NO_TXT"
"media_eebfaf003a83d846802f","Panturrilha unilateral no leg press","C:\Users\bruno\Downloads\Exercicios renomeados\Panturrilha unilateral no leg press","Máquina | Academia","2","COM_SECUNDARIAS_NO_TXT"
"media_878d079fe5711f27657b","Paralelas assistidas para peitoral","C:\Users\bruno\Downloads\Exercicios renomeados\Paralelas assistidas para peitoral","Sem aparelhos | Casa","2","COM_SECUNDARIAS_NO_TXT"
"media_c349175adda1ef536420","Paralelas assistidas para peitoral - variação 2","C:\Users\bruno\Downloads\Exercicios renomeados\Paralelas assistidas para peitoral - variação 2","Sem aparelhos | Casa","2","COM_SECUNDARIAS_NO_TXT"
"media_7238f0a60416f7f61f33","Passo lateral rápido","C:\Users\bruno\Downloads\Exercicios renomeados\Passo lateral rápido","Sem aparelhos | Casa | Corpo inteiro","3","COM_SECUNDARIAS_NO_TXT"
"media_9963eef29e67381de892","Patinador","C:\Users\bruno\Downloads\Exercicios renomeados\Patinador","Sem aparelhos | Casa | Corpo inteiro","3","COM_SECUNDARIAS_NO_TXT"
"media_2097de173d20fb0ffb2c","Pilates Teaser","C:\Users\bruno\Downloads\Exercicios renomeados\Pilates Teaser","Sem aparelhos | Casa","2","COM_SECUNDARIAS_NO_TXT"
"media_4b318d3a6f0b04522fd3","Polichinelo","C:\Users\bruno\Downloads\Exercicios renomeados\Polichinelo","Sem aparelhos | Casa | Corpo inteiro","3","COM_SECUNDARIAS_NO_TXT"
"media_f7a6f52882b9578e1634","Polichinelo com braços na lateral","C:\Users\bruno\Downloads\Exercicios renomeados\Polichinelo com braços na lateral","Sem aparelhos | Casa | Corpo inteiro","3","COM_SECUNDARIAS_NO_TXT"
"media_cfedd47997d476d4d455","Polichinelo em passada","C:\Users\bruno\Downloads\Exercicios renomeados\Polichinelo em passada","Sem aparelhos | Casa | Corpo inteiro","3","COM_SECUNDARIAS_NO_TXT"
"media_70c43f61dcc6ae3c951c","Polichinelo pliométrico","C:\Users\bruno\Downloads\Exercicios renomeados\Polichinelo pliométrico","Sem aparelhos | Casa | Corpo inteiro","3","COM_SECUNDARIAS_NO_TXT"
"media_2900d8c620c68a77eb0e","Ponte de glúteos","C:\Users\bruno\Downloads\Exercicios renomeados\Ponte de glúteos","Sem aparelhos | Casa","2","COM_SECUNDARIAS_NO_TXT"
"media_a225e458cfd729ccf5ca","Ponte de glúteos com abdução","C:\Users\bruno\Downloads\Exercicios renomeados\Ponte de glúteos com abdução","Quadril | Sem aparelhos | Casa","3","COM_SECUNDARIAS_NO_TXT"
"media_e828cbb41a1d4e33c62b","Ponte de glúteos com barra","C:\Users\bruno\Downloads\Exercicios renomeados\Ponte de glúteos com barra","Barra | Academia","2","COM_SECUNDARIAS_NO_TXT"
"media_aabd717e449b717af465","Ponte de glúteos com elástico","C:\Users\bruno\Downloads\Exercicios renomeados\Ponte de glúteos com elástico","Elástico | Academia","2","COM_SECUNDARIAS_NO_TXT"
"media_5e55b1af84cc00217181","Ponte de glúteos com halteres","C:\Users\bruno\Downloads\Exercicios renomeados\Ponte de glúteos com halteres","Halteres | Academia","2","COM_SECUNDARIAS_NO_TXT"
"media_d95ebc9da4443039c04a","Ponte de glúteos com pés no banco","C:\Users\bruno\Downloads\Exercicios renomeados\Ponte de glúteos com pés no banco","Banco | Academia","2","COM_SECUNDARIAS_NO_TXT"
"media_af8688c752650e40d3e9","Ponte lateral","C:\Users\bruno\Downloads\Exercicios renomeados\Ponte lateral","Sem aparelhos | Casa","2","COM_SECUNDARIAS_NO_TXT"
"media_58cb29ff6057b6c6f533","Ponte lateral com abdução de quadril","C:\Users\bruno\Downloads\Exercicios renomeados\Ponte lateral com abdução de quadril","Sem aparelhos | Casa","2","COM_SECUNDARIAS_NO_TXT"
"media_257b3c5fe3af8d63dd68","Ponte unilateral","C:\Users\bruno\Downloads\Exercicios renomeados\Ponte unilateral","Sem aparelhos | Casa","2","COM_SECUNDARIAS_NO_TXT"
"media_324bf44d30054cc40b21","Ponte unilateral (Yoga)","C:\Users\bruno\Downloads\Exercicios renomeados\Ponte unilateral (Yoga)","Sem aparelhos | Casa","2","COM_SECUNDARIAS_NO_TXT"
"media_114ed0df771f7ff05af6","Ponte unilateral com elástico","C:\Users\bruno\Downloads\Exercicios renomeados\Ponte unilateral com elástico","Elástico | Academia","2","COM_SECUNDARIAS_NO_TXT"
"media_c81bcc45bbfa93dc2275","Ponte unilateral com perna estendida","C:\Users\bruno\Downloads\Exercicios renomeados\Ponte unilateral com perna estendida","Sem aparelhos | Casa","2","COM_SECUNDARIAS_NO_TXT"
"media_fa079314f5ece96b558f","Ponte unilateral com pé no banco","C:\Users\bruno\Downloads\Exercicios renomeados\Ponte unilateral com pé no banco","Banco | Academia","2","COM_SECUNDARIAS_NO_TXT"
"media_e8a1bf1051c7b461e62d","Postura da borboleta","C:\Users\bruno\Downloads\Exercicios renomeados\Postura da borboleta","Sem aparelhos | Casa","2","COM_SECUNDARIAS_NO_TXT"
"media_9271ca029a3634200448","Postura da criança","C:\Users\bruno\Downloads\Exercicios renomeados\Postura da criança","Sem aparelhos | Casa","2","COM_SECUNDARIAS_NO_TXT"
"media_ea5fa646f4a2f6cb8fcd","Postura da criança para cobra","C:\Users\bruno\Downloads\Exercicios renomeados\Postura da criança para cobra","Costas | Sem aparelhos | Casa","3","COM_SECUNDARIAS_NO_TXT"
"media_a6b1e1320ccf5029dae8","Postura da ponte","C:\Users\bruno\Downloads\Exercicios renomeados\Postura da ponte","Sem aparelhos | Casa","2","COM_SECUNDARIAS_NO_TXT"
"media_6d5bc8a914b3a4c4d69e","Postura da roda","C:\Users\bruno\Downloads\Exercicios renomeados\Postura da roda","Sem aparelhos | Casa","2","COM_SECUNDARIAS_NO_TXT"
"media_a36acde6204607427997","Postura da vaca","C:\Users\bruno\Downloads\Exercicios renomeados\Postura da vaca","Sem aparelhos | Casa","2","COM_SECUNDARIAS_NO_TXT"
"media_573bf14671ded862a1b8","Postura da águia","C:\Users\bruno\Downloads\Exercicios renomeados\Postura da águia","Sem aparelhos | Casa","2","COM_SECUNDARIAS_NO_TXT"
"media_b9f484e4391eae53e412","Postura de mesa em equilíbrio","C:\Users\bruno\Downloads\Exercicios renomeados\Postura de mesa em equilíbrio","Sem aparelhos | Casa","2","COM_SECUNDARIAS_NO_TXT"
"media_a55f1e61e4caf2f35b7e","Postura do arco","C:\Users\bruno\Downloads\Exercicios renomeados\Postura do arco","Sem aparelhos | Casa","2","COM_SECUNDARIAS_NO_TXT"
"media_e545514e7287269769c9","Postura do peixe","C:\Users\bruno\Downloads\Exercicios renomeados\Postura do peixe","Sem aparelhos | Casa","2","COM_SECUNDARIAS_NO_TXT"
"media_e42cec803a1e7a7860a8","Postura do sapo para arco","C:\Users\bruno\Downloads\Exercicios renomeados\Postura do sapo para arco","Sem aparelhos | Casa","2","COM_SECUNDARIAS_NO_TXT"
"media_7e1ee0be220f22cd029d","Postura do sapo para arco - variação 2","C:\Users\bruno\Downloads\Exercicios renomeados\Postura do sapo para arco - variação 2","Sem aparelhos | Casa","2","COM_SECUNDARIAS_NO_TXT"
"media_b31c2c320de1fb5ce408","Postura do tigre","C:\Users\bruno\Downloads\Exercicios renomeados\Postura do tigre","Sem aparelhos | Casa","2","COM_SECUNDARIAS_NO_TXT"
"media_41d328156424cd3b3dcb","Postura do ângulo reto","C:\Users\bruno\Downloads\Exercicios renomeados\Postura do ângulo reto","Sem aparelhos | Casa","2","COM_SECUNDARIAS_NO_TXT"
"media_a45e1514cccff9c7bf01","Power clean com barra","C:\Users\bruno\Downloads\Exercicios renomeados\Power clean com barra","Barra | Academia","2","COM_SECUNDARIAS_NO_TXT"
"media_8f1f25e176196d5425fd","Power clean com halteres","C:\Users\bruno\Downloads\Exercicios renomeados\Power clean com halteres","Halteres | Academia","2","COM_SECUNDARIAS_NO_TXT"
"media_487277f748503266e041","Power snatch","C:\Users\bruno\Downloads\Exercicios renomeados\Power snatch","Sem aparelhos | Casa","2","COM_SECUNDARIAS_NO_TXT"
"media_f28bb7b206e0409f5639","Prancha","C:\Users\bruno\Downloads\Exercicios renomeados\Prancha","Sem aparelhos | Casa","2","COM_SECUNDARIAS_NO_TXT"
"media_2c146f3e6b41151a3129","Prancha aranha","C:\Users\bruno\Downloads\Exercicios renomeados\Prancha aranha","Sem aparelhos | Casa","2","COM_SECUNDARIAS_NO_TXT"
"media_00c0282487002d56ae88","Prancha baixa (Chaturanga)","C:\Users\bruno\Downloads\Exercicios renomeados\Prancha baixa (Chaturanga)","Sem aparelhos | Casa","2","COM_SECUNDARIAS_NO_TXT"
"media_92654151884d756bb20e","Prancha com abertura de pernas","C:\Users\bruno\Downloads\Exercicios renomeados\Prancha com abertura de pernas","Sem aparelhos | Casa","2","COM_SECUNDARIAS_NO_TXT"
"media_acadb6a95f2c81d484c2","Prancha com elevação alternada de braço e perna","C:\Users\bruno\Downloads\Exercicios renomeados\Prancha com elevação alternada de braço e perna","Sem aparelhos | Casa","2","COM_SECUNDARIAS_NO_TXT"
"media_0287190e69b694f14213","Prancha com elevação de braço","C:\Users\bruno\Downloads\Exercicios renomeados\Prancha com elevação de braço","Sem aparelhos | Casa","2","COM_SECUNDARIAS_NO_TXT"
"media_20895145f8512fc0b40c","Prancha com elevação de braço e perna","C:\Users\bruno\Downloads\Exercicios renomeados\Prancha com elevação de braço e perna","Sem aparelhos | Casa","2","COM_SECUNDARIAS_NO_TXT"
"media_6ec5aeb447442caedf44","Prancha com peso","C:\Users\bruno\Downloads\Exercicios renomeados\Prancha com peso","Sem aparelhos | Casa","2","COM_SECUNDARIAS_NO_TXT"
"media_fb8bfb4e9f615d494479","Prancha frontal para lateral","C:\Users\bruno\Downloads\Exercicios renomeados\Prancha frontal para lateral","Sem aparelhos | Casa","2","COM_SECUNDARIAS_NO_TXT"
"media_46c81ef07cd292879b35","Prancha reversa","C:\Users\bruno\Downloads\Exercicios renomeados\Prancha reversa","Sem aparelhos | Casa","2","COM_SECUNDARIAS_NO_TXT"
"media_e4d3f19a789c2804c5ef","Prancha reversa - variação 2","C:\Users\bruno\Downloads\Exercicios renomeados\Prancha reversa - variação 2","Sem aparelhos | Casa","2","COM_SECUNDARIAS_NO_TXT"
"media_9a977024f956899e726f","Pressão frontal com anilha","C:\Users\bruno\Downloads\Exercicios renomeados\Pressão frontal com anilha","Anilhas | Academia","2","COM_SECUNDARIAS_NO_TXT"
"media_aa0581f2c69b74c0f40b","Protração e retração escapular","C:\Users\bruno\Downloads\Exercicios renomeados\Protração e retração escapular","Sem aparelhos | Casa","2","COM_SECUNDARIAS_NO_TXT"
"media_db5a0506df1d9553345c","Pular corda","C:\Users\bruno\Downloads\Exercicios renomeados\Pular corda","Corda | Academia | Corpo inteiro","3","COM_SECUNDARIAS_NO_TXT"
"media_d84fc9957e97c7fb92f1","Pull-through no cabo","C:\Users\bruno\Downloads\Exercicios renomeados\Pull-through no cabo","Polia/Cabo | Academia","2","COM_SECUNDARIAS_NO_TXT"
"media_e1b944bf95e1aa433687","Pullover com halteres","C:\Users\bruno\Downloads\Exercicios renomeados\Pullover com halteres","Halteres | Academia","2","COM_SECUNDARIAS_NO_TXT"
"media_18de60353d12ebccf2aa","Pullover com halteres na bola suíça","C:\Users\bruno\Downloads\Exercicios renomeados\Pullover com halteres na bola suíça","Halteres | Bola | Academia","3","COM_SECUNDARIAS_NO_TXT"
"media_c8010f42ea7b1fb0eeb1","Push press com barra","C:\Users\bruno\Downloads\Exercicios renomeados\Push press com barra","Barra | Tríceps | Academia","3","COM_SECUNDARIAS_NO_TXT"
"media_b7decbdcdd225be45693","Puxada alta meio ajoelhado","C:\Users\bruno\Downloads\Exercicios renomeados\Puxada alta meio ajoelhado","Bíceps | Sem aparelhos | Casa","3","COM_SECUNDARIAS_NO_TXT"
"media_2d1b7a21cb060b0d8aad","Puxada alta na polia","C:\Users\bruno\Downloads\Exercicios renomeados\Puxada alta na polia","Polia/Cabo | Bíceps | Academia","3","COM_SECUNDARIAS_NO_TXT"
"media_f95c32d5a852d90825ef","Puxada frontal cruzada no cabo","C:\Users\bruno\Downloads\Exercicios renomeados\Puxada frontal cruzada no cabo","Polia/Cabo | Bíceps | Academia","3","COM_SECUNDARIAS_NO_TXT"
"media_4ae7fcedd3acbf99d39f","Puxada unilateral na polia alta","C:\Users\bruno\Downloads\Exercicios renomeados\Puxada unilateral na polia alta","Polia/Cabo | Bíceps | Academia","3","COM_SECUNDARIAS_NO_TXT"
"media_eae0275dc0ae95872b03","Puxada unilateral no cabo","C:\Users\bruno\Downloads\Exercicios renomeados\Puxada unilateral no cabo","Polia/Cabo | Bíceps | Academia","3","COM_SECUNDARIAS_NO_TXT"
"media_c5c69087caddbfc9afe2","Pêndulo de ombro","C:\Users\bruno\Downloads\Exercicios renomeados\Pêndulo de ombro","Sem aparelhos | Casa","2","COM_SECUNDARIAS_NO_TXT"
"media_cedd4e76ed9055d56e96","Remada ajoelhada na polia alta","C:\Users\bruno\Downloads\Exercicios renomeados\Remada ajoelhada na polia alta","Polia/Cabo | Bíceps | Academia","3","COM_SECUNDARIAS_NO_TXT"
"media_8af2b3b1e5df4396bad9","Remada alta ajoelhada na polia com corda","C:\Users\bruno\Downloads\Exercicios renomeados\Remada alta ajoelhada na polia com corda","Polia/Cabo | Academia","2","COM_SECUNDARIAS_NO_TXT"
"media_57d39e90b85820a1b19f","Remada alta com barra","C:\Users\bruno\Downloads\Exercicios renomeados\Remada alta com barra","Barra | Academia","2","COM_SECUNDARIAS_NO_TXT"
"media_3d8c9f09c82d663dd52a","Remada alta com barra EZ","C:\Users\bruno\Downloads\Exercicios renomeados\Remada alta com barra EZ","Barra | Academia","2","COM_SECUNDARIAS_NO_TXT"
"media_ae194179e9185f759270","Remada alta com halteres","C:\Users\bruno\Downloads\Exercicios renomeados\Remada alta com halteres","Halteres | Academia","2","COM_SECUNDARIAS_NO_TXT"
"media_a9e664fa8a9e7c55247d","Remada alta com halteres - variação 2","C:\Users\bruno\Downloads\Exercicios renomeados\Remada alta com halteres - variação 2","Halteres | Academia","2","COM_SECUNDARIAS_NO_TXT"
"media_db83cb7a37ada2e02174","Remada alta no cabo","C:\Users\bruno\Downloads\Exercicios renomeados\Remada alta no cabo","Polia/Cabo | Academia","2","COM_SECUNDARIAS_NO_TXT"
"media_91511fe109dc1b7aea91","Remada curvada com barra","C:\Users\bruno\Downloads\Exercicios renomeados\Remada curvada com barra","Barra | Bíceps | Academia","3","COM_SECUNDARIAS_NO_TXT"
"media_4ba9926bbde9eca6b283","Remada curvada com elástico","C:\Users\bruno\Downloads\Exercicios renomeados\Remada curvada com elástico","Elástico | Bíceps | Academia","3","COM_SECUNDARIAS_NO_TXT"
"media_de98dd9b70cd2ad18bf8","Remada curvada com halteres","C:\Users\bruno\Downloads\Exercicios renomeados\Remada curvada com halteres","Halteres | Bíceps | Academia","3","COM_SECUNDARIAS_NO_TXT"
"media_90a5fc3282ba1e4eb182","Remada inclinada 45° com halteres","C:\Users\bruno\Downloads\Exercicios renomeados\Remada inclinada 45° com halteres","Halteres | Bíceps | Academia","3","COM_SECUNDARIAS_NO_TXT"
"media_88705ad1ef0e1ab140ba","Remada invertida","C:\Users\bruno\Downloads\Exercicios renomeados\Remada invertida","Bíceps | Sem aparelhos | Casa","3","COM_SECUNDARIAS_NO_TXT"
"media_b150a8c0887a0169e239","Remada invertida na mesa","C:\Users\bruno\Downloads\Exercicios renomeados\Remada invertida na mesa","Bíceps | Sem aparelhos | Casa","3","COM_SECUNDARIAS_NO_TXT"
"media_ff1549446f145f43ed94","Remada landmine unilateral","C:\Users\bruno\Downloads\Exercicios renomeados\Remada landmine unilateral","Barra | Bíceps | Academia","3","COM_SECUNDARIAS_NO_TXT"
"media_11ec0c5a19f04fad3adb","Remada na postura do barco (Yoga)","C:\Users\bruno\Downloads\Exercicios renomeados\Remada na postura do barco (Yoga)","Sem aparelhos | Casa","2","COM_SECUNDARIAS_NO_TXT"
"media_ae818b5bf5bef7bbec48","Remada para deltoide posterior com halteres","C:\Users\bruno\Downloads\Exercicios renomeados\Remada para deltoide posterior com halteres","Halteres | Academia","2","COM_SECUNDARIAS_NO_TXT"
"media_bee29674c2de50f09eb8","Remada para deltoide posterior sentado com halteres","C:\Users\bruno\Downloads\Exercicios renomeados\Remada para deltoide posterior sentado com halteres","Halteres | Academia","2","COM_SECUNDARIAS_NO_TXT"
"media_82439bffc0663be5dc4b","Remada sentada no cabo","C:\Users\bruno\Downloads\Exercicios renomeados\Remada sentada no cabo","Polia/Cabo | Bíceps | Academia","3","COM_SECUNDARIAS_NO_TXT"
"media_272cc43f6cedb3c96a06","Remada sentada no cabo - variação 2","C:\Users\bruno\Downloads\Exercicios renomeados\Remada sentada no cabo - variação 2","Polia/Cabo | Bíceps | Academia","3","COM_SECUNDARIAS_NO_TXT"
"media_a2d34b882390b26b0d59","Remada T","C:\Users\bruno\Downloads\Exercicios renomeados\Remada T","Barra | Bíceps | Academia","3","COM_SECUNDARIAS_NO_TXT"
"media_107c9a3e32712c782ed3","Remada unilateral ajoelhada na polia alta","C:\Users\bruno\Downloads\Exercicios renomeados\Remada unilateral ajoelhada na polia alta","Polia/Cabo | Bíceps | Academia","3","COM_SECUNDARIAS_NO_TXT"
"media_539a76dbe8a199c15242","Remada unilateral com barra","C:\Users\bruno\Downloads\Exercicios renomeados\Remada unilateral com barra","Barra | Bíceps | Academia","3","COM_SECUNDARIAS_NO_TXT"
"media_70e8341c906aa067cf67","Remada unilateral com halter","C:\Users\bruno\Downloads\Exercicios renomeados\Remada unilateral com halter","Halteres | Bíceps | Academia","3","COM_SECUNDARIAS_NO_TXT"
"media_d438b53b179ce04571a1","Remada unilateral no cabo","C:\Users\bruno\Downloads\Exercicios renomeados\Remada unilateral no cabo","Polia/Cabo | Bíceps | Academia","3","COM_SECUNDARIAS_NO_TXT"
"media_71a8f5c1901cb77c3de0","Remo ergométrico","C:\Users\bruno\Downloads\Exercicios renomeados\Remo ergométrico","Máquina | Remo | Academia","3","COM_SECUNDARIAS_NO_TXT"
"media_56adf8c69f69b2f105ea","Retração cervical (chin tuck)","C:\Users\bruno\Downloads\Exercicios renomeados\Retração cervical (chin tuck)","Sem aparelhos | Casa","2","COM_SECUNDARIAS_NO_TXT"
"media_51411ff48659902d77cb","Retração escapular sentado","C:\Users\bruno\Downloads\Exercicios renomeados\Retração escapular sentado","Sem aparelhos | Casa","2","COM_SECUNDARIAS_NO_TXT"
"media_fc904d9b551b3669ffeb","Rolando como uma bola (Pilates)","C:\Users\bruno\Downloads\Exercicios renomeados\Rolando como uma bola (Pilates)","Bola | Academia","2","COM_SECUNDARIAS_NO_TXT"
"media_d300e51d0cbd52f57552","Rollout com barra","C:\Users\bruno\Downloads\Exercicios renomeados\Rollout com barra","Barra | Academia","2","COM_SECUNDARIAS_NO_TXT"
"media_a4b7650f5f4c160cf146","Rollout na bola suíça","C:\Users\bruno\Downloads\Exercicios renomeados\Rollout na bola suíça","Bola | Academia","2","COM_SECUNDARIAS_NO_TXT"
"media_2a614ed29e66ebd08d10","Rolo de punho","C:\Users\bruno\Downloads\Exercicios renomeados\Rolo de punho","Sem aparelhos | Casa","2","COM_SECUNDARIAS_NO_TXT"
"media_392221853c7a10e0beb0","Rosca bíceps unilateral com halter","C:\Users\bruno\Downloads\Exercicios renomeados\Rosca bíceps unilateral com halter","Halteres | Academia","2","COM_SECUNDARIAS_NO_TXT"
"media_5856756ca99d7fda6203","Rosca bíceps unilateral no cabo","C:\Users\bruno\Downloads\Exercicios renomeados\Rosca bíceps unilateral no cabo","Polia/Cabo | Academia","2","COM_SECUNDARIAS_NO_TXT"
"media_427845c31b3370101bf7","Rosca concentração","C:\Users\bruno\Downloads\Exercicios renomeados\Rosca concentração","Sem aparelhos | Casa","2","COM_SECUNDARIAS_NO_TXT"
"media_7b503d2a8076d19a1fe3","Rosca de punho com barra atrás do corpo","C:\Users\bruno\Downloads\Exercicios renomeados\Rosca de punho com barra atrás do corpo","Barra | Academia","2","COM_SECUNDARIAS_NO_TXT"
"media_e752d97b37ad86854c20","Rosca de punho com halteres","C:\Users\bruno\Downloads\Exercicios renomeados\Rosca de punho com halteres","Halteres | Academia","2","COM_SECUNDARIAS_NO_TXT"
"media_e6aef15d98655531dfef","Rosca de punho neutra com halteres","C:\Users\bruno\Downloads\Exercicios renomeados\Rosca de punho neutra com halteres","Halteres | Academia","2","COM_SECUNDARIAS_NO_TXT"
"media_b880c806fc403eeaa508","Rosca direta com barra","C:\Users\bruno\Downloads\Exercicios renomeados\Rosca direta com barra","Barra | Academia","2","COM_SECUNDARIAS_NO_TXT"
"media_e5b11e6e45dac250592e","Rosca martelo com garrafas de água","C:\Users\bruno\Downloads\Exercicios renomeados\Rosca martelo com garrafas de água","Halteres | Academia","2","COM_SECUNDARIAS_NO_TXT"
"media_879ec42b4f9065b8f003","Rosca Scott com halteres","C:\Users\bruno\Downloads\Exercicios renomeados\Rosca Scott com halteres","Halteres | Banco | Academia","3","COM_SECUNDARIAS_NO_TXT"
"media_a639132cfeb9bf6b0eb4","Rosca Scott martelo com halteres","C:\Users\bruno\Downloads\Exercicios renomeados\Rosca Scott martelo com halteres","Halteres | Banco | Academia","3","COM_SECUNDARIAS_NO_TXT"
"media_35ca16a56567e36edeae","Rotação de pés e tornozelos","C:\Users\bruno\Downloads\Exercicios renomeados\Rotação de pés e tornozelos","Sem aparelhos | Casa","2","COM_SECUNDARIAS_NO_TXT"
"media_d45a11e4795e9b245e22","Rotação de tronco deitado","C:\Users\bruno\Downloads\Exercicios renomeados\Rotação de tronco deitado","Sem aparelhos | Casa","2","COM_SECUNDARIAS_NO_TXT"
"media_321a0280062adb38942c","Rotação de tronco em pé","C:\Users\bruno\Downloads\Exercicios renomeados\Rotação de tronco em pé","Sem aparelhos | Casa","2","COM_SECUNDARIAS_NO_TXT"
"media_eb53b0d480c200689e9d","Rotação de tronco no cabo em pé","C:\Users\bruno\Downloads\Exercicios renomeados\Rotação de tronco no cabo em pé","Polia/Cabo | Academia","2","COM_SECUNDARIAS_NO_TXT"
"media_047347a875a19dc57ee2","Rotação externa cubana com halteres","C:\Users\bruno\Downloads\Exercicios renomeados\Rotação externa cubana com halteres","Halteres | Academia","2","COM_SECUNDARIAS_NO_TXT"
"media_e6cf319fc09c6faad2eb","Rotação externa de ombro com halter apoiado no banco","C:\Users\bruno\Downloads\Exercicios renomeados\Rotação externa de ombro com halter apoiado no banco","Halteres | Banco | Academia","3","COM_SECUNDARIAS_NO_TXT"
"media_b4daed909a2373f32ece","Rotação externa de ombro meio ajoelhado no cabo","C:\Users\bruno\Downloads\Exercicios renomeados\Rotação externa de ombro meio ajoelhado no cabo","Polia/Cabo | Academia","2","COM_SECUNDARIAS_NO_TXT"
"media_947fd75865198dafd60a","Rotação externa de ombro no cabo","C:\Users\bruno\Downloads\Exercicios renomeados\Rotação externa de ombro no cabo","Polia/Cabo | Academia","2","COM_SECUNDARIAS_NO_TXT"
"media_f76439f6795fab16f382","Rotação externa do quadril sentado com elástico","C:\Users\bruno\Downloads\Exercicios renomeados\Rotação externa do quadril sentado com elástico","Elástico | Academia","2","COM_SECUNDARIAS_NO_TXT"
"media_57fd4837f3d51f5c51f8","Rotação externa do tornozelo com elástico","C:\Users\bruno\Downloads\Exercicios renomeados\Rotação externa do tornozelo com elástico","Elástico | Academia","2","COM_SECUNDARIAS_NO_TXT"
"media_e5e17ae4254e8c9b5b29","Rotação interna de ombro no cabo","C:\Users\bruno\Downloads\Exercicios renomeados\Rotação interna de ombro no cabo","Polia/Cabo | Academia","2","COM_SECUNDARIAS_NO_TXT"
"media_7722f763275b439c9833","Rotação interna de ombro sentado no cabo","C:\Users\bruno\Downloads\Exercicios renomeados\Rotação interna de ombro sentado no cabo","Polia/Cabo | Academia","2","COM_SECUNDARIAS_NO_TXT"
"media_a0827fa0625c2576a452","Rotação interna do quadril sentado com elástico","C:\Users\bruno\Downloads\Exercicios renomeados\Rotação interna do quadril sentado com elástico","Elástico | Academia","2","COM_SECUNDARIAS_NO_TXT"
"media_ac3e58b4be3f47ccf5a7","Rotação landmine","C:\Users\bruno\Downloads\Exercicios renomeados\Rotação landmine","Barra | Academia","2","COM_SECUNDARIAS_NO_TXT"
"media_962e032c8b1f8d4994db","Rotação torácica ajoelhado para trás","C:\Users\bruno\Downloads\Exercicios renomeados\Rotação torácica ajoelhado para trás","Sem aparelhos | Casa","2","COM_SECUNDARIAS_NO_TXT"
"media_f5d1a24976fa41b0b86b","Rotação torácica em quatro apoios","C:\Users\bruno\Downloads\Exercicios renomeados\Rotação torácica em quatro apoios","Sem aparelhos | Casa","2","COM_SECUNDARIAS_NO_TXT"
"media_e1af88165942a956c0e5","Salto agrupado","C:\Users\bruno\Downloads\Exercicios renomeados\Salto agrupado","Cardio | Sem aparelhos | Casa","3","COM_SECUNDARIAS_NO_TXT"
"media_5593336e85c3dd9a8d0b","Salto de elevação pélvica unilateral","C:\Users\bruno\Downloads\Exercicios renomeados\Salto de elevação pélvica unilateral","Sem aparelhos | Casa","2","COM_SECUNDARIAS_NO_TXT"
"media_6c12c4b336b682ac2b70","Salto dividido com halteres","C:\Users\bruno\Downloads\Exercicios renomeados\Salto dividido com halteres","Halteres | Cardio | Academia","3","COM_SECUNDARIAS_NO_TXT"
"media_b88cadc46f0d4d95866c","Salto em distância","C:\Users\bruno\Downloads\Exercicios renomeados\Salto em distância","Cardio | Sem aparelhos | Casa","3","COM_SECUNDARIAS_NO_TXT"
"media_3767fd56a9b4327ddab3","Salto em distância unilateral","C:\Users\bruno\Downloads\Exercicios renomeados\Salto em distância unilateral","Cardio | Sem aparelhos | Casa","3","COM_SECUNDARIAS_NO_TXT"
"media_34a3bac127420a027db9","Salto em profundidade para obstáculo","C:\Users\bruno\Downloads\Exercicios renomeados\Salto em profundidade para obstáculo","Cardio | Sem aparelhos | Casa","3","COM_SECUNDARIAS_NO_TXT"
"media_822f58a7c4a32e70fa16","Salto na caixa","C:\Users\bruno\Downloads\Exercicios renomeados\Salto na caixa","Step/Caixa | Cardio | Academia","3","COM_SECUNDARIAS_NO_TXT"
"media_0673631de2491887fe9c","Salto na caixa com uma perna","C:\Users\bruno\Downloads\Exercicios renomeados\Salto na caixa com uma perna","Step/Caixa | Cardio | Academia","3","COM_SECUNDARIAS_NO_TXT"
"media_03b364bea968093e78f0","Salto para trás","C:\Users\bruno\Downloads\Exercicios renomeados\Salto para trás","Cardio | Sem aparelhos | Casa","3","COM_SECUNDARIAS_NO_TXT"
"media_1c6ee613b14e0d609951","Salto pliométrico em zigue-zague","C:\Users\bruno\Downloads\Exercicios renomeados\Salto pliométrico em zigue-zague","Cardio | Sem aparelhos | Casa","3","COM_SECUNDARIAS_NO_TXT"
"media_e783592a49ae91e7c8d5","Salto vertical com alcance","C:\Users\bruno\Downloads\Exercicios renomeados\Salto vertical com alcance","Cardio | Sem aparelhos | Casa","3","COM_SECUNDARIAS_NO_TXT"
"media_9ef93caff4c0341a7ed3","Saltos com joelho alto","C:\Users\bruno\Downloads\Exercicios renomeados\Saltos com joelho alto","Cardio | Sem aparelhos | Casa","3","COM_SECUNDARIAS_NO_TXT"
"media_2c5ba862da064babb4b0","Saltos de potência","C:\Users\bruno\Downloads\Exercicios renomeados\Saltos de potência","Cardio | Sem aparelhos | Casa","3","COM_SECUNDARIAS_NO_TXT"
"media_3928f40d2fcdc598b8ce","Scott press","C:\Users\bruno\Downloads\Exercicios renomeados\Scott press","Banco | Tríceps | Academia","3","COM_SECUNDARIAS_NO_TXT"
"media_40e4027e63f8c7d6a93f","SkiErg","C:\Users\bruno\Downloads\Exercicios renomeados\SkiErg","Máquina | Academia | Corpo inteiro","3","COM_SECUNDARIAS_NO_TXT"
"media_15a3e6747708fe4ff506","Slam com bola medicinal","C:\Users\bruno\Downloads\Exercicios renomeados\Slam com bola medicinal","Bola | Cardio | Academia","3","COM_SECUNDARIAS_NO_TXT"
"media_50433dffe9620f1c1c7c","Snatch balance","C:\Users\bruno\Downloads\Exercicios renomeados\Snatch balance","Barra | Academia","2","COM_SECUNDARIAS_NO_TXT"
"media_2ea19f883edf7070ca88","Snatch com barra","C:\Users\bruno\Downloads\Exercicios renomeados\Snatch com barra","Barra | Academia","2","COM_SECUNDARIAS_NO_TXT"
"media_e52590311864636df066","Snatch unilateral com halter","C:\Users\bruno\Downloads\Exercicios renomeados\Snatch unilateral com halter","Halteres | Academia","2","COM_SECUNDARIAS_NO_TXT"
"media_46780e150c2ffee4f8ff","Socos","C:\Users\bruno\Downloads\Exercicios renomeados\Socos","Sem aparelhos | Casa | Corpo inteiro","3","COM_SECUNDARIAS_NO_TXT"
"media_5b3d146a48af410dfd5c","Sprint na bicicleta ergométrica","C:\Users\bruno\Downloads\Exercicios renomeados\Sprint na bicicleta ergométrica","Máquina | Bicicleta | Academia","3","COM_SECUNDARIAS_NO_TXT"
"media_3ff2e34a5c3aed66a8d6","Squat thrust (agachamento para prancha)","C:\Users\bruno\Downloads\Exercicios renomeados\Squat thrust (agachamento para prancha)","Cardio | Sem aparelhos | Casa","3","COM_SECUNDARIAS_NO_TXT"
"media_25603c4c184000fe46be","Step-down unilateral","C:\Users\bruno\Downloads\Exercicios renomeados\Step-down unilateral","Step/Caixa | Glúteos | Academia","3","COM_SECUNDARIAS_NO_TXT"
"media_67bfb91c8acba912cb26","Step-up com elevação do joelho","C:\Users\bruno\Downloads\Exercicios renomeados\Step-up com elevação do joelho","Step/Caixa | Glúteos | Academia","3","COM_SECUNDARIAS_NO_TXT"
"media_a9eebdc43bbaa0da601e","Step-up com elástico","C:\Users\bruno\Downloads\Exercicios renomeados\Step-up com elástico","Elástico | Step/Caixa | Glúteos","3","COM_SECUNDARIAS_NO_TXT"
"media_bfe1cffc4cf02b0a65a7","Step-up com equilíbrio e rosca bíceps","C:\Users\bruno\Downloads\Exercicios renomeados\Step-up com equilíbrio e rosca bíceps","Step/Caixa | Academia","2","COM_SECUNDARIAS_NO_TXT"
"media_21d252fe7df4de8b01a6","Step-up com halteres","C:\Users\bruno\Downloads\Exercicios renomeados\Step-up com halteres","Halteres | Step/Caixa | Glúteos","3","COM_SECUNDARIAS_NO_TXT"
"media_c68a7f9f79457c36453e","Step-up com rotação e joelho ao cotovelo","C:\Users\bruno\Downloads\Exercicios renomeados\Step-up com rotação e joelho ao cotovelo","Step/Caixa | Glúteos | Academia","3","COM_SECUNDARIAS_NO_TXT"
"media_a95dd7df569e4fa31ed5","Step-up lateral","C:\Users\bruno\Downloads\Exercicios renomeados\Step-up lateral","Step/Caixa | Glúteos | Academia","3","COM_SECUNDARIAS_NO_TXT"
"media_2d38aee402705afccb8f","Step-up lateral com halteres","C:\Users\bruno\Downloads\Exercicios renomeados\Step-up lateral com halteres","Halteres | Step/Caixa | Glúteos","3","COM_SECUNDARIAS_NO_TXT"
"media_118ff8b2ba6ba026f180","Step-up no banco com barra","C:\Users\bruno\Downloads\Exercicios renomeados\Step-up no banco com barra","Barra | Banco | Step/Caixa","3","COM_SECUNDARIAS_NO_TXT"
"media_c60d0677040259b02da3","Stiff com halteres","C:\Users\bruno\Downloads\Exercicios renomeados\Stiff com halteres","Halteres | Glúteos | Academia","3","COM_SECUNDARIAS_NO_TXT"
"media_bdb2c36c305132520848","Super-homem","C:\Users\bruno\Downloads\Exercicios renomeados\Super-homem","Sem aparelhos | Casa","2","COM_SECUNDARIAS_NO_TXT"
"media_ad4725f408aace1587fa","Super-homem - variação 2","C:\Users\bruno\Downloads\Exercicios renomeados\Super-homem - variação 2","Sem aparelhos | Casa","2","COM_SECUNDARIAS_NO_TXT"
"media_069205b8deab71863d87","Super-homem - variação 3","C:\Users\bruno\Downloads\Exercicios renomeados\Super-homem - variação 3","Sem aparelhos | Casa","2","COM_SECUNDARIAS_NO_TXT"
"media_66f1db807a9d4d3e0fde","Supino ajoelhado com elástico","C:\Users\bruno\Downloads\Exercicios renomeados\Supino ajoelhado com elástico","Elástico | Banco | Tríceps","3","COM_SECUNDARIAS_NO_TXT"
"media_d432482a6d2371d9c4a7","Supino alternado com halteres","C:\Users\bruno\Downloads\Exercicios renomeados\Supino alternado com halteres","Halteres | Banco | Tríceps","3","COM_SECUNDARIAS_NO_TXT"
"media_e07c607a601c3a70b90a","Supino com halteres","C:\Users\bruno\Downloads\Exercicios renomeados\Supino com halteres","Halteres | Banco | Tríceps","3","COM_SECUNDARIAS_NO_TXT"
"media_c9a7cd8b634bff61827d","Supino com halteres e pegada fechada","C:\Users\bruno\Downloads\Exercicios renomeados\Supino com halteres e pegada fechada","Halteres | Banco | Academia","3","COM_SECUNDARIAS_NO_TXT"
"media_578435577be4475cf008","Supino com halteres e pegada reversa","C:\Users\bruno\Downloads\Exercicios renomeados\Supino com halteres e pegada reversa","Halteres | Banco | Academia","3","COM_SECUNDARIAS_NO_TXT"
"media_12c2a2cdbac36debf89c","Supino com pegada aberta","C:\Users\bruno\Downloads\Exercicios renomeados\Supino com pegada aberta","Banco | Academia","2","COM_SECUNDARIAS_NO_TXT"
"media_2a19365360e67c7c55e9","Supino com pegada fechada","C:\Users\bruno\Downloads\Exercicios renomeados\Supino com pegada fechada","Banco | Academia","2","COM_SECUNDARIAS_NO_TXT"
"media_1126903b26ae141622ea","Supino convergente na máquina","C:\Users\bruno\Downloads\Exercicios renomeados\Supino convergente na máquina","Máquina | Tríceps | Academia","3","COM_SECUNDARIAS_NO_TXT"
"media_8d1cd8a354abbd87be15","Supino declinado com barra","C:\Users\bruno\Downloads\Exercicios renomeados\Supino declinado com barra","Barra | Banco | Tríceps","3","COM_SECUNDARIAS_NO_TXT"
"media_f065536813e7db4b1a55","Supino declinado com halteres","C:\Users\bruno\Downloads\Exercicios renomeados\Supino declinado com halteres","Halteres | Banco | Tríceps","3","COM_SECUNDARIAS_NO_TXT"
"media_46694e0eabb29c027c3b","Supino declinado na máquina","C:\Users\bruno\Downloads\Exercicios renomeados\Supino declinado na máquina","Máquina | Tríceps | Academia","3","COM_SECUNDARIAS_NO_TXT"
"media_36ff9e5f91c6613fd817","Supino declinado na máquina - variação 2","C:\Users\bruno\Downloads\Exercicios renomeados\Supino declinado na máquina - variação 2","Máquina | Tríceps | Academia","3","COM_SECUNDARIAS_NO_TXT"
"media_08a6bfe55d453c624fc7","Supino declinado na máquina Smith","C:\Users\bruno\Downloads\Exercicios renomeados\Supino declinado na máquina Smith","Máquina | Tríceps | Academia","3","COM_SECUNDARIAS_NO_TXT"
"media_98334d6b79ebeded9f01","Supino deitado na máquina","C:\Users\bruno\Downloads\Exercicios renomeados\Supino deitado na máquina","Máquina | Tríceps | Academia","3","COM_SECUNDARIAS_NO_TXT"
"media_1ad5949473a4fbdf2164","Supino em pé com elástico","C:\Users\bruno\Downloads\Exercicios renomeados\Supino em pé com elástico","Elástico | Banco | Tríceps","3","COM_SECUNDARIAS_NO_TXT"
"media_7bf71653cc625df900ac","Supino inclinado com barra","C:\Users\bruno\Downloads\Exercicios renomeados\Supino inclinado com barra","Barra | Banco | Tríceps","3","COM_SECUNDARIAS_NO_TXT"
"media_244770688862614a2093","Supino inclinado com halteres","C:\Users\bruno\Downloads\Exercicios renomeados\Supino inclinado com halteres","Halteres | Banco | Tríceps","3","COM_SECUNDARIAS_NO_TXT"
"media_5c3cc8a96614c09fadee","Supino inclinado com halteres e pegada reversa","C:\Users\bruno\Downloads\Exercicios renomeados\Supino inclinado com halteres e pegada reversa","Halteres | Banco | Academia","3","COM_SECUNDARIAS_NO_TXT"
"media_8420c40db8f404ac1c6d","Supino inclinado com pegada fechada","C:\Users\bruno\Downloads\Exercicios renomeados\Supino inclinado com pegada fechada","Banco | Academia","2","COM_SECUNDARIAS_NO_TXT"
"media_75767797e40f44dbb96e","Supino inclinado na máquina","C:\Users\bruno\Downloads\Exercicios renomeados\Supino inclinado na máquina","Máquina | Tríceps | Academia","3","COM_SECUNDARIAS_NO_TXT"
"media_19197214f72a68d5b4f1","Supino inclinado na máquina - variação 2","C:\Users\bruno\Downloads\Exercicios renomeados\Supino inclinado na máquina - variação 2","Máquina | Tríceps | Academia","3","COM_SECUNDARIAS_NO_TXT"
"media_1ec6694c584149147bf8","Supino inclinado na máquina Smith","C:\Users\bruno\Downloads\Exercicios renomeados\Supino inclinado na máquina Smith","Máquina | Tríceps | Academia","3","COM_SECUNDARIAS_NO_TXT"
"media_d81d533a7b9ed1c205f2","Supino martelo com halteres","C:\Users\bruno\Downloads\Exercicios renomeados\Supino martelo com halteres","Halteres | Banco | Tríceps","3","COM_SECUNDARIAS_NO_TXT"
"media_38e23216ab9a41445120","Supino martelo declinado com halteres","C:\Users\bruno\Downloads\Exercicios renomeados\Supino martelo declinado com halteres","Halteres | Banco | Tríceps","3","COM_SECUNDARIAS_NO_TXT"
"media_b77110d46a0109008a99","Supino martelo declinado com halteres - variação 2","C:\Users\bruno\Downloads\Exercicios renomeados\Supino martelo declinado com halteres - variação 2","Halteres | Banco | Tríceps","3","COM_SECUNDARIAS_NO_TXT"
"media_9d5128716cefc8f59b06","Supino martelo inclinado com halteres","C:\Users\bruno\Downloads\Exercicios renomeados\Supino martelo inclinado com halteres","Halteres | Banco | Tríceps","3","COM_SECUNDARIAS_NO_TXT"
"media_b17b6b21c798628bc3d3","Supino na máquina","C:\Users\bruno\Downloads\Exercicios renomeados\Supino na máquina","Máquina | Tríceps | Academia","3","COM_SECUNDARIAS_NO_TXT"
"media_64f888d0c302bcd91d2a","Supino na máquina - variação 2","C:\Users\bruno\Downloads\Exercicios renomeados\Supino na máquina - variação 2","Máquina | Tríceps | Academia","3","COM_SECUNDARIAS_NO_TXT"
"media_4f4694759875b5dbd15e","Supino na máquina Smith","C:\Users\bruno\Downloads\Exercicios renomeados\Supino na máquina Smith","Máquina | Tríceps | Academia","3","COM_SECUNDARIAS_NO_TXT"
"media_bb7ae36dcd31aaf0b43b","Supino reto com barra","C:\Users\bruno\Downloads\Exercicios renomeados\Supino reto com barra","Barra | Banco | Tríceps","3","COM_SECUNDARIAS_NO_TXT"
"media_d0238db28bd27397475f","Supino reto com barra, pegada reversa e fechada","C:\Users\bruno\Downloads\Exercicios renomeados\Supino reto com barra, pegada reversa e fechada","Barra | Banco | Academia","3","COM_SECUNDARIAS_NO_TXT"
"media_fa4eb52e3a6d2dd16bdf","Supino sentado no cabo","C:\Users\bruno\Downloads\Exercicios renomeados\Supino sentado no cabo","Polia/Cabo | Banco | Tríceps","3","COM_SECUNDARIAS_NO_TXT"
"media_e9477e80d0fb15e65cf0","Supino sentado no cabo com pegada fechada","C:\Users\bruno\Downloads\Exercicios renomeados\Supino sentado no cabo com pegada fechada","Polia/Cabo | Banco | Academia","3","COM_SECUNDARIAS_NO_TXT"
"media_e65cc478377759c4ed7e","Supino unilateral com halter e pegada reversa","C:\Users\bruno\Downloads\Exercicios renomeados\Supino unilateral com halter e pegada reversa","Halteres | Banco | Academia","3","COM_SECUNDARIAS_NO_TXT"
"media_fe568c6890f78f25fa51","Supino unilateral com kettlebell no banco","C:\Users\bruno\Downloads\Exercicios renomeados\Supino unilateral com kettlebell no banco","Kettlebell | Banco | Tríceps","3","COM_SECUNDARIAS_NO_TXT"
"media_9e47b03b9ae0086a6c6b","Supino unilateral na máquina","C:\Users\bruno\Downloads\Exercicios renomeados\Supino unilateral na máquina","Máquina | Tríceps | Academia","3","COM_SECUNDARIAS_NO_TXT"
"media_ea72bb4460ed90de2ab2","Supino unilateral no cabo em pé","C:\Users\bruno\Downloads\Exercicios renomeados\Supino unilateral no cabo em pé","Polia/Cabo | Banco | Tríceps","3","COM_SECUNDARIAS_NO_TXT"
"media_2ab4ba9c1fc4f31ca23e","Suspensão na barra fixa","C:\Users\bruno\Downloads\Exercicios renomeados\Suspensão na barra fixa","Barra fixa | Bíceps | Academia","3","COM_SECUNDARIAS_NO_TXT"
"media_963e38d2278403293da5","Tesoura de braços","C:\Users\bruno\Downloads\Exercicios renomeados\Tesoura de braços","Sem aparelhos | Casa","2","COM_SECUNDARIAS_NO_TXT"
"media_5b480e01e3b551f926ab","Tesoura de pernas deitado","C:\Users\bruno\Downloads\Exercicios renomeados\Tesoura de pernas deitado","Sem aparelhos | Casa","2","COM_SECUNDARIAS_NO_TXT"
"media_51b45720ac22710f6d08","Thruster com kettlebell","C:\Users\bruno\Downloads\Exercicios renomeados\Thruster com kettlebell","Kettlebell | Academia","2","COM_SECUNDARIAS_NO_TXT"
"media_aacc97e352cb7c22fef8","Toque de caranguejo com rotação","C:\Users\bruno\Downloads\Exercicios renomeados\Toque de caranguejo com rotação","Sem aparelhos | Casa","2","COM_SECUNDARIAS_NO_TXT"
"media_0e0efd578078ac0be267","Toque de caranguejo com rotação - variação 2","C:\Users\bruno\Downloads\Exercicios renomeados\Toque de caranguejo com rotação - variação 2","Sem aparelhos | Casa","2","COM_SECUNDARIAS_NO_TXT"
"media_7b779589c0d32c4cab8a","Toque dos pés em pé","C:\Users\bruno\Downloads\Exercicios renomeados\Toque dos pés em pé","Sem aparelhos | Casa","2","COM_SECUNDARIAS_NO_TXT"
"media_dd4a8dd102db185dfc53","Toque lateral com elástico","C:\Users\bruno\Downloads\Exercicios renomeados\Toque lateral com elástico","Elástico | Academia","2","COM_SECUNDARIAS_NO_TXT"
"media_a7672baa5e9273981864","Toque no calcanhar","C:\Users\bruno\Downloads\Exercicios renomeados\Toque no calcanhar","Sem aparelhos | Casa","2","COM_SECUNDARIAS_NO_TXT"
"media_d39817b8f03c1508bfe6","Torção oblíqua sentada","C:\Users\bruno\Downloads\Exercicios renomeados\Torção oblíqua sentada","Sem aparelhos | Casa","2","COM_SECUNDARIAS_NO_TXT"
"media_4efa59ff9d80102eb5d5","Torção russa","C:\Users\bruno\Downloads\Exercicios renomeados\Torção russa","Sem aparelhos | Casa","2","COM_SECUNDARIAS_NO_TXT"
"media_3f819029554bb4436461","Tríceps na polia","C:\Users\bruno\Downloads\Exercicios renomeados\Tríceps na polia","Polia/Cabo | Academia","2","COM_SECUNDARIAS_NO_TXT"
"media_3a837cfce62495425870","Tríceps no banco","C:\Users\bruno\Downloads\Exercicios renomeados\Tríceps no banco","Banco | Academia","2","COM_SECUNDARIAS_NO_TXT"
"media_73f014adea062cb63c99","Tríceps testa com barra","C:\Users\bruno\Downloads\Exercicios renomeados\Tríceps testa com barra","Barra | Academia","2","COM_SECUNDARIAS_NO_TXT"
"media_b97da2b28aff08a1af74","Tríceps testa com barra - variação 2","C:\Users\bruno\Downloads\Exercicios renomeados\Tríceps testa com barra - variação 2","Barra | Academia","2","COM_SECUNDARIAS_NO_TXT"
"media_62e50fb54ddee0f5a51f","Tríceps testa com peso corporal","C:\Users\bruno\Downloads\Exercicios renomeados\Tríceps testa com peso corporal","Sem aparelhos | Casa","2","COM_SECUNDARIAS_NO_TXT"
"media_f935dde48069be02f01d","Tríceps testa unilateral com halter","C:\Users\bruno\Downloads\Exercicios renomeados\Tríceps testa unilateral com halter","Halteres | Academia","2","COM_SECUNDARIAS_NO_TXT"
"media_08bc51618baa755d1eb0","Tríceps unilateral na polia","C:\Users\bruno\Downloads\Exercicios renomeados\Tríceps unilateral na polia","Polia/Cabo | Academia","2","COM_SECUNDARIAS_NO_TXT"
"media_f98acb96720587e71c8b","Tríceps unilateral na polia com pegada reversa","C:\Users\bruno\Downloads\Exercicios renomeados\Tríceps unilateral na polia com pegada reversa","Polia/Cabo | Academia","2","COM_SECUNDARIAS_NO_TXT"
"media_ff37ee4a8039151c8960","Upavistha Konasana (alongamento sentado com pernas abertas)","C:\Users\bruno\Downloads\Exercicios renomeados\Upavistha Konasana (alongamento sentado com pernas abertas)","Sem aparelhos | Casa","2","COM_SECUNDARIAS_NO_TXT"
"media_0633dc40622a1c89e716","Uppercut de direita","C:\Users\bruno\Downloads\Exercicios renomeados\Uppercut de direita","Sem aparelhos | Casa | Corpo inteiro","3","COM_SECUNDARIAS_NO_TXT"
"media_d85d90a0fa569eab9c6c","Virada de pneu","C:\Users\bruno\Downloads\Exercicios renomeados\Virada de pneu","Cardio | Sem aparelhos | Casa","3","COM_SECUNDARIAS_NO_TXT"
"media_5dec271a7901b7364e3b","Vácuo abdominal em quatro apoios","C:\Users\bruno\Downloads\Exercicios renomeados\Vácuo abdominal em quatro apoios","Sem aparelhos | Casa","2","COM_SECUNDARIAS_NO_TXT"
"media_a569d89908eaf901f622","Wall ball","C:\Users\bruno\Downloads\Exercicios renomeados\Wall ball","Bola | Cardio | Academia","3","COM_SECUNDARIAS_NO_TXT"
"media_56b5acb8fe14216e8037","Wood chop no cabo de baixo para cima","C:\Users\bruno\Downloads\Exercicios renomeados\Wood chop no cabo de baixo para cima","Polia/Cabo | Academia","2","COM_SECUNDARIAS_NO_TXT"
"media_ff2e459624fd36724877","Wood chop no cabo de cima para baixo","C:\Users\bruno\Downloads\Exercicios renomeados\Wood chop no cabo de cima para baixo","Polia/Cabo | Academia","2","COM_SECUNDARIAS_NO_TXT"
