"id","source_folder","campo","valor_antes","valor_source","valor_depois","status"
"media_77a5114257259044cd07","C:\Users\bruno\Downloads\Exercicios renomeados\Abdominais com peso","tags_secundarias","Casa | Academia","Sem aparelhos | Casa","Sem aparelhos | Casa","CORRIGIDO"
"media_77a5114257259044cd07","C:\Users\bruno\Downloads\Exercicios renomeados\Abdominais com peso","tags_compatibilidade","Abdômen/Core","Abdômen/Core | Sem aparelhos | Casa","Abdômen/Core | Sem aparelhos | Casa","CORRIGIDO"
"media_f075e92677cc4673279e","C:\Users\bruno\Downloads\Exercicios renomeados\Abdominal ajoelhado na polia","tags_secundarias","Academia","Polia/Cabo | Academia","Polia/Cabo | Academia","CORRIGIDO"
"media_f075e92677cc4673279e","C:\Users\bruno\Downloads\Exercicios renomeados\Abdominal ajoelhado na polia","tags_compatibilidade","Abdômen/Core","Abdômen/Core | Polia/Cabo | Academia","Abdômen/Core | Polia/Cabo | Academia","CORRIGIDO"
"media_3a5e94dc465ccc26b77e","C:\Users\bruno\Downloads\Exercicios renomeados\Abdominal bicicleta","tags_secundarias","Casa | Academia","Bicicleta | Academia","Bicicleta | Academia","CORRIGIDO"
"media_3a5e94dc465ccc26b77e","C:\Users\bruno\Downloads\Exercicios renomeados\Abdominal bicicleta","tags_compatibilidade","Abdômen/Core","Abdômen/Core | Bicicleta | Academia","Abdômen/Core | Bicicleta | Academia","CORRIGIDO"
"media_3d545b06480bf53339e9","C:\Users\bruno\Downloads\Exercicios renomeados\Abdominal bicicleta com elástico","tags_secundarias","Casa | Academia","Elástico | Bicicleta | Academia","Elástico | Bicicleta | Academia","CORRIGIDO"
"media_3d545b06480bf53339e9","C:\Users\bruno\Downloads\Exercicios renomeados\Abdominal bicicleta com elástico","tags_compatibilidade","Abdômen/Core","Abdômen/Core | Elástico | Bicicleta | Academia","Abdômen/Core | Elástico | Bicicleta | Academia","CORRIGIDO"
"media_47fe930c4acb2b9d8c8f","C:\Users\bruno\Downloads\Exercicios renomeados\Abdominal borboleta","tags_secundarias","Casa | Academia","Sem aparelhos | Casa","Sem aparelhos | Casa","CORRIGIDO"
"media_47fe930c4acb2b9d8c8f","C:\Users\bruno\Downloads\Exercicios renomeados\Abdominal borboleta","tags_compatibilidade","Abdômen/Core","Abdômen/Core | Sem aparelhos | Casa","Abdômen/Core | Sem aparelhos | Casa","CORRIGIDO"
"media_a37a954213fb262d1eaf","C:\Users\bruno\Downloads\Exercicios renomeados\Abdominal borboleta - variação 2","tags_secundarias","Casa | Academia","Sem aparelhos | Casa","Sem aparelhos | Casa","CORRIGIDO"
"media_a37a954213fb262d1eaf","C:\Users\bruno\Downloads\Exercicios renomeados\Abdominal borboleta - variação 2","tags_compatibilidade","Abdômen/Core","Abdômen/Core | Sem aparelhos | Casa","Abdômen/Core | Sem aparelhos | Casa","CORRIGIDO"
"media_e94b760d6d4baa0f694b","C:\Users\bruno\Downloads\Exercicios renomeados\Abdominal canivete","tags_secundarias","Academia | Casa","Sem aparelhos | Casa","Sem aparelhos | Casa","CORRIGIDO"
"media_e94b760d6d4baa0f694b","C:\Users\bruno\Downloads\Exercicios renomeados\Abdominal canivete","tags_compatibilidade","Abdômen/Core","Abdômen/Core | Sem aparelhos | Casa","Abdômen/Core | Sem aparelhos | Casa","CORRIGIDO"
"media_58c1d09f80ca964035e3","C:\Users\bruno\Downloads\Exercicios renomeados\Abdominal canivete cruzado","tags_secundarias","Casa | Academia","Sem aparelhos | Casa","Sem aparelhos | Casa","CORRIGIDO"
"media_58c1d09f80ca964035e3","C:\Users\bruno\Downloads\Exercicios renomeados\Abdominal canivete cruzado","tags_compatibilidade","Abdômen/Core","Abdômen/Core | Sem aparelhos | Casa","Abdômen/Core | Sem aparelhos | Casa","CORRIGIDO"
"media_6945181e17155b7307ac","C:\Users\bruno\Downloads\Exercicios renomeados\Abdominal com bola medicinal","tags_secundarias","","Bola | Academia","Bola | Academia","CORRIGIDO"
"media_6945181e17155b7307ac","C:\Users\bruno\Downloads\Exercicios renomeados\Abdominal com bola medicinal","tags_compatibilidade","Abdômen/Core","Abdômen/Core | Bola | Academia","Abdômen/Core | Bola | Academia","CORRIGIDO"
"media_bd387741514a5b94b4d6","C:\Users\bruno\Downloads\Exercicios renomeados\Abdominal com braços estendidos","tags_secundarias","Casa | Academia","Sem aparelhos | Casa","Sem aparelhos | Casa","CORRIGIDO"
"media_bd387741514a5b94b4d6","C:\Users\bruno\Downloads\Exercicios renomeados\Abdominal com braços estendidos","tags_compatibilidade","Abdômen/Core","Abdômen/Core | Sem aparelhos | Casa","Abdômen/Core | Sem aparelhos | Casa","CORRIGIDO"
"media_5e06069d1747a3642390","C:\Users\bruno\Downloads\Exercicios renomeados\Abdominal com joelhos ao peito deitado","tags_secundarias","Casa | Academia","Sem aparelhos | Casa","Sem aparelhos | Casa","CORRIGIDO"
"media_5e06069d1747a3642390","C:\Users\bruno\Downloads\Exercicios renomeados\Abdominal com joelhos ao peito deitado","tags_compatibilidade","Abdômen/Core","Abdômen/Core | Sem aparelhos | Casa","Abdômen/Core | Sem aparelhos | Casa","CORRIGIDO"
"media_84f3c348d0bd0de5889a","C:\Users\bruno\Downloads\Exercicios renomeados\Abdominal com joelhos na bola suíça","tags_secundarias","Casa | Academia","Bola | Academia","Bola | Academia","CORRIGIDO"
"media_84f3c348d0bd0de5889a","C:\Users\bruno\Downloads\Exercicios renomeados\Abdominal com joelhos na bola suíça","tags_compatibilidade","Abdômen/Core","Abdômen/Core | Bola | Academia","Abdômen/Core | Bola | Academia","CORRIGIDO"
"media_df1298bc746a35c6e9cc","C:\Users\bruno\Downloads\Exercicios renomeados\Abdominal com peso","tags_secundarias","Banco | Academia","Sem aparelhos | Casa","Sem aparelhos | Casa","CORRIGIDO"
"media_df1298bc746a35c6e9cc","C:\Users\bruno\Downloads\Exercicios renomeados\Abdominal com peso","tags_compatibilidade","Abdômen/Core","Abdômen/Core | Sem aparelhos | Casa","Abdômen/Core | Sem aparelhos | Casa","CORRIGIDO"
"media_5959ba8a910cc4bd333e","C:\Users\bruno\Downloads\Exercicios renomeados\Abdominal com roda","tags_secundarias","Academia | Casa","Sem aparelhos | Casa","Sem aparelhos | Casa","CORRIGIDO"
"media_5959ba8a910cc4bd333e","C:\Users\bruno\Downloads\Exercicios renomeados\Abdominal com roda","tags_compatibilidade","Abdômen/Core","Abdômen/Core | Sem aparelhos | Casa","Abdômen/Core | Sem aparelhos | Casa","CORRIGIDO"
"media_268cab95eea048617e6e","C:\Users\bruno\Downloads\Exercicios renomeados\Abdominal completo","tags_secundarias","Casa | Academia","Sem aparelhos | Casa","Sem aparelhos | Casa","CORRIGIDO"
"media_268cab95eea048617e6e","C:\Users\bruno\Downloads\Exercicios renomeados\Abdominal completo","tags_compatibilidade","Abdômen/Core","Abdômen/Core | Sem aparelhos | Casa","Abdômen/Core | Sem aparelhos | Casa","CORRIGIDO"
"media_ecdd3a34b2d3919cdb19","C:\Users\bruno\Downloads\Exercicios renomeados\Abdominal cruzado","tags_secundarias","Casa | Academia","Sem aparelhos | Casa","Sem aparelhos | Casa","CORRIGIDO"
"media_ecdd3a34b2d3919cdb19","C:\Users\bruno\Downloads\Exercicios renomeados\Abdominal cruzado","tags_compatibilidade","Abdômen/Core","Abdômen/Core | Sem aparelhos | Casa","Abdômen/Core | Sem aparelhos | Casa","CORRIGIDO"
"media_41eada67854ead35ddd5","C:\Users\bruno\Downloads\Exercicios renomeados\Abdominal declinado","tags_secundarias","Academia | Casa","Banco | Academia","Banco | Academia","CORRIGIDO"
"media_41eada67854ead35ddd5","C:\Users\bruno\Downloads\Exercicios renomeados\Abdominal declinado","tags_compatibilidade","Abdômen/Core","Abdômen/Core | Banco | Academia","Abdômen/Core | Banco | Academia","CORRIGIDO"
"media_92cd324eddf81f9c7647","C:\Users\bruno\Downloads\Exercicios renomeados\Abdominal em pé no cabo","tags_secundarias","Corda | Academia","Polia/Cabo | Academia","Polia/Cabo | Academia","CORRIGIDO"
"media_92cd324eddf81f9c7647","C:\Users\bruno\Downloads\Exercicios renomeados\Abdominal em pé no cabo","tags_compatibilidade","Abdômen/Core","Abdômen/Core | Polia/Cabo | Academia","Abdômen/Core | Polia/Cabo | Academia","CORRIGIDO"
"media_6ce369b6689dbf8a4a1e","C:\Users\bruno\Downloads\Exercicios renomeados\Abdominal lateral na bola suíça com peso","tags_secundarias","","Bola | Academia","Bola | Academia","CORRIGIDO"
"media_6ce369b6689dbf8a4a1e","C:\Users\bruno\Downloads\Exercicios renomeados\Abdominal lateral na bola suíça com peso","tags_compatibilidade","Abdômen/Core","Abdômen/Core | Bola | Academia","Abdômen/Core | Bola | Academia","CORRIGIDO"
"media_14d4dde1d41b863640bf","C:\Users\bruno\Downloads\Exercicios renomeados\Abdominal lateral sentado","tags_secundarias","Casa | Academia","Sem aparelhos | Casa","Sem aparelhos | Casa","CORRIGIDO"
"media_14d4dde1d41b863640bf","C:\Users\bruno\Downloads\Exercicios renomeados\Abdominal lateral sentado","tags_compatibilidade","Abdômen/Core","Abdômen/Core | Sem aparelhos | Casa","Abdômen/Core | Sem aparelhos | Casa","CORRIGIDO"
"media_614eb5794d6c08c2ce86","C:\Users\bruno\Downloads\Exercicios renomeados\Abdominal na máquina Ab Coaster","tags_secundarias","Academia","Máquina | Academia","Máquina | Academia","CORRIGIDO"
"media_614eb5794d6c08c2ce86","C:\Users\bruno\Downloads\Exercicios renomeados\Abdominal na máquina Ab Coaster","tags_compatibilidade","Abdômen/Core","Abdômen/Core | Máquina | Academia","Abdômen/Core | Máquina | Academia","CORRIGIDO"
"media_2b8b21fdd1258627ca59","C:\Users\bruno\Downloads\Exercicios renomeados\Abdominal no chão","tags_secundarias","Casa | Academia","Sem aparelhos | Casa","Sem aparelhos | Casa","CORRIGIDO"
"media_2b8b21fdd1258627ca59","C:\Users\bruno\Downloads\Exercicios renomeados\Abdominal no chão","tags_compatibilidade","Abdômen/Core","Abdômen/Core | Sem aparelhos | Casa","Abdômen/Core | Sem aparelhos | Casa","CORRIGIDO"
"media_1bcfe6d58d2a42e3031e","C:\Users\bruno\Downloads\Exercicios renomeados\Abdominal oblíquo no chão","tags_secundarias","Casa | Academia","Sem aparelhos | Casa","Sem aparelhos | Casa","CORRIGIDO"
"media_1bcfe6d58d2a42e3031e","C:\Users\bruno\Downloads\Exercicios renomeados\Abdominal oblíquo no chão","tags_compatibilidade","Abdômen/Core","Abdômen/Core | Sem aparelhos | Casa","Abdômen/Core | Sem aparelhos | Casa","CORRIGIDO"
"media_4bf0f198cbc3fdac28da","C:\Users\bruno\Downloads\Exercicios renomeados\Abdominal reverso","tags_secundarias","Casa | Academia","Sem aparelhos | Casa","Sem aparelhos | Casa","CORRIGIDO"
"media_4bf0f198cbc3fdac28da","C:\Users\bruno\Downloads\Exercicios renomeados\Abdominal reverso","tags_compatibilidade","Abdômen/Core","Abdômen/Core | Sem aparelhos | Casa","Abdômen/Core | Sem aparelhos | Casa","CORRIGIDO"
"media_0e463aeb4158497e2760","C:\Users\bruno\Downloads\Exercicios renomeados\Abdominal sapo com bola suíça","tags_secundarias","Casa | Academia","Bola | Academia","Bola | Academia","CORRIGIDO"
"media_0e463aeb4158497e2760","C:\Users\bruno\Downloads\Exercicios renomeados\Abdominal sapo com bola suíça","tags_compatibilidade","Abdômen/Core","Abdômen/Core | Bola | Academia","Abdômen/Core | Bola | Academia","CORRIGIDO"
"media_cde3619970c8c5aa12cd","C:\Users\bruno\Downloads\Exercicios renomeados\Abdominal sentado no banco com joelhos ao peito","tags_secundarias","Academia | Casa","Banco | Academia","Banco | Academia","CORRIGIDO"
"media_cde3619970c8c5aa12cd","C:\Users\bruno\Downloads\Exercicios renomeados\Abdominal sentado no banco com joelhos ao peito","tags_compatibilidade","Abdômen/Core","Abdômen/Core | Banco | Academia","Abdômen/Core | Banco | Academia","CORRIGIDO"
"media_90048a1103f0a4684dc6","C:\Users\bruno\Downloads\Exercicios renomeados\Abdominal tradicional","tags_secundarias","Casa | Academia","Sem aparelhos | Casa","Sem aparelhos | Casa","CORRIGIDO"
"media_90048a1103f0a4684dc6","C:\Users\bruno\Downloads\Exercicios renomeados\Abdominal tradicional","tags_compatibilidade","Abdômen/Core","Abdômen/Core | Sem aparelhos | Casa","Abdômen/Core | Sem aparelhos | Casa","CORRIGIDO"
"media_be0a52168e8a76f693c9","C:\Users\bruno\Downloads\Exercicios renomeados\Abdominal um quarto","tags_secundarias","Casa | Academia","Sem aparelhos | Casa","Sem aparelhos | Casa","CORRIGIDO"
"media_be0a52168e8a76f693c9","C:\Users\bruno\Downloads\Exercicios renomeados\Abdominal um quarto","tags_compatibilidade","Abdômen/Core","Abdômen/Core | Sem aparelhos | Casa","Abdômen/Core | Sem aparelhos | Casa","CORRIGIDO"
"media_5e580b9122697884ca0b","C:\Users\bruno\Downloads\Exercicios renomeados\Abdominal V-up com bola suíça","tags_secundarias","Casa | Academia","Bola | Academia","Bola | Academia","CORRIGIDO"
"media_5e580b9122697884ca0b","C:\Users\bruno\Downloads\Exercicios renomeados\Abdominal V-up com bola suíça","tags_compatibilidade","Abdômen/Core","Abdômen/Core | Bola | Academia","Abdômen/Core | Bola | Academia","CORRIGIDO"
"media_77369d3e940283d271f4","C:\Users\bruno\Downloads\Exercicios renomeados\Abdominal V-up com halteres","tags_secundarias","Halteres | Casa | Academia","Halteres | Academia","Halteres | Academia","CORRIGIDO"
"media_77369d3e940283d271f4","C:\Users\bruno\Downloads\Exercicios renomeados\Abdominal V-up com halteres","tags_compatibilidade","Abdômen/Core","Abdômen/Core | Halteres | Academia","Abdômen/Core | Halteres | Academia","CORRIGIDO"
"media_31024f8c4102dcbeb163","C:\Users\bruno\Downloads\Exercicios renomeados\Abdução de quadril deitado com elástico","tags_secundarias","Casa | Academia","Elástico | Quadril | Academia","Quadril | Elástico | Academia","CORRIGIDO"
"media_31024f8c4102dcbeb163","C:\Users\bruno\Downloads\Exercicios renomeados\Abdução de quadril deitado com elástico","tags_compatibilidade","Glúteos","Glúteos | Elástico | Quadril | Academia","Glúteos | Elástico | Quadril | Academia","CORRIGIDO"
"media_64712606087f7ed7e202","C:\Users\bruno\Downloads\Exercicios renomeados\Abdução de quadril deitado com elástico - variação 2","tags_secundarias","Casa | Academia","Elástico | Quadril | Academia","Quadril | Elástico | Academia","CORRIGIDO"
"media_64712606087f7ed7e202","C:\Users\bruno\Downloads\Exercicios renomeados\Abdução de quadril deitado com elástico - variação 2","tags_compatibilidade","Glúteos","Glúteos | Elástico | Quadril | Academia","Glúteos | Elástico | Quadril | Academia","CORRIGIDO"
"media_93e74d3d0efd58646aee","C:\Users\bruno\Downloads\Exercicios renomeados\Abdução de quadril em concha","tags_secundarias","Casa | Academia","Quadril | Sem aparelhos | Casa","Quadril | Sem aparelhos | Casa","CORRIGIDO"
"media_93e74d3d0efd58646aee","C:\Users\bruno\Downloads\Exercicios renomeados\Abdução de quadril em concha","tags_compatibilidade","Glúteos","Glúteos | Quadril | Sem aparelhos | Casa","Glúteos | Quadril | Sem aparelhos | Casa","CORRIGIDO"
"media_708ff7631e6dc8a55607","C:\Users\bruno\Downloads\Exercicios renomeados\Abdução de quadril em concha com elástico","tags_secundarias","Casa | Academia","Elástico | Quadril | Academia","Quadril | Elástico | Academia","CORRIGIDO"
"media_708ff7631e6dc8a55607","C:\Users\bruno\Downloads\Exercicios renomeados\Abdução de quadril em concha com elástico","tags_compatibilidade","Glúteos","Glúteos | Elástico | Quadril | Academia","Glúteos | Elástico | Quadril | Academia","CORRIGIDO"
"media_3c4b654f94e7660ab52b","C:\Users\bruno\Downloads\Exercicios renomeados\Abdução de quadril em pé","tags_secundarias","Banco | Casa | Academia","Quadril | Sem aparelhos | Casa","Quadril | Sem aparelhos | Casa","CORRIGIDO"
"media_3c4b654f94e7660ab52b","C:\Users\bruno\Downloads\Exercicios renomeados\Abdução de quadril em pé","tags_compatibilidade","Glúteos","Glúteos | Quadril | Sem aparelhos | Casa","Glúteos | Quadril | Sem aparelhos | Casa","CORRIGIDO"
"media_b262a3787323c079228f","C:\Users\bruno\Downloads\Exercicios renomeados\Abdução de quadril em pé na máquina","tags_secundarias","Academia","Máquina | Quadril | Academia","Quadril | Máquina | Academia","CORRIGIDO"
"media_b262a3787323c079228f","C:\Users\bruno\Downloads\Exercicios renomeados\Abdução de quadril em pé na máquina","tags_compatibilidade","Glúteos","Glúteos | Máquina | Quadril | Academia","Glúteos | Máquina | Quadril | Academia","CORRIGIDO"
"media_447a9f38e00f1ea93d14","C:\Users\bruno\Downloads\Exercicios renomeados\Abdução de quadril na máquina","tags_secundarias","Academia","Máquina | Quadril | Academia","Quadril | Máquina | Academia","CORRIGIDO"
"media_447a9f38e00f1ea93d14","C:\Users\bruno\Downloads\Exercicios renomeados\Abdução de quadril na máquina","tags_compatibilidade","Glúteos","Glúteos | Máquina | Quadril | Academia","Glúteos | Máquina | Quadril | Academia","CORRIGIDO"
"media_12ac4d5b2a0e64e06f1e","C:\Users\bruno\Downloads\Exercicios renomeados\Abdução de quadril por cabo","tags_secundarias","Academia","Polia/Cabo | Quadril | Academia","Quadril | Polia/Cabo | Academia","CORRIGIDO"
"media_12ac4d5b2a0e64e06f1e","C:\Users\bruno\Downloads\Exercicios renomeados\Abdução de quadril por cabo","tags_compatibilidade","Glúteos","Glúteos | Polia/Cabo | Quadril | Academia","Glúteos | Polia/Cabo | Quadril | Academia","CORRIGIDO"
"media_a22936611fd69af56158","C:\Users\bruno\Downloads\Exercicios renomeados\Abdução de quadril sentado com elástico","tags_secundarias","Banco | Casa | Academia","Elástico | Quadril | Academia","Quadril | Elástico | Academia","CORRIGIDO"
"media_a22936611fd69af56158","C:\Users\bruno\Downloads\Exercicios renomeados\Abdução de quadril sentado com elástico","tags_compatibilidade","Glúteos","Glúteos | Elástico | Quadril | Academia","Glúteos | Elástico | Quadril | Academia","CORRIGIDO"
"media_877fec69edcc64c77919","C:\Users\bruno\Downloads\Exercicios renomeados\Abertura de ombros com elástico","tags_secundarias","Casa | Academia","Elástico | Academia","Elástico | Academia","CORRIGIDO"
"media_877fec69edcc64c77919","C:\Users\bruno\Downloads\Exercicios renomeados\Abertura de ombros com elástico","tags_compatibilidade","Ombros","Ombros | Elástico | Academia","Ombros | Elástico | Academia","CORRIGIDO"
"media_9f35291f6339ed5dd6bd","C:\Users\bruno\Downloads\Exercicios renomeados\Abraços de joelho em pé","tags_secundarias","Casa | Academia | Ao ar livre","Sem aparelhos | Casa","Sem aparelhos | Casa","CORRIGIDO"
"media_9f35291f6339ed5dd6bd","C:\Users\bruno\Downloads\Exercicios renomeados\Abraços de joelho em pé","tags_compatibilidade","Corpo inteiro","Corpo inteiro | Sem aparelhos | Casa","Corpo inteiro | Sem aparelhos | Casa","CORRIGIDO"
"media_2ef552cd5c5cbf18f018","C:\Users\bruno\Downloads\Exercicios renomeados\Adução de quadril na máquina","tags_secundarias","Academia","Máquina | Academia","Máquina | Academia","CORRIGIDO"
"media_2ef552cd5c5cbf18f018","C:\Users\bruno\Downloads\Exercicios renomeados\Adução de quadril na máquina","tags_compatibilidade","Quadril","Quadril | Máquina | Academia","Quadril | Máquina | Academia","CORRIGIDO"
"media_7cda2e76df3a35c0c190","C:\Users\bruno\Downloads\Exercicios renomeados\Adução de quadril por cabo","tags_secundarias","Academia","Polia/Cabo | Academia","Polia/Cabo | Academia","CORRIGIDO"
"media_7cda2e76df3a35c0c190","C:\Users\bruno\Downloads\Exercicios renomeados\Adução de quadril por cabo","tags_compatibilidade","Quadril","Quadril | Polia/Cabo | Academia","Quadril | Polia/Cabo | Academia","CORRIGIDO"
"media_a3383043964927e80f3b","C:\Users\bruno\Downloads\Exercicios renomeados\Adução do quadril no lado na máquina","tags_secundarias","Academia","Máquina | Academia","Máquina | Academia","CORRIGIDO"
"media_a3383043964927e80f3b","C:\Users\bruno\Downloads\Exercicios renomeados\Adução do quadril no lado na máquina","tags_compatibilidade","Corpo inteiro","Corpo inteiro | Máquina | Academia","Corpo inteiro | Máquina | Academia","CORRIGIDO"
"media_ca835c3df03be9182c98","C:\Users\bruno\Downloads\Exercicios renomeados\Afundo com elástico","tags_secundarias","Casa | Academia","Elástico | Glúteos | Academia","Glúteos | Elástico | Academia","CORRIGIDO"
"media_ca835c3df03be9182c98","C:\Users\bruno\Downloads\Exercicios renomeados\Afundo com elástico","tags_compatibilidade","Quadríceps","Quadríceps | Elástico | Glúteos | Academia","Quadríceps | Elástico | Glúteos | Academia","CORRIGIDO"
"media_6d941a848eb91bc3b607","C:\Users\bruno\Downloads\Exercicios renomeados\Agachamento ATG unilateral","tags_secundarias","","Glúteos | Sem aparelhos | Casa","Glúteos | Sem aparelhos | Casa","CORRIGIDO"
"media_6d941a848eb91bc3b607","C:\Users\bruno\Downloads\Exercicios renomeados\Agachamento ATG unilateral","tags_compatibilidade","Quadríceps","Quadríceps | Glúteos | Sem aparelhos | Casa","Quadríceps | Glúteos | Sem aparelhos | Casa","CORRIGIDO"
"media_0171af930b5923a97fad","C:\Users\bruno\Downloads\Exercicios renomeados\Agachamento búlgaro com barra","tags_secundarias","Banco | Academia","Barra | Glúteos | Academia","Glúteos | Barra | Academia","CORRIGIDO"
"media_0171af930b5923a97fad","C:\Users\bruno\Downloads\Exercicios renomeados\Agachamento búlgaro com barra","tags_compatibilidade","Quadríceps","Quadríceps | Barra | Glúteos | Academia","Quadríceps | Barra | Glúteos | Academia","CORRIGIDO"
"media_7da8b8027fd4a8bddf1e","C:\Users\bruno\Downloads\Exercicios renomeados\Agachamento búlgaro com halteres","tags_secundarias","Halteres | Banco | Academia","Halteres | Glúteos | Academia","Glúteos | Halteres | Academia","CORRIGIDO"
"media_7da8b8027fd4a8bddf1e","C:\Users\bruno\Downloads\Exercicios renomeados\Agachamento búlgaro com halteres","tags_compatibilidade","Quadríceps","Quadríceps | Halteres | Glúteos | Academia","Quadríceps | Halteres | Glúteos | Academia","CORRIGIDO"
"media_95d909e4b2fa7f05519b","C:\Users\bruno\Downloads\Exercicios renomeados\Agachamento búlgaro com peso corporal","tags_secundarias","Banco | Casa | Academia","Glúteos | Sem aparelhos | Casa","Glúteos | Sem aparelhos | Casa","CORRIGIDO"
"media_95d909e4b2fa7f05519b","C:\Users\bruno\Downloads\Exercicios renomeados\Agachamento búlgaro com peso corporal","tags_compatibilidade","Quadríceps","Quadríceps | Glúteos | Sem aparelhos | Casa","Quadríceps | Glúteos | Sem aparelhos | Casa","CORRIGIDO"
"media_894cb9ea70d6cc338c49","C:\Users\bruno\Downloads\Exercicios renomeados\Agachamento búlgaro com salto","tags_secundarias","Banco | Academia | Casa","Glúteos | Sem aparelhos | Casa","Glúteos | Sem aparelhos | Casa","CORRIGIDO"
"media_894cb9ea70d6cc338c49","C:\Users\bruno\Downloads\Exercicios renomeados\Agachamento búlgaro com salto","tags_compatibilidade","Quadríceps","Quadríceps | Glúteos | Sem aparelhos | Casa","Quadríceps | Glúteos | Sem aparelhos | Casa","CORRIGIDO"
"media_ca889a128e25892c02f4","C:\Users\bruno\Downloads\Exercicios renomeados\Agachamento com barra","tags_secundarias","Barra | Anilhas | Academia","Barra | Glúteos | Academia","Glúteos | Barra | Academia","CORRIGIDO"
"media_ca889a128e25892c02f4","C:\Users\bruno\Downloads\Exercicios renomeados\Agachamento com barra","tags_compatibilidade","Quadríceps","Quadríceps | Barra | Glúteos | Academia","Quadríceps | Barra | Glúteos | Academia","CORRIGIDO"
"media_892279af90fc558ba61e","C:\Users\bruno\Downloads\Exercicios renomeados\Agachamento com barra acima da cabeça","tags_secundarias","Barra | Academia","Barra | Glúteos | Academia","Glúteos | Barra | Academia","CORRIGIDO"
"media_892279af90fc558ba61e","C:\Users\bruno\Downloads\Exercicios renomeados\Agachamento com barra acima da cabeça","tags_compatibilidade","Quadríceps","Quadríceps | Barra | Glúteos | Academia","Quadríceps | Barra | Glúteos | Academia","CORRIGIDO"
"media_777e48bfd6407d6d31b9","C:\Users\bruno\Downloads\Exercicios renomeados\Agachamento com desenvolvimento landmine","tags_secundarias","Barra | Academia","Barra | Tríceps | Academia","Tríceps | Barra | Academia","CORRIGIDO"
"media_777e48bfd6407d6d31b9","C:\Users\bruno\Downloads\Exercicios renomeados\Agachamento com desenvolvimento landmine","tags_compatibilidade","Ombros","Ombros | Barra | Tríceps | Academia","Ombros | Barra | Tríceps | Academia","CORRIGIDO"
"media_ee37945b37f1c70954a5","C:\Users\bruno\Downloads\Exercicios renomeados\Agachamento com elevação de panturrilhas","tags_secundarias","Academia | Casa","Sem aparelhos | Casa","Sem aparelhos | Casa","CORRIGIDO"
"media_ee37945b37f1c70954a5","C:\Users\bruno\Downloads\Exercicios renomeados\Agachamento com elevação de panturrilhas","tags_compatibilidade","Panturrilhas","Panturrilhas | Sem aparelhos | Casa","Panturrilhas | Sem aparelhos | Casa","CORRIGIDO"
"media_70496d9ffaae3087b483","C:\Users\bruno\Downloads\Exercicios renomeados\Agachamento com elástico e barra","tags_secundarias","Barra | Anilhas | Academia | Casa","Elástico | Glúteos | Academia","Glúteos | Elástico | Academia","CORRIGIDO"
"media_70496d9ffaae3087b483","C:\Users\bruno\Downloads\Exercicios renomeados\Agachamento com elástico e barra","tags_compatibilidade","Quadríceps","Quadríceps | Elástico | Glúteos | Academia","Quadríceps | Elástico | Glúteos | Academia","CORRIGIDO"
"media_2aa40389276b9b58f83f","C:\Users\bruno\Downloads\Exercicios renomeados\Agachamento com salto","tags_secundarias","Casa | Academia","Glúteos | Sem aparelhos | Casa","Glúteos | Sem aparelhos | Casa","CORRIGIDO"
"media_2aa40389276b9b58f83f","C:\Users\bruno\Downloads\Exercicios renomeados\Agachamento com salto","tags_compatibilidade","Quadríceps","Quadríceps | Glúteos | Sem aparelhos | Casa","Quadríceps | Glúteos | Sem aparelhos | Casa","CORRIGIDO"
"media_5e86e9246ef52954ff49","C:\Users\bruno\Downloads\Exercicios renomeados\Agachamento com salto com halteres","tags_secundarias","Halteres | Academia","Halteres | Glúteos | Academia","Glúteos | Halteres | Academia","CORRIGIDO"
"media_5e86e9246ef52954ff49","C:\Users\bruno\Downloads\Exercicios renomeados\Agachamento com salto com halteres","tags_compatibilidade","Quadríceps","Quadríceps | Halteres | Glúteos | Academia","Quadríceps | Halteres | Glúteos | Academia","CORRIGIDO"
"media_c331bce709f4bc3ca5f3","C:\Users\bruno\Downloads\Exercicios renomeados\Agachamento com salto partindo de joelhos","tags_secundarias","Barra | Anilhas | Academia","Glúteos | Sem aparelhos | Casa","Glúteos | Sem aparelhos | Casa","CORRIGIDO"
"media_c331bce709f4bc3ca5f3","C:\Users\bruno\Downloads\Exercicios renomeados\Agachamento com salto partindo de joelhos","tags_compatibilidade","Quadríceps","Quadríceps | Glúteos | Sem aparelhos | Casa","Quadríceps | Glúteos | Sem aparelhos | Casa","CORRIGIDO"
"media_6d2d5f55988dfe0c0214","C:\Users\bruno\Downloads\Exercicios renomeados\Agachamento cossaco","tags_secundarias","","Glúteos | Sem aparelhos | Casa","Glúteos | Sem aparelhos | Casa","CORRIGIDO"
"media_6d2d5f55988dfe0c0214","C:\Users\bruno\Downloads\Exercicios renomeados\Agachamento cossaco","tags_compatibilidade","Quadríceps","Quadríceps | Glúteos | Sem aparelhos | Casa","Quadríceps | Glúteos | Sem aparelhos | Casa","CORRIGIDO"
"media_515f470fc5893566f881","C:\Users\bruno\Downloads\Exercicios renomeados\Agachamento dividido sem peso","tags_secundarias","Casa | Academia","Glúteos | Sem aparelhos | Casa","Glúteos | Sem aparelhos | Casa","CORRIGIDO"
"media_515f470fc5893566f881","C:\Users\bruno\Downloads\Exercicios renomeados\Agachamento dividido sem peso","tags_compatibilidade","Quadríceps","Quadríceps | Glúteos | Sem aparelhos | Casa","Quadríceps | Glúteos | Sem aparelhos | Casa","CORRIGIDO"
"media_68a2a250a1a499f0708a","C:\Users\bruno\Downloads\Exercicios renomeados\Agachamento em reverência","tags_secundarias","","Glúteos | Sem aparelhos | Casa","Glúteos | Sem aparelhos | Casa","CORRIGIDO"
"media_68a2a250a1a499f0708a","C:\Users\bruno\Downloads\Exercicios renomeados\Agachamento em reverência","tags_compatibilidade","Quadríceps","Quadríceps | Glúteos | Sem aparelhos | Casa","Quadríceps | Glúteos | Sem aparelhos | Casa","CORRIGIDO"
"media_e494852cbe69f732e2e7","C:\Users\bruno\Downloads\Exercicios renomeados\Agachamento frontal","tags_secundarias","Anilhas | Academia","Glúteos | Sem aparelhos | Casa","Glúteos | Sem aparelhos | Casa","CORRIGIDO"
"media_e494852cbe69f732e2e7","C:\Users\bruno\Downloads\Exercicios renomeados\Agachamento frontal","tags_compatibilidade","Quadríceps","Quadríceps | Glúteos | Sem aparelhos | Casa","Quadríceps | Glúteos | Sem aparelhos | Casa","CORRIGIDO"
"media_4e6468a658481a45541b","C:\Users\bruno\Downloads\Exercicios renomeados\Agachamento frontal com barra","tags_secundarias","Barra | Anilhas | Banco | Academia","Barra | Glúteos | Academia","Glúteos | Barra | Academia","CORRIGIDO"
"media_4e6468a658481a45541b","C:\Users\bruno\Downloads\Exercicios renomeados\Agachamento frontal com barra","tags_compatibilidade","Quadríceps","Quadríceps | Barra | Glúteos | Academia","Quadríceps | Barra | Glúteos | Academia","CORRIGIDO"
"media_56a5fda36c7e7ab49164","C:\Users\bruno\Downloads\Exercicios renomeados\Agachamento frontal com cabo","tags_secundarias","Academia","Polia/Cabo | Glúteos | Academia","Glúteos | Polia/Cabo | Academia","CORRIGIDO"
"media_56a5fda36c7e7ab49164","C:\Users\bruno\Downloads\Exercicios renomeados\Agachamento frontal com cabo","tags_compatibilidade","Quadríceps","Quadríceps | Polia/Cabo | Glúteos | Academia","Quadríceps | Polia/Cabo | Glúteos | Academia","CORRIGIDO"
"media_e832b002bf2c8fbbf70b","C:\Users\bruno\Downloads\Exercicios renomeados\Agachamento goblet com kettlebell","tags_secundarias","Kettlebell | Academia","Kettlebell | Glúteos | Academia","Glúteos | Kettlebell | Academia","CORRIGIDO"
"media_e832b002bf2c8fbbf70b","C:\Users\bruno\Downloads\Exercicios renomeados\Agachamento goblet com kettlebell","tags_compatibilidade","Quadríceps","Quadríceps | Kettlebell | Glúteos | Academia","Quadríceps | Kettlebell | Glúteos | Academia","CORRIGIDO"
"media_3d65500f975cea8c0c21","C:\Users\bruno\Downloads\Exercicios renomeados\Agachamento hack reverso","tags_secundarias","Anilhas | Academia","Máquina | Glúteos | Academia","Glúteos | Máquina | Academia","CORRIGIDO"
"media_3d65500f975cea8c0c21","C:\Users\bruno\Downloads\Exercicios renomeados\Agachamento hack reverso","tags_compatibilidade","Quadríceps","Quadríceps | Máquina | Glúteos | Academia","Quadríceps | Máquina | Glúteos | Academia","CORRIGIDO"
"media_ebcddffdd8c7d3e7f722","C:\Users\bruno\Downloads\Exercicios renomeados\Agachamento livre com barra","tags_secundarias","Barra | Anilhas | Academia","Barra | Glúteos | Academia","Glúteos | Barra | Academia","CORRIGIDO"
"media_ebcddffdd8c7d3e7f722","C:\Users\bruno\Downloads\Exercicios renomeados\Agachamento livre com barra","tags_compatibilidade","Quadríceps","Quadríceps | Barra | Glúteos | Academia","Quadríceps | Barra | Glúteos | Academia","CORRIGIDO"
"media_7b0e8fc780db53bb8e4e","C:\Users\bruno\Downloads\Exercicios renomeados\Agachamento livre sem peso","tags_secundarias","Casa | Academia","Glúteos | Sem aparelhos | Casa","Glúteos | Sem aparelhos | Casa","CORRIGIDO"
"media_7b0e8fc780db53bb8e4e","C:\Users\bruno\Downloads\Exercicios renomeados\Agachamento livre sem peso","tags_compatibilidade","Quadríceps","Quadríceps | Glúteos | Sem aparelhos | Casa","Quadríceps | Glúteos | Sem aparelhos | Casa","CORRIGIDO"
"media_a056a94c9c19680f162c","C:\Users\bruno\Downloads\Exercicios renomeados\Agachamento na máquina abdutora","tags_secundarias","Academia","Máquina | Glúteos | Academia","Glúteos | Máquina | Academia","CORRIGIDO"
"media_a056a94c9c19680f162c","C:\Users\bruno\Downloads\Exercicios renomeados\Agachamento na máquina abdutora","tags_compatibilidade","Quadríceps","Quadríceps | Máquina | Glúteos | Academia","Quadríceps | Máquina | Glúteos | Academia","CORRIGIDO"
"media_9605731aec37f2b0f208","C:\Users\bruno\Downloads\Exercicios renomeados\Agachamento na máquina hack","tags_secundarias","Academia","Máquina | Glúteos | Academia","Glúteos | Máquina | Academia","CORRIGIDO"
"media_9605731aec37f2b0f208","C:\Users\bruno\Downloads\Exercicios renomeados\Agachamento na máquina hack","tags_compatibilidade","Quadríceps","Quadríceps | Máquina | Glúteos | Academia","Quadríceps | Máquina | Glúteos | Academia","CORRIGIDO"
"media_cad4be862aaecd57b990","C:\Users\bruno\Downloads\Exercicios renomeados\Agachamento na parede com bola de exercício","tags_secundarias","Casa | Academia","Bola | Glúteos | Academia","Glúteos | Bola | Academia","CORRIGIDO"
"media_cad4be862aaecd57b990","C:\Users\bruno\Downloads\Exercicios renomeados\Agachamento na parede com bola de exercício","tags_compatibilidade","Quadríceps","Quadríceps | Bola | Glúteos | Academia","Quadríceps | Bola | Glúteos | Academia","CORRIGIDO"
"media_7f224944c0ef0196a5fd","C:\Users\bruno\Downloads\Exercicios renomeados\Agachamento pistola","tags_secundarias","Casa | Academia","Glúteos | Sem aparelhos | Casa","Glúteos | Sem aparelhos | Casa","CORRIGIDO"
"media_7f224944c0ef0196a5fd","C:\Users\bruno\Downloads\Exercicios renomeados\Agachamento pistola","tags_compatibilidade","Quadríceps","Quadríceps | Glúteos | Sem aparelhos | Casa","Quadríceps | Glúteos | Sem aparelhos | Casa","CORRIGIDO"
"media_0d5e4d939eca8975cffc","C:\Users\bruno\Downloads\Exercicios renomeados\Agachamento pistola com kettlebell","tags_secundarias","Kettlebell | Casa | Academia","Kettlebell | Glúteos | Academia","Glúteos | Kettlebell | Academia","CORRIGIDO"
"media_0d5e4d939eca8975cffc","C:\Users\bruno\Downloads\Exercicios renomeados\Agachamento pistola com kettlebell","tags_compatibilidade","Quadríceps","Quadríceps | Kettlebell | Glúteos | Academia","Quadríceps | Kettlebell | Glúteos | Academia","CORRIGIDO"
"media_c9d5570b6dd94fde6c56","C:\Users\bruno\Downloads\Exercicios renomeados\Agachamento sumô com barra","tags_secundarias","Barra | Anilhas | Academia","Barra | Glúteos | Academia","Glúteos | Barra | Academia","CORRIGIDO"
"media_c9d5570b6dd94fde6c56","C:\Users\bruno\Downloads\Exercicios renomeados\Agachamento sumô com barra","tags_compatibilidade","Quadríceps","Quadríceps | Barra | Glúteos | Academia","Quadríceps | Barra | Glúteos | Academia","CORRIGIDO"
"media_3511fc464b06ab0e6070","C:\Users\bruno\Downloads\Exercicios renomeados\Agachamento sumô com halteres","tags_secundarias","Academia | Casa","Halteres | Glúteos | Academia","Glúteos | Halteres | Academia","CORRIGIDO"
"media_3511fc464b06ab0e6070","C:\Users\bruno\Downloads\Exercicios renomeados\Agachamento sumô com halteres","tags_compatibilidade","Quadríceps","Quadríceps | Halteres | Glúteos | Academia","Quadríceps | Halteres | Glúteos | Academia","CORRIGIDO"
"media_2bf4c5e258eebff75145","C:\Users\bruno\Downloads\Exercicios renomeados\Agachamento sumô com peso corporal","tags_secundarias","Casa | Academia","Glúteos | Sem aparelhos | Casa","Glúteos | Sem aparelhos | Casa","CORRIGIDO"
"media_2bf4c5e258eebff75145","C:\Users\bruno\Downloads\Exercicios renomeados\Agachamento sumô com peso corporal","tags_compatibilidade","Quadríceps","Quadríceps | Glúteos | Sem aparelhos | Casa","Quadríceps | Glúteos | Sem aparelhos | Casa","CORRIGIDO"
"media_c0f396dd1380f9d316e9","C:\Users\bruno\Downloads\Exercicios renomeados\Agachamento sumô plie com halteres","tags_secundarias","Academia | Casa","Halteres | Glúteos | Academia","Glúteos | Halteres | Academia","CORRIGIDO"
"media_c0f396dd1380f9d316e9","C:\Users\bruno\Downloads\Exercicios renomeados\Agachamento sumô plie com halteres","tags_compatibilidade","Quadríceps","Quadríceps | Halteres | Glúteos | Academia","Quadríceps | Halteres | Glúteos | Academia","CORRIGIDO"
"media_096aae1b6a146e36ec0d","C:\Users\bruno\Downloads\Exercicios renomeados\Agachamento unilateral com barra","tags_secundarias","Academia","Barra | Glúteos | Academia","Glúteos | Barra | Academia","CORRIGIDO"
"media_096aae1b6a146e36ec0d","C:\Users\bruno\Downloads\Exercicios renomeados\Agachamento unilateral com barra","tags_compatibilidade","Quadríceps","Quadríceps | Barra | Glúteos | Academia","Quadríceps | Barra | Glúteos | Academia","CORRIGIDO"
"media_326320dc04f739a6c90f","C:\Users\bruno\Downloads\Exercicios renomeados\Agachamento unilateral havaiano","tags_secundarias","Casa | Academia","Glúteos | Sem aparelhos | Casa","Glúteos | Sem aparelhos | Casa","CORRIGIDO"
"media_326320dc04f739a6c90f","C:\Users\bruno\Downloads\Exercicios renomeados\Agachamento unilateral havaiano","tags_compatibilidade","Quadríceps","Quadríceps | Glúteos | Sem aparelhos | Casa","Quadríceps | Glúteos | Sem aparelhos | Casa","CORRIGIDO"
"media_f8658e3fafcfdca558b3","C:\Users\bruno\Downloads\Exercicios renomeados\Agachamento zercher","tags_secundarias","Barra | Anilhas | Academia","Glúteos | Sem aparelhos | Casa","Glúteos | Sem aparelhos | Casa","CORRIGIDO"
"media_f8658e3fafcfdca558b3","C:\Users\bruno\Downloads\Exercicios renomeados\Agachamento zercher","tags_compatibilidade","Quadríceps","Quadríceps | Glúteos | Sem aparelhos | Casa","Quadríceps | Glúteos | Sem aparelhos | Casa","CORRIGIDO"
"media_6bf40676c7cb302219df","C:\Users\bruno\Downloads\Exercicios renomeados\Alongamento 90 - 90 de quadril","tags_secundarias","Casa | Academia","Quadril | Sem aparelhos | Casa","Quadril | Sem aparelhos | Casa","CORRIGIDO"
"media_6bf40676c7cb302219df","C:\Users\bruno\Downloads\Exercicios renomeados\Alongamento 90 - 90 de quadril","tags_compatibilidade","Alongamento","Alongamento | Quadril | Sem aparelhos | Casa","Alongamento | Quadril | Sem aparelhos | Casa","CORRIGIDO"
"media_2d42a663cf24cc405e8f","C:\Users\bruno\Downloads\Exercicios renomeados\Alongamento abdominal cobra","tags_secundarias","Casa | Academia","Costas | Sem aparelhos | Casa","Costas | Sem aparelhos | Casa","CORRIGIDO"
"media_2d42a663cf24cc405e8f","C:\Users\bruno\Downloads\Exercicios renomeados\Alongamento abdominal cobra","tags_compatibilidade","Alongamento","Alongamento | Costas | Sem aparelhos | Casa","Alongamento | Costas | Sem aparelhos | Casa","CORRIGIDO"
"media_51fc03ea72a0314d40ea","C:\Users\bruno\Downloads\Exercicios renomeados\Alongamento borboleta (Titli Asana)","tags_secundarias","Casa | Academia","Sem aparelhos | Casa","Sem aparelhos | Casa","CORRIGIDO"
"media_51fc03ea72a0314d40ea","C:\Users\bruno\Downloads\Exercicios renomeados\Alongamento borboleta (Titli Asana)","tags_compatibilidade","Alongamento","Alongamento | Sem aparelhos | Casa","Alongamento | Sem aparelhos | Casa","CORRIGIDO"
"media_84a6acfcf58fa2c04389","C:\Users\bruno\Downloads\Exercicios renomeados\Alongamento da esfinge","tags_secundarias","Casa | Academia","Costas | Sem aparelhos | Casa","Costas | Sem aparelhos | Casa","CORRIGIDO"
"media_84a6acfcf58fa2c04389","C:\Users\bruno\Downloads\Exercicios renomeados\Alongamento da esfinge","tags_compatibilidade","Alongamento","Alongamento | Costas | Sem aparelhos | Casa","Alongamento | Costas | Sem aparelhos | Casa","CORRIGIDO"
"media_e78fb8ed022e365f8f18","C:\Users\bruno\Downloads\Exercicios renomeados\Alongamento da panturrilha com perna esticada","tags_secundarias","Academia | Casa","Panturrilhas | Sem aparelhos | Casa","Panturrilhas | Sem aparelhos | Casa","CORRIGIDO"
"media_e78fb8ed022e365f8f18","C:\Users\bruno\Downloads\Exercicios renomeados\Alongamento da panturrilha com perna esticada","tags_compatibilidade","Alongamento","Alongamento | Panturrilhas | Sem aparelhos | Casa","Alongamento | Panturrilhas | Sem aparelhos | Casa","CORRIGIDO"
"media_9ee4109771b82167ecef","C:\Users\bruno\Downloads\Exercicios renomeados\Alongamento da panturrilha gastrocnêmio em pé","tags_secundarias","Banco | Casa | Academia","Panturrilhas | Sem aparelhos | Casa","Panturrilhas | Sem aparelhos | Casa","CORRIGIDO"
"media_9ee4109771b82167ecef","C:\Users\bruno\Downloads\Exercicios renomeados\Alongamento da panturrilha gastrocnêmio em pé","tags_compatibilidade","Alongamento","Alongamento | Panturrilhas | Sem aparelhos | Casa","Alongamento | Panturrilhas | Sem aparelhos | Casa","CORRIGIDO"
"media_d409fcb8ac2ec18ef41d","C:\Users\bruno\Downloads\Exercicios renomeados\Alongamento da panturrilha no calcanhar agachado","tags_secundarias","Casa | Academia","Panturrilhas | Sem aparelhos | Casa","Panturrilhas | Sem aparelhos | Casa","CORRIGIDO"
"media_d409fcb8ac2ec18ef41d","C:\Users\bruno\Downloads\Exercicios renomeados\Alongamento da panturrilha no calcanhar agachado","tags_compatibilidade","Alongamento","Alongamento | Panturrilhas | Sem aparelhos | Casa","Alongamento | Panturrilhas | Sem aparelhos | Casa","CORRIGIDO"
"media_a74a732d7be0d059f8c8","C:\Users\bruno\Downloads\Exercicios renomeados\Alongamento da parte superior das costas","tags_secundarias","Casa | Academia","Costas | Sem aparelhos | Casa","Costas | Sem aparelhos | Casa","CORRIGIDO"
"media_a74a732d7be0d059f8c8","C:\Users\bruno\Downloads\Exercicios renomeados\Alongamento da parte superior das costas","tags_compatibilidade","Alongamento","Alongamento | Costas | Sem aparelhos | Casa","Alongamento | Costas | Sem aparelhos | Casa","CORRIGIDO"
"media_733bb0db68a94c59f2d6","C:\Users\bruno\Downloads\Exercicios renomeados\Alongamento de avanço lateral","tags_secundarias","","Sem aparelhos | Casa","Sem aparelhos | Casa","CORRIGIDO"
"media_733bb0db68a94c59f2d6","C:\Users\bruno\Downloads\Exercicios renomeados\Alongamento de avanço lateral","tags_compatibilidade","Alongamento","Alongamento | Sem aparelhos | Casa","Alongamento | Sem aparelhos | Casa","CORRIGIDO"
"media_069490aef71bfee26e23","C:\Users\bruno\Downloads\Exercicios renomeados\Alongamento de dorsais com apoio","tags_secundarias","Banco | Casa | Academia","Costas | Sem aparelhos | Casa","Costas | Sem aparelhos | Casa","CORRIGIDO"
"media_069490aef71bfee26e23","C:\Users\bruno\Downloads\Exercicios renomeados\Alongamento de dorsais com apoio","tags_compatibilidade","Alongamento","Alongamento | Costas | Sem aparelhos | Casa","Alongamento | Costas | Sem aparelhos | Casa","CORRIGIDO"
"media_77c1a1aeb7bf8e3867ab","C:\Users\bruno\Downloads\Exercicios renomeados\Alongamento de glúteo deitado","tags_secundarias","Casa | Academia","Sem aparelhos | Casa","Sem aparelhos | Casa","CORRIGIDO"
"media_77c1a1aeb7bf8e3867ab","C:\Users\bruno\Downloads\Exercicios renomeados\Alongamento de glúteo deitado","tags_compatibilidade","Alongamento","Alongamento | Sem aparelhos | Casa","Alongamento | Sem aparelhos | Casa","CORRIGIDO"
"media_4b9ebfd31f7b8294bd49","C:\Users\bruno\Downloads\Exercicios renomeados\Alongamento de isquiotibiais em pé","tags_secundarias","Casa | Academia","Posterior de coxa | Sem aparelhos | Casa","Posterior de coxa | Sem aparelhos | Casa","CORRIGIDO"
"media_4b9ebfd31f7b8294bd49","C:\Users\bruno\Downloads\Exercicios renomeados\Alongamento de isquiotibiais em pé","tags_compatibilidade","Alongamento","Alongamento | Posterior de coxa | Sem aparelhos | Casa","Alongamento | Posterior de coxa | Sem aparelhos | Casa","CORRIGIDO"
"media_63abed8d4214a8b702ee","C:\Users\bruno\Downloads\Exercicios renomeados\Alongamento de isquiotibiais sentado","tags_secundarias","Academia | Casa","Posterior de coxa | Sem aparelhos | Casa","Posterior de coxa | Sem aparelhos | Casa","CORRIGIDO"
"media_63abed8d4214a8b702ee","C:\Users\bruno\Downloads\Exercicios renomeados\Alongamento de isquiotibiais sentado","tags_compatibilidade","Alongamento","Alongamento | Posterior de coxa | Sem aparelhos | Casa","Alongamento | Posterior de coxa | Sem aparelhos | Casa","CORRIGIDO"
"media_f33c86c14c05899e86b2","C:\Users\bruno\Downloads\Exercicios renomeados\Alongamento de ombro cruzado","tags_secundarias","Casa | Academia","Ombros | Sem aparelhos | Casa","Ombros | Sem aparelhos | Casa","CORRIGIDO"
"media_f33c86c14c05899e86b2","C:\Users\bruno\Downloads\Exercicios renomeados\Alongamento de ombro cruzado","tags_compatibilidade","Alongamento","Alongamento | Ombros | Sem aparelhos | Casa","Alongamento | Ombros | Sem aparelhos | Casa","CORRIGIDO"
"media_3081929e8ef6e2570cb3","C:\Users\bruno\Downloads\Exercicios renomeados\Alongamento de ombro reverso em pé","tags_secundarias","Casa | Academia","Ombros | Sem aparelhos | Casa","Ombros | Sem aparelhos | Casa","CORRIGIDO"
"media_3081929e8ef6e2570cb3","C:\Users\bruno\Downloads\Exercicios renomeados\Alongamento de ombro reverso em pé","tags_compatibilidade","Alongamento","Alongamento | Ombros | Sem aparelhos | Casa","Alongamento | Ombros | Sem aparelhos | Casa","CORRIGIDO"
"media_e850e7bb3e5aa35e6f58","C:\Users\bruno\Downloads\Exercicios renomeados\Alongamento de ombros com toalha","tags_secundarias","Academia | Casa","Ombros | Sem aparelhos | Casa","Ombros | Sem aparelhos | Casa","CORRIGIDO"
"media_e850e7bb3e5aa35e6f58","C:\Users\bruno\Downloads\Exercicios renomeados\Alongamento de ombros com toalha","tags_compatibilidade","Alongamento","Alongamento | Ombros | Sem aparelhos | Casa","Alongamento | Ombros | Sem aparelhos | Casa","CORRIGIDO"
"media_18eef06f9ff2235dac03","C:\Users\bruno\Downloads\Exercicios renomeados\Alongamento de panturrilha com calcanhar único","tags_secundarias","Casa | Academia","Panturrilhas | Sem aparelhos | Casa","Panturrilhas | Sem aparelhos | Casa","CORRIGIDO"
"media_18eef06f9ff2235dac03","C:\Users\bruno\Downloads\Exercicios renomeados\Alongamento de panturrilha com calcanhar único","tags_compatibilidade","Alongamento","Alongamento | Panturrilhas | Sem aparelhos | Casa","Alongamento | Panturrilhas | Sem aparelhos | Casa","CORRIGIDO"
"media_fa68e8b147ab3b2a7d5c","C:\Users\bruno\Downloads\Exercicios renomeados\Alongamento de panturrilha com corda","tags_secundarias","Casa | Academia","Panturrilhas | Corda | Casa","Panturrilhas | Corda | Casa","CORRIGIDO"
"media_fa68e8b147ab3b2a7d5c","C:\Users\bruno\Downloads\Exercicios renomeados\Alongamento de panturrilha com corda","tags_compatibilidade","Alongamento","Alongamento | Panturrilhas | Corda | Casa","Alongamento | Panturrilhas | Corda | Casa","CORRIGIDO"
"media_962fb047af792dc9727a","C:\Users\bruno\Downloads\Exercicios renomeados\Alongamento de panturrilha com perna reta sentada","tags_secundarias","Casa | Academia","Panturrilhas | Sem aparelhos | Casa","Panturrilhas | Sem aparelhos | Casa","CORRIGIDO"
"media_962fb047af792dc9727a","C:\Users\bruno\Downloads\Exercicios renomeados\Alongamento de panturrilha com perna reta sentada","tags_compatibilidade","Alongamento","Alongamento | Panturrilhas | Sem aparelhos | Casa","Alongamento | Panturrilhas | Sem aparelhos | Casa","CORRIGIDO"
"media_b325bd4d91efaadde4b3","C:\Users\bruno\Downloads\Exercicios renomeados\Alongamento de panturrilha em pé","tags_secundarias","Casa | Academia","Panturrilhas | Sem aparelhos | Casa","Panturrilhas | Sem aparelhos | Casa","CORRIGIDO"
"media_b325bd4d91efaadde4b3","C:\Users\bruno\Downloads\Exercicios renomeados\Alongamento de panturrilha em pé","tags_compatibilidade","Alongamento","Alongamento | Panturrilhas | Sem aparelhos | Casa","Alongamento | Panturrilhas | Sem aparelhos | Casa","CORRIGIDO"
"media_86a65791f399768f3c20","C:\Users\bruno\Downloads\Exercicios renomeados\Alongamento de panturrilhas de uma perna","tags_secundarias","Casa | Academia","Panturrilhas | Sem aparelhos | Casa","Panturrilhas | Sem aparelhos | Casa","CORRIGIDO"
"media_86a65791f399768f3c20","C:\Users\bruno\Downloads\Exercicios renomeados\Alongamento de panturrilhas de uma perna","tags_compatibilidade","Alongamento","Alongamento | Panturrilhas | Sem aparelhos | Casa","Alongamento | Panturrilhas | Sem aparelhos | Casa","CORRIGIDO"
"media_4fd8033a2364b86bf6b9","C:\Users\bruno\Downloads\Exercicios renomeados\Alongamento de peito com rolo de espuma","tags_secundarias","Rolo de espuma | Casa | Academia","Peito | Rolo de espuma | Casa","Peito | Rolo de espuma | Casa","CORRIGIDO"
"media_4fd8033a2364b86bf6b9","C:\Users\bruno\Downloads\Exercicios renomeados\Alongamento de peito com rolo de espuma","tags_compatibilidade","Alongamento","Alongamento | Peito | Rolo de espuma | Casa","Alongamento | Peito | Rolo de espuma | Casa","CORRIGIDO"
"media_525840eaa771d451882a","C:\Users\bruno\Downloads\Exercicios renomeados\Alongamento de peito e ombros na porta","tags_secundarias","Casa | Academia","Peito | Sem aparelhos | Casa","Peito | Sem aparelhos | Casa","CORRIGIDO"
"media_525840eaa771d451882a","C:\Users\bruno\Downloads\Exercicios renomeados\Alongamento de peito e ombros na porta","tags_compatibilidade","Alongamento","Alongamento | Peito | Sem aparelhos | Casa","Alongamento | Peito | Sem aparelhos | Casa","CORRIGIDO"
"media_ef337b52a24ab70e2ec3","C:\Users\bruno\Downloads\Exercicios renomeados\Alongamento de posteriores da coxa em pé com pernas cruzadas","tags_secundarias","Academia | Casa","Posterior de coxa | Sem aparelhos | Casa","Posterior de coxa | Sem aparelhos | Casa","CORRIGIDO"
"media_ef337b52a24ab70e2ec3","C:\Users\bruno\Downloads\Exercicios renomeados\Alongamento de posteriores da coxa em pé com pernas cruzadas","tags_compatibilidade","Alongamento","Alongamento | Posterior de coxa | Sem aparelhos | Casa","Alongamento | Posterior de coxa | Sem aparelhos | Casa","CORRIGIDO"
"media_ce67570dcf58ea2e0c9a","C:\Users\bruno\Downloads\Exercicios renomeados\Alongamento de quadríceps em pé","tags_secundarias","Casa | Academia | Ao ar livre","Quadríceps | Sem aparelhos | Casa","Quadríceps | Sem aparelhos | Casa","CORRIGIDO"
"media_ce67570dcf58ea2e0c9a","C:\Users\bruno\Downloads\Exercicios renomeados\Alongamento de quadríceps em pé","tags_compatibilidade","Alongamento","Alongamento | Quadríceps | Sem aparelhos | Casa","Alongamento | Quadríceps | Sem aparelhos | Casa","CORRIGIDO"
"media_fd7ed87266d6be137151","C:\Users\bruno\Downloads\Exercicios renomeados\Alongamento de quadríceps em quatro apoios","tags_secundarias","Casa | Academia","Quadríceps | Sem aparelhos | Casa","Quadríceps | Sem aparelhos | Casa","CORRIGIDO"
"media_fd7ed87266d6be137151","C:\Users\bruno\Downloads\Exercicios renomeados\Alongamento de quadríceps em quatro apoios","tags_compatibilidade","Alongamento","Alongamento | Quadríceps | Sem aparelhos | Casa","Alongamento | Quadríceps | Sem aparelhos | Casa","CORRIGIDO"
"media_223c0014c13e1924d31a","C:\Users\bruno\Downloads\Exercicios renomeados\Alongamento de rotação do pescoço","tags_secundarias","Casa | Academia","Pescoço | Sem aparelhos | Casa","Pescoço | Sem aparelhos | Casa","CORRIGIDO"
"media_223c0014c13e1924d31a","C:\Users\bruno\Downloads\Exercicios renomeados\Alongamento de rotação do pescoço","tags_compatibilidade","Alongamento","Alongamento | Pescoço | Sem aparelhos | Casa","Alongamento | Pescoço | Sem aparelhos | Casa","CORRIGIDO"
"media_d56bd3597a326a9f45b2","C:\Users\bruno\Downloads\Exercicios renomeados\Alongamento dinâmico do peito","nome","Circundução de braços em pé","Alongamento dinâmico do peito","Alongamento dinâmico do peito","CORRIGIDO"
"media_d56bd3597a326a9f45b2","C:\Users\bruno\Downloads\Exercicios renomeados\Alongamento dinâmico do peito","descricao","Exercício leve de mobilidade de ombros em pé, feito com os braços estendidos desenhando círculos controlados à frente e nas laterais do corpo. A circundução movimenta a articulação do ombro e aquece deltoides, peitoral e musculatura estabilizadora da escápula.","Apoie o braço conforme mostrado e abra o peito girando ou avançando o tronco de maneira suave. Mantenha o ombro relaxado e pare ao sentir alongamento confortável no peitoral e na frente do ombro. Retorne lentamente.","Apoie o braço conforme mostrado e abra o peito girando ou avançando o tronco de maneira suave. Mantenha o ombro relaxado e pare ao sentir alongamento confortável no peitoral e na frente do ombro. Retorne lentamente.","CORRIGIDO"
"media_d56bd3597a326a9f45b2","C:\Users\bruno\Downloads\Exercicios renomeados\Alongamento dinâmico do peito","tag_principal","Ombros","Alongamento","Alongamento","CORRIGIDO"
"media_d56bd3597a326a9f45b2","C:\Users\bruno\Downloads\Exercicios renomeados\Alongamento dinâmico do peito","tags_secundarias","peso corporal | casa | academia","Peito | Sem aparelhos | Casa","Peito | Sem aparelhos | Casa","CORRIGIDO"
"media_d56bd3597a326a9f45b2","C:\Users\bruno\Downloads\Exercicios renomeados\Alongamento dinâmico do peito","tags_compatibilidade","Ombros | Mobilidade | Sem aparelhos | Casa","Alongamento | Peito | Sem aparelhos | Casa","Alongamento | Peito | Sem aparelhos | Casa","CORRIGIDO"
"media_e3130a9859e3efff8cb1","C:\Users\bruno\Downloads\Exercicios renomeados\Alongamento do adutor com a perna ajoelhada","tags_secundarias","Academia | Casa","Quadril | Sem aparelhos | Casa","Quadril | Sem aparelhos | Casa","CORRIGIDO"
"media_e3130a9859e3efff8cb1","C:\Users\bruno\Downloads\Exercicios renomeados\Alongamento do adutor com a perna ajoelhada","tags_compatibilidade","Alongamento","Alongamento | Quadril | Sem aparelhos | Casa","Alongamento | Quadril | Sem aparelhos | Casa","CORRIGIDO"
"media_6b8fa1f903247b9bfb21","C:\Users\bruno\Downloads\Exercicios renomeados\Alongamento do adutor da parte interna da coxa com rolo de espuma","tags_secundarias","Rolo de espuma | Casa | Academia","Quadril | Rolo de espuma | Casa","Quadril | Rolo de espuma | Casa","CORRIGIDO"
"media_6b8fa1f903247b9bfb21","C:\Users\bruno\Downloads\Exercicios renomeados\Alongamento do adutor da parte interna da coxa com rolo de espuma","tags_compatibilidade","Alongamento","Alongamento | Quadril | Rolo de espuma | Casa","Alongamento | Quadril | Rolo de espuma | Casa","CORRIGIDO"
"media_d449d7a95bef268c3a9d","C:\Users\bruno\Downloads\Exercicios renomeados\Alongamento do flexor do quadril ajoelhado","tags_secundarias","Casa | Academia","Quadril | Sem aparelhos | Casa","Quadril | Sem aparelhos | Casa","CORRIGIDO"
"media_d449d7a95bef268c3a9d","C:\Users\bruno\Downloads\Exercicios renomeados\Alongamento do flexor do quadril ajoelhado","tags_compatibilidade","Alongamento","Alongamento | Quadril | Sem aparelhos | Casa","Alongamento | Quadril | Sem aparelhos | Casa","CORRIGIDO"
"media_5750a2410bf433e054fa","C:\Users\bruno\Downloads\Exercicios renomeados\Alongamento do peito acima da cabeça","tags_secundarias","Casa | Academia","Peito | Sem aparelhos | Casa","Peito | Sem aparelhos | Casa","CORRIGIDO"
"media_5750a2410bf433e054fa","C:\Users\bruno\Downloads\Exercicios renomeados\Alongamento do peito acima da cabeça","tags_compatibilidade","Alongamento","Alongamento | Peito | Sem aparelhos | Casa","Alongamento | Peito | Sem aparelhos | Casa","CORRIGIDO"
"media_33b254fa7eae33e2a8ad","C:\Users\bruno\Downloads\Exercicios renomeados\Alongamento do peito e da frente dos ombros","tags_secundarias","Casa | Academia","Peito | Sem aparelhos | Casa","Peito | Sem aparelhos | Casa","CORRIGIDO"
"media_33b254fa7eae33e2a8ad","C:\Users\bruno\Downloads\Exercicios renomeados\Alongamento do peito e da frente dos ombros","tags_compatibilidade","Alongamento","Alongamento | Peito | Sem aparelhos | Casa","Alongamento | Peito | Sem aparelhos | Casa","CORRIGIDO"
"media_0fafa9f029bf477acc49","C:\Users\bruno\Downloads\Exercicios renomeados\Alongamento do peito sentado","tags_secundarias","Casa | Academia","Peito | Sem aparelhos | Casa","Peito | Sem aparelhos | Casa","CORRIGIDO"
"media_0fafa9f029bf477acc49","C:\Users\bruno\Downloads\Exercicios renomeados\Alongamento do peito sentado","tags_compatibilidade","Alongamento","Alongamento | Peito | Sem aparelhos | Casa","Alongamento | Peito | Sem aparelhos | Casa","CORRIGIDO"
"media_c39b59d3b9d12e3254e8","C:\Users\bruno\Downloads\Exercicios renomeados\Alongamento do pescoço ajoelhado","tags_secundarias","Casa | Academia","Pescoço | Sem aparelhos | Casa","Pescoço | Sem aparelhos | Casa","CORRIGIDO"
"media_c39b59d3b9d12e3254e8","C:\Users\bruno\Downloads\Exercicios renomeados\Alongamento do pescoço ajoelhado","tags_compatibilidade","Alongamento","Alongamento | Pescoço | Sem aparelhos | Casa","Alongamento | Pescoço | Sem aparelhos | Casa","CORRIGIDO"
"media_ea4f183f87b329b3a411","C:\Users\bruno\Downloads\Exercicios renomeados\Alongamento do pescoço na frente e atrás","tags_secundarias","Casa | Academia","Pescoço | Sem aparelhos | Casa","Pescoço | Sem aparelhos | Casa","CORRIGIDO"
"media_ea4f183f87b329b3a411","C:\Users\bruno\Downloads\Exercicios renomeados\Alongamento do pescoço na frente e atrás","tags_compatibilidade","Alongamento","Alongamento | Pescoço | Sem aparelhos | Casa","Alongamento | Pescoço | Sem aparelhos | Casa","CORRIGIDO"
"media_2fc0502c80257e98f426","C:\Users\bruno\Downloads\Exercicios renomeados\Alongamento do piriforme","tags_secundarias","Casa | Academia","Quadril | Sem aparelhos | Casa","Quadril | Sem aparelhos | Casa","CORRIGIDO"
"media_2fc0502c80257e98f426","C:\Users\bruno\Downloads\Exercicios renomeados\Alongamento do piriforme","tags_compatibilidade","Alongamento","Alongamento | Quadril | Sem aparelhos | Casa","Alongamento | Quadril | Sem aparelhos | Casa","CORRIGIDO"
"media_4dac9766556a2e464739","C:\Users\bruno\Downloads\Exercicios renomeados\Alongamento do tendão de Aquiles em pé","tags_secundarias","Casa | Academia","Panturrilhas | Sem aparelhos | Casa","Panturrilhas | Sem aparelhos | Casa","CORRIGIDO"
"media_4dac9766556a2e464739","C:\Users\bruno\Downloads\Exercicios renomeados\Alongamento do tendão de Aquiles em pé","tags_compatibilidade","Alongamento","Alongamento | Panturrilhas | Sem aparelhos | Casa","Alongamento | Panturrilhas | Sem aparelhos | Casa","CORRIGIDO"
"media_c24b01e0f50883f56a8a","C:\Users\bruno\Downloads\Exercicios renomeados\Alongamento dos ombros atrás das costas","tags_secundarias","Casa | Academia","Ombros | Sem aparelhos | Casa","Ombros | Sem aparelhos | Casa","CORRIGIDO"
"media_c24b01e0f50883f56a8a","C:\Users\bruno\Downloads\Exercicios renomeados\Alongamento dos ombros atrás das costas","tags_compatibilidade","Alongamento","Alongamento | Ombros | Sem aparelhos | Casa","Alongamento | Ombros | Sem aparelhos | Casa","CORRIGIDO"
"media_9ce678ccdfeff4acb415","C:\Users\bruno\Downloads\Exercicios renomeados\Alongamento em pé com alcance e rotação para trás","tags_secundarias","Casa | Academia","Sem aparelhos | Casa","Sem aparelhos | Casa","CORRIGIDO"
"media_9ce678ccdfeff4acb415","C:\Users\bruno\Downloads\Exercicios renomeados\Alongamento em pé com alcance e rotação para trás","tags_compatibilidade","Alongamento","Alongamento | Sem aparelhos | Casa","Alongamento | Sem aparelhos | Casa","CORRIGIDO"
"media_b6864eaa37b80ae20eba","C:\Users\bruno\Downloads\Exercicios renomeados\Alongamento em pé tocando os pés","tags_secundarias","Casa | Academia","Sem aparelhos | Casa","Sem aparelhos | Casa","CORRIGIDO"
"media_b6864eaa37b80ae20eba","C:\Users\bruno\Downloads\Exercicios renomeados\Alongamento em pé tocando os pés","tags_compatibilidade","Alongamento","Alongamento | Sem aparelhos | Casa","Alongamento | Sem aparelhos | Casa","CORRIGIDO"
"media_ad719ebeceb808ae7eea","C:\Users\bruno\Downloads\Exercicios renomeados\Alongamento estático de panturrilhas","tags_secundarias","Casa | Academia","Panturrilhas | Sem aparelhos | Casa","Panturrilhas | Sem aparelhos | Casa","CORRIGIDO"
"media_ad719ebeceb808ae7eea","C:\Users\bruno\Downloads\Exercicios renomeados\Alongamento estático de panturrilhas","tags_compatibilidade","Alongamento","Alongamento | Panturrilhas | Sem aparelhos | Casa","Alongamento | Panturrilhas | Sem aparelhos | Casa","CORRIGIDO"
"media_6cbbd42be5def6236f4b","C:\Users\bruno\Downloads\Exercicios renomeados\Alongamento extensor do dedo do pé","tags_secundarias","Casa | Academia","Sem aparelhos | Casa","Sem aparelhos | Casa","CORRIGIDO"
"media_6cbbd42be5def6236f4b","C:\Users\bruno\Downloads\Exercicios renomeados\Alongamento extensor do dedo do pé","tags_compatibilidade","Alongamento","Alongamento | Sem aparelhos | Casa","Alongamento | Sem aparelhos | Casa","CORRIGIDO"
"media_956517a5c3aa0aba04f1","C:\Users\bruno\Downloads\Exercicios renomeados\Alongamento flexor do dedo do pé em pé","tags_secundarias","Casa | Academia","Sem aparelhos | Casa","Sem aparelhos | Casa","CORRIGIDO"
"media_956517a5c3aa0aba04f1","C:\Users\bruno\Downloads\Exercicios renomeados\Alongamento flexor do dedo do pé em pé","tags_compatibilidade","Alongamento","Alongamento | Sem aparelhos | Casa","Alongamento | Sem aparelhos | Casa","CORRIGIDO"
"media_3a09d04944073caef961","C:\Users\bruno\Downloads\Exercicios renomeados\Alongamento lateral da parte interna da coxa","tags_secundarias","Casa | Academia","Quadril | Sem aparelhos | Casa","Quadril | Sem aparelhos | Casa","CORRIGIDO"
"media_3a09d04944073caef961","C:\Users\bruno\Downloads\Exercicios renomeados\Alongamento lateral da parte interna da coxa","tags_compatibilidade","Alongamento","Alongamento | Quadril | Sem aparelhos | Casa","Alongamento | Quadril | Sem aparelhos | Casa","CORRIGIDO"
"media_201128c301ab020b75df","C:\Users\bruno\Downloads\Exercicios renomeados\Alongamento lateral do pescoço","tags_secundarias","Casa | Academia","Pescoço | Sem aparelhos | Casa","Pescoço | Sem aparelhos | Casa","CORRIGIDO"
"media_201128c301ab020b75df","C:\Users\bruno\Downloads\Exercicios renomeados\Alongamento lateral do pescoço","tags_compatibilidade","Alongamento","Alongamento | Pescoço | Sem aparelhos | Casa","Alongamento | Pescoço | Sem aparelhos | Casa","CORRIGIDO"
"media_c0dd18c5ef0348c03d7c","C:\Users\bruno\Downloads\Exercicios renomeados\Alongamento lateral do pescoço - Variação 2","tags_secundarias","Casa | Academia","Pescoço | Sem aparelhos | Casa","Pescoço | Sem aparelhos | Casa","CORRIGIDO"
"media_c0dd18c5ef0348c03d7c","C:\Users\bruno\Downloads\Exercicios renomeados\Alongamento lateral do pescoço - Variação 2","tags_compatibilidade","Alongamento","Alongamento | Pescoço | Sem aparelhos | Casa","Alongamento | Pescoço | Sem aparelhos | Casa","CORRIGIDO"
"media_a3699b5d616ee8a4ec23","C:\Users\bruno\Downloads\Exercicios renomeados\Alongamento reverso assistido do ombro","tags_secundarias","Banco | Casa | Academia","Ombros | Sem aparelhos | Casa","Ombros | Sem aparelhos | Casa","CORRIGIDO"
"media_a3699b5d616ee8a4ec23","C:\Users\bruno\Downloads\Exercicios renomeados\Alongamento reverso assistido do ombro","tags_compatibilidade","Alongamento","Alongamento | Ombros | Sem aparelhos | Casa","Alongamento | Ombros | Sem aparelhos | Casa","CORRIGIDO"
"media_91996788bbd747cbd849","C:\Users\bruno\Downloads\Exercicios renomeados\Alongamento tibial posterior","tags_secundarias","Casa | Academia","Posterior de coxa | Sem aparelhos | Casa","Posterior de coxa | Sem aparelhos | Casa","CORRIGIDO"
"media_91996788bbd747cbd849","C:\Users\bruno\Downloads\Exercicios renomeados\Alongamento tibial posterior","tags_compatibilidade","Alongamento","Alongamento | Posterior de coxa | Sem aparelhos | Casa","Alongamento | Posterior de coxa | Sem aparelhos | Casa","CORRIGIDO"
"media_f280c8c04f5592d91d0c","C:\Users\bruno\Downloads\Exercicios renomeados\Alongamentos de pés e tornozelos","tags_secundarias","Casa | Academia","Sem aparelhos | Casa","Sem aparelhos | Casa","CORRIGIDO"
"media_f280c8c04f5592d91d0c","C:\Users\bruno\Downloads\Exercicios renomeados\Alongamentos de pés e tornozelos","tags_compatibilidade","Alongamento","Alongamento | Sem aparelhos | Casa","Alongamento | Sem aparelhos | Casa","CORRIGIDO"
"media_929dbf0966bac4decf20","C:\Users\bruno\Downloads\Exercicios renomeados\Alpinista","tags_secundarias","Casa | Academia","Sem aparelhos | Casa | Corpo inteiro","Corpo inteiro | Sem aparelhos | Casa","CORRIGIDO"
"media_929dbf0966bac4decf20","C:\Users\bruno\Downloads\Exercicios renomeados\Alpinista","tags_compatibilidade","Cardio","Cardio | Sem aparelhos | Casa | Corpo inteiro","Cardio | Sem aparelhos | Casa | Corpo inteiro","CORRIGIDO"
"media_2fb4ba68035b43e0297a","C:\Users\bruno\Downloads\Exercicios renomeados\Alpinista com joelho ao cotovelo","tags_compatibilidade","Cardio | Sem aparelhos | Casa","Cardio | Sem aparelhos | Casa | Corpo inteiro","Cardio | Sem aparelhos | Casa | Corpo inteiro","CORRIGIDO"
"media_9d5282750cbb7d94d92d","C:\Users\bruno\Downloads\Exercicios renomeados\Alpinista cruzado","tags_compatibilidade","Cardio | Sem aparelhos | Casa","Cardio | Sem aparelhos | Casa | Corpo inteiro","Cardio | Sem aparelhos | Casa | Corpo inteiro","CORRIGIDO"
"media_20bd9b31cd9a576fe4e3","C:\Users\bruno\Downloads\Exercicios renomeados\Alpinista de corpo cruzado","tags_secundarias","Casa | Academia","Sem aparelhos | Casa | Corpo inteiro","Corpo inteiro | Sem aparelhos | Casa","CORRIGIDO"
"media_20bd9b31cd9a576fe4e3","C:\Users\bruno\Downloads\Exercicios renomeados\Alpinista de corpo cruzado","tags_compatibilidade","Cardio","Cardio | Sem aparelhos | Casa | Corpo inteiro","Cardio | Sem aparelhos | Casa | Corpo inteiro","CORRIGIDO"
"media_51f5eea1ada583f04619","C:\Users\bruno\Downloads\Exercicios renomeados\Alpinista em pé","tags_secundarias","Casa | Academia","Sem aparelhos | Casa | Corpo inteiro","Corpo inteiro | Sem aparelhos | Casa","CORRIGIDO"
"media_51f5eea1ada583f04619","C:\Users\bruno\Downloads\Exercicios renomeados\Alpinista em pé","tags_compatibilidade","Cardio","Cardio | Sem aparelhos | Casa | Corpo inteiro","Cardio | Sem aparelhos | Casa | Corpo inteiro","CORRIGIDO"
"media_0227c6e50f6b9aeb5d1b","C:\Users\bruno\Downloads\Exercicios renomeados\Alto ajoelhado com kettlebell press com um braço","tags_secundarias","Kettlebell | Casa | Academia","Kettlebell | Academia","Kettlebell | Academia","CORRIGIDO"
"media_0227c6e50f6b9aeb5d1b","C:\Users\bruno\Downloads\Exercicios renomeados\Alto ajoelhado com kettlebell press com um braço","tags_compatibilidade","Corpo inteiro","Corpo inteiro | Kettlebell | Academia","Corpo inteiro | Kettlebell | Academia","CORRIGIDO"
"media_1a0d6f86c3515ea14bbe","C:\Users\bruno\Downloads\Exercicios renomeados\Andando","tags_secundarias","Casa | Ao ar livre | Academia","Sem aparelhos | Casa | Corpo inteiro","Corpo inteiro | Sem aparelhos | Casa","CORRIGIDO"
"media_1a0d6f86c3515ea14bbe","C:\Users\bruno\Downloads\Exercicios renomeados\Andando","tags_compatibilidade","Cardio","Cardio | Sem aparelhos | Casa | Corpo inteiro","Cardio | Sem aparelhos | Casa | Corpo inteiro","CORRIGIDO"
"media_3d963b58748b84a8a442","C:\Users\bruno\Downloads\Exercicios renomeados\Andar de bicicleta ao ar livre","tags_secundarias","Bicicleta | Ao ar livre","Bicicleta | Ao ar livre | Corpo inteiro","Corpo inteiro | Bicicleta | Ao ar livre","CORRIGIDO"
"media_3d963b58748b84a8a442","C:\Users\bruno\Downloads\Exercicios renomeados\Andar de bicicleta ao ar livre","tags_compatibilidade","Cardio","Cardio | Bicicleta | Ao ar livre | Corpo inteiro","Cardio | Bicicleta | Ao ar livre | Corpo inteiro","CORRIGIDO"
"media_ccb1fd166f2e8e1aa341","C:\Users\bruno\Downloads\Exercicios renomeados\Arnold Press de braço único","tags_secundarias","Academia | Casa","Tríceps | Sem aparelhos | Casa","Tríceps | Sem aparelhos | Casa","CORRIGIDO"
"media_ccb1fd166f2e8e1aa341","C:\Users\bruno\Downloads\Exercicios renomeados\Arnold Press de braço único","tags_compatibilidade","Ombros","Ombros | Tríceps | Sem aparelhos | Casa","Ombros | Tríceps | Sem aparelhos | Casa","CORRIGIDO"
"media_8cc384160eac3a942fc8","C:\Users\bruno\Downloads\Exercicios renomeados\Arranco de kettlebell com um braço","tags_compatibilidade","Corpo inteiro","Corpo inteiro | Kettlebell | Academia","Corpo inteiro | Kettlebell | Academia","CORRIGIDO"
"media_7b48e5dca9b70ed59f00","C:\Users\bruno\Downloads\Exercicios renomeados\Arranco dividido com kettlebell","tags_compatibilidade","Corpo inteiro","Corpo inteiro | Kettlebell | Academia","Corpo inteiro | Kettlebell | Academia","CORRIGIDO"
"media_ae61da474b9ee3a2ac51","C:\Users\bruno\Downloads\Exercicios renomeados\Arremesso de bola medicinal acima da cabeça","tags_secundarias","Academia | Casa | Ao ar livre","Bola | Academia","Bola | Academia","CORRIGIDO"
"media_ae61da474b9ee3a2ac51","C:\Users\bruno\Downloads\Exercicios renomeados\Arremesso de bola medicinal acima da cabeça","tags_compatibilidade","Corpo inteiro","Corpo inteiro | Bola | Academia","Corpo inteiro | Bola | Academia","CORRIGIDO"
"media_a98e9cff7f458ee7a006","C:\Users\bruno\Downloads\Exercicios renomeados\Arremesso de bola medicinal para trás","tags_secundarias","Academia","Bola | Academia","Bola | Academia","CORRIGIDO"
"media_a98e9cff7f458ee7a006","C:\Users\bruno\Downloads\Exercicios renomeados\Arremesso de bola medicinal para trás","tags_compatibilidade","Corpo inteiro","Corpo inteiro | Bola | Academia","Corpo inteiro | Bola | Academia","CORRIGIDO"
"media_8aa125b54d1d807fd825","C:\Users\bruno\Downloads\Exercicios renomeados\Arremesso rotacional de bola medicinal","tags_secundarias","Academia","Bola | Academia","Bola | Academia","CORRIGIDO"
"media_8aa125b54d1d807fd825","C:\Users\bruno\Downloads\Exercicios renomeados\Arremesso rotacional de bola medicinal","tags_compatibilidade","Corpo inteiro","Corpo inteiro | Bola | Academia","Corpo inteiro | Bola | Academia","CORRIGIDO"
"media_9daf4338101b2d8bd75f","C:\Users\bruno\Downloads\Exercicios renomeados\Assault Bike (bicicleta de resistência a ar)","tag_principal","Peito","Corpo inteiro","Corpo inteiro","CORRIGIDO"
"media_9daf4338101b2d8bd75f","C:\Users\bruno\Downloads\Exercicios renomeados\Assault Bike (bicicleta de resistência a ar)","tags_compatibilidade","Peito | Elástico | Bicicleta | Academia","Corpo inteiro | Elástico | Bicicleta | Academia","Corpo inteiro | Elástico | Bicicleta | Academia","CORRIGIDO"
"media_bf33024434d126cbcd82","C:\Users\bruno\Downloads\Exercicios renomeados\Avanço caminhando com joelho alto","tags_secundarias","Academia | Casa","Sem aparelhos | Casa | Corpo inteiro","Corpo inteiro | Sem aparelhos | Casa","CORRIGIDO"
"media_bf33024434d126cbcd82","C:\Users\bruno\Downloads\Exercicios renomeados\Avanço caminhando com joelho alto","tags_compatibilidade","Cardio","Cardio | Sem aparelhos | Casa | Corpo inteiro","Cardio | Sem aparelhos | Casa | Corpo inteiro","CORRIGIDO"
"media_86056df84075f61cb215","C:\Users\bruno\Downloads\Exercicios renomeados\Avanço com barra","tags_secundarias","Barra | Anilhas | Academia","Barra | Glúteos | Academia","Glúteos | Barra | Academia","CORRIGIDO"
"media_86056df84075f61cb215","C:\Users\bruno\Downloads\Exercicios renomeados\Avanço com barra","tags_compatibilidade","Quadríceps","Quadríceps | Barra | Glúteos | Academia","Quadríceps | Barra | Glúteos | Academia","CORRIGIDO"
"media_b9bc429a3370c748bafe","C:\Users\bruno\Downloads\Exercicios renomeados\Avanço com halteres","tags_secundarias","Halteres | Academia | Casa","Halteres | Glúteos | Academia","Glúteos | Halteres | Academia","CORRIGIDO"
"media_b9bc429a3370c748bafe","C:\Users\bruno\Downloads\Exercicios renomeados\Avanço com halteres","tags_compatibilidade","Quadríceps","Quadríceps | Halteres | Glúteos | Academia","Quadríceps | Halteres | Glúteos | Academia","CORRIGIDO"
"media_f02a9ae17df06819456e","C:\Users\bruno\Downloads\Exercicios renomeados\Avanço de joelho alto na bola bosu","tags_secundarias","Academia","Bola | Glúteos | Academia","Glúteos | Bola | Academia","CORRIGIDO"
"media_f02a9ae17df06819456e","C:\Users\bruno\Downloads\Exercicios renomeados\Avanço de joelho alto na bola bosu","tags_compatibilidade","Quadríceps","Quadríceps | Bola | Glúteos | Academia","Quadríceps | Bola | Glúteos | Academia","CORRIGIDO"
"media_4197b976e29959797fdb","C:\Users\bruno\Downloads\Exercicios renomeados\Avanço em reverência com halter","tags_secundarias","Casa | Academia","Halteres | Glúteos | Academia","Glúteos | Halteres | Academia","CORRIGIDO"
"media_4197b976e29959797fdb","C:\Users\bruno\Downloads\Exercicios renomeados\Avanço em reverência com halter","tags_compatibilidade","Quadríceps","Quadríceps | Halteres | Glúteos | Academia","Quadríceps | Halteres | Glúteos | Academia","CORRIGIDO"
"media_5275ca8b97493acce857","C:\Users\bruno\Downloads\Exercicios renomeados\Avanço estático","tags_secundarias","Academia | Casa","Glúteos | Sem aparelhos | Casa","Glúteos | Sem aparelhos | Casa","CORRIGIDO"
"media_5275ca8b97493acce857","C:\Users\bruno\Downloads\Exercicios renomeados\Avanço estático","tags_compatibilidade","Quadríceps","Quadríceps | Glúteos | Sem aparelhos | Casa","Quadríceps | Glúteos | Sem aparelhos | Casa","CORRIGIDO"
"media_d14666c2a55e1afe6f7a","C:\Users\bruno\Downloads\Exercicios renomeados\Avanço lateral com barra","tags_secundarias","Barra | Anilhas | Academia","Barra | Glúteos | Academia","Glúteos | Barra | Academia","CORRIGIDO"
"media_d14666c2a55e1afe6f7a","C:\Users\bruno\Downloads\Exercicios renomeados\Avanço lateral com barra","tags_compatibilidade","Quadríceps","Quadríceps | Barra | Glúteos | Academia","Quadríceps | Barra | Glúteos | Academia","CORRIGIDO"
"media_84aadc1a87a366a3aa9f","C:\Users\bruno\Downloads\Exercicios renomeados\Avanço reverso","tags_secundarias","Casa | Academia","Glúteos | Sem aparelhos | Casa","Glúteos | Sem aparelhos | Casa","CORRIGIDO"
"media_84aadc1a87a366a3aa9f","C:\Users\bruno\Downloads\Exercicios renomeados\Avanço reverso","tags_compatibilidade","Quadríceps","Quadríceps | Glúteos | Sem aparelhos | Casa","Quadríceps | Glúteos | Sem aparelhos | Casa","CORRIGIDO"
"media_4adb2d380ec63f7847db","C:\Users\bruno\Downloads\Exercicios renomeados\Avanço reverso com elevação do joelho","tags_secundarias","Academia | Casa | Ao ar livre","Glúteos | Sem aparelhos | Casa","Glúteos | Sem aparelhos | Casa","CORRIGIDO"
"media_4adb2d380ec63f7847db","C:\Users\bruno\Downloads\Exercicios renomeados\Avanço reverso com elevação do joelho","tags_compatibilidade","Quadríceps","Quadríceps | Glúteos | Sem aparelhos | Casa","Quadríceps | Glúteos | Sem aparelhos | Casa","CORRIGIDO"
"media_184795bc4d3432403a0c","C:\Users\bruno\Downloads\Exercicios renomeados\Avanço reverso com halteres","tags_secundarias","Halteres | Casa | Academia","Halteres | Glúteos | Academia","Glúteos | Halteres | Academia","CORRIGIDO"
"media_184795bc4d3432403a0c","C:\Users\bruno\Downloads\Exercicios renomeados\Avanço reverso com halteres","tags_compatibilidade","Quadríceps","Quadríceps | Halteres | Glúteos | Academia","Quadríceps | Halteres | Glúteos | Academia","CORRIGIDO"
"media_44ecad2e6834f3d1b08d","C:\Users\bruno\Downloads\Exercicios renomeados\Avanço reverso com halteres em déficit","tags_secundarias","Halteres | Banco | Academia | Casa","Halteres | Glúteos | Academia","Glúteos | Halteres | Academia","CORRIGIDO"
"media_44ecad2e6834f3d1b08d","C:\Users\bruno\Downloads\Exercicios renomeados\Avanço reverso com halteres em déficit","tags_compatibilidade","Quadríceps","Quadríceps | Halteres | Glúteos | Academia","Quadríceps | Halteres | Glúteos | Academia","CORRIGIDO"
"media_b8fc63947f73d93e8737","C:\Users\bruno\Downloads\Exercicios renomeados\Avanço à frente no cabo","tags_secundarias","Academia","Polia/Cabo | Glúteos | Academia","Glúteos | Polia/Cabo | Academia","CORRIGIDO"
"media_b8fc63947f73d93e8737","C:\Users\bruno\Downloads\Exercicios renomeados\Avanço à frente no cabo","tags_compatibilidade","Quadríceps","Quadríceps | Polia/Cabo | Glúteos | Academia","Quadríceps | Polia/Cabo | Glúteos | Academia","CORRIGIDO"
"media_758e4621a53bd9bc2df1","C:\Users\bruno\Downloads\Exercicios renomeados\Balanço de braços para trás","tags_secundarias","Halteres | Casa | Academia","Sem aparelhos | Casa","Sem aparelhos | Casa","CORRIGIDO"
"media_758e4621a53bd9bc2df1","C:\Users\bruno\Downloads\Exercicios renomeados\Balanço de braços para trás","tags_compatibilidade","Ombros","Ombros | Sem aparelhos | Casa","Ombros | Sem aparelhos | Casa","CORRIGIDO"
"media_9834555f768c1fa8c02f","C:\Users\bruno\Downloads\Exercicios renomeados\Balanço de kettlebell com um braço","tags_secundarias","Kettlebell | Academia | Casa","Kettlebell | Academia","Kettlebell | Academia","CORRIGIDO"
"media_9834555f768c1fa8c02f","C:\Users\bruno\Downloads\Exercicios renomeados\Balanço de kettlebell com um braço","tags_compatibilidade","Corpo inteiro","Corpo inteiro | Kettlebell | Academia","Corpo inteiro | Kettlebell | Academia","CORRIGIDO"
"media_153169d5090bfdd3451b","C:\Users\bruno\Downloads\Exercicios renomeados\Balanços de kettlebell","tags_secundarias","Kettlebell | Casa | Academia","Kettlebell | Academia","Kettlebell | Academia","CORRIGIDO"
"media_153169d5090bfdd3451b","C:\Users\bruno\Downloads\Exercicios renomeados\Balanços de kettlebell","tags_compatibilidade","Corpo inteiro","Corpo inteiro | Kettlebell | Academia","Corpo inteiro | Kettlebell | Academia","CORRIGIDO"
"media_b8bab8072533376065df","C:\Users\bruno\Downloads\Exercicios renomeados\Bandeira do dragão","tags_secundarias","Academia | Casa","Sem aparelhos | Casa","Sem aparelhos | Casa","CORRIGIDO"
"media_b8bab8072533376065df","C:\Users\bruno\Downloads\Exercicios renomeados\Bandeira do dragão","tags_compatibilidade","Abdômen/Core","Abdômen/Core | Sem aparelhos | Casa","Abdômen/Core | Sem aparelhos | Casa","CORRIGIDO"
"media_1ea4d467d2d1b8a2d59f","C:\Users\bruno\Downloads\Exercicios renomeados\Bandeira humana","tags_secundarias","Academia","Sem aparelhos | Casa","Sem aparelhos | Casa","CORRIGIDO"
"media_1ea4d467d2d1b8a2d59f","C:\Users\bruno\Downloads\Exercicios renomeados\Bandeira humana","tags_compatibilidade","Abdômen/Core","Abdômen/Core | Sem aparelhos | Casa","Abdômen/Core | Sem aparelhos | Casa","CORRIGIDO"
"media_4dcab7ef8bb64971834a","C:\Users\bruno\Downloads\Exercicios renomeados\Barra fixa atrás da nuca","tags_secundarias","Barra fixa | Academia | Casa","Barra fixa | Bíceps | Academia","Bíceps | Barra fixa | Academia","CORRIGIDO"
"media_4dcab7ef8bb64971834a","C:\Users\bruno\Downloads\Exercicios renomeados\Barra fixa atrás da nuca","tags_compatibilidade","Costas","Costas | Barra fixa | Bíceps | Academia","Costas | Barra fixa | Bíceps | Academia","CORRIGIDO"
"media_81c324bef463f603edca","C:\Users\bruno\Downloads\Exercicios renomeados\Barra fixa com salto","tags_secundarias","Barra fixa | Academia | Casa","Barra fixa | Bíceps | Academia","Bíceps | Barra fixa | Academia","CORRIGIDO"
"media_81c324bef463f603edca","C:\Users\bruno\Downloads\Exercicios renomeados\Barra fixa com salto","tags_compatibilidade","Costas","Costas | Barra fixa | Bíceps | Academia","Costas | Barra fixa | Bíceps | Academia","CORRIGIDO"
"media_026655e8cc00bf1edc17","C:\Users\bruno\Downloads\Exercicios renomeados\Barra fixa pronada","tags_secundarias","Barra fixa | Casa | Academia","Barra fixa | Bíceps | Academia","Bíceps | Barra fixa | Academia","CORRIGIDO"
"media_026655e8cc00bf1edc17","C:\Users\bruno\Downloads\Exercicios renomeados\Barra fixa pronada","tags_compatibilidade","Costas","Costas | Barra fixa | Bíceps | Academia","Costas | Barra fixa | Bíceps | Academia","CORRIGIDO"
"media_e4603b1fcd8afe8294ed","C:\Users\bruno\Downloads\Exercicios renomeados\Barra fixa supinada","tags_secundarias","Barra fixa | Academia","Barra fixa | Bíceps | Academia","Bíceps | Barra fixa | Academia","CORRIGIDO"
"media_e4603b1fcd8afe8294ed","C:\Users\bruno\Downloads\Exercicios renomeados\Barra fixa supinada","tags_compatibilidade","Costas","Costas | Barra fixa | Bíceps | Academia","Costas | Barra fixa | Bíceps | Academia","CORRIGIDO"
"media_787d2b7f30c21b05a6ba","C:\Users\bruno\Downloads\Exercicios renomeados\Bear crawl","tags_secundarias","","Cardio | Sem aparelhos | Casa","Sem aparelhos | Casa","CORRIGIDO"
"media_787d2b7f30c21b05a6ba","C:\Users\bruno\Downloads\Exercicios renomeados\Bear crawl","tags_compatibilidade","Corpo inteiro","Corpo inteiro | Cardio | Sem aparelhos | Casa","Corpo inteiro | Cardio | Sem aparelhos | Casa","CORRIGIDO"
"media_ef407b9761897c2cc114","C:\Users\bruno\Downloads\Exercicios renomeados\Bicicleta ergométrica","tags_secundarias","Academia","Máquina | Bicicleta | Academia","Máquina | Bicicleta | Academia","CORRIGIDO"
"media_ef407b9761897c2cc114","C:\Users\bruno\Downloads\Exercicios renomeados\Bicicleta ergométrica","tags_compatibilidade","Cardio","Cardio | Máquina | Bicicleta | Academia","Cardio | Máquina | Bicicleta | Academia","CORRIGIDO"
"media_094d9361de1ff3d5ebbc","C:\Users\bruno\Downloads\Exercicios renomeados\Bicicleta ergométrica de braços","tags_secundarias","Academia","Máquina | Bicicleta | Academia","Máquina | Bicicleta | Academia","CORRIGIDO"
"media_094d9361de1ff3d5ebbc","C:\Users\bruno\Downloads\Exercicios renomeados\Bicicleta ergométrica de braços","tags_compatibilidade","Cardio","Cardio | Máquina | Bicicleta | Academia","Cardio | Máquina | Bicicleta | Academia","CORRIGIDO"
"media_266d8394c72b60e51234","C:\Users\bruno\Downloads\Exercicios renomeados\Bird dog","tags_secundarias","Casa | Academia","Sem aparelhos | Casa","Sem aparelhos | Casa","CORRIGIDO"
"media_266d8394c72b60e51234","C:\Users\bruno\Downloads\Exercicios renomeados\Bird dog","tags_compatibilidade","Abdômen/Core","Abdômen/Core | Sem aparelhos | Casa","Abdômen/Core | Sem aparelhos | Casa","CORRIGIDO"
"media_bb12c5fa78c5b89ff897","C:\Users\bruno\Downloads\Exercicios renomeados\Bom dia","tags_secundarias","Barra | Academia","Glúteos | Sem aparelhos | Casa","Glúteos | Sem aparelhos | Casa","CORRIGIDO"
"media_bb12c5fa78c5b89ff897","C:\Users\bruno\Downloads\Exercicios renomeados\Bom dia","tags_compatibilidade","Posterior de coxa","Posterior de coxa | Glúteos | Sem aparelhos | Casa","Posterior de coxa | Glúteos | Sem aparelhos | Casa","CORRIGIDO"
"media_52802d407ef264232c75","C:\Users\bruno\Downloads\Exercicios renomeados\Bom dia na máquina Smith","tags_secundarias","Barra | Academia","Máquina | Glúteos | Academia","Glúteos | Máquina | Academia","CORRIGIDO"
"media_52802d407ef264232c75","C:\Users\bruno\Downloads\Exercicios renomeados\Bom dia na máquina Smith","tags_compatibilidade","Posterior de coxa","Posterior de coxa | Máquina | Glúteos | Academia","Posterior de coxa | Máquina | Glúteos | Academia","CORRIGIDO"
"media_5f7be5b8e1ab3409cde4","C:\Users\bruno\Downloads\Exercicios renomeados\Burpee jack","tags_secundarias","Academia | Casa","Cardio | Sem aparelhos | Casa","Sem aparelhos | Casa","CORRIGIDO"
"media_5f7be5b8e1ab3409cde4","C:\Users\bruno\Downloads\Exercicios renomeados\Burpee jack","tags_compatibilidade","Corpo inteiro","Corpo inteiro | Cardio | Sem aparelhos | Casa","Corpo inteiro | Cardio | Sem aparelhos | Casa","CORRIGIDO"
"media_65f8cbd1c7beb95fc70a","C:\Users\bruno\Downloads\Exercicios renomeados\Burpee Navy Seal","tags_secundarias","Casa | Academia | Ao ar livre","Cardio | Sem aparelhos | Casa","Sem aparelhos | Casa","CORRIGIDO"
"media_65f8cbd1c7beb95fc70a","C:\Users\bruno\Downloads\Exercicios renomeados\Burpee Navy Seal","tags_compatibilidade","Corpo inteiro","Corpo inteiro | Cardio | Sem aparelhos | Casa","Corpo inteiro | Cardio | Sem aparelhos | Casa","CORRIGIDO"
"media_a9a26a95177d7762092b","C:\Users\bruno\Downloads\Exercicios renomeados\Burpees","tags_secundarias","Casa | Academia","Cardio | Sem aparelhos | Casa","Sem aparelhos | Casa","CORRIGIDO"
"media_a9a26a95177d7762092b","C:\Users\bruno\Downloads\Exercicios renomeados\Burpees","tags_compatibilidade","Corpo inteiro","Corpo inteiro | Cardio | Sem aparelhos | Casa","Corpo inteiro | Cardio | Sem aparelhos | Casa","CORRIGIDO"
"media_6ce342104be997857bfc","C:\Users\bruno\Downloads\Exercicios renomeados\Burpees com halteres","tags_secundarias","Halteres | Academia | Casa","Halteres | Cardio | Academia","Halteres | Academia","CORRIGIDO"
"media_6ce342104be997857bfc","C:\Users\bruno\Downloads\Exercicios renomeados\Burpees com halteres","tags_compatibilidade","Corpo inteiro","Corpo inteiro | Halteres | Cardio | Academia","Corpo inteiro | Halteres | Cardio | Academia","CORRIGIDO"
"media_6cc08b72e9f06a9ed4b7","C:\Users\bruno\Downloads\Exercicios renomeados\Caminhada do fazendeiro","tags_secundarias","Halteres | Academia | Casa","Sem aparelhos | Ao ar livre | Corpo inteiro","Corpo inteiro | Sem aparelhos | Ao ar livre","CORRIGIDO"
"media_6cc08b72e9f06a9ed4b7","C:\Users\bruno\Downloads\Exercicios renomeados\Caminhada do fazendeiro","tags_compatibilidade","Cardio","Cardio | Sem aparelhos | Ao ar livre | Corpo inteiro","Cardio | Sem aparelhos | Ao ar livre | Corpo inteiro","CORRIGIDO"
"media_8373beec51ab2caef14a","C:\Users\bruno\Downloads\Exercicios renomeados\Caminhada do pato","tags_secundarias","Casa | Academia","Sem aparelhos | Ao ar livre | Corpo inteiro","Corpo inteiro | Sem aparelhos | Ao ar livre","CORRIGIDO"
"media_8373beec51ab2caef14a","C:\Users\bruno\Downloads\Exercicios renomeados\Caminhada do pato","tags_compatibilidade","Cardio","Cardio | Sem aparelhos | Ao ar livre | Corpo inteiro","Cardio | Sem aparelhos | Ao ar livre | Corpo inteiro","CORRIGIDO"
"media_ee0c42be9fa8cb27a654","C:\Users\bruno\Downloads\Exercicios renomeados\Caminhada em elástico","tags_secundarias","Academia | Casa","Elástico | Ao ar livre | Corpo inteiro","Corpo inteiro | Elástico | Ao ar livre","CORRIGIDO"
"media_ee0c42be9fa8cb27a654","C:\Users\bruno\Downloads\Exercicios renomeados\Caminhada em elástico","tags_compatibilidade","Cardio","Cardio | Elástico | Ao ar livre | Corpo inteiro","Cardio | Elástico | Ao ar livre | Corpo inteiro","CORRIGIDO"
"media_ff9175ec64940dc28d4c","C:\Users\bruno\Downloads\Exercicios renomeados\Caminhada lateral com elástico de resistência","tags_secundarias","Casa | Academia","Elástico | Ao ar livre | Corpo inteiro","Corpo inteiro | Elástico | Ao ar livre","CORRIGIDO"
"media_ff9175ec64940dc28d4c","C:\Users\bruno\Downloads\Exercicios renomeados\Caminhada lateral com elástico de resistência","tags_compatibilidade","Cardio","Cardio | Elástico | Ao ar livre | Corpo inteiro","Cardio | Elástico | Ao ar livre | Corpo inteiro","CORRIGIDO"
"media_8fbf02503a0ce648bcc4","C:\Users\bruno\Downloads\Exercicios renomeados\Caminhada na máquina Wave","tags_secundarias","Academia | Casa","Máquina | Ao ar livre | Corpo inteiro","Corpo inteiro | Máquina | Ao ar livre","CORRIGIDO"
"media_8fbf02503a0ce648bcc4","C:\Users\bruno\Downloads\Exercicios renomeados\Caminhada na máquina Wave","tags_compatibilidade","Cardio","Cardio | Máquina | Ao ar livre | Corpo inteiro","Cardio | Máquina | Ao ar livre | Corpo inteiro","CORRIGIDO"
"media_01d5b490f9b6cfaf4b1e","C:\Users\bruno\Downloads\Exercicios renomeados\Caminhando rapidamente","tags_secundarias","Casa | Ao ar livre | Academia","Sem aparelhos | Casa | Corpo inteiro","Corpo inteiro | Sem aparelhos | Casa","CORRIGIDO"
"media_01d5b490f9b6cfaf4b1e","C:\Users\bruno\Downloads\Exercicios renomeados\Caminhando rapidamente","tags_compatibilidade","Cardio","Cardio | Sem aparelhos | Casa | Corpo inteiro","Cardio | Sem aparelhos | Casa | Corpo inteiro","CORRIGIDO"
"media_e1bd6d4568646d6011ba","C:\Users\bruno\Downloads\Exercicios renomeados\Chute alternado de pernas no banco","tags_secundarias","Academia","Banco | Academia","Banco | Academia","CORRIGIDO"
"media_e1bd6d4568646d6011ba","C:\Users\bruno\Downloads\Exercicios renomeados\Chute alternado de pernas no banco","tags_compatibilidade","Abdômen/Core","Abdômen/Core | Banco | Academia","Abdômen/Core | Banco | Academia","CORRIGIDO"
"media_a881870a637a1f10623d","C:\Users\bruno\Downloads\Exercicios renomeados\Chute de gancho","tags_secundarias","Academia","Sem aparelhos | Casa | Corpo inteiro","Corpo inteiro | Sem aparelhos | Casa","CORRIGIDO"
"media_a881870a637a1f10623d","C:\Users\bruno\Downloads\Exercicios renomeados\Chute de gancho","tags_compatibilidade","Cardio","Cardio | Sem aparelhos | Casa | Corpo inteiro","Cardio | Sem aparelhos | Casa | Corpo inteiro","CORRIGIDO"
"media_9c6b0ae30ab6f670f146","C:\Users\bruno\Downloads\Exercicios renomeados\Clean and jerk com kettlebell","tags_secundarias","Kettlebell | Casa | Academia","Kettlebell | Academia","Kettlebell | Academia","CORRIGIDO"
"media_9c6b0ae30ab6f670f146","C:\Users\bruno\Downloads\Exercicios renomeados\Clean and jerk com kettlebell","tags_compatibilidade","Corpo inteiro","Corpo inteiro | Kettlebell | Academia","Corpo inteiro | Kettlebell | Academia","CORRIGIDO"
"media_de5f68cb66debc8557fd","C:\Users\bruno\Downloads\Exercicios renomeados\Clean and jerk com kettlebell - variação 2","tags_compatibilidade","Corpo inteiro","Corpo inteiro | Kettlebell | Academia","Corpo inteiro | Kettlebell | Academia","CORRIGIDO"
"media_c1fdc05bd91fda763646","C:\Users\bruno\Downloads\Exercicios renomeados\Clean and press com barra","tags_secundarias","Anilhas | Academia","Barra | Academia","Barra | Academia","CORRIGIDO"
"media_c1fdc05bd91fda763646","C:\Users\bruno\Downloads\Exercicios renomeados\Clean and press com barra","tags_compatibilidade","Corpo inteiro","Corpo inteiro | Barra | Academia","Corpo inteiro | Barra | Academia","CORRIGIDO"
"media_632ab616e0f5d154bb11","C:\Users\bruno\Downloads\Exercicios renomeados\Coice de burro de cabo","tags_secundarias","Academia","Polia/Cabo | Academia","Polia/Cabo | Academia","CORRIGIDO"
"media_632ab616e0f5d154bb11","C:\Users\bruno\Downloads\Exercicios renomeados\Coice de burro de cabo","tags_compatibilidade","Glúteos","Glúteos | Polia/Cabo | Academia","Glúteos | Polia/Cabo | Academia","CORRIGIDO"
"media_a1737e5447fc1402669c","C:\Users\bruno\Downloads\Exercicios renomeados\Coice de glúteo ajoelhado com elástico","tags_secundarias","Casa | Academia","Elástico | Academia","Elástico | Academia","CORRIGIDO"
"media_a1737e5447fc1402669c","C:\Users\bruno\Downloads\Exercicios renomeados\Coice de glúteo ajoelhado com elástico","tags_compatibilidade","Glúteos","Glúteos | Elástico | Academia","Glúteos | Elástico | Academia","CORRIGIDO"
"media_7a768bbd1c5351e7e603","C:\Users\bruno\Downloads\Exercicios renomeados\Coice de glúteo com elástico","tags_secundarias","Academia | Casa","Elástico | Academia","Elástico | Academia","CORRIGIDO"
"media_7a768bbd1c5351e7e603","C:\Users\bruno\Downloads\Exercicios renomeados\Coice de glúteo com elástico","tags_compatibilidade","Glúteos","Glúteos | Elástico | Academia","Glúteos | Elástico | Academia","CORRIGIDO"
"media_c0e21e2b6be9b55d1243","C:\Users\bruno\Downloads\Exercicios renomeados\Coice de glúteo em pé com elástico","tags_secundarias","Banco | Casa | Academia","Elástico | Academia","Elástico | Academia","CORRIGIDO"
"media_c0e21e2b6be9b55d1243","C:\Users\bruno\Downloads\Exercicios renomeados\Coice de glúteo em pé com elástico","tags_compatibilidade","Glúteos","Glúteos | Elástico | Academia","Glúteos | Elástico | Academia","CORRIGIDO"
"media_6430871bfe3d73304ab3","C:\Users\bruno\Downloads\Exercicios renomeados\Coice de glúteo em pé na máquina","tags_secundarias","Academia","Máquina | Academia","Máquina | Academia","CORRIGIDO"
"media_6430871bfe3d73304ab3","C:\Users\bruno\Downloads\Exercicios renomeados\Coice de glúteo em pé na máquina","tags_compatibilidade","Glúteos","Glúteos | Máquina | Academia","Glúteos | Máquina | Academia","CORRIGIDO"
"media_5744c108e7b61ac95f38","C:\Users\bruno\Downloads\Exercicios renomeados\Coice de glúteo em quatro apoios","tags_secundarias","Casa | Academia","Sem aparelhos | Casa","Sem aparelhos | Casa","CORRIGIDO"
"media_5744c108e7b61ac95f38","C:\Users\bruno\Downloads\Exercicios renomeados\Coice de glúteo em quatro apoios","tags_compatibilidade","Glúteos","Glúteos | Sem aparelhos | Casa","Glúteos | Sem aparelhos | Casa","CORRIGIDO"
"media_5aeab25fa0bcb0dd6bd4","C:\Users\bruno\Downloads\Exercicios renomeados\Coice de glúteo na máquina","tags_secundarias","Academia","Máquina | Academia","Máquina | Academia","CORRIGIDO"
"media_5aeab25fa0bcb0dd6bd4","C:\Users\bruno\Downloads\Exercicios renomeados\Coice de glúteo na máquina","tags_compatibilidade","Glúteos","Glúteos | Máquina | Academia","Glúteos | Máquina | Academia","CORRIGIDO"
"media_483617efe2b329d2853a","C:\Users\bruno\Downloads\Exercicios renomeados\Coice de glúteo na máquina de extensão de perna","tags_secundarias","Academia","Máquina | Academia","Máquina | Academia","CORRIGIDO"
"media_483617efe2b329d2853a","C:\Users\bruno\Downloads\Exercicios renomeados\Coice de glúteo na máquina de extensão de perna","tags_compatibilidade","Glúteos","Glúteos | Máquina | Academia","Glúteos | Máquina | Academia","CORRIGIDO"
"media_35efed0c97abbf98d75e","C:\Users\bruno\Downloads\Exercicios renomeados\Coice de glúteo na máquina de ferreiro","tags_secundarias","Academia","Máquina | Academia","Máquina | Academia","CORRIGIDO"
"media_35efed0c97abbf98d75e","C:\Users\bruno\Downloads\Exercicios renomeados\Coice de glúteo na máquina de ferreiro","tags_compatibilidade","Glúteos","Glúteos | Máquina | Academia","Glúteos | Máquina | Academia","CORRIGIDO"
"media_5eb24948448fca1620ba","C:\Users\bruno\Downloads\Exercicios renomeados\Coice de glúteos com elástico","tags_secundarias","Casa | Academia","Elástico | Academia","Elástico | Academia","CORRIGIDO"
"media_5eb24948448fca1620ba","C:\Users\bruno\Downloads\Exercicios renomeados\Coice de glúteos com elástico","tags_compatibilidade","Glúteos","Glúteos | Elástico | Academia","Glúteos | Elástico | Academia","CORRIGIDO"
"media_535db44790309f2be456","C:\Users\bruno\Downloads\Exercicios renomeados\Coice de tríceps com halter","tags_secundarias","Banco | Academia | Casa","Halteres | Academia","Halteres | Academia","CORRIGIDO"
"media_535db44790309f2be456","C:\Users\bruno\Downloads\Exercicios renomeados\Coice de tríceps com halter","tags_compatibilidade","Tríceps","Tríceps | Halteres | Academia","Tríceps | Halteres | Academia","CORRIGIDO"
"media_54fdda4a4b95c1c43f3b","C:\Users\bruno\Downloads\Exercicios renomeados\Coice reverso da máquina smith","tags_secundarias","Barra | Anilhas | Academia","Máquina | Academia","Máquina | Academia","CORRIGIDO"
"media_54fdda4a4b95c1c43f3b","C:\Users\bruno\Downloads\Exercicios renomeados\Coice reverso da máquina smith","tags_compatibilidade","Glúteos","Glúteos | Máquina | Academia","Glúteos | Máquina | Academia","CORRIGIDO"
"media_c9d8fac2c181276fe967","C:\Users\bruno\Downloads\Exercicios renomeados\Contragolpe de perna reta","tags_secundarias","Casa | Academia","Sem aparelhos | Casa","Sem aparelhos | Casa","CORRIGIDO"
"media_c9d8fac2c181276fe967","C:\Users\bruno\Downloads\Exercicios renomeados\Contragolpe de perna reta","tags_compatibilidade","Glúteos","Glúteos | Sem aparelhos | Casa","Glúteos | Sem aparelhos | Casa","CORRIGIDO"
"media_4e0edb0fb757e3dccb18","C:\Users\bruno\Downloads\Exercicios renomeados\Correndo","tags_secundarias","Academia | Casa | Ao ar livre","Sem aparelhos | Casa","Sem aparelhos | Casa","CORRIGIDO"
"media_4e0edb0fb757e3dccb18","C:\Users\bruno\Downloads\Exercicios renomeados\Correndo","tags_compatibilidade","Corpo inteiro","Corpo inteiro | Sem aparelhos | Casa","Corpo inteiro | Sem aparelhos | Casa","CORRIGIDO"
"media_e5dfc0e56ee2d29a9a27","C:\Users\bruno\Downloads\Exercicios renomeados\Correr no lugar","tags_secundarias","Casa | Academia | Ao ar livre","Sem aparelhos | Casa | Corpo inteiro","Corpo inteiro | Sem aparelhos | Casa","CORRIGIDO"
"media_e5dfc0e56ee2d29a9a27","C:\Users\bruno\Downloads\Exercicios renomeados\Correr no lugar","tags_compatibilidade","Cardio","Cardio | Sem aparelhos | Casa | Corpo inteiro","Cardio | Sem aparelhos | Casa | Corpo inteiro","CORRIGIDO"
"media_123d87b625e01bafaffe","C:\Users\bruno\Downloads\Exercicios renomeados\Corrida com calcanhar no glúteo","tags_secundarias","Casa | Academia","Sem aparelhos | Ao ar livre | Corpo inteiro","Corpo inteiro | Sem aparelhos | Ao ar livre","CORRIGIDO"
"media_123d87b625e01bafaffe","C:\Users\bruno\Downloads\Exercicios renomeados\Corrida com calcanhar no glúteo","tags_compatibilidade","Cardio","Cardio | Sem aparelhos | Ao ar livre | Corpo inteiro","Cardio | Sem aparelhos | Ao ar livre | Corpo inteiro","CORRIGIDO"
"media_26f7d8e5eb41c2d4250f","C:\Users\bruno\Downloads\Exercicios renomeados\Corrida com levantamento de joelhos altos","tags_secundarias","Casa | Academia | Ao ar livre","Sem aparelhos | Ao ar livre | Corpo inteiro","Corpo inteiro | Sem aparelhos | Ao ar livre","CORRIGIDO"
"media_26f7d8e5eb41c2d4250f","C:\Users\bruno\Downloads\Exercicios renomeados\Corrida com levantamento de joelhos altos","tags_compatibilidade","Cardio","Cardio | Sem aparelhos | Ao ar livre | Corpo inteiro","Cardio | Sem aparelhos | Ao ar livre | Corpo inteiro","CORRIGIDO"
"media_caaf3d5f4899b2e92455","C:\Users\bruno\Downloads\Exercicios renomeados\Corrida com mudança de direção","tags_secundarias","Casa | Academia | Ao ar livre","Sem aparelhos | Ao ar livre | Corpo inteiro","Corpo inteiro | Sem aparelhos | Ao ar livre","CORRIGIDO"
"media_caaf3d5f4899b2e92455","C:\Users\bruno\Downloads\Exercicios renomeados\Corrida com mudança de direção","tags_compatibilidade","Cardio","Cardio | Sem aparelhos | Ao ar livre | Corpo inteiro","Cardio | Sem aparelhos | Ao ar livre | Corpo inteiro","CORRIGIDO"
"media_2f20cf12e525daf6416e","C:\Users\bruno\Downloads\Exercicios renomeados\Corrida com mudança de direção - variação 2","tags_secundarias","Casa | Academia | Ao ar livre","Sem aparelhos | Ao ar livre | Corpo inteiro","Corpo inteiro | Sem aparelhos | Ao ar livre","CORRIGIDO"
"media_2f20cf12e525daf6416e","C:\Users\bruno\Downloads\Exercicios renomeados\Corrida com mudança de direção - variação 2","tags_compatibilidade","Cardio","Cardio | Sem aparelhos | Ao ar livre | Corpo inteiro","Cardio | Sem aparelhos | Ao ar livre | Corpo inteiro","CORRIGIDO"
"media_56b89e088a455dfe8341","C:\Users\bruno\Downloads\Exercicios renomeados\Corrida curta","tags_secundarias","Casa | Academia | Ao ar livre","Sem aparelhos | Ao ar livre | Corpo inteiro","Corpo inteiro | Sem aparelhos | Ao ar livre","CORRIGIDO"
"media_56b89e088a455dfe8341","C:\Users\bruno\Downloads\Exercicios renomeados\Corrida curta","tags_compatibilidade","Cardio","Cardio | Sem aparelhos | Ao ar livre | Corpo inteiro","Cardio | Sem aparelhos | Ao ar livre | Corpo inteiro","CORRIGIDO"
"media_2044b0318cce8dca700b","C:\Users\bruno\Downloads\Exercicios renomeados\Corrida de joelho alto","tags_secundarias","Casa | Academia | Ao ar livre","Sem aparelhos | Ao ar livre | Corpo inteiro","Corpo inteiro | Sem aparelhos | Ao ar livre","CORRIGIDO"
"media_2044b0318cce8dca700b","C:\Users\bruno\Downloads\Exercicios renomeados\Corrida de joelho alto","tags_compatibilidade","Cardio","Cardio | Sem aparelhos | Ao ar livre | Corpo inteiro","Cardio | Sem aparelhos | Ao ar livre | Corpo inteiro","CORRIGIDO"
"media_16183aa3b50710307bfe","C:\Users\bruno\Downloads\Exercicios renomeados\Corrida de joelhos altos na parede","tags_secundarias","Casa | Academia","Sem aparelhos | Ao ar livre | Corpo inteiro","Corpo inteiro | Sem aparelhos | Ao ar livre","CORRIGIDO"
"media_16183aa3b50710307bfe","C:\Users\bruno\Downloads\Exercicios renomeados\Corrida de joelhos altos na parede","tags_compatibilidade","Cardio","Cardio | Sem aparelhos | Ao ar livre | Corpo inteiro","Cardio | Sem aparelhos | Ao ar livre | Corpo inteiro","CORRIGIDO"
"media_3928553c4d86d92e9341","C:\Users\bruno\Downloads\Exercicios renomeados\Corrida de pés rápidos","tags_secundarias","Academia | Casa | Ao ar livre","Sem aparelhos | Ao ar livre | Corpo inteiro","Corpo inteiro | Sem aparelhos | Ao ar livre","CORRIGIDO"
"media_3928553c4d86d92e9341","C:\Users\bruno\Downloads\Exercicios renomeados\Corrida de pés rápidos","tags_compatibilidade","Cardio","Cardio | Sem aparelhos | Ao ar livre | Corpo inteiro","Cardio | Sem aparelhos | Ao ar livre | Corpo inteiro","CORRIGIDO"
"media_dffc9594df3044c0cd33","C:\Users\bruno\Downloads\Exercicios renomeados\Corrida de velocista assistida por elástico","tags_secundarias","","Elástico | Ao ar livre | Corpo inteiro","Corpo inteiro | Elástico | Ao ar livre","CORRIGIDO"
"media_dffc9594df3044c0cd33","C:\Users\bruno\Downloads\Exercicios renomeados\Corrida de velocista assistida por elástico","tags_compatibilidade","Cardio","Cardio | Elástico | Ao ar livre | Corpo inteiro","Cardio | Elástico | Ao ar livre | Corpo inteiro","CORRIGIDO"
"media_193a84220f7d9afed0b4","C:\Users\bruno\Downloads\Exercicios renomeados\Corrida na esteira","tags_compatibilidade","Cardio | Esteira | Ao ar livre","Cardio | Esteira | Ao ar livre | Corpo inteiro","Cardio | Esteira | Ao ar livre | Corpo inteiro","CORRIGIDO"
"media_e3b386f85753a416abb8","C:\Users\bruno\Downloads\Exercicios renomeados\Corrida na esteira curva","tags_compatibilidade","Cardio | Esteira | Ao ar livre","Cardio | Esteira | Ao ar livre | Corpo inteiro","Cardio | Esteira | Ao ar livre | Corpo inteiro","CORRIGIDO"
"media_7a6a8c28181f8a019c18","C:\Users\bruno\Downloads\Exercicios renomeados\Corrida no Assault AirRunner","tags_secundarias","Academia","Máquina | Esteira | Ao ar livre","Máquina | Esteira | Ao ar livre","CORRIGIDO"
"media_7a6a8c28181f8a019c18","C:\Users\bruno\Downloads\Exercicios renomeados\Corrida no Assault AirRunner","tags_compatibilidade","Cardio","Cardio | Máquina | Esteira | Ao ar livre","Cardio | Máquina | Esteira | Ao ar livre","CORRIGIDO"
"media_2b54121a04e8f357f3fb","C:\Users\bruno\Downloads\Exercicios renomeados\Corrida para trás","tags_secundarias","Casa | Academia | Ao ar livre","Sem aparelhos | Ao ar livre | Corpo inteiro","Corpo inteiro | Sem aparelhos | Ao ar livre","CORRIGIDO"
"media_2b54121a04e8f357f3fb","C:\Users\bruno\Downloads\Exercicios renomeados\Corrida para trás","tags_compatibilidade","Cardio","Cardio | Sem aparelhos | Ao ar livre | Corpo inteiro","Cardio | Sem aparelhos | Ao ar livre | Corpo inteiro","CORRIGIDO"
"media_a7846d305c2dc974d864","C:\Users\bruno\Downloads\Exercicios renomeados\Cotovelo ao joelho em pé","tags_secundarias","Casa | Academia","Sem aparelhos | Casa","Sem aparelhos | Casa","CORRIGIDO"
"media_a7846d305c2dc974d864","C:\Users\bruno\Downloads\Exercicios renomeados\Cotovelo ao joelho em pé","tags_compatibilidade","Abdômen/Core","Abdômen/Core | Sem aparelhos | Casa","Abdômen/Core | Sem aparelhos | Casa","CORRIGIDO"
"media_e1c9b1636d26d992ee66","C:\Users\bruno\Downloads\Exercicios renomeados\Cross de direita no boxe","tags_secundarias","Academia","Sem aparelhos | Casa | Corpo inteiro","Corpo inteiro | Sem aparelhos | Casa","CORRIGIDO"
"media_e1c9b1636d26d992ee66","C:\Users\bruno\Downloads\Exercicios renomeados\Cross de direita no boxe","tags_compatibilidade","Cardio","Cardio | Sem aparelhos | Casa | Corpo inteiro","Cardio | Sem aparelhos | Casa | Corpo inteiro","CORRIGIDO"
"media_a039cbf545245860086e","C:\Users\bruno\Downloads\Exercicios renomeados\Crossover na polia alta","tags_secundarias","Academia","Polia/Cabo | Ombros | Academia","Ombros | Polia/Cabo | Academia","CORRIGIDO"
"media_a039cbf545245860086e","C:\Users\bruno\Downloads\Exercicios renomeados\Crossover na polia alta","tags_compatibilidade","Peito","Peito | Polia/Cabo | Ombros | Academia","Peito | Polia/Cabo | Ombros | Academia","CORRIGIDO"
"media_2338c709ba8a04c9256a","C:\Users\bruno\Downloads\Exercicios renomeados\Crossover na polia baixa","tags_secundarias","Academia","Polia/Cabo | Ombros | Academia","Ombros | Polia/Cabo | Academia","CORRIGIDO"
"media_2338c709ba8a04c9256a","C:\Users\bruno\Downloads\Exercicios renomeados\Crossover na polia baixa","tags_compatibilidade","Peito","Peito | Polia/Cabo | Ombros | Academia","Peito | Polia/Cabo | Ombros | Academia","CORRIGIDO"
"media_48796bd36d11070af498","C:\Users\bruno\Downloads\Exercicios renomeados\Crossover no cabo","tags_secundarias","Academia","Polia/Cabo | Ombros | Academia","Ombros | Polia/Cabo | Academia","CORRIGIDO"
"media_48796bd36d11070af498","C:\Users\bruno\Downloads\Exercicios renomeados\Crossover no cabo","tags_compatibilidade","Peito","Peito | Polia/Cabo | Ombros | Academia","Peito | Polia/Cabo | Ombros | Academia","CORRIGIDO"
"media_ac48f6a2218e2fee2ec1","C:\Users\bruno\Downloads\Exercicios renomeados\Crossover no cabo de baixo para cima","tags_secundarias","Academia","Polia/Cabo | Ombros | Academia","Ombros | Polia/Cabo | Academia","CORRIGIDO"
"media_ac48f6a2218e2fee2ec1","C:\Users\bruno\Downloads\Exercicios renomeados\Crossover no cabo de baixo para cima","tags_compatibilidade","Peito","Peito | Polia/Cabo | Ombros | Academia","Peito | Polia/Cabo | Ombros | Academia","CORRIGIDO"
"media_01d7455df44bf9211b8a","C:\Users\bruno\Downloads\Exercicios renomeados\Crossover unilateral no cabo","tags_secundarias","Academia","Polia/Cabo | Ombros | Academia","Ombros | Polia/Cabo | Academia","CORRIGIDO"
"media_01d7455df44bf9211b8a","C:\Users\bruno\Downloads\Exercicios renomeados\Crossover unilateral no cabo","tags_compatibilidade","Peito","Peito | Polia/Cabo | Ombros | Academia","Peito | Polia/Cabo | Ombros | Academia","CORRIGIDO"
"media_2093cb48e0d0fc3f80c9","C:\Users\bruno\Downloads\Exercicios renomeados\Crucifixo ascendente com halteres","tags_secundarias","Halteres | Academia | Casa","Halteres | Ombros | Academia","Ombros | Halteres | Academia","CORRIGIDO"
"media_2093cb48e0d0fc3f80c9","C:\Users\bruno\Downloads\Exercicios renomeados\Crucifixo ascendente com halteres","tags_compatibilidade","Peito","Peito | Halteres | Ombros | Academia","Peito | Halteres | Ombros | Academia","CORRIGIDO"
"media_dd27c4821b3134f73d2e","C:\Users\bruno\Downloads\Exercicios renomeados\Crucifixo com halteres","tags_secundarias","Halteres | Academia","Halteres | Ombros | Academia","Ombros | Halteres | Academia","CORRIGIDO"
"media_dd27c4821b3134f73d2e","C:\Users\bruno\Downloads\Exercicios renomeados\Crucifixo com halteres","tags_compatibilidade","Peito","Peito | Halteres | Ombros | Academia","Peito | Halteres | Ombros | Academia","CORRIGIDO"
"media_32efff8a44da2bda6a3c","C:\Users\bruno\Downloads\Exercicios renomeados\Crucifixo declinado com halteres","tags_secundarias","Halteres | Academia","Halteres | Banco | Ombros","Ombros | Halteres | Banco | Academia","CORRIGIDO"
"media_32efff8a44da2bda6a3c","C:\Users\bruno\Downloads\Exercicios renomeados\Crucifixo declinado com halteres","tags_compatibilidade","Peito","Peito | Halteres | Banco | Ombros","Peito | Halteres | Banco | Ombros","CORRIGIDO"
"media_63d7633c7ba75c100473","C:\Users\bruno\Downloads\Exercicios renomeados\Crucifixo declinado no cabo","tags_secundarias","Academia","Polia/Cabo | Banco | Ombros","Ombros | Polia/Cabo | Banco | Academia","CORRIGIDO"
"media_63d7633c7ba75c100473","C:\Users\bruno\Downloads\Exercicios renomeados\Crucifixo declinado no cabo","tags_compatibilidade","Peito","Peito | Polia/Cabo | Banco | Ombros","Peito | Polia/Cabo | Banco | Ombros","CORRIGIDO"
"media_004d0341c40b57d75378","C:\Users\bruno\Downloads\Exercicios renomeados\Crucifixo deitado no cabo","tags_secundarias","Academia","Polia/Cabo | Ombros | Academia","Ombros | Polia/Cabo | Academia","CORRIGIDO"
"media_004d0341c40b57d75378","C:\Users\bruno\Downloads\Exercicios renomeados\Crucifixo deitado no cabo","tags_compatibilidade","Peito","Peito | Polia/Cabo | Ombros | Academia","Peito | Polia/Cabo | Ombros | Academia","CORRIGIDO"
"media_53d541e6d9d4a311dca8","C:\Users\bruno\Downloads\Exercicios renomeados\Crucifixo inclinado alternado com elástico","tags_secundarias","Casa | Academia","Elástico | Banco | Ombros","Ombros | Elástico | Banco | Casa | Academia","CORRIGIDO"
"media_53d541e6d9d4a311dca8","C:\Users\bruno\Downloads\Exercicios renomeados\Crucifixo inclinado alternado com elástico","tags_compatibilidade","Peito","Peito | Elástico | Banco | Ombros","Peito | Elástico | Banco | Ombros","CORRIGIDO"
"media_2c6aecde2c95ce11e1f1","C:\Users\bruno\Downloads\Exercicios renomeados\Crucifixo inclinado com halteres","tags_secundarias","Halteres | Academia | Casa","Halteres | Banco | Ombros","Ombros | Halteres | Banco | Academia | Casa","CORRIGIDO"
"media_2c6aecde2c95ce11e1f1","C:\Users\bruno\Downloads\Exercicios renomeados\Crucifixo inclinado com halteres","tags_compatibilidade","Peito","Peito | Halteres | Banco | Ombros","Peito | Halteres | Banco | Ombros","CORRIGIDO"
"media_255c8274bb07b4c98a54","C:\Users\bruno\Downloads\Exercicios renomeados\Crucifixo inclinado no cabo","tags_secundarias","Academia","Polia/Cabo | Banco | Ombros","Ombros | Polia/Cabo | Banco | Academia","CORRIGIDO"
"media_255c8274bb07b4c98a54","C:\Users\bruno\Downloads\Exercicios renomeados\Crucifixo inclinado no cabo","tags_compatibilidade","Peito","Peito | Polia/Cabo | Banco | Ombros","Peito | Polia/Cabo | Banco | Ombros","CORRIGIDO"
"media_c97dcc5db2496e206217","C:\Users\bruno\Downloads\Exercicios renomeados\Crucifixo inverso com elástico","tags_secundarias","Casa | Academia","Elástico | Academia","Elástico | Academia","CORRIGIDO"
"media_c97dcc5db2496e206217","C:\Users\bruno\Downloads\Exercicios renomeados\Crucifixo inverso com elástico","tags_compatibilidade","Ombros","Ombros | Elástico | Academia","Ombros | Elástico | Academia","CORRIGIDO"
"media_f67ee999bfd92c19abed","C:\Users\bruno\Downloads\Exercicios renomeados\Crucifixo inverso com halteres","tags_secundarias","Halteres | Academia | Casa","Halteres | Academia","Halteres | Academia","CORRIGIDO"
"media_f67ee999bfd92c19abed","C:\Users\bruno\Downloads\Exercicios renomeados\Crucifixo inverso com halteres","tags_compatibilidade","Ombros","Ombros | Halteres | Academia","Ombros | Halteres | Academia","CORRIGIDO"
"media_1445d3b8069de7fdea0d","C:\Users\bruno\Downloads\Exercicios renomeados\Crucifixo inverso curvado no cabo","tags_secundarias","Academia","Polia/Cabo | Academia","Polia/Cabo | Academia","CORRIGIDO"
"media_1445d3b8069de7fdea0d","C:\Users\bruno\Downloads\Exercicios renomeados\Crucifixo inverso curvado no cabo","tags_compatibilidade","Ombros","Ombros | Polia/Cabo | Academia","Ombros | Polia/Cabo | Academia","CORRIGIDO"
"media_af9c1c99fc50e5aaf97e","C:\Users\bruno\Downloads\Exercicios renomeados\Crucifixo inverso deitado no cabo","tags_secundarias","Academia","Polia/Cabo | Academia","Polia/Cabo | Academia","CORRIGIDO"
"media_af9c1c99fc50e5aaf97e","C:\Users\bruno\Downloads\Exercicios renomeados\Crucifixo inverso deitado no cabo","tags_compatibilidade","Ombros","Ombros | Polia/Cabo | Academia","Ombros | Polia/Cabo | Academia","CORRIGIDO"
"media_3662cab0479c91c94a18","C:\Users\bruno\Downloads\Exercicios renomeados\Crucifixo inverso na máquina","tags_secundarias","Academia","Máquina | Academia","Máquina | Academia","CORRIGIDO"
"media_3662cab0479c91c94a18","C:\Users\bruno\Downloads\Exercicios renomeados\Crucifixo inverso na máquina","tags_compatibilidade","Ombros","Ombros | Máquina | Academia","Ombros | Máquina | Academia","CORRIGIDO"
"media_00291dd66ebf0d854707","C:\Users\bruno\Downloads\Exercicios renomeados\Crucifixo inverso no cabo","tags_secundarias","Academia","Polia/Cabo | Academia","Polia/Cabo | Academia","CORRIGIDO"
"media_00291dd66ebf0d854707","C:\Users\bruno\Downloads\Exercicios renomeados\Crucifixo inverso no cabo","tags_compatibilidade","Ombros","Ombros | Polia/Cabo | Academia","Ombros | Polia/Cabo | Academia","CORRIGIDO"
"media_4869c65d56b41321ed21","C:\Users\bruno\Downloads\Exercicios renomeados\Crucifixo na máquina","tags_secundarias","Academia","Máquina | Ombros | Academia","Ombros | Máquina | Academia","CORRIGIDO"
"media_4869c65d56b41321ed21","C:\Users\bruno\Downloads\Exercicios renomeados\Crucifixo na máquina","tags_compatibilidade","Peito","Peito | Máquina | Ombros | Academia","Peito | Máquina | Ombros | Academia","CORRIGIDO"
"media_1d89a5ababf594223173","C:\Users\bruno\Downloads\Exercicios renomeados\Crucifixo no peck deck","tags_secundarias","Academia","Máquina | Ombros | Academia","Ombros | Máquina | Academia","CORRIGIDO"
"media_1d89a5ababf594223173","C:\Users\bruno\Downloads\Exercicios renomeados\Crucifixo no peck deck","tags_compatibilidade","Peito","Peito | Máquina | Ombros | Academia","Peito | Máquina | Ombros | Academia","CORRIGIDO"
"media_01bec319901abd9600f1","C:\Users\bruno\Downloads\Exercicios renomeados\Crucifixo unilateral declinado no cabo","tags_secundarias","Academia","Polia/Cabo | Banco | Ombros","Ombros | Polia/Cabo | Banco | Academia","CORRIGIDO"
"media_01bec319901abd9600f1","C:\Users\bruno\Downloads\Exercicios renomeados\Crucifixo unilateral declinado no cabo","tags_compatibilidade","Peito","Peito | Polia/Cabo | Banco | Ombros","Peito | Polia/Cabo | Banco | Ombros","CORRIGIDO"
"media_41da759efb2c7a9bcaf4","C:\Users\bruno\Downloads\Exercicios renomeados\Crunch com elevação da perna","tags_secundarias","Casa | Academia","Sem aparelhos | Casa","Sem aparelhos | Casa","CORRIGIDO"
"media_41da759efb2c7a9bcaf4","C:\Users\bruno\Downloads\Exercicios renomeados\Crunch com elevação da perna","tags_compatibilidade","Abdômen/Core","Abdômen/Core | Sem aparelhos | Casa","Abdômen/Core | Sem aparelhos | Casa","CORRIGIDO"
"media_689629e11f014249d919","C:\Users\bruno\Downloads\Exercicios renomeados\Crunch com joelhos elevados","tags_secundarias","","Sem aparelhos | Casa","Sem aparelhos | Casa","CORRIGIDO"
"media_689629e11f014249d919","C:\Users\bruno\Downloads\Exercicios renomeados\Crunch com joelhos elevados","tags_compatibilidade","Abdômen/Core","Abdômen/Core | Sem aparelhos | Casa","Abdômen/Core | Sem aparelhos | Casa","CORRIGIDO"
"media_ccd352815ced24e4f303","C:\Users\bruno\Downloads\Exercicios renomeados\Cruz de ferro com halteres","tags_secundarias","Halteres | Academia | Casa","Halteres | Academia","Halteres | Academia","CORRIGIDO"
"media_ccd352815ced24e4f303","C:\Users\bruno\Downloads\Exercicios renomeados\Cruz de ferro com halteres","tags_compatibilidade","Corpo inteiro","Corpo inteiro | Halteres | Academia","Corpo inteiro | Halteres | Academia","CORRIGIDO"
"media_f114a46b8a4e119f875b","C:\Users\bruno\Downloads\Exercicios renomeados\Círculo com um braço","tags_secundarias","Academia | Casa","Sem aparelhos | Casa","Sem aparelhos | Casa","CORRIGIDO"
"media_f114a46b8a4e119f875b","C:\Users\bruno\Downloads\Exercicios renomeados\Círculo com um braço","tags_compatibilidade","Mobilidade","Mobilidade | Sem aparelhos | Casa","Mobilidade | Sem aparelhos | Casa","CORRIGIDO"
"media_f151c8d0af26673a8358","C:\Users\bruno\Downloads\Exercicios renomeados\Círculos com os braços","tags_secundarias","Casa | Academia | Ao ar livre","Sem aparelhos | Casa","Sem aparelhos | Casa","CORRIGIDO"
"media_f151c8d0af26673a8358","C:\Users\bruno\Downloads\Exercicios renomeados\Círculos com os braços","tags_compatibilidade","Mobilidade","Mobilidade | Sem aparelhos | Casa","Mobilidade | Sem aparelhos | Casa","CORRIGIDO"
"media_3c20bf7d10405945bec4","C:\Users\bruno\Downloads\Exercicios renomeados\Dead bug","tags_secundarias","Casa | Academia","Sem aparelhos | Casa","Sem aparelhos | Casa","CORRIGIDO"
"media_3c20bf7d10405945bec4","C:\Users\bruno\Downloads\Exercicios renomeados\Dead bug","tags_compatibilidade","Abdômen/Core","Abdômen/Core | Sem aparelhos | Casa","Abdômen/Core | Sem aparelhos | Casa","CORRIGIDO"
"media_2aa3a12a2f26138e1fd1","C:\Users\bruno\Downloads\Exercicios renomeados\Dead bug com braços elevados","tags_secundarias","Casa | Academia","Sem aparelhos | Casa","Sem aparelhos | Casa","CORRIGIDO"
"media_2aa3a12a2f26138e1fd1","C:\Users\bruno\Downloads\Exercicios renomeados\Dead bug com braços elevados","tags_compatibilidade","Abdômen/Core","Abdômen/Core | Sem aparelhos | Casa","Abdômen/Core | Sem aparelhos | Casa","CORRIGIDO"
"media_ca799fce1a672240b906","C:\Users\bruno\Downloads\Exercicios renomeados\Dedos dos pés na barra","tags_compatibilidade","Abdômen/Core","Abdômen/Core | Barra fixa | Academia","Abdômen/Core | Barra fixa | Academia","CORRIGIDO"
"media_51b178e5a9acf9aa2c1f","C:\Users\bruno\Downloads\Exercicios renomeados\Desenvolvimento alternado com barra EZ","tags_secundarias","Anilhas | Academia | Casa","Barra | Tríceps | Academia","Tríceps | Barra | Academia","CORRIGIDO"
"media_51b178e5a9acf9aa2c1f","C:\Users\bruno\Downloads\Exercicios renomeados\Desenvolvimento alternado com barra EZ","tags_compatibilidade","Ombros","Ombros | Barra | Tríceps | Academia","Ombros | Barra | Tríceps | Academia","CORRIGIDO"
"media_f86a0c1ca1e275ae71f5","C:\Users\bruno\Downloads\Exercicios renomeados\Desenvolvimento alternado com halteres em pé","tags_secundarias","Halteres | Academia | Casa","Halteres | Tríceps | Academia","Tríceps | Halteres | Academia","CORRIGIDO"
"media_f86a0c1ca1e275ae71f5","C:\Users\bruno\Downloads\Exercicios renomeados\Desenvolvimento alternado com halteres em pé","tags_compatibilidade","Ombros","Ombros | Halteres | Tríceps | Academia","Ombros | Halteres | Tríceps | Academia","CORRIGIDO"
"media_b5a9f739d2b6ef4a3158","C:\Users\bruno\Downloads\Exercicios renomeados\Desenvolvimento atrás da nuca na máquina Smith","tags_secundarias","Banco | Academia","Máquina | Tríceps | Academia","Tríceps | Máquina | Academia","CORRIGIDO"
"media_b5a9f739d2b6ef4a3158","C:\Users\bruno\Downloads\Exercicios renomeados\Desenvolvimento atrás da nuca na máquina Smith","tags_compatibilidade","Ombros","Ombros | Máquina | Tríceps | Academia","Ombros | Máquina | Tríceps | Academia","CORRIGIDO"
"media_30a01fe445607e39f555","C:\Users\bruno\Downloads\Exercicios renomeados\Desenvolvimento com barra sentado","tags_secundarias","Academia","Barra | Tríceps | Academia","Tríceps | Barra | Academia","CORRIGIDO"
"media_30a01fe445607e39f555","C:\Users\bruno\Downloads\Exercicios renomeados\Desenvolvimento com barra sentado","tags_compatibilidade","Ombros","Ombros | Barra | Tríceps | Academia","Ombros | Barra | Tríceps | Academia","CORRIGIDO"
"media_35ef171dc96ee35d9b54","C:\Users\bruno\Downloads\Exercicios renomeados\Desenvolvimento com halteres em pé e pegada neutra","tags_secundarias","Halteres | Academia | Casa","Halteres | Academia","Halteres | Academia","CORRIGIDO"
"media_35ef171dc96ee35d9b54","C:\Users\bruno\Downloads\Exercicios renomeados\Desenvolvimento com halteres em pé e pegada neutra","tags_compatibilidade","Antebraços","Antebraços | Halteres | Academia","Antebraços | Halteres | Academia","CORRIGIDO"
"media_6aa923654afbc439e9c8","C:\Users\bruno\Downloads\Exercicios renomeados\Desenvolvimento cubano com halteres","tags_secundarias","Halteres","Halteres | Tríceps | Academia","Tríceps | Halteres | Academia","CORRIGIDO"
"media_6aa923654afbc439e9c8","C:\Users\bruno\Downloads\Exercicios renomeados\Desenvolvimento cubano com halteres","tags_compatibilidade","Ombros","Ombros | Halteres | Tríceps | Academia","Ombros | Halteres | Tríceps | Academia","CORRIGIDO"
"media_6920eb862729677485cc","C:\Users\bruno\Downloads\Exercicios renomeados\Desenvolvimento cubano sentado com halteres","tags_secundarias","","Halteres | Tríceps | Academia","Tríceps | Halteres | Academia","CORRIGIDO"
"media_6920eb862729677485cc","C:\Users\bruno\Downloads\Exercicios renomeados\Desenvolvimento cubano sentado com halteres","tags_compatibilidade","Ombros","Ombros | Halteres | Tríceps | Academia","Ombros | Halteres | Tríceps | Academia","CORRIGIDO"
"media_1b375112a6411791ed79","C:\Users\bruno\Downloads\Exercicios renomeados\Desenvolvimento de ombros com halteres","tags_secundarias","Halteres | Academia | Casa","Halteres | Tríceps | Academia","Tríceps | Halteres | Academia","CORRIGIDO"
"media_1b375112a6411791ed79","C:\Users\bruno\Downloads\Exercicios renomeados\Desenvolvimento de ombros com halteres","tags_compatibilidade","Ombros","Ombros | Halteres | Tríceps | Academia","Ombros | Halteres | Tríceps | Academia","CORRIGIDO"
"media_ee803fd0d91256fbefab","C:\Users\bruno\Downloads\Exercicios renomeados\Desenvolvimento de ombros com kettlebell","tags_secundarias","Academia","Kettlebell | Tríceps | Academia","Tríceps | Kettlebell | Academia","CORRIGIDO"
"media_ee803fd0d91256fbefab","C:\Users\bruno\Downloads\Exercicios renomeados\Desenvolvimento de ombros com kettlebell","tags_compatibilidade","Ombros","Ombros | Kettlebell | Tríceps | Academia","Ombros | Kettlebell | Tríceps | Academia","CORRIGIDO"
"media_7ac5e41df5763c80b9a8","C:\Users\bruno\Downloads\Exercicios renomeados\Desenvolvimento de ombros deitado com halteres","tags_secundarias","Halteres | Academia","Halteres | Tríceps | Academia","Tríceps | Halteres | Academia","CORRIGIDO"
"media_7ac5e41df5763c80b9a8","C:\Users\bruno\Downloads\Exercicios renomeados\Desenvolvimento de ombros deitado com halteres","tags_compatibilidade","Ombros","Ombros | Halteres | Tríceps | Academia","Ombros | Halteres | Tríceps | Academia","CORRIGIDO"
"media_a95f3ff19f05a71e5615","C:\Users\bruno\Downloads\Exercicios renomeados\Desenvolvimento de ombros na máquina","tags_secundarias","Academia","Máquina | Tríceps | Academia","Tríceps | Máquina | Academia","CORRIGIDO"
"media_a95f3ff19f05a71e5615","C:\Users\bruno\Downloads\Exercicios renomeados\Desenvolvimento de ombros na máquina","tags_compatibilidade","Ombros","Ombros | Máquina | Tríceps | Academia","Ombros | Máquina | Tríceps | Academia","CORRIGIDO"
"media_0ac5c9d784c783160f44","C:\Users\bruno\Downloads\Exercicios renomeados\Desenvolvimento de ombros no cabo","tags_secundarias","Academia","Polia/Cabo | Tríceps | Academia","Tríceps | Polia/Cabo | Academia","CORRIGIDO"
"media_0ac5c9d784c783160f44","C:\Users\bruno\Downloads\Exercicios renomeados\Desenvolvimento de ombros no cabo","tags_compatibilidade","Ombros","Ombros | Polia/Cabo | Tríceps | Academia","Ombros | Polia/Cabo | Tríceps | Academia","CORRIGIDO"
"media_0fa6a4086f89b6f9293a","C:\Users\bruno\Downloads\Exercicios renomeados\Desenvolvimento de ombros sentado com elástico","tags_secundarias","Casa | Academia","Elástico | Tríceps | Academia","Tríceps | Elástico | Academia","CORRIGIDO"
"media_0fa6a4086f89b6f9293a","C:\Users\bruno\Downloads\Exercicios renomeados\Desenvolvimento de ombros sentado com elástico","tags_compatibilidade","Ombros","Ombros | Elástico | Tríceps | Academia","Ombros | Elástico | Tríceps | Academia","CORRIGIDO"
"media_ddd2efe7106b48b467c7","C:\Users\bruno\Downloads\Exercicios renomeados\Desenvolvimento em pé na máquina Smith","tags_secundarias","Academia","Máquina | Tríceps | Academia","Tríceps | Máquina | Academia","CORRIGIDO"
"media_ddd2efe7106b48b467c7","C:\Users\bruno\Downloads\Exercicios renomeados\Desenvolvimento em pé na máquina Smith","tags_compatibilidade","Ombros","Ombros | Máquina | Tríceps | Academia","Ombros | Máquina | Tríceps | Academia","CORRIGIDO"
"media_0ed092ea7050d420c5a4","C:\Users\bruno\Downloads\Exercicios renomeados\Desenvolvimento militar com barra","tags_secundarias","Academia | Casa","Barra | Tríceps | Academia","Tríceps | Barra | Academia","CORRIGIDO"
"media_0ed092ea7050d420c5a4","C:\Users\bruno\Downloads\Exercicios renomeados\Desenvolvimento militar com barra","tags_compatibilidade","Ombros","Ombros | Barra | Tríceps | Academia","Ombros | Barra | Tríceps | Academia","CORRIGIDO"
"media_c4290788a9ffb48813ba","C:\Users\bruno\Downloads\Exercicios renomeados\Desenvolvimento militar com barra e pegada aberta","tags_secundarias","Barra | Anilhas | Academia | Casa","Barra | Academia","Barra | Academia","CORRIGIDO"
"media_c4290788a9ffb48813ba","C:\Users\bruno\Downloads\Exercicios renomeados\Desenvolvimento militar com barra e pegada aberta","tags_compatibilidade","Antebraços","Antebraços | Barra | Academia","Antebraços | Barra | Academia","CORRIGIDO"
"media_fdd43b649392ecc5a0df","C:\Users\bruno\Downloads\Exercicios renomeados\Desenvolvimento militar com barra e pegada fechada","tags_secundarias","Barra | Anilhas | Academia","Barra | Academia","Barra | Academia","CORRIGIDO"
"media_fdd43b649392ecc5a0df","C:\Users\bruno\Downloads\Exercicios renomeados\Desenvolvimento militar com barra e pegada fechada","tags_compatibilidade","Antebraços","Antebraços | Barra | Academia","Antebraços | Barra | Academia","CORRIGIDO"
"media_9159aaf9f8ea4c751688","C:\Users\bruno\Downloads\Exercicios renomeados\Desenvolvimento militar com peso corporal","tags_secundarias","Casa | Academia","Tríceps | Sem aparelhos | Casa","Tríceps | Sem aparelhos | Casa","CORRIGIDO"
"media_9159aaf9f8ea4c751688","C:\Users\bruno\Downloads\Exercicios renomeados\Desenvolvimento militar com peso corporal","tags_compatibilidade","Ombros","Ombros | Tríceps | Sem aparelhos | Casa","Ombros | Tríceps | Sem aparelhos | Casa","CORRIGIDO"
"media_875c99e8b3e6d98b52d2","C:\Users\bruno\Downloads\Exercicios renomeados\Desenvolvimento militar unilateral com kettlebell","tags_secundarias","Kettlebell | Academia | Casa","Kettlebell | Tríceps | Academia","Tríceps | Kettlebell | Academia","CORRIGIDO"
"media_875c99e8b3e6d98b52d2","C:\Users\bruno\Downloads\Exercicios renomeados\Desenvolvimento militar unilateral com kettlebell","tags_compatibilidade","Ombros","Ombros | Kettlebell | Tríceps | Academia","Ombros | Kettlebell | Tríceps | Academia","CORRIGIDO"
"media_f3521a52d7e97e142563","C:\Users\bruno\Downloads\Exercicios renomeados\Desenvolvimento reverso na máquina","tags_secundarias","Academia","Máquina | Tríceps | Academia","Tríceps | Máquina | Academia","CORRIGIDO"
"media_f3521a52d7e97e142563","C:\Users\bruno\Downloads\Exercicios renomeados\Desenvolvimento reverso na máquina","tags_compatibilidade","Ombros","Ombros | Máquina | Tríceps | Academia","Ombros | Máquina | Tríceps | Academia","CORRIGIDO"
"media_dd3a9b1f538e608ab930","C:\Users\bruno\Downloads\Exercicios renomeados\Desenvolvimento sentado na máquina Smith","tags_secundarias","Academia","Máquina | Tríceps | Academia","Tríceps | Máquina | Academia","CORRIGIDO"
"media_dd3a9b1f538e608ab930","C:\Users\bruno\Downloads\Exercicios renomeados\Desenvolvimento sentado na máquina Smith","tags_compatibilidade","Ombros","Ombros | Máquina | Tríceps | Academia","Ombros | Máquina | Tríceps | Academia","CORRIGIDO"
"media_567d99cfd1563c0f103f","C:\Users\bruno\Downloads\Exercicios renomeados\Desenvolvimento unilateral com halter","tags_secundarias","Academia | Casa","Halteres | Tríceps | Academia","Tríceps | Halteres | Academia","CORRIGIDO"
"media_567d99cfd1563c0f103f","C:\Users\bruno\Downloads\Exercicios renomeados\Desenvolvimento unilateral com halter","tags_compatibilidade","Ombros","Ombros | Halteres | Tríceps | Academia","Ombros | Halteres | Tríceps | Academia","CORRIGIDO"
"media_2ae985efb10a10094052","C:\Users\bruno\Downloads\Exercicios renomeados\Desenvolvimento unilateral de ombro com elástico","tags_secundarias","Casa | Academia","Elástico | Tríceps | Academia","Tríceps | Elástico | Academia","CORRIGIDO"
"media_2ae985efb10a10094052","C:\Users\bruno\Downloads\Exercicios renomeados\Desenvolvimento unilateral de ombro com elástico","tags_compatibilidade","Ombros","Ombros | Elástico | Tríceps | Academia","Ombros | Elástico | Tríceps | Academia","CORRIGIDO"
"media_892aad96d0a368e7d063","C:\Users\bruno\Downloads\Exercicios renomeados\Desenvolvimento W com halteres","tags_secundarias","Halteres | Academia | Casa","Halteres | Tríceps | Academia","Tríceps | Halteres | Academia","CORRIGIDO"
"media_892aad96d0a368e7d063","C:\Users\bruno\Downloads\Exercicios renomeados\Desenvolvimento W com halteres","tags_compatibilidade","Ombros","Ombros | Halteres | Tríceps | Academia","Ombros | Halteres | Tríceps | Academia","CORRIGIDO"
"media_50782b1a6d64ae8cb4bb","C:\Users\bruno\Downloads\Exercicios renomeados\Deslizamento de braços na parede","tags_secundarias","Casa | Academia","Sem aparelhos | Casa","Sem aparelhos | Casa","CORRIGIDO"
"media_50782b1a6d64ae8cb4bb","C:\Users\bruno\Downloads\Exercicios renomeados\Deslizamento de braços na parede","tags_compatibilidade","Mobilidade","Mobilidade | Sem aparelhos | Casa","Mobilidade | Sem aparelhos | Casa","CORRIGIDO"
"media_faa90e79037e01eb2306","C:\Users\bruno\Downloads\Exercicios renomeados\Deslocamento lateral com toque no chão","tags_secundarias","Casa | Academia | Ao ar livre","Sem aparelhos | Casa","Sem aparelhos | Casa","CORRIGIDO"
"media_faa90e79037e01eb2306","C:\Users\bruno\Downloads\Exercicios renomeados\Deslocamento lateral com toque no chão","tags_compatibilidade","Corpo inteiro","Corpo inteiro | Sem aparelhos | Casa","Corpo inteiro | Sem aparelhos | Casa","CORRIGIDO"
"media_4766cf26a589ad5f1760","C:\Users\bruno\Downloads\Exercicios renomeados\Devil press com halteres","tags_secundarias","Academia","Halteres | Academia","Halteres | Academia","CORRIGIDO"
"media_4766cf26a589ad5f1760","C:\Users\bruno\Downloads\Exercicios renomeados\Devil press com halteres","tags_compatibilidade","Corpo inteiro","Corpo inteiro | Halteres | Academia","Corpo inteiro | Halteres | Academia","CORRIGIDO"
"media_91d713ba2261458d84a8","C:\Users\bruno\Downloads\Exercicios renomeados\Double Leg Stretch (Pilates)","tags_secundarias","Casa | Academia","Sem aparelhos | Casa","Sem aparelhos | Casa","CORRIGIDO"
"media_91d713ba2261458d84a8","C:\Users\bruno\Downloads\Exercicios renomeados\Double Leg Stretch (Pilates)","tags_compatibilidade","Corpo inteiro","Corpo inteiro | Sem aparelhos | Casa","Corpo inteiro | Sem aparelhos | Casa","CORRIGIDO"
"media_b9be3a9f6b7d1e541cf3","C:\Users\bruno\Downloads\Exercicios renomeados\Drill em I de agilidade","tags_secundarias","Academia | Casa","Sem aparelhos | Casa | Corpo inteiro","Corpo inteiro | Sem aparelhos | Casa","CORRIGIDO"
"media_b9be3a9f6b7d1e541cf3","C:\Users\bruno\Downloads\Exercicios renomeados\Drill em I de agilidade","tags_compatibilidade","Cardio","Cardio | Sem aparelhos | Casa | Corpo inteiro","Cardio | Sem aparelhos | Casa | Corpo inteiro","CORRIGIDO"
"media_fac37bf08d5307c24903","C:\Users\bruno\Downloads\Exercicios renomeados\Drill pliométrico de agilidade","tags_secundarias","Casa | Academia | Ao ar livre","Sem aparelhos | Casa | Corpo inteiro","Corpo inteiro | Sem aparelhos | Casa","CORRIGIDO"
"media_fac37bf08d5307c24903","C:\Users\bruno\Downloads\Exercicios renomeados\Drill pliométrico de agilidade","tags_compatibilidade","Cardio","Cardio | Sem aparelhos | Casa | Corpo inteiro","Cardio | Sem aparelhos | Casa | Corpo inteiro","CORRIGIDO"
"media_b19f404ad8b36f775b70","C:\Users\bruno\Downloads\Exercicios renomeados\Elevação alternada de pernas deitado","tags_secundarias","Casa | Academia","Sem aparelhos | Casa","Sem aparelhos | Casa","CORRIGIDO"
"media_b19f404ad8b36f775b70","C:\Users\bruno\Downloads\Exercicios renomeados\Elevação alternada de pernas deitado","tags_compatibilidade","Corpo inteiro","Corpo inteiro | Sem aparelhos | Casa","Corpo inteiro | Sem aparelhos | Casa","CORRIGIDO"
"media_52b33c4b8230a24ec13d","C:\Users\bruno\Downloads\Exercicios renomeados\Elevação da ponta dos pés (dorsiflexão)","tags_secundarias","Academia | Casa","Sem aparelhos | Casa","Sem aparelhos | Casa","CORRIGIDO"
"media_52b33c4b8230a24ec13d","C:\Users\bruno\Downloads\Exercicios renomeados\Elevação da ponta dos pés (dorsiflexão)","tags_compatibilidade","Panturrilhas","Panturrilhas | Sem aparelhos | Casa","Panturrilhas | Sem aparelhos | Casa","CORRIGIDO"
"media_e13090b7ee903a21369e","C:\Users\bruno\Downloads\Exercicios renomeados\Elevação de braços na parede","tags_secundarias","Casa | Academia","Sem aparelhos | Casa","Sem aparelhos | Casa","CORRIGIDO"
"media_e13090b7ee903a21369e","C:\Users\bruno\Downloads\Exercicios renomeados\Elevação de braços na parede","tags_compatibilidade","Mobilidade","Mobilidade | Sem aparelhos | Casa","Mobilidade | Sem aparelhos | Casa","CORRIGIDO"
"media_3d0a7039d00a5ef74406","C:\Users\bruno\Downloads\Exercicios renomeados\Elevação de joelhos deitado","tags_secundarias","Casa | Academia","Sem aparelhos | Casa","Sem aparelhos | Casa","CORRIGIDO"
"media_3d0a7039d00a5ef74406","C:\Users\bruno\Downloads\Exercicios renomeados\Elevação de joelhos deitado","tags_compatibilidade","Abdômen/Core","Abdômen/Core | Sem aparelhos | Casa","Abdômen/Core | Sem aparelhos | Casa","CORRIGIDO"
"media_8a917e29aeae65cf1f97","C:\Users\bruno\Downloads\Exercicios renomeados\Elevação de joelhos suspenso","tags_secundarias","Barra fixa | Academia | Casa","Barra fixa | Academia","Barra fixa | Academia","CORRIGIDO"
"media_8a917e29aeae65cf1f97","C:\Users\bruno\Downloads\Exercicios renomeados\Elevação de joelhos suspenso","tags_compatibilidade","Abdômen/Core","Abdômen/Core | Barra fixa | Academia","Abdômen/Core | Barra fixa | Academia","CORRIGIDO"
"media_6e6af6cfb5007391dcb0","C:\Users\bruno\Downloads\Exercicios renomeados\Elevação de ombros em 4 direções com halteres","tags_secundarias","Halteres","Halteres | Academia","Halteres | Academia","CORRIGIDO"
"media_6e6af6cfb5007391dcb0","C:\Users\bruno\Downloads\Exercicios renomeados\Elevação de ombros em 4 direções com halteres","tags_compatibilidade","Ombros","Ombros | Halteres | Academia","Ombros | Halteres | Academia","CORRIGIDO"
"media_9908e3495013d3bad276","C:\Users\bruno\Downloads\Exercicios renomeados\Elevação de ombros em 6 direções com halteres","tags_secundarias","Halteres | Casa | Academia","Halteres | Academia","Halteres | Academia","CORRIGIDO"
"media_9908e3495013d3bad276","C:\Users\bruno\Downloads\Exercicios renomeados\Elevação de ombros em 6 direções com halteres","tags_compatibilidade","Ombros","Ombros | Halteres | Academia","Ombros | Halteres | Academia","CORRIGIDO"
"media_b7118e82164991f2b2af","C:\Users\bruno\Downloads\Exercicios renomeados\Elevação de panturrilhas com elástico","tags_secundarias","Casa | Academia","Elástico | Academia","Elástico | Academia","CORRIGIDO"
"media_b7118e82164991f2b2af","C:\Users\bruno\Downloads\Exercicios renomeados\Elevação de panturrilhas com elástico","tags_compatibilidade","Panturrilhas","Panturrilhas | Elástico | Academia","Panturrilhas | Elástico | Academia","CORRIGIDO"
"media_17863675884105ecf008","C:\Users\bruno\Downloads\Exercicios renomeados\Elevação de panturrilhas com halteres","tags_secundarias","Halteres | Casa | Academia","Halteres | Academia","Halteres | Academia","CORRIGIDO"
"media_17863675884105ecf008","C:\Users\bruno\Downloads\Exercicios renomeados\Elevação de panturrilhas com halteres","tags_compatibilidade","Panturrilhas","Panturrilhas | Halteres | Academia","Panturrilhas | Halteres | Academia","CORRIGIDO"
"media_c31bfce4b46b8c5aa9d7","C:\Users\bruno\Downloads\Exercicios renomeados\Elevação de panturrilhas donkey","tags_secundarias","Academia | Casa","Sem aparelhos | Casa","Sem aparelhos | Casa","CORRIGIDO"
"media_c31bfce4b46b8c5aa9d7","C:\Users\bruno\Downloads\Exercicios renomeados\Elevação de panturrilhas donkey","tags_compatibilidade","Panturrilhas","Panturrilhas | Sem aparelhos | Casa","Panturrilhas | Sem aparelhos | Casa","CORRIGIDO"
"media_03e61dea448efa9198c6","C:\Users\bruno\Downloads\Exercicios renomeados\Elevação de panturrilhas donkey com peso","tags_secundarias","Banco | Casa | Academia","Sem aparelhos | Casa","Sem aparelhos | Casa","CORRIGIDO"
"media_03e61dea448efa9198c6","C:\Users\bruno\Downloads\Exercicios renomeados\Elevação de panturrilhas donkey com peso","tags_compatibilidade","Panturrilhas","Panturrilhas | Sem aparelhos | Casa","Panturrilhas | Sem aparelhos | Casa","CORRIGIDO"
"media_777383e359c11c5f51ad","C:\Users\bruno\Downloads\Exercicios renomeados\Elevação de panturrilhas donkey na máquina","tags_secundarias","Academia","Máquina | Academia","Máquina | Academia","CORRIGIDO"
"media_777383e359c11c5f51ad","C:\Users\bruno\Downloads\Exercicios renomeados\Elevação de panturrilhas donkey na máquina","tags_compatibilidade","Panturrilhas","Panturrilhas | Máquina | Academia","Panturrilhas | Máquina | Academia","CORRIGIDO"
"media_fc2d4a88893c9883e217","C:\Users\bruno\Downloads\Exercicios renomeados\Elevação de panturrilhas em pé","tags_secundarias","Academia | Casa","Sem aparelhos | Casa","Sem aparelhos | Casa","CORRIGIDO"
"media_fc2d4a88893c9883e217","C:\Users\bruno\Downloads\Exercicios renomeados\Elevação de panturrilhas em pé","tags_compatibilidade","Panturrilhas","Panturrilhas | Sem aparelhos | Casa","Panturrilhas | Sem aparelhos | Casa","CORRIGIDO"
"media_0e75df0d48644ddb1bba","C:\Users\bruno\Downloads\Exercicios renomeados\Elevação de panturrilhas em pé com barra","tags_secundarias","Academia","Barra | Academia","Barra | Academia","CORRIGIDO"
"media_0e75df0d48644ddb1bba","C:\Users\bruno\Downloads\Exercicios renomeados\Elevação de panturrilhas em pé com barra","tags_compatibilidade","Panturrilhas","Panturrilhas | Barra | Academia","Panturrilhas | Barra | Academia","CORRIGIDO"
"media_936ed88ed436afac77fa","C:\Users\bruno\Downloads\Exercicios renomeados\Elevação de panturrilhas em pé na máquina","tags_secundarias","Academia","Máquina | Academia","Máquina | Academia","CORRIGIDO"
"media_936ed88ed436afac77fa","C:\Users\bruno\Downloads\Exercicios renomeados\Elevação de panturrilhas em pé na máquina","tags_compatibilidade","Panturrilhas","Panturrilhas | Máquina | Academia","Panturrilhas | Máquina | Academia","CORRIGIDO"
"media_e337530bc1a2c2d5307f","C:\Users\bruno\Downloads\Exercicios renomeados\Elevação de panturrilhas na máquina hack","tags_secundarias","Academia","Máquina | Academia","Máquina | Academia","CORRIGIDO"
"media_e337530bc1a2c2d5307f","C:\Users\bruno\Downloads\Exercicios renomeados\Elevação de panturrilhas na máquina hack","tags_compatibilidade","Panturrilhas","Panturrilhas | Máquina | Academia","Panturrilhas | Máquina | Academia","CORRIGIDO"
"media_e33ff75c8986a659aa70","C:\Users\bruno\Downloads\Exercicios renomeados\Elevação de panturrilhas sentado com barra","tags_secundarias","Barra | Banco | Academia","Barra | Academia","Barra | Academia","CORRIGIDO"
"media_e33ff75c8986a659aa70","C:\Users\bruno\Downloads\Exercicios renomeados\Elevação de panturrilhas sentado com barra","tags_compatibilidade","Panturrilhas","Panturrilhas | Barra | Academia","Panturrilhas | Barra | Academia","CORRIGIDO"
"media_b73851a943f54a8cace9","C:\Users\bruno\Downloads\Exercicios renomeados\Elevação de panturrilhas sentado com peso","tags_secundarias","Academia | Casa","Sem aparelhos | Casa","Sem aparelhos | Casa","CORRIGIDO"
"media_b73851a943f54a8cace9","C:\Users\bruno\Downloads\Exercicios renomeados\Elevação de panturrilhas sentado com peso","tags_compatibilidade","Panturrilhas","Panturrilhas | Sem aparelhos | Casa","Panturrilhas | Sem aparelhos | Casa","CORRIGIDO"
"media_af3e0f272de587555d9d","C:\Users\bruno\Downloads\Exercicios renomeados\Elevação de perna em prancha","tags_secundarias","Casa | Academia","Sem aparelhos | Casa","Sem aparelhos | Casa","CORRIGIDO"
"media_af3e0f272de587555d9d","C:\Users\bruno\Downloads\Exercicios renomeados\Elevação de perna em prancha","tags_compatibilidade","Abdômen/Core","Abdômen/Core | Sem aparelhos | Casa","Abdômen/Core | Sem aparelhos | Casa","CORRIGIDO"
"media_e565c87218f343cc8f24","C:\Users\bruno\Downloads\Exercicios renomeados\Elevação de perna em pé na máquina","tags_secundarias","Academia","Máquina | Academia","Máquina | Academia","CORRIGIDO"
"media_e565c87218f343cc8f24","C:\Users\bruno\Downloads\Exercicios renomeados\Elevação de perna em pé na máquina","tags_compatibilidade","Quadril","Quadril | Máquina | Academia","Quadril | Máquina | Academia","CORRIGIDO"
"media_36b306c17c825c4dcc54","C:\Users\bruno\Downloads\Exercicios renomeados\Elevação de perna na prancha lateral","tags_secundarias","Casa | Academia","Sem aparelhos | Casa","Sem aparelhos | Casa","CORRIGIDO"
"media_36b306c17c825c4dcc54","C:\Users\bruno\Downloads\Exercicios renomeados\Elevação de perna na prancha lateral","tags_compatibilidade","Abdômen/Core","Abdômen/Core | Sem aparelhos | Casa","Abdômen/Core | Sem aparelhos | Casa","CORRIGIDO"
"media_eb8a95c08f066f266c77","C:\Users\bruno\Downloads\Exercicios renomeados\Elevação de pernas deitado","tags_secundarias","Casa | Academia","Sem aparelhos | Casa","Sem aparelhos | Casa","CORRIGIDO"
"media_eb8a95c08f066f266c77","C:\Users\bruno\Downloads\Exercicios renomeados\Elevação de pernas deitado","tags_compatibilidade","Abdômen/Core","Abdômen/Core | Sem aparelhos | Casa","Abdômen/Core | Sem aparelhos | Casa","CORRIGIDO"
"media_b3c8449518084ebf4224","C:\Users\bruno\Downloads\Exercicios renomeados\Elevação de pernas e quadril no banco inclinado","tags_secundarias","Academia | Casa","Banco | Academia","Banco | Academia","CORRIGIDO"
"media_b3c8449518084ebf4224","C:\Users\bruno\Downloads\Exercicios renomeados\Elevação de pernas e quadril no banco inclinado","tags_compatibilidade","Abdômen/Core","Abdômen/Core | Banco | Academia","Abdômen/Core | Banco | Academia","CORRIGIDO"
"media_97452559c6b8d2c0322f","C:\Users\bruno\Downloads\Exercicios renomeados\Elevação de pernas na cadeira romana","tags_secundarias","Academia","Sem aparelhos | Casa","Sem aparelhos | Casa","CORRIGIDO"
"media_97452559c6b8d2c0322f","C:\Users\bruno\Downloads\Exercicios renomeados\Elevação de pernas na cadeira romana","tags_compatibilidade","Abdômen/Core","Abdômen/Core | Sem aparelhos | Casa","Abdômen/Core | Sem aparelhos | Casa","CORRIGIDO"
"media_f73ab2ae583e3173f577","C:\Users\bruno\Downloads\Exercicios renomeados\Elevação de quadril deitado com elástico","tags_secundarias","Casa | Academia","Elástico | Academia","Elástico | Academia","CORRIGIDO"
"media_f73ab2ae583e3173f577","C:\Users\bruno\Downloads\Exercicios renomeados\Elevação de quadril deitado com elástico","tags_compatibilidade","Glúteos","Glúteos | Elástico | Academia","Glúteos | Elástico | Academia","CORRIGIDO"
"media_2ab7c051830a5ab0096d","C:\Users\bruno\Downloads\Exercicios renomeados\Elevação frontal alternada com halteres","tags_secundarias","Halteres | Casa | Academia","Halteres | Academia","Halteres | Academia","CORRIGIDO"
"media_2ab7c051830a5ab0096d","C:\Users\bruno\Downloads\Exercicios renomeados\Elevação frontal alternada com halteres","tags_compatibilidade","Ombros","Ombros | Halteres | Academia","Ombros | Halteres | Academia","CORRIGIDO"
"media_b359e324cf2d1c78b261","C:\Users\bruno\Downloads\Exercicios renomeados\Elevação frontal apoiada no banco com halteres","tags_secundarias","Halteres | Academia","Halteres | Banco | Academia","Halteres | Banco | Academia","CORRIGIDO"
"media_b359e324cf2d1c78b261","C:\Users\bruno\Downloads\Exercicios renomeados\Elevação frontal apoiada no banco com halteres","tags_compatibilidade","Ombros","Ombros | Halteres | Banco | Academia","Ombros | Halteres | Banco | Academia","CORRIGIDO"
"media_b6b95c22f809905250d0","C:\Users\bruno\Downloads\Exercicios renomeados\Elevação frontal com anilha","tags_secundarias","Academia | Casa","Anilhas | Academia","Anilhas | Academia","CORRIGIDO"
"media_b6b95c22f809905250d0","C:\Users\bruno\Downloads\Exercicios renomeados\Elevação frontal com anilha","tags_compatibilidade","Ombros","Ombros | Anilhas | Academia","Ombros | Anilhas | Academia","CORRIGIDO"
"media_886ba7e6278a3f07a237","C:\Users\bruno\Downloads\Exercicios renomeados\Elevação frontal com barra","tags_secundarias","Barra | Anilhas | Academia | Casa","Barra | Academia","Barra | Academia","CORRIGIDO"
"media_886ba7e6278a3f07a237","C:\Users\bruno\Downloads\Exercicios renomeados\Elevação frontal com barra","tags_compatibilidade","Ombros","Ombros | Barra | Academia","Ombros | Barra | Academia","CORRIGIDO"
"media_a7872048d9895c8e58d2","C:\Users\bruno\Downloads\Exercicios renomeados\Elevação frontal com barra e rotação","tags_secundarias","Barra | Academia | Casa","Barra | Academia","Barra | Academia","CORRIGIDO"
"media_a7872048d9895c8e58d2","C:\Users\bruno\Downloads\Exercicios renomeados\Elevação frontal com barra e rotação","tags_compatibilidade","Ombros","Ombros | Barra | Academia","Ombros | Barra | Academia","CORRIGIDO"
"media_00dc19505218d6bdd7af","C:\Users\bruno\Downloads\Exercicios renomeados\Elevação frontal com cabo de dois braços","tags_secundarias","Academia","Polia/Cabo | Academia","Polia/Cabo | Academia","CORRIGIDO"
"media_00dc19505218d6bdd7af","C:\Users\bruno\Downloads\Exercicios renomeados\Elevação frontal com cabo de dois braços","tags_compatibilidade","Ombros","Ombros | Polia/Cabo | Academia","Ombros | Polia/Cabo | Academia","CORRIGIDO"
"media_a6955b3d6b5ae7108c52","C:\Users\bruno\Downloads\Exercicios renomeados\Elevação frontal com cabo duplo","tags_secundarias","Academia","Polia/Cabo | Academia","Polia/Cabo | Academia","CORRIGIDO"
"media_a6955b3d6b5ae7108c52","C:\Users\bruno\Downloads\Exercicios renomeados\Elevação frontal com cabo duplo","tags_compatibilidade","Ombros","Ombros | Polia/Cabo | Academia","Ombros | Polia/Cabo | Academia","CORRIGIDO"
"media_acc5dd489702819108a8","C:\Users\bruno\Downloads\Exercicios renomeados\Elevação frontal com halteres","tags_secundarias","Halteres | Academia | Casa","Halteres | Academia","Halteres | Academia","CORRIGIDO"
"media_acc5dd489702819108a8","C:\Users\bruno\Downloads\Exercicios renomeados\Elevação frontal com halteres","tags_compatibilidade","Ombros","Ombros | Halteres | Academia","Ombros | Halteres | Academia","CORRIGIDO"
"media_1656b852dc13177aea31","C:\Users\bruno\Downloads\Exercicios renomeados\Elevação frontal com halteres de dois braços","tags_secundarias","Halteres | Casa | Academia","Halteres | Academia","Halteres | Academia","CORRIGIDO"
"media_1656b852dc13177aea31","C:\Users\bruno\Downloads\Exercicios renomeados\Elevação frontal com halteres de dois braços","tags_compatibilidade","Ombros","Ombros | Halteres | Academia","Ombros | Halteres | Academia","CORRIGIDO"
"media_006aaaa8382e13e34653","C:\Users\bruno\Downloads\Exercicios renomeados\Elevação frontal com halteres sentado","tags_secundarias","Halteres | Banco | Casa | Academia","Halteres | Academia","Halteres | Academia","CORRIGIDO"
"media_006aaaa8382e13e34653","C:\Users\bruno\Downloads\Exercicios renomeados\Elevação frontal com halteres sentado","tags_compatibilidade","Ombros","Ombros | Halteres | Academia","Ombros | Halteres | Academia","CORRIGIDO"
"media_198dc751bdde6f796202","C:\Users\bruno\Downloads\Exercicios renomeados\Elevação frontal do cabo","tags_secundarias","Academia","Polia/Cabo | Academia","Polia/Cabo | Academia","CORRIGIDO"
"media_198dc751bdde6f796202","C:\Users\bruno\Downloads\Exercicios renomeados\Elevação frontal do cabo","tags_compatibilidade","Ombros","Ombros | Polia/Cabo | Academia","Ombros | Polia/Cabo | Academia","CORRIGIDO"
"media_f505add36b8c84820ceb","C:\Users\bruno\Downloads\Exercicios renomeados\Elevação lateral com cabo de dois braços","tags_secundarias","Academia","Polia/Cabo | Academia","Polia/Cabo | Academia","CORRIGIDO"
"media_f505add36b8c84820ceb","C:\Users\bruno\Downloads\Exercicios renomeados\Elevação lateral com cabo de dois braços","tags_compatibilidade","Ombros","Ombros | Polia/Cabo | Academia","Ombros | Polia/Cabo | Academia","CORRIGIDO"
"media_c6ce58984b229dd1a1f7","C:\Users\bruno\Downloads\Exercicios renomeados\Elevação lateral com halteres","tags_secundarias","Halteres | Academia | Casa","Halteres | Academia","Halteres | Academia","CORRIGIDO"
"media_c6ce58984b229dd1a1f7","C:\Users\bruno\Downloads\Exercicios renomeados\Elevação lateral com halteres","tags_compatibilidade","Ombros","Ombros | Halteres | Academia","Ombros | Halteres | Academia","CORRIGIDO"
"media_f45022d04b6f2ee24494","C:\Users\bruno\Downloads\Exercicios renomeados\Elevação lateral com halteres para frente","tags_secundarias","Halteres | Academia | Casa","Halteres | Academia","Halteres | Academia","CORRIGIDO"
"media_f45022d04b6f2ee24494","C:\Users\bruno\Downloads\Exercicios renomeados\Elevação lateral com halteres para frente","tags_compatibilidade","Ombros","Ombros | Halteres | Academia","Ombros | Halteres | Academia","CORRIGIDO"
"media_f36c497ac228ac596cdd","C:\Users\bruno\Downloads\Exercicios renomeados\Elevação lateral curvado com halteres","tags_secundarias","Halteres | Academia | Casa","Halteres | Academia","Halteres | Academia","CORRIGIDO"
"media_f36c497ac228ac596cdd","C:\Users\bruno\Downloads\Exercicios renomeados\Elevação lateral curvado com halteres","tags_compatibilidade","Ombros","Ombros | Halteres | Academia","Ombros | Halteres | Academia","CORRIGIDO"
"media_8bbd95b346b1ae81af32","C:\Users\bruno\Downloads\Exercicios renomeados\Elevação lateral de braços sem peso","tags_secundarias","Casa | Academia","Sem aparelhos | Casa","Sem aparelhos | Casa","CORRIGIDO"
"media_8bbd95b346b1ae81af32","C:\Users\bruno\Downloads\Exercicios renomeados\Elevação lateral de braços sem peso","tags_compatibilidade","Ombros","Ombros | Sem aparelhos | Casa","Ombros | Sem aparelhos | Casa","CORRIGIDO"
"media_4054aba26c9c9342e8d4","C:\Users\bruno\Downloads\Exercicios renomeados\Elevação lateral de landmine","tags_secundarias","Barra | Anilhas | Academia","Barra | Academia","Barra | Academia","CORRIGIDO"
"media_4054aba26c9c9342e8d4","C:\Users\bruno\Downloads\Exercicios renomeados\Elevação lateral de landmine","tags_compatibilidade","Ombros","Ombros | Barra | Academia","Ombros | Barra | Academia","CORRIGIDO"
"media_154903db657da1f6344a","C:\Users\bruno\Downloads\Exercicios renomeados\Elevação lateral deltóide traseiro com halteres","tags_secundarias","Banco | Academia | Casa","Halteres | Academia","Halteres | Academia","CORRIGIDO"
"media_154903db657da1f6344a","C:\Users\bruno\Downloads\Exercicios renomeados\Elevação lateral deltóide traseiro com halteres","tags_compatibilidade","Ombros","Ombros | Halteres | Academia","Ombros | Halteres | Academia","CORRIGIDO"
"media_7ce93fbe567716b3cc79","C:\Users\bruno\Downloads\Exercicios renomeados\Elevação lateral do braço dobrado","tags_secundarias","Halteres | Casa | Academia","Sem aparelhos | Casa","Sem aparelhos | Casa","CORRIGIDO"
"media_7ce93fbe567716b3cc79","C:\Users\bruno\Downloads\Exercicios renomeados\Elevação lateral do braço dobrado","tags_compatibilidade","Ombros","Ombros | Sem aparelhos | Casa","Ombros | Sem aparelhos | Casa","CORRIGIDO"
"media_2a8aec42b9a334f70e80","C:\Users\bruno\Downloads\Exercicios renomeados\Elevação lateral do cabo","tags_secundarias","Academia","Polia/Cabo | Academia","Polia/Cabo | Academia","CORRIGIDO"
"media_2a8aec42b9a334f70e80","C:\Users\bruno\Downloads\Exercicios renomeados\Elevação lateral do cabo","tags_compatibilidade","Ombros","Ombros | Polia/Cabo | Academia","Ombros | Polia/Cabo | Academia","CORRIGIDO"
"media_3d1a52a202a870041808","C:\Users\bruno\Downloads\Exercicios renomeados\Elevação lateral do cabo inclinado","tags_secundarias","Academia","Polia/Cabo | Banco | Academia","Polia/Cabo | Banco | Academia","CORRIGIDO"
"media_3d1a52a202a870041808","C:\Users\bruno\Downloads\Exercicios renomeados\Elevação lateral do cabo inclinado","tags_compatibilidade","Ombros","Ombros | Polia/Cabo | Banco | Academia","Ombros | Polia/Cabo | Banco | Academia","CORRIGIDO"
"media_03b9755779d3c5440a8b","C:\Users\bruno\Downloads\Exercicios renomeados\Elevação lateral inclinada com halteres","tags_secundarias","Casa | Academia","Halteres | Academia","Halteres | Academia","CORRIGIDO"
"media_03b9755779d3c5440a8b","C:\Users\bruno\Downloads\Exercicios renomeados\Elevação lateral inclinada com halteres","tags_compatibilidade","Ombros","Ombros | Halteres | Academia","Ombros | Halteres | Academia","CORRIGIDO"
"media_21761ea8609e3a78358d","C:\Users\bruno\Downloads\Exercicios renomeados\Elevação lateral inclinado com haltere de braço único","tags_secundarias","Casa | Academia","Halteres | Banco | Academia","Halteres | Banco | Academia","CORRIGIDO"
"media_21761ea8609e3a78358d","C:\Users\bruno\Downloads\Exercicios renomeados\Elevação lateral inclinado com haltere de braço único","tags_compatibilidade","Ombros","Ombros | Halteres | Banco | Academia","Ombros | Halteres | Banco | Academia","CORRIGIDO"
"media_24e4a6315b1cf32fe07d","C:\Users\bruno\Downloads\Exercicios renomeados\Elevação lateral na máquina","tags_secundarias","Academia","Máquina | Academia","Máquina | Academia","CORRIGIDO"
"media_24e4a6315b1cf32fe07d","C:\Users\bruno\Downloads\Exercicios renomeados\Elevação lateral na máquina","tags_compatibilidade","Ombros","Ombros | Máquina | Academia","Ombros | Máquina | Academia","CORRIGIDO"
"media_1f3bc8ced33e2ad9012e","C:\Users\bruno\Downloads\Exercicios renomeados\Elevação lateral na máquina - variação 2","tags_secundarias","Academia","Máquina | Academia","Máquina | Academia","CORRIGIDO"
"media_1f3bc8ced33e2ad9012e","C:\Users\bruno\Downloads\Exercicios renomeados\Elevação lateral na máquina - variação 2","tags_compatibilidade","Ombros","Ombros | Máquina | Academia","Ombros | Máquina | Academia","CORRIGIDO"
"media_ffdf98f90480af67b8d0","C:\Users\bruno\Downloads\Exercicios renomeados\Elevação lateral traseira com halteres sentado","tags_secundarias","Halteres | Academia | Casa","Halteres | Academia","Halteres | Academia","CORRIGIDO"
"media_ffdf98f90480af67b8d0","C:\Users\bruno\Downloads\Exercicios renomeados\Elevação lateral traseira com halteres sentado","tags_compatibilidade","Ombros","Ombros | Halteres | Academia","Ombros | Halteres | Academia","CORRIGIDO"
"media_d67bcf20520a5f1ea0f6","C:\Users\bruno\Downloads\Exercicios renomeados\Elevação lateral unilateral curvado no cabo","tags_secundarias","Academia","Polia/Cabo | Academia","Polia/Cabo | Academia","CORRIGIDO"
"media_d67bcf20520a5f1ea0f6","C:\Users\bruno\Downloads\Exercicios renomeados\Elevação lateral unilateral curvado no cabo","tags_compatibilidade","Ombros","Ombros | Polia/Cabo | Academia","Ombros | Polia/Cabo | Academia","CORRIGIDO"
"media_d0ef9c1ae8bd3cbe7a83","C:\Users\bruno\Downloads\Exercicios renomeados\Elevação no plano escapular com halteres","tags_compatibilidade","Ombros","Ombros | Halteres | Academia","Ombros | Halteres | Academia","CORRIGIDO"
"media_8180b15d38850ea9f14b","C:\Users\bruno\Downloads\Exercicios renomeados\Elevação posterior apoiado no banco com halteres","tags_secundarias","Halteres | Academia | Casa","Halteres | Banco | Academia","Halteres | Banco | Academia","CORRIGIDO"
"media_8180b15d38850ea9f14b","C:\Users\bruno\Downloads\Exercicios renomeados\Elevação posterior apoiado no banco com halteres","tags_compatibilidade","Ombros","Ombros | Halteres | Banco | Academia","Ombros | Halteres | Banco | Academia","CORRIGIDO"
"media_47a5d17aa48c815f7e8c","C:\Users\bruno\Downloads\Exercicios renomeados\Elevação posterior com barra","tags_secundarias","Barra | Anilhas | Academia | Casa","Barra | Academia","Barra | Academia","CORRIGIDO"
"media_47a5d17aa48c815f7e8c","C:\Users\bruno\Downloads\Exercicios renomeados\Elevação posterior com barra","tags_compatibilidade","Ombros","Ombros | Barra | Academia","Ombros | Barra | Academia","CORRIGIDO"
"media_aa9c72c4f9529dbc641a","C:\Users\bruno\Downloads\Exercicios renomeados\Elevação posterior curvado com barra","tags_secundarias","Barra | Academia | Casa","Barra | Academia","Barra | Academia","CORRIGIDO"
"media_aa9c72c4f9529dbc641a","C:\Users\bruno\Downloads\Exercicios renomeados\Elevação posterior curvado com barra","tags_compatibilidade","Ombros","Ombros | Barra | Academia","Ombros | Barra | Academia","CORRIGIDO"
"media_138976a003191ea57cdd","C:\Users\bruno\Downloads\Exercicios renomeados\Elevação posterior unilateral deitado com halter","tags_secundarias","Banco | Casa | Academia","Halteres | Academia","Halteres | Academia","CORRIGIDO"
"media_138976a003191ea57cdd","C:\Users\bruno\Downloads\Exercicios renomeados\Elevação posterior unilateral deitado com halter","tags_compatibilidade","Ombros","Ombros | Halteres | Academia","Ombros | Halteres | Academia","CORRIGIDO"
"media_d1b3fb2f8897c2724ceb","C:\Users\bruno\Downloads\Exercicios renomeados\Elevação pélvica com barra","tags_secundarias","Barra | Anilhas | Academia | Casa","Barra | Academia","Barra | Academia","CORRIGIDO"
"media_d1b3fb2f8897c2724ceb","C:\Users\bruno\Downloads\Exercicios renomeados\Elevação pélvica com barra","tags_compatibilidade","Glúteos","Glúteos | Barra | Academia","Glúteos | Barra | Academia","CORRIGIDO"
"media_c72936925ea2578c92a9","C:\Users\bruno\Downloads\Exercicios renomeados\Elevação pélvica com barra - variação 2","tags_secundarias","Barra | Anilhas | Academia | Casa","Barra | Academia","Barra | Academia","CORRIGIDO"
"media_c72936925ea2578c92a9","C:\Users\bruno\Downloads\Exercicios renomeados\Elevação pélvica com barra - variação 2","tags_compatibilidade","Glúteos","Glúteos | Barra | Academia","Glúteos | Barra | Academia","CORRIGIDO"
"media_bb51a0f742533e3c753b","C:\Users\bruno\Downloads\Exercicios renomeados\Elevação pélvica com peso corporal","tags_secundarias","Academia | Casa","Sem aparelhos | Casa","Sem aparelhos | Casa","CORRIGIDO"
"media_bb51a0f742533e3c753b","C:\Users\bruno\Downloads\Exercicios renomeados\Elevação pélvica com peso corporal","tags_compatibilidade","Glúteos","Glúteos | Sem aparelhos | Casa","Glúteos | Sem aparelhos | Casa","CORRIGIDO"
"media_7a906c1c159b957fb672","C:\Users\bruno\Downloads\Exercicios renomeados\Elevação pélvica de perna única com barra","tags_secundarias","Barra | Banco | Academia","Barra | Academia","Barra | Academia","CORRIGIDO"
"media_7a906c1c159b957fb672","C:\Users\bruno\Downloads\Exercicios renomeados\Elevação pélvica de perna única com barra","tags_compatibilidade","Glúteos","Glúteos | Barra | Academia","Glúteos | Barra | Academia","CORRIGIDO"
"media_acc3c2ef0d313a60c309","C:\Users\bruno\Downloads\Exercicios renomeados\Elevação pélvica na máquina","tags_secundarias","Academia","Máquina | Academia","Máquina | Academia","CORRIGIDO"
"media_acc3c2ef0d313a60c309","C:\Users\bruno\Downloads\Exercicios renomeados\Elevação pélvica na máquina","tags_compatibilidade","Glúteos","Glúteos | Máquina | Academia","Glúteos | Máquina | Academia","CORRIGIDO"
"media_d3b7a65073600caf2a61","C:\Users\bruno\Downloads\Exercicios renomeados\Elevação pélvica na máquina extensora","tags_secundarias","Academia","Máquina | Academia","Máquina | Academia","CORRIGIDO"
"media_d3b7a65073600caf2a61","C:\Users\bruno\Downloads\Exercicios renomeados\Elevação pélvica na máquina extensora","tags_compatibilidade","Glúteos","Glúteos | Máquina | Academia","Glúteos | Máquina | Academia","CORRIGIDO"
"media_73d6a19bea9134d3030e","C:\Users\bruno\Downloads\Exercicios renomeados\Elevação T inclinada com halteres","tags_secundarias","","Halteres | Academia","Halteres | Academia","CORRIGIDO"
"media_73d6a19bea9134d3030e","C:\Users\bruno\Downloads\Exercicios renomeados\Elevação T inclinada com halteres","tags_compatibilidade","Ombros","Ombros | Halteres | Academia","Ombros | Halteres | Academia","CORRIGIDO"
"media_3a7620cd811cf80b9b27","C:\Users\bruno\Downloads\Exercicios renomeados\Elevação unilateral de panturrilha com apoio","tags_secundarias","Casa | Academia","Sem aparelhos | Casa","Sem aparelhos | Casa","CORRIGIDO"
"media_3a7620cd811cf80b9b27","C:\Users\bruno\Downloads\Exercicios renomeados\Elevação unilateral de panturrilha com apoio","tags_compatibilidade","Panturrilhas","Panturrilhas | Sem aparelhos | Casa","Panturrilhas | Sem aparelhos | Casa","CORRIGIDO"
"media_6f7058f64d57a27854d8","C:\Users\bruno\Downloads\Exercicios renomeados\Elevação Y inclinada com halteres","tags_secundarias","Halteres | Academia | Casa","Halteres | Academia","Halteres | Academia","CORRIGIDO"
"media_6f7058f64d57a27854d8","C:\Users\bruno\Downloads\Exercicios renomeados\Elevação Y inclinada com halteres","tags_compatibilidade","Ombros","Ombros | Halteres | Academia","Ombros | Halteres | Academia","CORRIGIDO"
"media_f43b9e2ba56dfe145497","C:\Users\bruno\Downloads\Exercicios renomeados\Elevações alternadas das pernas","tags_secundarias","Academia | Casa","Sem aparelhos | Casa","Sem aparelhos | Casa","CORRIGIDO"
"media_f43b9e2ba56dfe145497","C:\Users\bruno\Downloads\Exercicios renomeados\Elevações alternadas das pernas","tags_compatibilidade","Abdômen/Core","Abdômen/Core | Sem aparelhos | Casa","Abdômen/Core | Sem aparelhos | Casa","CORRIGIDO"
"media_d60953ed26ae64f21ab9","C:\Users\bruno\Downloads\Exercicios renomeados\Elevações laterais apoiadas no peito com halteres","tags_compatibilidade","Corpo inteiro","Corpo inteiro | Halteres | Academia","Corpo inteiro | Halteres | Academia","CORRIGIDO"
"media_cc635b67c677c9633be3","C:\Users\bruno\Downloads\Exercicios renomeados\Elíptico","tags_secundarias","Academia | Casa","Máquina | Academia | Corpo inteiro","Corpo inteiro | Máquina | Academia","CORRIGIDO"
"media_cc635b67c677c9633be3","C:\Users\bruno\Downloads\Exercicios renomeados\Elíptico","tags_compatibilidade","Cardio","Cardio | Máquina | Academia | Corpo inteiro","Cardio | Máquina | Academia | Corpo inteiro","CORRIGIDO"
"media_5a7b83169004fefcd1d7","C:\Users\bruno\Downloads\Exercicios renomeados\Elíptico com braços","tags_compatibilidade","Cardio | Máquina | Academia","Cardio | Máquina | Academia | Corpo inteiro","Cardio | Máquina | Academia | Corpo inteiro","CORRIGIDO"
"media_06eb797aba61b49a91ef","C:\Users\bruno\Downloads\Exercicios renomeados\Em pé, alongamento do peito com um braço","tags_secundarias","Casa | Academia","Peito | Sem aparelhos | Casa","Peito | Sem aparelhos | Casa","CORRIGIDO"
"media_06eb797aba61b49a91ef","C:\Users\bruno\Downloads\Exercicios renomeados\Em pé, alongamento do peito com um braço","tags_compatibilidade","Alongamento","Alongamento | Peito | Sem aparelhos | Casa","Alongamento | Peito | Sem aparelhos | Casa","CORRIGIDO"
"media_441566631008a3903842","C:\Users\bruno\Downloads\Exercicios renomeados\Encolhimento com barra acima da cabeça","tags_secundarias","Anilhas | Academia","Barra | Academia","Barra | Academia","CORRIGIDO"
"media_441566631008a3903842","C:\Users\bruno\Downloads\Exercicios renomeados\Encolhimento com barra acima da cabeça","tags_compatibilidade","Ombros","Ombros | Barra | Academia","Ombros | Barra | Academia","CORRIGIDO"
"media_6e8a4181e0592047c294","C:\Users\bruno\Downloads\Exercicios renomeados\Encolhimento de ombros com barra","tags_secundarias","Barra","Barra | Academia","Barra | Academia","CORRIGIDO"
"media_6e8a4181e0592047c294","C:\Users\bruno\Downloads\Exercicios renomeados\Encolhimento de ombros com barra","tags_compatibilidade","Ombros","Ombros | Barra | Academia","Ombros | Barra | Academia","CORRIGIDO"
"media_5c1e48c4bc795db80328","C:\Users\bruno\Downloads\Exercicios renomeados\Encolhimento de ombros com halteres","tags_secundarias","Halteres | Academia | Casa","Halteres | Academia","Halteres | Academia","CORRIGIDO"
"media_5c1e48c4bc795db80328","C:\Users\bruno\Downloads\Exercicios renomeados\Encolhimento de ombros com halteres","tags_compatibilidade","Ombros","Ombros | Halteres | Academia","Ombros | Halteres | Academia","CORRIGIDO"
"media_c88cba6792ff2b343d30","C:\Users\bruno\Downloads\Exercicios renomeados\Encolhimento de ombros inclinado","tags_secundarias","Halteres | Academia | Casa","Banco | Academia","Banco | Academia","CORRIGIDO"
"media_c88cba6792ff2b343d30","C:\Users\bruno\Downloads\Exercicios renomeados\Encolhimento de ombros inclinado","tags_compatibilidade","Ombros","Ombros | Banco | Academia","Ombros | Banco | Academia","CORRIGIDO"
"media_f546459b34d491eb2927","C:\Users\bruno\Downloads\Exercicios renomeados\Encolhimento de ombros inclinado com halteres","tags_secundarias","Halteres | Academia | Casa","Halteres | Banco | Academia","Halteres | Banco | Academia","CORRIGIDO"
"media_f546459b34d491eb2927","C:\Users\bruno\Downloads\Exercicios renomeados\Encolhimento de ombros inclinado com halteres","tags_compatibilidade","Ombros","Ombros | Halteres | Banco | Academia","Ombros | Halteres | Banco | Academia","CORRIGIDO"
"media_8c09ddcd9df0f326d5d6","C:\Users\bruno\Downloads\Exercicios renomeados\Encolhimento Gittleson","tags_secundarias","Banco | Academia","Sem aparelhos | Casa","Sem aparelhos | Casa","CORRIGIDO"
"media_8c09ddcd9df0f326d5d6","C:\Users\bruno\Downloads\Exercicios renomeados\Encolhimento Gittleson","tags_compatibilidade","Ombros","Ombros | Sem aparelhos | Casa","Ombros | Sem aparelhos | Casa","CORRIGIDO"
"media_28d1aaf6e395d0113bf8","C:\Users\bruno\Downloads\Exercicios renomeados\Encolhimento na máquina","tags_secundarias","Barra | Anilhas | Academia | Casa","Máquina | Academia","Máquina | Academia","CORRIGIDO"
"media_28d1aaf6e395d0113bf8","C:\Users\bruno\Downloads\Exercicios renomeados\Encolhimento na máquina","tags_compatibilidade","Ombros","Ombros | Máquina | Academia","Ombros | Máquina | Academia","CORRIGIDO"
"media_4dce2ed64ec5aa728817","C:\Users\bruno\Downloads\Exercicios renomeados\Encolhimento na máquina sem pegada","tags_secundarias","Academia","Máquina | Academia","Máquina | Academia","CORRIGIDO"
"media_4dce2ed64ec5aa728817","C:\Users\bruno\Downloads\Exercicios renomeados\Encolhimento na máquina sem pegada","tags_compatibilidade","Antebraços","Antebraços | Máquina | Academia","Antebraços | Máquina | Academia","CORRIGIDO"
"media_bb47de33231e3923cd1f","C:\Users\bruno\Downloads\Exercicios renomeados\Encolhimento no cabo","tags_secundarias","Academia","Polia/Cabo | Academia","Polia/Cabo | Academia","CORRIGIDO"
"media_bb47de33231e3923cd1f","C:\Users\bruno\Downloads\Exercicios renomeados\Encolhimento no cabo","tags_compatibilidade","Ombros","Ombros | Polia/Cabo | Academia","Ombros | Polia/Cabo | Academia","CORRIGIDO"
"media_0e2667140863733a4e38","C:\Users\bruno\Downloads\Exercicios renomeados\Ergômetro de braços","tag_principal","Cardio","Corpo inteiro","Corpo inteiro","CORRIGIDO"
"media_0e2667140863733a4e38","C:\Users\bruno\Downloads\Exercicios renomeados\Ergômetro de braços","tags_compatibilidade","Cardio | Sem aparelhos | Casa","Corpo inteiro | Sem aparelhos | Casa","Corpo inteiro | Sem aparelhos | Casa","CORRIGIDO"
"media_6e7780b2d402ae54919e","C:\Users\bruno\Downloads\Exercicios renomeados\Escada de agilidade frontal","tags_secundarias","","Sem aparelhos | Casa | Corpo inteiro","Corpo inteiro | Sem aparelhos | Casa","CORRIGIDO"
"media_6e7780b2d402ae54919e","C:\Users\bruno\Downloads\Exercicios renomeados\Escada de agilidade frontal","tags_compatibilidade","Cardio","Cardio | Sem aparelhos | Casa | Corpo inteiro","Cardio | Sem aparelhos | Casa | Corpo inteiro","CORRIGIDO"
"media_4ae24eac651893ec01f5","C:\Users\bruno\Downloads\Exercicios renomeados\Escada de agilidade lateral","tags_secundarias","Academia | Casa | Ao ar livre","Sem aparelhos | Casa | Corpo inteiro","Corpo inteiro | Sem aparelhos | Casa","CORRIGIDO"
"media_4ae24eac651893ec01f5","C:\Users\bruno\Downloads\Exercicios renomeados\Escada de agilidade lateral","tags_compatibilidade","Cardio","Cardio | Sem aparelhos | Casa | Corpo inteiro","Cardio | Sem aparelhos | Casa | Corpo inteiro","CORRIGIDO"
"media_22620fa426bc238ef5a2","C:\Users\bruno\Downloads\Exercicios renomeados\Escada ergométrica","tags_secundarias","Academia","Máquina | Academia | Corpo inteiro","Corpo inteiro | Máquina | Academia","CORRIGIDO"
"media_22620fa426bc238ef5a2","C:\Users\bruno\Downloads\Exercicios renomeados\Escada ergométrica","tags_compatibilidade","Cardio","Cardio | Máquina | Academia | Corpo inteiro","Cardio | Máquina | Academia | Corpo inteiro","CORRIGIDO"
"media_7d3709150966cd6f7afd","C:\Users\bruno\Downloads\Exercicios renomeados\Escalada de corda","tags_secundarias","Academia","Corda | Academia","Corda | Academia","CORRIGIDO"
"media_7d3709150966cd6f7afd","C:\Users\bruno\Downloads\Exercicios renomeados\Escalada de corda","tags_compatibilidade","Costas","Costas | Corda | Academia","Costas | Corda | Academia","CORRIGIDO"
"media_6186845cf57400811ad0","C:\Users\bruno\Downloads\Exercicios renomeados\Esteira","tags_secundarias","Esteira | Academia | Casa","Esteira | Academia","Esteira | Academia","CORRIGIDO"
"media_6186845cf57400811ad0","C:\Users\bruno\Downloads\Exercicios renomeados\Esteira","tags_compatibilidade","Corpo inteiro","Corpo inteiro | Esteira | Academia","Corpo inteiro | Esteira | Academia","CORRIGIDO"
"media_0f1bbd4ee5650b3776bb","C:\Users\bruno\Downloads\Exercicios renomeados\Esteira - Variação 2","tags_secundarias","Esteira | Academia | Casa","Esteira | Academia","Esteira | Academia","CORRIGIDO"
"media_0f1bbd4ee5650b3776bb","C:\Users\bruno\Downloads\Exercicios renomeados\Esteira - Variação 2","tags_compatibilidade","Corpo inteiro","Corpo inteiro | Esteira | Academia","Corpo inteiro | Esteira | Academia","CORRIGIDO"
"media_bc49881a64be554ff97a","C:\Users\bruno\Downloads\Exercicios renomeados\Esteira inclinada","tags_secundarias","Esteira | Academia | Casa","Esteira | Academia","Esteira | Academia","CORRIGIDO"
"media_bc49881a64be554ff97a","C:\Users\bruno\Downloads\Exercicios renomeados\Esteira inclinada","tags_compatibilidade","Corpo inteiro","Corpo inteiro | Esteira | Academia","Corpo inteiro | Esteira | Academia","CORRIGIDO"
"media_8444ec372e803bafaf02","C:\Users\bruno\Downloads\Exercicios renomeados\Extensão cervical com arnês","tags_secundarias","Academia","Sem aparelhos | Casa","Sem aparelhos | Casa","CORRIGIDO"
"media_8444ec372e803bafaf02","C:\Users\bruno\Downloads\Exercicios renomeados\Extensão cervical com arnês","tags_compatibilidade","Pescoço","Pescoço | Sem aparelhos | Casa","Pescoço | Sem aparelhos | Casa","CORRIGIDO"
"media_34ca7a2c220fd7ffeffa","C:\Users\bruno\Downloads\Exercicios renomeados\Extensão cervical com peso deitado","tags_secundarias","Academia","Sem aparelhos | Casa","Sem aparelhos | Casa","CORRIGIDO"
"media_34ca7a2c220fd7ffeffa","C:\Users\bruno\Downloads\Exercicios renomeados\Extensão cervical com peso deitado","tags_compatibilidade","Pescoço","Pescoço | Sem aparelhos | Casa","Pescoço | Sem aparelhos | Casa","CORRIGIDO"
"media_0d389bd7d0b1d6a1e7f5","C:\Users\bruno\Downloads\Exercicios renomeados\Extensão cervical com peso deitado - variação 2","tags_secundarias","Banco | Academia","Sem aparelhos | Casa","Sem aparelhos | Casa","CORRIGIDO"
"media_0d389bd7d0b1d6a1e7f5","C:\Users\bruno\Downloads\Exercicios renomeados\Extensão cervical com peso deitado - variação 2","tags_compatibilidade","Pescoço","Pescoço | Sem aparelhos | Casa","Pescoço | Sem aparelhos | Casa","CORRIGIDO"
"media_6ea6e2e6bfaea7786407","C:\Users\bruno\Downloads\Exercicios renomeados\Extensão cervical deitado de bruços","tags_secundarias","Banco | Casa | Academia","Sem aparelhos | Casa","Sem aparelhos | Casa","CORRIGIDO"
"media_6ea6e2e6bfaea7786407","C:\Users\bruno\Downloads\Exercicios renomeados\Extensão cervical deitado de bruços","tags_compatibilidade","Pescoço","Pescoço | Sem aparelhos | Casa","Pescoço | Sem aparelhos | Casa","CORRIGIDO"
"media_1d2274cbb15ad7bc514f","C:\Users\bruno\Downloads\Exercicios renomeados\Extensão cervical sentado no cabo com arnês","tags_secundarias","Banco | Academia","Polia/Cabo | Academia","Polia/Cabo | Academia","CORRIGIDO"
"media_1d2274cbb15ad7bc514f","C:\Users\bruno\Downloads\Exercicios renomeados\Extensão cervical sentado no cabo com arnês","tags_compatibilidade","Pescoço","Pescoço | Polia/Cabo | Academia","Pescoço | Polia/Cabo | Academia","CORRIGIDO"
"media_67ddf1893c83671e49b7","C:\Users\bruno\Downloads\Exercicios renomeados\Extensão da coluna em pé (Yoga)","tags_secundarias","Casa | Academia","Costas | Sem aparelhos | Casa","Costas | Sem aparelhos | Casa","CORRIGIDO"
"media_67ddf1893c83671e49b7","C:\Users\bruno\Downloads\Exercicios renomeados\Extensão da coluna em pé (Yoga)","tags_compatibilidade","Alongamento","Alongamento | Costas | Sem aparelhos | Casa","Alongamento | Costas | Sem aparelhos | Casa","CORRIGIDO"
"media_ec29af6b204cc24c0dd2","C:\Users\bruno\Downloads\Exercicios renomeados\Extensão de ombro no cabo","tags_secundarias","Academia","Polia/Cabo | Academia","Polia/Cabo | Academia","CORRIGIDO"
"media_ec29af6b204cc24c0dd2","C:\Users\bruno\Downloads\Exercicios renomeados\Extensão de ombro no cabo","tags_compatibilidade","Corpo inteiro","Corpo inteiro | Polia/Cabo | Academia","Corpo inteiro | Polia/Cabo | Academia","CORRIGIDO"
"media_3a3efd979b67bd3557f2","C:\Users\bruno\Downloads\Exercicios renomeados\Extensão de pernas na máquina","tags_secundarias","Academia","Máquina | Academia","Máquina | Academia","CORRIGIDO"
"media_3a3efd979b67bd3557f2","C:\Users\bruno\Downloads\Exercicios renomeados\Extensão de pernas na máquina","tags_compatibilidade","Quadríceps","Quadríceps | Máquina | Academia","Quadríceps | Máquina | Academia","CORRIGIDO"
"media_d508aa4c2cc52ede0109","C:\Users\bruno\Downloads\Exercicios renomeados\Extensão de pescoço na máquina com anilhas","tags_secundarias","Academia","Anilhas | Máquina | Academia","Anilhas | Máquina | Academia","CORRIGIDO"
"media_d508aa4c2cc52ede0109","C:\Users\bruno\Downloads\Exercicios renomeados\Extensão de pescoço na máquina com anilhas","tags_compatibilidade","Pescoço","Pescoço | Anilhas | Máquina | Academia","Pescoço | Anilhas | Máquina | Academia","CORRIGIDO"
"media_f39e6793b455e785a3f5","C:\Users\bruno\Downloads\Exercicios renomeados\Extensão de quadril em pé","tags_secundarias","Academia","Sem aparelhos | Casa","Sem aparelhos | Casa","CORRIGIDO"
"media_f39e6793b455e785a3f5","C:\Users\bruno\Downloads\Exercicios renomeados\Extensão de quadril em pé","tags_compatibilidade","Glúteos","Glúteos | Sem aparelhos | Casa","Glúteos | Sem aparelhos | Casa","CORRIGIDO"
"media_0d2817d24094af2721eb","C:\Users\bruno\Downloads\Exercicios renomeados\Extensão de quadril no banco","tags_secundarias","Banco | Casa | Academia","Banco | Academia","Banco | Academia","CORRIGIDO"
"media_0d2817d24094af2721eb","C:\Users\bruno\Downloads\Exercicios renomeados\Extensão de quadril no banco","tags_compatibilidade","Glúteos","Glúteos | Banco | Academia","Glúteos | Banco | Academia","CORRIGIDO"
"media_023991c951b11f9e43b3","C:\Users\bruno\Downloads\Exercicios renomeados\Extensão de quadril no cabo","tags_secundarias","Academia","Polia/Cabo | Academia","Polia/Cabo | Academia","CORRIGIDO"
"media_023991c951b11f9e43b3","C:\Users\bruno\Downloads\Exercicios renomeados\Extensão de quadril no cabo","tags_compatibilidade","Glúteos","Glúteos | Polia/Cabo | Academia","Glúteos | Polia/Cabo | Academia","CORRIGIDO"
"media_1e570accb3fa8397ebad","C:\Users\bruno\Downloads\Exercicios renomeados\Extensão de tronco na máquina","tags_secundarias","Academia","Máquina | Academia","Máquina | Academia","CORRIGIDO"
"media_1e570accb3fa8397ebad","C:\Users\bruno\Downloads\Exercicios renomeados\Extensão de tronco na máquina","tags_compatibilidade","Costas","Costas | Máquina | Academia","Costas | Máquina | Academia","CORRIGIDO"
"media_30668254aec6895ee7f3","C:\Users\bruno\Downloads\Exercicios renomeados\Extensão de tríceps acima da cabeça na polia","tags_secundarias","Academia","Polia/Cabo | Academia","Polia/Cabo | Academia","CORRIGIDO"
"media_30668254aec6895ee7f3","C:\Users\bruno\Downloads\Exercicios renomeados\Extensão de tríceps acima da cabeça na polia","tags_compatibilidade","Tríceps","Tríceps | Polia/Cabo | Academia","Tríceps | Polia/Cabo | Academia","CORRIGIDO"
"media_3051376b2de09cafe7a1","C:\Users\bruno\Downloads\Exercicios renomeados\Extensão de tríceps unilateral com halter sentado","tags_secundarias","Academia | Casa","Halteres | Academia","Halteres | Academia","CORRIGIDO"
"media_3051376b2de09cafe7a1","C:\Users\bruno\Downloads\Exercicios renomeados\Extensão de tríceps unilateral com halter sentado","tags_compatibilidade","Tríceps","Tríceps | Halteres | Academia","Tríceps | Halteres | Academia","CORRIGIDO"
"media_a764e659f2e02a06009a","C:\Users\bruno\Downloads\Exercicios renomeados\Extensão e recolhimento de pernas deitado","tag_principal","Abdômen/Core","Corpo inteiro","Corpo inteiro","CORRIGIDO"
"media_a764e659f2e02a06009a","C:\Users\bruno\Downloads\Exercicios renomeados\Extensão e recolhimento de pernas deitado","tags_compatibilidade","Abdômen/Core | Sem aparelhos | Casa","Corpo inteiro | Sem aparelhos | Casa","Corpo inteiro | Sem aparelhos | Casa","CORRIGIDO"
"media_12dc8f2fd4d64b75b8b1","C:\Users\bruno\Downloads\Exercicios renomeados\Extensão unilateral de perna","tags_secundarias","Academia","Sem aparelhos | Casa","Sem aparelhos | Casa","CORRIGIDO"
"media_12dc8f2fd4d64b75b8b1","C:\Users\bruno\Downloads\Exercicios renomeados\Extensão unilateral de perna","tags_compatibilidade","Quadríceps","Quadríceps | Sem aparelhos | Casa","Quadríceps | Sem aparelhos | Casa","CORRIGIDO"
"media_b9216a3c1d353a676e99","C:\Users\bruno\Downloads\Exercicios renomeados\Face pull","tags_secundarias","Corda | Academia","Polia/Cabo | Academia","Polia/Cabo | Academia","CORRIGIDO"
"media_b9216a3c1d353a676e99","C:\Users\bruno\Downloads\Exercicios renomeados\Face pull","tags_compatibilidade","Costas","Costas | Polia/Cabo | Academia","Costas | Polia/Cabo | Academia","CORRIGIDO"
"media_20df8f8b99d4bd167911","C:\Users\bruno\Downloads\Exercicios renomeados\Fire hydrant","tags_secundarias","Casa | Academia","Sem aparelhos | Casa","Sem aparelhos | Casa","CORRIGIDO"
"media_20df8f8b99d4bd167911","C:\Users\bruno\Downloads\Exercicios renomeados\Fire hydrant","tags_compatibilidade","Glúteos","Glúteos | Sem aparelhos | Casa","Glúteos | Sem aparelhos | Casa","CORRIGIDO"
"media_dd51385df295bad4d4c7","C:\Users\bruno\Downloads\Exercicios renomeados\Fire hydrant com elástico","tags_secundarias","Academia | Casa","Elástico | Academia","Elástico | Academia","CORRIGIDO"
"media_dd51385df295bad4d4c7","C:\Users\bruno\Downloads\Exercicios renomeados\Fire hydrant com elástico","tags_compatibilidade","Glúteos","Glúteos | Elástico | Academia","Glúteos | Elástico | Academia","CORRIGIDO"
"media_36924520d5d0f6fb57a4","C:\Users\bruno\Downloads\Exercicios renomeados\Flexão alternada de ombros na parede","tags_secundarias","Casa | Academia","Sem aparelhos | Casa","Sem aparelhos | Casa","CORRIGIDO"
"media_36924520d5d0f6fb57a4","C:\Users\bruno\Downloads\Exercicios renomeados\Flexão alternada de ombros na parede","tags_compatibilidade","Corpo inteiro","Corpo inteiro | Sem aparelhos | Casa","Corpo inteiro | Sem aparelhos | Casa","CORRIGIDO"
"media_cdef662b84598539d694","C:\Users\bruno\Downloads\Exercicios renomeados\Flexão cervical deitado com peso","tags_secundarias","Academia","Sem aparelhos | Casa","Sem aparelhos | Casa","CORRIGIDO"
"media_cdef662b84598539d694","C:\Users\bruno\Downloads\Exercicios renomeados\Flexão cervical deitado com peso","tags_compatibilidade","Pescoço","Pescoço | Sem aparelhos | Casa","Pescoço | Sem aparelhos | Casa","CORRIGIDO"
"media_9752000c22d7659a7f83","C:\Users\bruno\Downloads\Exercicios renomeados\Flexão cervical deitado com peso - variação 2","tags_secundarias","Academia","Sem aparelhos | Casa","Sem aparelhos | Casa","CORRIGIDO"
"media_9752000c22d7659a7f83","C:\Users\bruno\Downloads\Exercicios renomeados\Flexão cervical deitado com peso - variação 2","tags_compatibilidade","Pescoço","Pescoço | Sem aparelhos | Casa","Pescoço | Sem aparelhos | Casa","CORRIGIDO"
"media_ad91aab2e92471d84a6d","C:\Users\bruno\Downloads\Exercicios renomeados\Flexão cervical sentado no cabo com arnês","tags_secundarias","Banco | Academia","Polia/Cabo | Academia","Polia/Cabo | Academia","CORRIGIDO"
"media_ad91aab2e92471d84a6d","C:\Users\bruno\Downloads\Exercicios renomeados\Flexão cervical sentado no cabo com arnês","tags_compatibilidade","Pescoço","Pescoço | Polia/Cabo | Academia","Pescoço | Polia/Cabo | Academia","CORRIGIDO"
"media_5312e0a540c55f9cc07a","C:\Users\bruno\Downloads\Exercicios renomeados\Flexão com barras de apoio","tags_secundarias","Academia | Casa","Barra | Tríceps | Academia","Tríceps | Barra | Academia","CORRIGIDO"
"media_5312e0a540c55f9cc07a","C:\Users\bruno\Downloads\Exercicios renomeados\Flexão com barras de apoio","tags_compatibilidade","Peito","Peito | Barra | Tríceps | Academia","Peito | Barra | Tríceps | Academia","CORRIGIDO"
"media_a351d08b046238041cd0","C:\Users\bruno\Downloads\Exercicios renomeados\Flexão com bola medicinal","tags_secundarias","Academia | Casa","Bola | Tríceps | Academia","Tríceps | Bola | Academia","CORRIGIDO"
"media_a351d08b046238041cd0","C:\Users\bruno\Downloads\Exercicios renomeados\Flexão com bola medicinal","tags_compatibilidade","Peito","Peito | Bola | Tríceps | Academia","Peito | Bola | Tríceps | Academia","CORRIGIDO"
"media_6a1a9619b5be5420ad21","C:\Users\bruno\Downloads\Exercicios renomeados\Flexão com joelhos apoiados","tags_secundarias","","Sem aparelhos | Casa","Sem aparelhos | Casa","CORRIGIDO"
"media_6a1a9619b5be5420ad21","C:\Users\bruno\Downloads\Exercicios renomeados\Flexão com joelhos apoiados","tags_compatibilidade","Corpo inteiro","Corpo inteiro | Sem aparelhos | Casa","Corpo inteiro | Sem aparelhos | Casa","CORRIGIDO"
"media_d2feaa2e6c6cba5f0325","C:\Users\bruno\Downloads\Exercicios renomeados\Flexão com palmas","tags_secundarias","Casa | Academia","Tríceps | Sem aparelhos | Casa","Tríceps | Sem aparelhos | Casa","CORRIGIDO"
"media_d2feaa2e6c6cba5f0325","C:\Users\bruno\Downloads\Exercicios renomeados\Flexão com palmas","tags_compatibilidade","Peito","Peito | Tríceps | Sem aparelhos | Casa","Peito | Tríceps | Sem aparelhos | Casa","CORRIGIDO"
"media_16ab1dbc47f2fa998db3","C:\Users\bruno\Downloads\Exercicios renomeados\Flexão com toque no peito","tags_secundarias","Casa | Academia","Tríceps | Sem aparelhos | Casa","Tríceps | Sem aparelhos | Casa","CORRIGIDO"
"media_16ab1dbc47f2fa998db3","C:\Users\bruno\Downloads\Exercicios renomeados\Flexão com toque no peito","tags_compatibilidade","Peito","Peito | Tríceps | Sem aparelhos | Casa","Peito | Tríceps | Sem aparelhos | Casa","CORRIGIDO"
"media_14ee0cd648b8169f0532","C:\Users\bruno\Downloads\Exercicios renomeados\Flexão com toque no pé","tags_secundarias","Casa | Academia","Tríceps | Sem aparelhos | Casa","Tríceps | Sem aparelhos | Casa","CORRIGIDO"
"media_14ee0cd648b8169f0532","C:\Users\bruno\Downloads\Exercicios renomeados\Flexão com toque no pé","tags_compatibilidade","Peito","Peito | Tríceps | Sem aparelhos | Casa","Peito | Tríceps | Sem aparelhos | Casa","CORRIGIDO"
"media_aeafac67eab0c40c0945","C:\Users\bruno\Downloads\Exercicios renomeados\Flexão cruzada","tags_secundarias","Academia | Casa | Ao ar livre","Tríceps | Sem aparelhos | Casa","Tríceps | Sem aparelhos | Casa","CORRIGIDO"
"media_aeafac67eab0c40c0945","C:\Users\bruno\Downloads\Exercicios renomeados\Flexão cruzada","tags_compatibilidade","Peito","Peito | Tríceps | Sem aparelhos | Casa","Peito | Tríceps | Sem aparelhos | Casa","CORRIGIDO"
"media_4ee02330e3762d5a169f","C:\Users\bruno\Downloads\Exercicios renomeados\Flexão de braços","tags_secundarias","Academia | Casa | Ao ar livre","Tríceps | Sem aparelhos | Casa","Tríceps | Sem aparelhos | Casa","CORRIGIDO"
"media_4ee02330e3762d5a169f","C:\Users\bruno\Downloads\Exercicios renomeados\Flexão de braços","tags_compatibilidade","Peito","Peito | Tríceps | Sem aparelhos | Casa","Peito | Tríceps | Sem aparelhos | Casa","CORRIGIDO"
"media_205c839f8b5f19977fd5","C:\Users\bruno\Downloads\Exercicios renomeados\Flexão de braços na bola suíça","tags_secundarias","Academia | Casa","Bola | Tríceps | Academia","Tríceps | Bola | Academia","CORRIGIDO"
"media_205c839f8b5f19977fd5","C:\Users\bruno\Downloads\Exercicios renomeados\Flexão de braços na bola suíça","tags_compatibilidade","Peito","Peito | Bola | Tríceps | Academia","Peito | Bola | Tríceps | Academia","CORRIGIDO"
"media_1cbe6256bdbf2f21ce88","C:\Users\bruno\Downloads\Exercicios renomeados\Flexão de joelho com deslizamento do calcanhar","tags_secundarias","Casa | Academia","Sem aparelhos | Casa","Sem aparelhos | Casa","CORRIGIDO"
"media_1cbe6256bdbf2f21ce88","C:\Users\bruno\Downloads\Exercicios renomeados\Flexão de joelho com deslizamento do calcanhar","tags_compatibilidade","Posterior de coxa","Posterior de coxa | Sem aparelhos | Casa","Posterior de coxa | Sem aparelhos | Casa","CORRIGIDO"
"media_2f144a2ee74fb0466828","C:\Users\bruno\Downloads\Exercicios renomeados\Flexão de joelhos ajoelhado na máquina","tags_secundarias","Academia","Máquina | Academia","Máquina | Academia","CORRIGIDO"
"media_2f144a2ee74fb0466828","C:\Users\bruno\Downloads\Exercicios renomeados\Flexão de joelhos ajoelhado na máquina","tags_compatibilidade","Posterior de coxa","Posterior de coxa | Máquina | Academia","Posterior de coxa | Máquina | Academia","CORRIGIDO"
"media_3cab195f3a79ae6d170c","C:\Users\bruno\Downloads\Exercicios renomeados\Flexão de joelhos com toalha","tags_secundarias","Casa | Academia","Sem aparelhos | Casa","Sem aparelhos | Casa","CORRIGIDO"
"media_3cab195f3a79ae6d170c","C:\Users\bruno\Downloads\Exercicios renomeados\Flexão de joelhos com toalha","tags_compatibilidade","Posterior de coxa","Posterior de coxa | Sem aparelhos | Casa","Posterior de coxa | Sem aparelhos | Casa","CORRIGIDO"
"media_e017f8f67ab2aa6b51d3","C:\Users\bruno\Downloads\Exercicios renomeados\Flexão de joelhos declinada com halter","tags_secundarias","Academia","Halteres | Academia","Halteres | Academia","CORRIGIDO"
"media_e017f8f67ab2aa6b51d3","C:\Users\bruno\Downloads\Exercicios renomeados\Flexão de joelhos declinada com halter","tags_compatibilidade","Posterior de coxa","Posterior de coxa | Halteres | Academia","Posterior de coxa | Halteres | Academia","CORRIGIDO"
"media_d136b22673894c4ad9a8","C:\Users\bruno\Downloads\Exercicios renomeados\Flexão de joelhos deitado com halter","tags_secundarias","Academia","Halteres | Academia","Halteres | Academia","CORRIGIDO"
"media_d136b22673894c4ad9a8","C:\Users\bruno\Downloads\Exercicios renomeados\Flexão de joelhos deitado com halter","tags_compatibilidade","Posterior de coxa","Posterior de coxa | Halteres | Academia","Posterior de coxa | Halteres | Academia","CORRIGIDO"
"media_bf7dcd05de3fcbcbe200","C:\Users\bruno\Downloads\Exercicios renomeados\Flexão de joelhos deitado na máquina","tags_secundarias","Academia","Máquina | Academia","Máquina | Academia","CORRIGIDO"
"media_bf7dcd05de3fcbcbe200","C:\Users\bruno\Downloads\Exercicios renomeados\Flexão de joelhos deitado na máquina","tags_compatibilidade","Posterior de coxa","Posterior de coxa | Máquina | Academia","Posterior de coxa | Máquina | Academia","CORRIGIDO"
"media_c95c01dfe332cc066b32","C:\Users\bruno\Downloads\Exercicios renomeados\Flexão de joelhos na bola suíça","tags_secundarias","Casa | Academia","Bola | Academia","Bola | Academia","CORRIGIDO"
"media_c95c01dfe332cc066b32","C:\Users\bruno\Downloads\Exercicios renomeados\Flexão de joelhos na bola suíça","tags_compatibilidade","Posterior de coxa","Posterior de coxa | Bola | Academia","Posterior de coxa | Bola | Academia","CORRIGIDO"
"media_086cebe84a251fe4c88f","C:\Users\bruno\Downloads\Exercicios renomeados\Flexão de joelhos sentado na máquina","tags_secundarias","Academia","Máquina | Academia","Máquina | Academia","CORRIGIDO"
"media_086cebe84a251fe4c88f","C:\Users\bruno\Downloads\Exercicios renomeados\Flexão de joelhos sentado na máquina","tags_compatibilidade","Posterior de coxa","Posterior de coxa | Máquina | Academia","Posterior de coxa | Máquina | Academia","CORRIGIDO"
"media_afccb696f72c457a9f80","C:\Users\bruno\Downloads\Exercicios renomeados\Flexão de ombro ajoelhado no cabo","tags_secundarias","Academia","Polia/Cabo | Academia","Polia/Cabo | Academia","CORRIGIDO"
"media_afccb696f72c457a9f80","C:\Users\bruno\Downloads\Exercicios renomeados\Flexão de ombro ajoelhado no cabo","tags_compatibilidade","Ombros","Ombros | Polia/Cabo | Academia","Ombros | Polia/Cabo | Academia","CORRIGIDO"
"media_b1e9e13c8cd64549a889","C:\Users\bruno\Downloads\Exercicios renomeados\Flexão declinada","tags_secundarias","Banco | Casa | Academia","Tríceps | Sem aparelhos | Casa","Tríceps | Sem aparelhos | Casa","CORRIGIDO"
"media_b1e9e13c8cd64549a889","C:\Users\bruno\Downloads\Exercicios renomeados\Flexão declinada","tags_compatibilidade","Peito","Peito | Tríceps | Sem aparelhos | Casa","Peito | Tríceps | Sem aparelhos | Casa","CORRIGIDO"
"media_362ad10d865d69256e17","C:\Users\bruno\Downloads\Exercicios renomeados\Flexão declinada na bola suíça","tags_secundarias","Casa | Academia","Bola | Tríceps | Academia","Tríceps | Bola | Academia","CORRIGIDO"
"media_362ad10d865d69256e17","C:\Users\bruno\Downloads\Exercicios renomeados\Flexão declinada na bola suíça","tags_compatibilidade","Peito","Peito | Bola | Tríceps | Academia","Peito | Bola | Tríceps | Academia","CORRIGIDO"
"media_af3167e6617f830935dc","C:\Users\bruno\Downloads\Exercicios renomeados\Flexão diamante","tags_secundarias","Academia | Casa | Ao ar livre","Tríceps | Sem aparelhos | Casa","Tríceps | Sem aparelhos | Casa","CORRIGIDO"
"media_af3167e6617f830935dc","C:\Users\bruno\Downloads\Exercicios renomeados\Flexão diamante","tags_compatibilidade","Peito","Peito | Tríceps | Sem aparelhos | Casa","Peito | Tríceps | Sem aparelhos | Casa","CORRIGIDO"
"media_40687f2cc4fff4fdda4f","C:\Users\bruno\Downloads\Exercicios renomeados\Flexão hindu","tags_secundarias","Academia | Casa | Ao ar livre","Tríceps | Sem aparelhos | Casa","Tríceps | Sem aparelhos | Casa","CORRIGIDO"
"media_40687f2cc4fff4fdda4f","C:\Users\bruno\Downloads\Exercicios renomeados\Flexão hindu","tags_compatibilidade","Peito","Peito | Tríceps | Sem aparelhos | Casa","Peito | Tríceps | Sem aparelhos | Casa","CORRIGIDO"
"media_4f5678671b2f3a25427a","C:\Users\bruno\Downloads\Exercicios renomeados\Flexão inclinada","tags_secundarias","Academia | Casa","Tríceps | Sem aparelhos | Casa","Tríceps | Sem aparelhos | Casa","CORRIGIDO"
"media_4f5678671b2f3a25427a","C:\Users\bruno\Downloads\Exercicios renomeados\Flexão inclinada","tags_compatibilidade","Peito","Peito | Tríceps | Sem aparelhos | Casa","Peito | Tríceps | Sem aparelhos | Casa","CORRIGIDO"
"media_8154cd5b4b68059982bd","C:\Users\bruno\Downloads\Exercicios renomeados\Flexão lateral de pescoço na máquina com anilhas","tags_secundarias","Academia","Anilhas | Máquina | Academia","Anilhas | Máquina | Academia","CORRIGIDO"
"media_8154cd5b4b68059982bd","C:\Users\bruno\Downloads\Exercicios renomeados\Flexão lateral de pescoço na máquina com anilhas","tags_compatibilidade","Pescoço","Pescoço | Anilhas | Máquina | Academia","Pescoço | Anilhas | Máquina | Academia","CORRIGIDO"
"media_a22ca9e10b2f91a84255","C:\Users\bruno\Downloads\Exercicios renomeados\Flexão lateral do pescoço com peso","tags_secundarias","Banco | Academia","Sem aparelhos | Casa","Sem aparelhos | Casa","CORRIGIDO"
"media_a22ca9e10b2f91a84255","C:\Users\bruno\Downloads\Exercicios renomeados\Flexão lateral do pescoço com peso","tags_compatibilidade","Pescoço","Pescoço | Sem aparelhos | Casa","Pescoço | Sem aparelhos | Casa","CORRIGIDO"
"media_d765417591c0eb623e40","C:\Users\bruno\Downloads\Exercicios renomeados\Flexão lateral do tronco com halter","tags_secundarias","Academia","Halteres | Academia","Halteres | Academia","CORRIGIDO"
"media_d765417591c0eb623e40","C:\Users\bruno\Downloads\Exercicios renomeados\Flexão lateral do tronco com halter","tags_compatibilidade","Abdômen/Core","Abdômen/Core | Halteres | Academia","Abdômen/Core | Halteres | Academia","CORRIGIDO"
"media_d82c28818ce54820097f","C:\Users\bruno\Downloads\Exercicios renomeados\Flexão lateral do tronco em pé","tags_secundarias","Casa | Academia","Sem aparelhos | Casa","Sem aparelhos | Casa","CORRIGIDO"
"media_d82c28818ce54820097f","C:\Users\bruno\Downloads\Exercicios renomeados\Flexão lateral do tronco em pé","tags_compatibilidade","Abdômen/Core","Abdômen/Core | Sem aparelhos | Casa","Abdômen/Core | Sem aparelhos | Casa","CORRIGIDO"
"media_853b07ac97a1f24cc9c1","C:\Users\bruno\Downloads\Exercicios renomeados\Flexão lateral do tronco no banco romano","tags_secundarias","Academia","Banco | Academia","Banco | Academia","CORRIGIDO"
"media_853b07ac97a1f24cc9c1","C:\Users\bruno\Downloads\Exercicios renomeados\Flexão lateral do tronco no banco romano","tags_compatibilidade","Abdômen/Core","Abdômen/Core | Banco | Academia","Abdômen/Core | Banco | Academia","CORRIGIDO"
"media_2adda7260fd910c013c3","C:\Users\bruno\Downloads\Exercicios renomeados\Flexão na parada de mão","tags_secundarias","Casa | Academia","Sem aparelhos | Casa","Sem aparelhos | Casa","CORRIGIDO"
"media_2adda7260fd910c013c3","C:\Users\bruno\Downloads\Exercicios renomeados\Flexão na parada de mão","tags_compatibilidade","Ombros","Ombros | Sem aparelhos | Casa","Ombros | Sem aparelhos | Casa","CORRIGIDO"
"media_bd75b8db827fe09fdf36","C:\Users\bruno\Downloads\Exercicios renomeados\Flexão na parede","tags_secundarias","Casa | Academia","Tríceps | Sem aparelhos | Casa","Tríceps | Sem aparelhos | Casa","CORRIGIDO"
"media_bd75b8db827fe09fdf36","C:\Users\bruno\Downloads\Exercicios renomeados\Flexão na parede","tags_compatibilidade","Peito","Peito | Tríceps | Sem aparelhos | Casa","Peito | Tríceps | Sem aparelhos | Casa","CORRIGIDO"
"media_b913453846005c55a728","C:\Users\bruno\Downloads\Exercicios renomeados\Flexão nórdica","tags_secundarias","Academia","Sem aparelhos | Casa","Sem aparelhos | Casa","CORRIGIDO"
"media_b913453846005c55a728","C:\Users\bruno\Downloads\Exercicios renomeados\Flexão nórdica","tags_compatibilidade","Posterior de coxa","Posterior de coxa | Sem aparelhos | Casa","Posterior de coxa | Sem aparelhos | Casa","CORRIGIDO"
"media_d775468b7e03d80d1d94","C:\Users\bruno\Downloads\Exercicios renomeados\Flexão pike","tags_secundarias","Casa | Academia","Sem aparelhos | Casa","Sem aparelhos | Casa","CORRIGIDO"
"media_d775468b7e03d80d1d94","C:\Users\bruno\Downloads\Exercicios renomeados\Flexão pike","tags_compatibilidade","Ombros","Ombros | Sem aparelhos | Casa","Ombros | Sem aparelhos | Casa","CORRIGIDO"
"media_9829f03ea367c3f49088","C:\Users\bruno\Downloads\Exercicios renomeados\Flexão pike no banco","tags_secundarias","Banco | Casa | Academia","Banco | Academia","Banco | Academia","CORRIGIDO"
"media_9829f03ea367c3f49088","C:\Users\bruno\Downloads\Exercicios renomeados\Flexão pike no banco","tags_compatibilidade","Ombros","Ombros | Banco | Academia","Ombros | Banco | Academia","CORRIGIDO"
"media_3958b3e8dc0922841893","C:\Users\bruno\Downloads\Exercicios renomeados\Flexão pliométrica com queda entre bancos","tags_secundarias","Academia | Casa","Banco | Tríceps | Academia","Tríceps | Banco | Academia","CORRIGIDO"
"media_3958b3e8dc0922841893","C:\Users\bruno\Downloads\Exercicios renomeados\Flexão pliométrica com queda entre bancos","tags_compatibilidade","Peito","Peito | Banco | Tríceps | Academia","Peito | Banco | Tríceps | Academia","CORRIGIDO"
"media_eda9d3651826332776ff","C:\Users\bruno\Downloads\Exercicios renomeados\Flexão plus","tags_secundarias","Academia | Casa","Tríceps | Sem aparelhos | Casa","Tríceps | Sem aparelhos | Casa","CORRIGIDO"
"media_eda9d3651826332776ff","C:\Users\bruno\Downloads\Exercicios renomeados\Flexão plus","tags_compatibilidade","Peito","Peito | Tríceps | Sem aparelhos | Casa","Peito | Tríceps | Sem aparelhos | Casa","CORRIGIDO"
"media_fce8c196df26005e9fc4","C:\Users\bruno\Downloads\Exercicios renomeados\Flexão reversa","tags_secundarias","Casa | Academia","Tríceps | Sem aparelhos | Casa","Tríceps | Sem aparelhos | Casa","CORRIGIDO"
"media_fce8c196df26005e9fc4","C:\Users\bruno\Downloads\Exercicios renomeados\Flexão reversa","tags_compatibilidade","Peito","Peito | Tríceps | Sem aparelhos | Casa","Peito | Tríceps | Sem aparelhos | Casa","CORRIGIDO"
"media_061e5ba3c3930736958f","C:\Users\bruno\Downloads\Exercicios renomeados\Flexão unilateral","tags_secundarias","Casa | Academia","Tríceps | Sem aparelhos | Casa","Tríceps | Sem aparelhos | Casa","CORRIGIDO"
"media_061e5ba3c3930736958f","C:\Users\bruno\Downloads\Exercicios renomeados\Flexão unilateral","tags_compatibilidade","Peito","Peito | Tríceps | Sem aparelhos | Casa","Peito | Tríceps | Sem aparelhos | Casa","CORRIGIDO"
"media_a462d595e77e2e0a84eb","C:\Users\bruno\Downloads\Exercicios renomeados\Flexão unilateral com apoio","tags_secundarias","Banco | Academia | Casa","Tríceps | Sem aparelhos | Casa","Tríceps | Sem aparelhos | Casa","CORRIGIDO"
"media_a462d595e77e2e0a84eb","C:\Users\bruno\Downloads\Exercicios renomeados\Flexão unilateral com apoio","tags_compatibilidade","Peito","Peito | Tríceps | Sem aparelhos | Casa","Peito | Tríceps | Sem aparelhos | Casa","CORRIGIDO"
"media_5bcdeeffe6ccb2d3c2d7","C:\Users\bruno\Downloads\Exercicios renomeados\Flexão unilateral com bola medicinal","tags_secundarias","Academia | Casa","Bola | Tríceps | Academia","Tríceps | Bola | Academia","CORRIGIDO"
"media_5bcdeeffe6ccb2d3c2d7","C:\Users\bruno\Downloads\Exercicios renomeados\Flexão unilateral com bola medicinal","tags_compatibilidade","Peito","Peito | Bola | Tríceps | Academia","Peito | Bola | Tríceps | Academia","CORRIGIDO"
"media_7539758f1bf30fb80e90","C:\Users\bruno\Downloads\Exercicios renomeados\Flexão unilateral de joelhos na máquina","tags_secundarias","Academia","Máquina | Tríceps | Academia","Tríceps | Máquina | Academia","CORRIGIDO"
"media_7539758f1bf30fb80e90","C:\Users\bruno\Downloads\Exercicios renomeados\Flexão unilateral de joelhos na máquina","tags_compatibilidade","Peito","Peito | Máquina | Tríceps | Academia","Peito | Máquina | Tríceps | Academia","CORRIGIDO"
"media_fc07fc4a9637d7cdb0a5","C:\Users\bruno\Downloads\Exercicios renomeados\Fortalecimento de pegada com hand grip","tags_secundarias","Academia | Casa","Sem aparelhos | Casa","Sem aparelhos | Casa","CORRIGIDO"
"media_fc07fc4a9637d7cdb0a5","C:\Users\bruno\Downloads\Exercicios renomeados\Fortalecimento de pegada com hand grip","tags_compatibilidade","Antebraços","Antebraços | Sem aparelhos | Casa","Antebraços | Sem aparelhos | Casa","CORRIGIDO"
"media_06a74a3500e337d46268","C:\Users\bruno\Downloads\Exercicios renomeados\Gato-vaca","tags_secundarias","Casa | Academia","Sem aparelhos | Casa","Sem aparelhos | Casa","CORRIGIDO"
"media_06a74a3500e337d46268","C:\Users\bruno\Downloads\Exercicios renomeados\Gato-vaca","tags_compatibilidade","Alongamento","Alongamento | Sem aparelhos | Casa","Alongamento | Sem aparelhos | Casa","CORRIGIDO"
"media_2ad8a1829ff77facf23a","C:\Users\bruno\Downloads\Exercicios renomeados\Guerreiro I","tags_secundarias","Casa | Academia","Sem aparelhos | Casa","Sem aparelhos | Casa","CORRIGIDO"
"media_2ad8a1829ff77facf23a","C:\Users\bruno\Downloads\Exercicios renomeados\Guerreiro I","tags_compatibilidade","Alongamento","Alongamento | Sem aparelhos | Casa","Alongamento | Sem aparelhos | Casa","CORRIGIDO"
"media_df96bf7001903f2b2a14","C:\Users\bruno\Downloads\Exercicios renomeados\Halo com anilha","tags_secundarias","Academia","Anilhas | Academia","Anilhas | Academia","CORRIGIDO"
"media_df96bf7001903f2b2a14","C:\Users\bruno\Downloads\Exercicios renomeados\Halo com anilha","tags_compatibilidade","Ombros","Ombros | Anilhas | Academia","Ombros | Anilhas | Academia","CORRIGIDO"
"media_6f8a67c2bc1be67e5c83","C:\Users\bruno\Downloads\Exercicios renomeados\Hang clean com barra","tags_secundarias","Anilhas | Academia","Barra | Academia","Barra | Academia","CORRIGIDO"
"media_6f8a67c2bc1be67e5c83","C:\Users\bruno\Downloads\Exercicios renomeados\Hang clean com barra","tags_compatibilidade","Corpo inteiro","Corpo inteiro | Barra | Academia","Corpo inteiro | Barra | Academia","CORRIGIDO"
"media_bf837322af1c7c3fe556","C:\Users\bruno\Downloads\Exercicios renomeados\Hang clean com kettlebell","tags_secundarias","Kettlebell | Academia | Casa","Kettlebell | Academia","Kettlebell | Academia","CORRIGIDO"
"media_bf837322af1c7c3fe556","C:\Users\bruno\Downloads\Exercicios renomeados\Hang clean com kettlebell","tags_compatibilidade","Corpo inteiro","Corpo inteiro | Kettlebell | Academia","Corpo inteiro | Kettlebell | Academia","CORRIGIDO"
"media_43452773fb8459b5aed3","C:\Users\bruno\Downloads\Exercicios renomeados\Hiperextensão com peso","tags_secundarias","Academia","Sem aparelhos | Casa","Sem aparelhos | Casa","CORRIGIDO"
"media_43452773fb8459b5aed3","C:\Users\bruno\Downloads\Exercicios renomeados\Hiperextensão com peso","tags_compatibilidade","Costas","Costas | Sem aparelhos | Casa","Costas | Sem aparelhos | Casa","CORRIGIDO"
"media_473b4cc303116792fed8","C:\Users\bruno\Downloads\Exercicios renomeados\Hiperextensão no banco 45°","tags_secundarias","Academia","Banco | Academia","Banco | Academia","CORRIGIDO"
"media_473b4cc303116792fed8","C:\Users\bruno\Downloads\Exercicios renomeados\Hiperextensão no banco 45°","tags_compatibilidade","Costas","Costas | Banco | Academia","Costas | Banco | Academia","CORRIGIDO"
"media_c08ac240b3ccab721752","C:\Users\bruno\Downloads\Exercicios renomeados\Hiperextensão no banco plano","tags_secundarias","Academia | Casa","Banco | Academia","Banco | Academia","CORRIGIDO"
"media_c08ac240b3ccab721752","C:\Users\bruno\Downloads\Exercicios renomeados\Hiperextensão no banco plano","tags_compatibilidade","Costas","Costas | Banco | Academia","Costas | Banco | Academia","CORRIGIDO"
"media_5d19eff16d7ebdd53fc2","C:\Users\bruno\Downloads\Exercicios renomeados\Hiperextensão no chão (Superman)","tags_secundarias","Casa | Academia","Sem aparelhos | Casa","Sem aparelhos | Casa","CORRIGIDO"
"media_5d19eff16d7ebdd53fc2","C:\Users\bruno\Downloads\Exercicios renomeados\Hiperextensão no chão (Superman)","tags_compatibilidade","Costas","Costas | Sem aparelhos | Casa","Costas | Sem aparelhos | Casa","CORRIGIDO"
"media_4c70260dd8bc580190dd","C:\Users\bruno\Downloads\Exercicios renomeados\Hiperextensão reversa com elástico","tags_secundarias","Academia | Casa","Elástico | Academia","Elástico | Academia","CORRIGIDO"
"media_4c70260dd8bc580190dd","C:\Users\bruno\Downloads\Exercicios renomeados\Hiperextensão reversa com elástico","tags_compatibilidade","Costas","Costas | Elástico | Academia","Costas | Elástico | Academia","CORRIGIDO"
"media_ae3fbd83873ae155c624","C:\Users\bruno\Downloads\Exercicios renomeados\Hiperextensão reversa na máquina","tags_secundarias","Academia","Máquina | Academia","Máquina | Academia","CORRIGIDO"
"media_ae3fbd83873ae155c624","C:\Users\bruno\Downloads\Exercicios renomeados\Hiperextensão reversa na máquina","tags_compatibilidade","Costas","Costas | Máquina | Academia","Costas | Máquina | Academia","CORRIGIDO"
"media_54cca565760119b34372","C:\Users\bruno\Downloads\Exercicios renomeados\Hiperextensão reversa no banco","tags_secundarias","Academia","Banco | Academia","Banco | Academia","CORRIGIDO"
"media_54cca565760119b34372","C:\Users\bruno\Downloads\Exercicios renomeados\Hiperextensão reversa no banco","tags_compatibilidade","Costas","Costas | Banco | Academia","Costas | Banco | Academia","CORRIGIDO"
"media_15f6cb1d8755332f659f","C:\Users\bruno\Downloads\Exercicios renomeados\Inclinação lateral do tronco com barra","tag_principal","Abdômen/Core","Corpo inteiro","Corpo inteiro","CORRIGIDO"
"media_15f6cb1d8755332f659f","C:\Users\bruno\Downloads\Exercicios renomeados\Inclinação lateral do tronco com barra","tags_compatibilidade","Abdômen/Core | Barra | Academia","Corpo inteiro | Barra | Academia","Corpo inteiro | Barra | Academia","CORRIGIDO"
"media_b7e1f6f84c490c6c04aa","C:\Users\bruno\Downloads\Exercicios renomeados\Inclinação pélvica","tags_secundarias","Casa | Academia","Sem aparelhos | Casa","Sem aparelhos | Casa","CORRIGIDO"
"media_b7e1f6f84c490c6c04aa","C:\Users\bruno\Downloads\Exercicios renomeados\Inclinação pélvica","tags_compatibilidade","Abdômen/Core","Abdômen/Core | Sem aparelhos | Casa","Abdômen/Core | Sem aparelhos | Casa","CORRIGIDO"
"media_26014d9b3c615394d420","C:\Users\bruno\Downloads\Exercicios renomeados\Joelho único ao peito (alongamento)","tags_secundarias","Casa | Academia","Peito | Sem aparelhos | Casa","Peito | Sem aparelhos | Casa","CORRIGIDO"
"media_26014d9b3c615394d420","C:\Users\bruno\Downloads\Exercicios renomeados\Joelho único ao peito (alongamento)","tags_compatibilidade","Alongamento","Alongamento | Peito | Sem aparelhos | Casa","Alongamento | Peito | Sem aparelhos | Casa","CORRIGIDO"
"media_81e80cbcf8e0ee2cfcb3","C:\Users\bruno\Downloads\Exercicios renomeados\L-sit","tag_principal","Abdômen/Core","Corpo inteiro","Corpo inteiro","CORRIGIDO"
"media_81e80cbcf8e0ee2cfcb3","C:\Users\bruno\Downloads\Exercicios renomeados\L-sit","tags_compatibilidade","Abdômen/Core | Sem aparelhos | Casa","Corpo inteiro | Sem aparelhos | Casa","Corpo inteiro | Sem aparelhos | Casa","CORRIGIDO"
"media_1a47845297720efa8ffe","C:\Users\bruno\Downloads\Exercicios renomeados\Lagarta","tags_secundarias","Casa | Academia","Sem aparelhos | Casa","Sem aparelhos | Casa","CORRIGIDO"
"media_1a47845297720efa8ffe","C:\Users\bruno\Downloads\Exercicios renomeados\Lagarta","tags_compatibilidade","Corpo inteiro","Corpo inteiro | Sem aparelhos | Casa","Corpo inteiro | Sem aparelhos | Casa","CORRIGIDO"
"media_4d79288ca591e219fe84","C:\Users\bruno\Downloads\Exercicios renomeados\Lançamento de bola de reação","tags_secundarias","Academia | Casa","Bola | Academia","Bola | Academia","CORRIGIDO"
"media_4d79288ca591e219fe84","C:\Users\bruno\Downloads\Exercicios renomeados\Lançamento de bola de reação","tags_compatibilidade","Corpo inteiro","Corpo inteiro | Bola | Academia","Corpo inteiro | Bola | Academia","CORRIGIDO"
"media_1e9a1e739da04a36cafd","C:\Users\bruno\Downloads\Exercicios renomeados\Leg press 45°","tags_secundarias","Academia","Máquina | Academia","Máquina | Academia","CORRIGIDO"
"media_1e9a1e739da04a36cafd","C:\Users\bruno\Downloads\Exercicios renomeados\Leg press 45°","tags_compatibilidade","Quadríceps","Quadríceps | Máquina | Academia","Quadríceps | Máquina | Academia","CORRIGIDO"
"media_d96d5db94e704f7e45ee","C:\Users\bruno\Downloads\Exercicios renomeados\Leg press horizontal","tags_secundarias","Academia","Máquina | Academia","Máquina | Academia","CORRIGIDO"
"media_d96d5db94e704f7e45ee","C:\Users\bruno\Downloads\Exercicios renomeados\Leg press horizontal","tags_compatibilidade","Quadríceps","Quadríceps | Máquina | Academia","Quadríceps | Máquina | Academia","CORRIGIDO"
"media_771b6663cd14b5bb1fe2","C:\Users\bruno\Downloads\Exercicios renomeados\Leg press unilateral","tags_secundarias","Anilhas | Academia","Máquina | Academia","Máquina | Academia","CORRIGIDO"
"media_771b6663cd14b5bb1fe2","C:\Users\bruno\Downloads\Exercicios renomeados\Leg press unilateral","tags_compatibilidade","Quadríceps","Quadríceps | Máquina | Academia","Quadríceps | Máquina | Academia","CORRIGIDO"
"media_ebcdeae8026825756bfa","C:\Users\bruno\Downloads\Exercicios renomeados\Leg press unilateral assistido na máquina","tags_secundarias","Academia","Máquina | Academia","Máquina | Academia","CORRIGIDO"
"media_ebcdeae8026825756bfa","C:\Users\bruno\Downloads\Exercicios renomeados\Leg press unilateral assistido na máquina","tags_compatibilidade","Quadríceps","Quadríceps | Máquina | Academia","Quadríceps | Máquina | Academia","CORRIGIDO"
"media_0663a599f8e0375d67b7","C:\Users\bruno\Downloads\Exercicios renomeados\Levantada turca","tags_secundarias","Kettlebell | Casa | Academia","Sem aparelhos | Casa","Sem aparelhos | Casa","CORRIGIDO"
"media_0663a599f8e0375d67b7","C:\Users\bruno\Downloads\Exercicios renomeados\Levantada turca","tags_compatibilidade","Corpo inteiro","Corpo inteiro | Sem aparelhos | Casa","Corpo inteiro | Sem aparelhos | Casa","CORRIGIDO"
"media_307894349283603fb536","C:\Users\bruno\Downloads\Exercicios renomeados\Levantamento de bola medicinal acima da cabeça","tags_secundarias","Academia | Casa","Bola | Academia","Bola | Academia","CORRIGIDO"
"media_307894349283603fb536","C:\Users\bruno\Downloads\Exercicios renomeados\Levantamento de bola medicinal acima da cabeça","tags_compatibilidade","Corpo inteiro","Corpo inteiro | Bola | Academia","Corpo inteiro | Bola | Academia","CORRIGIDO"
"media_360f060ca8414928e03e","C:\Users\bruno\Downloads\Exercicios renomeados\Levantamento de tronco (log lift)","tags_secundarias","","Sem aparelhos | Casa","Sem aparelhos | Casa","CORRIGIDO"
"media_360f060ca8414928e03e","C:\Users\bruno\Downloads\Exercicios renomeados\Levantamento de tronco (log lift)","tags_compatibilidade","Corpo inteiro","Corpo inteiro | Sem aparelhos | Casa","Corpo inteiro | Sem aparelhos | Casa","CORRIGIDO"
"media_f5f1a9ff324c7a0dc786","C:\Users\bruno\Downloads\Exercicios renomeados\Levantamento terra","tag_principal","Posterior de coxa","Corpo inteiro","Corpo inteiro","CORRIGIDO"
"media_f5f1a9ff324c7a0dc786","C:\Users\bruno\Downloads\Exercicios renomeados\Levantamento terra","tags_compatibilidade","Posterior de coxa | Barra | Glúteos","Corpo inteiro | Barra | Posterior de coxa | Glúteos","Corpo inteiro | Barra | Posterior de coxa | Glúteos","CORRIGIDO"
"media_29f0836044974a2635d9","C:\Users\bruno\Downloads\Exercicios renomeados\Levantamento terra com barra","tags_secundarias","Barra | Anilhas | Academia","Barra | Glúteos | Academia","Glúteos | Barra | Academia","CORRIGIDO"
"media_29f0836044974a2635d9","C:\Users\bruno\Downloads\Exercicios renomeados\Levantamento terra com barra","tags_compatibilidade","Posterior de coxa","Posterior de coxa | Barra | Glúteos | Academia","Posterior de coxa | Barra | Glúteos | Academia","CORRIGIDO"
"media_873ed1f4f4377d206ddd","C:\Users\bruno\Downloads\Exercicios renomeados\Levantamento terra com barra - variação 2","tags_secundarias","Barra | Anilhas | Academia","Barra | Glúteos | Academia","Glúteos | Barra | Academia","CORRIGIDO"
"media_873ed1f4f4377d206ddd","C:\Users\bruno\Downloads\Exercicios renomeados\Levantamento terra com barra - variação 2","tags_compatibilidade","Posterior de coxa","Posterior de coxa | Barra | Glúteos | Academia","Posterior de coxa | Barra | Glúteos | Academia","CORRIGIDO"
"media_007d483ef75d4f8d1686","C:\Users\bruno\Downloads\Exercicios renomeados\Levantamento terra com kettlebell","tags_secundarias","Kettlebell | Casa | Academia","Kettlebell | Glúteos | Academia","Glúteos | Kettlebell | Academia","CORRIGIDO"
"media_007d483ef75d4f8d1686","C:\Users\bruno\Downloads\Exercicios renomeados\Levantamento terra com kettlebell","tags_compatibilidade","Posterior de coxa","Posterior de coxa | Kettlebell | Glúteos | Academia","Posterior de coxa | Kettlebell | Glúteos | Academia","CORRIGIDO"
"media_8924842197ee0a67ae6c","C:\Users\bruno\Downloads\Exercicios renomeados\Levantamento terra com trap bar","tags_secundarias","Anilhas | Academia","Barra | Glúteos | Academia","Glúteos | Barra | Academia","CORRIGIDO"
"media_8924842197ee0a67ae6c","C:\Users\bruno\Downloads\Exercicios renomeados\Levantamento terra com trap bar","tags_compatibilidade","Posterior de coxa","Posterior de coxa | Barra | Glúteos | Academia","Posterior de coxa | Barra | Glúteos | Academia","CORRIGIDO"
"media_470684105e7b7c12b4e8","C:\Users\bruno\Downloads\Exercicios renomeados\Levantamento terra na máquina","tags_secundarias","Academia","Máquina | Glúteos | Academia","Glúteos | Máquina | Academia","CORRIGIDO"
"media_470684105e7b7c12b4e8","C:\Users\bruno\Downloads\Exercicios renomeados\Levantamento terra na máquina","tags_compatibilidade","Posterior de coxa","Posterior de coxa | Máquina | Glúteos | Academia","Posterior de coxa | Máquina | Glúteos | Academia","CORRIGIDO"
"media_77ec7be36872b3856ccd","C:\Users\bruno\Downloads\Exercicios renomeados\Levantamento terra romeno com barra","tags_secundarias","","Barra | Glúteos | Academia","Glúteos | Barra | Academia","CORRIGIDO"
"media_77ec7be36872b3856ccd","C:\Users\bruno\Downloads\Exercicios renomeados\Levantamento terra romeno com barra","tags_compatibilidade","Posterior de coxa","Posterior de coxa | Barra | Glúteos | Academia","Posterior de coxa | Barra | Glúteos | Academia","CORRIGIDO"
"media_3062b485270585a01162","C:\Users\bruno\Downloads\Exercicios renomeados\Levantamento terra romeno com halteres","tags_secundarias","Halteres | Academia | Casa","Halteres | Glúteos | Academia","Glúteos | Halteres | Academia","CORRIGIDO"
"media_3062b485270585a01162","C:\Users\bruno\Downloads\Exercicios renomeados\Levantamento terra romeno com halteres","tags_compatibilidade","Posterior de coxa","Posterior de coxa | Halteres | Glúteos | Academia","Posterior de coxa | Halteres | Glúteos | Academia","CORRIGIDO"
"media_70085bb459101e730d40","C:\Users\bruno\Downloads\Exercicios renomeados\Levantamento terra sumô","tags_secundarias","Anilhas | Academia","Glúteos | Sem aparelhos | Casa","Glúteos | Sem aparelhos | Casa","CORRIGIDO"
"media_70085bb459101e730d40","C:\Users\bruno\Downloads\Exercicios renomeados\Levantamento terra sumô","tags_compatibilidade","Posterior de coxa","Posterior de coxa | Glúteos | Sem aparelhos | Casa","Posterior de coxa | Glúteos | Sem aparelhos | Casa","CORRIGIDO"
"media_e0db156009e7e48b3888","C:\Users\bruno\Downloads\Exercicios renomeados\Levantamento terra unilateral com kettlebell","tags_secundarias","Kettlebell | Academia","Kettlebell | Glúteos | Academia","Glúteos | Kettlebell | Academia","CORRIGIDO"
"media_e0db156009e7e48b3888","C:\Users\bruno\Downloads\Exercicios renomeados\Levantamento terra unilateral com kettlebell","tags_compatibilidade","Posterior de coxa","Posterior de coxa | Kettlebell | Glúteos | Academia","Posterior de coxa | Kettlebell | Glúteos | Academia","CORRIGIDO"
"media_008b1c628a8553400460","C:\Users\bruno\Downloads\Exercicios renomeados\Levantamento terra unilateral sem peso","tags_secundarias","Casa | Academia","Glúteos | Sem aparelhos | Casa","Glúteos | Sem aparelhos | Casa","CORRIGIDO"
"media_008b1c628a8553400460","C:\Users\bruno\Downloads\Exercicios renomeados\Levantamento terra unilateral sem peso","tags_compatibilidade","Posterior de coxa","Posterior de coxa | Glúteos | Sem aparelhos | Casa","Posterior de coxa | Glúteos | Sem aparelhos | Casa","CORRIGIDO"
"media_9a56a721cdabc087124a","C:\Users\bruno\Downloads\Exercicios renomeados\Liberação da banda iliotibial com rolo de espuma","tags_secundarias","Casa | Academia","Rolo de espuma | Academia","Rolo de espuma | Academia","CORRIGIDO"
"media_9a56a721cdabc087124a","C:\Users\bruno\Downloads\Exercicios renomeados\Liberação da banda iliotibial com rolo de espuma","tags_compatibilidade","Mobilidade","Mobilidade | Rolo de espuma | Academia","Mobilidade | Rolo de espuma | Academia","CORRIGIDO"
"media_b6e096f4ab211515c096","C:\Users\bruno\Downloads\Exercicios renomeados\Liberação da parte superior das costas com rolo de espuma","tags_secundarias","Rolo de espuma | Casa | Academia","Rolo de espuma | Academia","Rolo de espuma | Academia","CORRIGIDO"
"media_b6e096f4ab211515c096","C:\Users\bruno\Downloads\Exercicios renomeados\Liberação da parte superior das costas com rolo de espuma","tags_compatibilidade","Mobilidade","Mobilidade | Rolo de espuma | Academia","Mobilidade | Rolo de espuma | Academia","CORRIGIDO"
"media_945d93aedbf545f4eb58","C:\Users\bruno\Downloads\Exercicios renomeados\Liberação de panturrilhas com rolo de espuma","tags_secundarias","Rolo de espuma | Casa | Academia","Rolo de espuma | Academia","Rolo de espuma | Academia","CORRIGIDO"
"media_945d93aedbf545f4eb58","C:\Users\bruno\Downloads\Exercicios renomeados\Liberação de panturrilhas com rolo de espuma","tags_compatibilidade","Mobilidade","Mobilidade | Rolo de espuma | Academia","Mobilidade | Rolo de espuma | Academia","CORRIGIDO"
"media_d2bca394892badf9c0ab","C:\Users\bruno\Downloads\Exercicios renomeados\Liberação de peitoral e ombro com rolo de espuma","tags_secundarias","Rolo de espuma | Casa | Academia","Rolo de espuma | Academia","Rolo de espuma | Academia","CORRIGIDO"
"media_d2bca394892badf9c0ab","C:\Users\bruno\Downloads\Exercicios renomeados\Liberação de peitoral e ombro com rolo de espuma","tags_compatibilidade","Mobilidade","Mobilidade | Rolo de espuma | Academia","Mobilidade | Rolo de espuma | Academia","CORRIGIDO"
"media_c9542dac8e6d113715fa","C:\Users\bruno\Downloads\Exercicios renomeados\Liberação de posteriores da coxa com rolo de espuma","tags_secundarias","Rolo de espuma | Casa | Academia","Rolo de espuma | Academia","Rolo de espuma | Academia","CORRIGIDO"
"media_c9542dac8e6d113715fa","C:\Users\bruno\Downloads\Exercicios renomeados\Liberação de posteriores da coxa com rolo de espuma","tags_compatibilidade","Mobilidade","Mobilidade | Rolo de espuma | Academia","Mobilidade | Rolo de espuma | Academia","CORRIGIDO"
"media_cb920ca1c00c52c44e4f","C:\Users\bruno\Downloads\Exercicios renomeados\Liberação de quadríceps com rolo de espuma","tags_secundarias","Rolo de espuma | Casa | Academia","Rolo de espuma | Academia","Rolo de espuma | Academia","CORRIGIDO"
"media_cb920ca1c00c52c44e4f","C:\Users\bruno\Downloads\Exercicios renomeados\Liberação de quadríceps com rolo de espuma","tags_compatibilidade","Mobilidade","Mobilidade | Rolo de espuma | Academia","Mobilidade | Rolo de espuma | Academia","CORRIGIDO"
"media_20dc77cc53be5986dd06","C:\Users\bruno\Downloads\Exercicios renomeados\Limpador de para-brisa na barra fixa","tags_compatibilidade","Abdômen/Core","Abdômen/Core | Barra fixa | Academia","Abdômen/Core | Barra fixa | Academia","CORRIGIDO"
"media_4e0a157109add43440cc","C:\Users\bruno\Downloads\Exercicios renomeados\Limpador de para-brisa no chão com halteres","tags_secundarias","Halteres | Academia | Casa","Halteres | Academia","Halteres | Academia","CORRIGIDO"
"media_4e0a157109add43440cc","C:\Users\bruno\Downloads\Exercicios renomeados\Limpador de para-brisa no chão com halteres","tags_compatibilidade","Abdômen/Core","Abdômen/Core | Halteres | Academia","Abdômen/Core | Halteres | Academia","CORRIGIDO"
"media_4a48934603494434bc8e","C:\Users\bruno\Downloads\Exercicios renomeados\Marcha com joelhos altos","nome","Alongamento dinâmico do peito","Marcha com joelhos altos","Marcha com joelhos altos","CORRIGIDO"
"media_4a48934603494434bc8e","C:\Users\bruno\Downloads\Exercicios renomeados\Marcha com joelhos altos","descricao","Apoie o braço conforme mostrado e abra o peito girando ou avançando o tronco de maneira suave. Mantenha o ombro relaxado e pare ao sentir alongamento confortável no peitoral e na frente do ombro. Retorne lentamente.","Fique em pé com o tronco ereto. Eleve um joelho de cada vez em direção à altura do quadril enquanto alterna os braços de forma natural. Mantenha ritmo contínuo, aterrisse suavemente e evite inclinar o tronco para trás.","Fique em pé com o tronco ereto. Eleve um joelho de cada vez em direção à altura do quadril enquanto alterna os braços de forma natural. Mantenha ritmo contínuo, aterrisse suavemente e evite inclinar o tronco para trás.","CORRIGIDO"
"media_4a48934603494434bc8e","C:\Users\bruno\Downloads\Exercicios renomeados\Marcha com joelhos altos","tag_principal","Alongamento","Cardio","Cardio","CORRIGIDO"
"media_4a48934603494434bc8e","C:\Users\bruno\Downloads\Exercicios renomeados\Marcha com joelhos altos","tags_secundarias","Academia | Casa | Ao ar livre","Sem aparelhos | Casa | Corpo inteiro","Corpo inteiro | Sem aparelhos | Casa","CORRIGIDO"
"media_4a48934603494434bc8e","C:\Users\bruno\Downloads\Exercicios renomeados\Marcha com joelhos altos","tags_compatibilidade","Alongamento","Cardio | Sem aparelhos | Casa | Corpo inteiro","Cardio | Sem aparelhos | Casa | Corpo inteiro","CORRIGIDO"
"media_53573400dcdc801dd54b","C:\Users\bruno\Downloads\Exercicios renomeados\Marretada no pneu","tags_secundarias","Academia | Ao ar livre","Cardio | Sem aparelhos | Casa","Sem aparelhos | Casa","CORRIGIDO"
"media_53573400dcdc801dd54b","C:\Users\bruno\Downloads\Exercicios renomeados\Marretada no pneu","tags_compatibilidade","Corpo inteiro","Corpo inteiro | Cardio | Sem aparelhos | Casa","Corpo inteiro | Cardio | Sem aparelhos | Casa","CORRIGIDO"
"media_87c0179490ab6601fc3f","C:\Users\bruno\Downloads\Exercicios renomeados\Meia flexão do tronco à frente (Yoga)","tags_secundarias","Casa | Academia","Sem aparelhos | Casa","Sem aparelhos | Casa","CORRIGIDO"
"media_87c0179490ab6601fc3f","C:\Users\bruno\Downloads\Exercicios renomeados\Meia flexão do tronco à frente (Yoga)","tags_compatibilidade","Alongamento","Alongamento | Sem aparelhos | Casa","Alongamento | Sem aparelhos | Casa","CORRIGIDO"
"media_433a7ce1129c672566ae","C:\Users\bruno\Downloads\Exercicios renomeados\Meio limpador de para-brisa","tags_secundarias","Casa | Academia","Sem aparelhos | Casa","Sem aparelhos | Casa","CORRIGIDO"
"media_433a7ce1129c672566ae","C:\Users\bruno\Downloads\Exercicios renomeados\Meio limpador de para-brisa","tags_compatibilidade","Abdômen/Core","Abdômen/Core | Sem aparelhos | Casa","Abdômen/Core | Sem aparelhos | Casa","CORRIGIDO"
"media_b1564c52abf9ccde4204","C:\Users\bruno\Downloads\Exercicios renomeados\Meio sapo","tags_secundarias","Casa | Academia","Sem aparelhos | Casa","Sem aparelhos | Casa","CORRIGIDO"
"media_b1564c52abf9ccde4204","C:\Users\bruno\Downloads\Exercicios renomeados\Meio sapo","tags_compatibilidade","Alongamento","Alongamento | Sem aparelhos | Casa","Alongamento | Sem aparelhos | Casa","CORRIGIDO"
"media_15f31334dd0f0fc9c13f","C:\Users\bruno\Downloads\Exercicios renomeados\Mergulho coreano","tags_secundarias","Academia","Sem aparelhos | Casa","Sem aparelhos | Casa","CORRIGIDO"
"media_15f31334dd0f0fc9c13f","C:\Users\bruno\Downloads\Exercicios renomeados\Mergulho coreano","tags_compatibilidade","Tríceps","Tríceps | Sem aparelhos | Casa","Tríceps | Sem aparelhos | Casa","CORRIGIDO"
"media_504dcebcc77dc9dc3bb1","C:\Users\bruno\Downloads\Exercicios renomeados\Mergulho de tríceps nas paralelas","tags_secundarias","Academia","Sem aparelhos | Casa","Sem aparelhos | Casa","CORRIGIDO"
"media_504dcebcc77dc9dc3bb1","C:\Users\bruno\Downloads\Exercicios renomeados\Mergulho de tríceps nas paralelas","tags_compatibilidade","Tríceps","Tríceps | Sem aparelhos | Casa","Tríceps | Sem aparelhos | Casa","CORRIGIDO"
"media_0c2f5a06890bde3543b5","C:\Users\bruno\Downloads\Exercicios renomeados\Mergulho entre cadeiras","tags_secundarias","Casa | Academia","Sem aparelhos | Casa","Sem aparelhos | Casa","CORRIGIDO"
"media_0c2f5a06890bde3543b5","C:\Users\bruno\Downloads\Exercicios renomeados\Mergulho entre cadeiras","tags_compatibilidade","Tríceps","Tríceps | Sem aparelhos | Casa","Tríceps | Sem aparelhos | Casa","CORRIGIDO"
"media_fd35e161570d92844a93","C:\Users\bruno\Downloads\Exercicios renomeados\Mergulho escapular no banco","tags_secundarias","Academia | Casa","Banco | Academia","Banco | Academia","CORRIGIDO"
"media_fd35e161570d92844a93","C:\Users\bruno\Downloads\Exercicios renomeados\Mergulho escapular no banco","tags_compatibilidade","Tríceps","Tríceps | Banco | Academia","Tríceps | Banco | Academia","CORRIGIDO"
"media_ebbb5eaade5e6887d55d","C:\Users\bruno\Downloads\Exercicios renomeados\Mergulho na barra reta","tags_secundarias","Academia","Sem aparelhos | Casa","Sem aparelhos | Casa","CORRIGIDO"
"media_ebbb5eaade5e6887d55d","C:\Users\bruno\Downloads\Exercicios renomeados\Mergulho na barra reta","tags_compatibilidade","Tríceps","Tríceps | Sem aparelhos | Casa","Tríceps | Sem aparelhos | Casa","CORRIGIDO"
"media_7a0d6dff81958d3639db","C:\Users\bruno\Downloads\Exercicios renomeados\Mergulho na cadeira","tags_secundarias","Banco | Academia | Casa","Sem aparelhos | Casa","Sem aparelhos | Casa","CORRIGIDO"
"media_7a0d6dff81958d3639db","C:\Users\bruno\Downloads\Exercicios renomeados\Mergulho na cadeira","tags_compatibilidade","Tríceps","Tríceps | Sem aparelhos | Casa","Tríceps | Sem aparelhos | Casa","CORRIGIDO"
"media_eeaa97e01247cbfec85d","C:\Users\bruno\Downloads\Exercicios renomeados\Mergulho no banco","tags_secundarias","Academia","Banco | Academia","Banco | Academia","CORRIGIDO"
"media_eeaa97e01247cbfec85d","C:\Users\bruno\Downloads\Exercicios renomeados\Mergulho no banco","tags_compatibilidade","Tríceps","Tríceps | Banco | Academia","Tríceps | Banco | Academia","CORRIGIDO"
"media_2194d2bfd60aeb72e6f3","C:\Users\bruno\Downloads\Exercicios renomeados\Mobilidade de ombros sentado","tags_secundarias","Casa | Academia","Sem aparelhos | Casa","Sem aparelhos | Casa","CORRIGIDO"
"media_2194d2bfd60aeb72e6f3","C:\Users\bruno\Downloads\Exercicios renomeados\Mobilidade de ombros sentado","tags_compatibilidade","Mobilidade","Mobilidade | Sem aparelhos | Casa","Mobilidade | Sem aparelhos | Casa","CORRIGIDO"
"media_42807f7442d9d2bdfb1f","C:\Users\bruno\Downloads\Exercicios renomeados\Moinho de vento com kettlebell","tags_secundarias","Kettlebell | Academia | Casa","Kettlebell | Academia","Kettlebell | Academia","CORRIGIDO"
"media_42807f7442d9d2bdfb1f","C:\Users\bruno\Downloads\Exercicios renomeados\Moinho de vento com kettlebell","tags_compatibilidade","Abdômen/Core","Abdômen/Core | Kettlebell | Academia","Abdômen/Core | Kettlebell | Academia","CORRIGIDO"
"media_a22351bd2b5eb3c5c4c3","C:\Users\bruno\Downloads\Exercicios renomeados\Moinho de vento sem peso","tags_secundarias","Casa | Academia","Sem aparelhos | Casa","Sem aparelhos | Casa","CORRIGIDO"
"media_a22351bd2b5eb3c5c4c3","C:\Users\bruno\Downloads\Exercicios renomeados\Moinho de vento sem peso","tags_compatibilidade","Abdômen/Core","Abdômen/Core | Sem aparelhos | Casa","Abdômen/Core | Sem aparelhos | Casa","CORRIGIDO"
"media_ddaa5b16ce356354951f","C:\Users\bruno\Downloads\Exercicios renomeados\Muscle snatch","tags_secundarias","Anilhas","Sem aparelhos | Casa","Sem aparelhos | Casa","CORRIGIDO"
"media_ddaa5b16ce356354951f","C:\Users\bruno\Downloads\Exercicios renomeados\Muscle snatch","tags_compatibilidade","Corpo inteiro","Corpo inteiro | Sem aparelhos | Casa","Corpo inteiro | Sem aparelhos | Casa","CORRIGIDO"
"media_32e0b42a8b5af9fb1c21","C:\Users\bruno\Downloads\Exercicios renomeados\Muscle-up","tags_secundarias","Barra fixa | Casa | Academia","Barra fixa | Academia","Barra fixa | Academia","CORRIGIDO"
"media_32e0b42a8b5af9fb1c21","C:\Users\bruno\Downloads\Exercicios renomeados\Muscle-up","tags_compatibilidade","Costas","Costas | Barra fixa | Academia","Costas | Barra fixa | Academia","CORRIGIDO"
"media_65a7ae2e6de4d1e2c57b","C:\Users\bruno\Downloads\Exercicios renomeados\Natação","tags_secundarias","Casa | Academia","Sem aparelhos | Ao ar livre | Corpo inteiro","Corpo inteiro | Sem aparelhos | Ao ar livre","CORRIGIDO"
"media_65a7ae2e6de4d1e2c57b","C:\Users\bruno\Downloads\Exercicios renomeados\Natação","tags_compatibilidade","Cardio","Cardio | Sem aparelhos | Ao ar livre | Corpo inteiro","Cardio | Sem aparelhos | Ao ar livre | Corpo inteiro","CORRIGIDO"
"media_30bbe0484043ff49e3bc","C:\Users\bruno\Downloads\Exercicios renomeados\Natação no chão (swimmer)","tags_compatibilidade","Costas | Sem aparelhos | Ao ar livre","Costas | Sem aparelhos | Ao ar livre | Corpo inteiro","Costas | Sem aparelhos | Ao ar livre | Corpo inteiro","CORRIGIDO"
"media_aba9f42cc0ebc05efdca","C:\Users\bruno\Downloads\Exercicios renomeados\Pallof press meio ajoelhado","tags_secundarias","Academia","Sem aparelhos | Casa","Sem aparelhos | Casa","CORRIGIDO"
"media_aba9f42cc0ebc05efdca","C:\Users\bruno\Downloads\Exercicios renomeados\Pallof press meio ajoelhado","tags_compatibilidade","Abdômen/Core","Abdômen/Core | Sem aparelhos | Casa","Abdômen/Core | Sem aparelhos | Casa","CORRIGIDO"
"media_a4ac546d521d5e8d3957","C:\Users\bruno\Downloads\Exercicios renomeados\Panturrilha no leg press","tags_secundarias","Academia","Máquina | Academia","Máquina | Academia","CORRIGIDO"
"media_a4ac546d521d5e8d3957","C:\Users\bruno\Downloads\Exercicios renomeados\Panturrilha no leg press","tags_compatibilidade","Panturrilhas","Panturrilhas | Máquina | Academia","Panturrilhas | Máquina | Academia","CORRIGIDO"
"media_0966f9e83c97f57726ea","C:\Users\bruno\Downloads\Exercicios renomeados\Panturrilha sentada na máquina","tags_secundarias","Anilhas | Academia","Máquina | Academia","Máquina | Academia","CORRIGIDO"
"media_0966f9e83c97f57726ea","C:\Users\bruno\Downloads\Exercicios renomeados\Panturrilha sentada na máquina","tags_compatibilidade","Panturrilhas","Panturrilhas | Máquina | Academia","Panturrilhas | Máquina | Academia","CORRIGIDO"
"media_035853df63fba3d7de99","C:\Users\bruno\Downloads\Exercicios renomeados\Panturrilha sentada no leg press","tags_secundarias","Academia","Máquina | Academia","Máquina | Academia","CORRIGIDO"
"media_035853df63fba3d7de99","C:\Users\bruno\Downloads\Exercicios renomeados\Panturrilha sentada no leg press","tags_compatibilidade","Panturrilhas","Panturrilhas | Máquina | Academia","Panturrilhas | Máquina | Academia","CORRIGIDO"
"media_4dc57dd5b8ce9f6b8b39","C:\Users\bruno\Downloads\Exercicios renomeados\Panturrilha unilateral na máquina hack","tags_secundarias","Academia","Máquina | Academia","Máquina | Academia","CORRIGIDO"
"media_4dc57dd5b8ce9f6b8b39","C:\Users\bruno\Downloads\Exercicios renomeados\Panturrilha unilateral na máquina hack","tags_compatibilidade","Panturrilhas","Panturrilhas | Máquina | Academia","Panturrilhas | Máquina | Academia","CORRIGIDO"
"media_eebfaf003a83d846802f","C:\Users\bruno\Downloads\Exercicios renomeados\Panturrilha unilateral no leg press","tags_secundarias","Academia","Máquina | Academia","Máquina | Academia","CORRIGIDO"
"media_eebfaf003a83d846802f","C:\Users\bruno\Downloads\Exercicios renomeados\Panturrilha unilateral no leg press","tags_compatibilidade","Panturrilhas","Panturrilhas | Máquina | Academia","Panturrilhas | Máquina | Academia","CORRIGIDO"
"media_878d079fe5711f27657b","C:\Users\bruno\Downloads\Exercicios renomeados\Paralelas assistidas para peitoral","tags_secundarias","Academia","Sem aparelhos | Casa","Sem aparelhos | Casa","CORRIGIDO"
"media_878d079fe5711f27657b","C:\Users\bruno\Downloads\Exercicios renomeados\Paralelas assistidas para peitoral","tags_compatibilidade","Peito","Peito | Sem aparelhos | Casa","Peito | Sem aparelhos | Casa","CORRIGIDO"
"media_c349175adda1ef536420","C:\Users\bruno\Downloads\Exercicios renomeados\Paralelas assistidas para peitoral - variação 2","tags_secundarias","Academia","Sem aparelhos | Casa","Sem aparelhos | Casa","CORRIGIDO"
"media_c349175adda1ef536420","C:\Users\bruno\Downloads\Exercicios renomeados\Paralelas assistidas para peitoral - variação 2","tags_compatibilidade","Peito","Peito | Sem aparelhos | Casa","Peito | Sem aparelhos | Casa","CORRIGIDO"
"media_7238f0a60416f7f61f33","C:\Users\bruno\Downloads\Exercicios renomeados\Passo lateral rápido","tags_secundarias","","Sem aparelhos | Casa | Corpo inteiro","Corpo inteiro | Sem aparelhos | Casa","CORRIGIDO"
"media_7238f0a60416f7f61f33","C:\Users\bruno\Downloads\Exercicios renomeados\Passo lateral rápido","tags_compatibilidade","Cardio","Cardio | Sem aparelhos | Casa | Corpo inteiro","Cardio | Sem aparelhos | Casa | Corpo inteiro","CORRIGIDO"
"media_9963eef29e67381de892","C:\Users\bruno\Downloads\Exercicios renomeados\Patinador","tags_secundarias","Casa | Academia","Sem aparelhos | Casa | Corpo inteiro","Corpo inteiro | Sem aparelhos | Casa","CORRIGIDO"
"media_9963eef29e67381de892","C:\Users\bruno\Downloads\Exercicios renomeados\Patinador","tags_compatibilidade","Cardio","Cardio | Sem aparelhos | Casa | Corpo inteiro","Cardio | Sem aparelhos | Casa | Corpo inteiro","CORRIGIDO"
"media_2097de173d20fb0ffb2c","C:\Users\bruno\Downloads\Exercicios renomeados\Pilates Teaser","tags_secundarias","Casa | Academia","Sem aparelhos | Casa","Sem aparelhos | Casa","CORRIGIDO"
"media_2097de173d20fb0ffb2c","C:\Users\bruno\Downloads\Exercicios renomeados\Pilates Teaser","tags_compatibilidade","Abdômen/Core","Abdômen/Core | Sem aparelhos | Casa","Abdômen/Core | Sem aparelhos | Casa","CORRIGIDO"
"media_4b318d3a6f0b04522fd3","C:\Users\bruno\Downloads\Exercicios renomeados\Polichinelo","tags_secundarias","Academia | Casa | Ao ar livre","Sem aparelhos | Casa | Corpo inteiro","Corpo inteiro | Sem aparelhos | Casa","CORRIGIDO"
"media_4b318d3a6f0b04522fd3","C:\Users\bruno\Downloads\Exercicios renomeados\Polichinelo","tags_compatibilidade","Cardio","Cardio | Sem aparelhos | Casa | Corpo inteiro","Cardio | Sem aparelhos | Casa | Corpo inteiro","CORRIGIDO"
"media_f7a6f52882b9578e1634","C:\Users\bruno\Downloads\Exercicios renomeados\Polichinelo com braços na lateral","tags_secundarias","Casa | Academia | Ao ar livre","Sem aparelhos | Casa | Corpo inteiro","Corpo inteiro | Sem aparelhos | Casa","CORRIGIDO"
"media_f7a6f52882b9578e1634","C:\Users\bruno\Downloads\Exercicios renomeados\Polichinelo com braços na lateral","tags_compatibilidade","Cardio","Cardio | Sem aparelhos | Casa | Corpo inteiro","Cardio | Sem aparelhos | Casa | Corpo inteiro","CORRIGIDO"
"media_cfedd47997d476d4d455","C:\Users\bruno\Downloads\Exercicios renomeados\Polichinelo em passada","tags_secundarias","Casa | Academia | Ao ar livre","Sem aparelhos | Casa | Corpo inteiro","Corpo inteiro | Sem aparelhos | Casa","CORRIGIDO"
"media_cfedd47997d476d4d455","C:\Users\bruno\Downloads\Exercicios renomeados\Polichinelo em passada","tags_compatibilidade","Cardio","Cardio | Sem aparelhos | Casa | Corpo inteiro","Cardio | Sem aparelhos | Casa | Corpo inteiro","CORRIGIDO"
"media_70c43f61dcc6ae3c951c","C:\Users\bruno\Downloads\Exercicios renomeados\Polichinelo pliométrico","tags_secundarias","Casa | Academia","Sem aparelhos | Casa | Corpo inteiro","Corpo inteiro | Sem aparelhos | Casa","CORRIGIDO"
"media_70c43f61dcc6ae3c951c","C:\Users\bruno\Downloads\Exercicios renomeados\Polichinelo pliométrico","tags_compatibilidade","Cardio","Cardio | Sem aparelhos | Casa | Corpo inteiro","Cardio | Sem aparelhos | Casa | Corpo inteiro","CORRIGIDO"
"media_2900d8c620c68a77eb0e","C:\Users\bruno\Downloads\Exercicios renomeados\Ponte de glúteos","tags_secundarias","Casa | Academia","Sem aparelhos | Casa","Sem aparelhos | Casa","CORRIGIDO"
"media_2900d8c620c68a77eb0e","C:\Users\bruno\Downloads\Exercicios renomeados\Ponte de glúteos","tags_compatibilidade","Glúteos","Glúteos | Sem aparelhos | Casa","Glúteos | Sem aparelhos | Casa","CORRIGIDO"
"media_a225e458cfd729ccf5ca","C:\Users\bruno\Downloads\Exercicios renomeados\Ponte de glúteos com abdução","tags_secundarias","Casa | Academia","Quadril | Sem aparelhos | Casa","Quadril | Sem aparelhos | Casa","CORRIGIDO"
"media_a225e458cfd729ccf5ca","C:\Users\bruno\Downloads\Exercicios renomeados\Ponte de glúteos com abdução","tags_compatibilidade","Glúteos","Glúteos | Quadril | Sem aparelhos | Casa","Glúteos | Quadril | Sem aparelhos | Casa","CORRIGIDO"
"media_e828cbb41a1d4e33c62b","C:\Users\bruno\Downloads\Exercicios renomeados\Ponte de glúteos com barra","tags_secundarias","Barra | Anilhas | Academia","Barra | Academia","Barra | Academia","CORRIGIDO"
"media_e828cbb41a1d4e33c62b","C:\Users\bruno\Downloads\Exercicios renomeados\Ponte de glúteos com barra","tags_compatibilidade","Glúteos","Glúteos | Barra | Academia","Glúteos | Barra | Academia","CORRIGIDO"
"media_aabd717e449b717af465","C:\Users\bruno\Downloads\Exercicios renomeados\Ponte de glúteos com elástico","tags_secundarias","Casa | Academia","Elástico | Academia","Elástico | Academia","CORRIGIDO"
"media_aabd717e449b717af465","C:\Users\bruno\Downloads\Exercicios renomeados\Ponte de glúteos com elástico","tags_compatibilidade","Glúteos","Glúteos | Elástico | Academia","Glúteos | Elástico | Academia","CORRIGIDO"
"media_5e55b1af84cc00217181","C:\Users\bruno\Downloads\Exercicios renomeados\Ponte de glúteos com halteres","tags_secundarias","Casa | Academia","Halteres | Academia","Halteres | Academia","CORRIGIDO"
"media_5e55b1af84cc00217181","C:\Users\bruno\Downloads\Exercicios renomeados\Ponte de glúteos com halteres","tags_compatibilidade","Glúteos","Glúteos | Halteres | Academia","Glúteos | Halteres | Academia","CORRIGIDO"
"media_d95ebc9da4443039c04a","C:\Users\bruno\Downloads\Exercicios renomeados\Ponte de glúteos com pés no banco","tags_secundarias","Banco | Casa | Academia","Banco | Academia","Banco | Academia","CORRIGIDO"
"media_d95ebc9da4443039c04a","C:\Users\bruno\Downloads\Exercicios renomeados\Ponte de glúteos com pés no banco","tags_compatibilidade","Glúteos","Glúteos | Banco | Academia","Glúteos | Banco | Academia","CORRIGIDO"
"media_af8688c752650e40d3e9","C:\Users\bruno\Downloads\Exercicios renomeados\Ponte lateral","tags_secundarias","Casa | Academia","Sem aparelhos | Casa","Sem aparelhos | Casa","CORRIGIDO"
"media_af8688c752650e40d3e9","C:\Users\bruno\Downloads\Exercicios renomeados\Ponte lateral","tags_compatibilidade","Abdômen/Core","Abdômen/Core | Sem aparelhos | Casa","Abdômen/Core | Sem aparelhos | Casa","CORRIGIDO"
"media_58cb29ff6057b6c6f533","C:\Users\bruno\Downloads\Exercicios renomeados\Ponte lateral com abdução de quadril","tags_secundarias","Casa | Academia","Sem aparelhos | Casa","Sem aparelhos | Casa","CORRIGIDO"
"media_58cb29ff6057b6c6f533","C:\Users\bruno\Downloads\Exercicios renomeados\Ponte lateral com abdução de quadril","tags_compatibilidade","Abdômen/Core","Abdômen/Core | Sem aparelhos | Casa","Abdômen/Core | Sem aparelhos | Casa","CORRIGIDO"
"media_257b3c5fe3af8d63dd68","C:\Users\bruno\Downloads\Exercicios renomeados\Ponte unilateral","tags_secundarias","Casa | Academia","Sem aparelhos | Casa","Sem aparelhos | Casa","CORRIGIDO"
"media_257b3c5fe3af8d63dd68","C:\Users\bruno\Downloads\Exercicios renomeados\Ponte unilateral","tags_compatibilidade","Glúteos","Glúteos | Sem aparelhos | Casa","Glúteos | Sem aparelhos | Casa","CORRIGIDO"
"media_324bf44d30054cc40b21","C:\Users\bruno\Downloads\Exercicios renomeados\Ponte unilateral (Yoga)","tags_secundarias","Casa | Academia","Sem aparelhos | Casa","Sem aparelhos | Casa","CORRIGIDO"
"media_324bf44d30054cc40b21","C:\Users\bruno\Downloads\Exercicios renomeados\Ponte unilateral (Yoga)","tags_compatibilidade","Alongamento","Alongamento | Sem aparelhos | Casa","Alongamento | Sem aparelhos | Casa","CORRIGIDO"
"media_114ed0df771f7ff05af6","C:\Users\bruno\Downloads\Exercicios renomeados\Ponte unilateral com elástico","tags_secundarias","Casa | Academia","Elástico | Academia","Elástico | Academia","CORRIGIDO"
"media_114ed0df771f7ff05af6","C:\Users\bruno\Downloads\Exercicios renomeados\Ponte unilateral com elástico","tags_compatibilidade","Glúteos","Glúteos | Elástico | Academia","Glúteos | Elástico | Academia","CORRIGIDO"
"media_c81bcc45bbfa93dc2275","C:\Users\bruno\Downloads\Exercicios renomeados\Ponte unilateral com perna estendida","tags_secundarias","Casa | Academia","Sem aparelhos | Casa","Sem aparelhos | Casa","CORRIGIDO"
"media_c81bcc45bbfa93dc2275","C:\Users\bruno\Downloads\Exercicios renomeados\Ponte unilateral com perna estendida","tags_compatibilidade","Glúteos","Glúteos | Sem aparelhos | Casa","Glúteos | Sem aparelhos | Casa","CORRIGIDO"
"media_fa079314f5ece96b558f","C:\Users\bruno\Downloads\Exercicios renomeados\Ponte unilateral com pé no banco","tags_secundarias","Banco | Casa | Academia","Banco | Academia","Banco | Academia","CORRIGIDO"
"media_fa079314f5ece96b558f","C:\Users\bruno\Downloads\Exercicios renomeados\Ponte unilateral com pé no banco","tags_compatibilidade","Glúteos","Glúteos | Banco | Academia","Glúteos | Banco | Academia","CORRIGIDO"
"media_e8a1bf1051c7b461e62d","C:\Users\bruno\Downloads\Exercicios renomeados\Postura da borboleta","tags_secundarias","Academia | Casa","Sem aparelhos | Casa","Sem aparelhos | Casa","CORRIGIDO"
"media_e8a1bf1051c7b461e62d","C:\Users\bruno\Downloads\Exercicios renomeados\Postura da borboleta","tags_compatibilidade","Alongamento","Alongamento | Sem aparelhos | Casa","Alongamento | Sem aparelhos | Casa","CORRIGIDO"
"media_9271ca029a3634200448","C:\Users\bruno\Downloads\Exercicios renomeados\Postura da criança","tags_secundarias","Casa | Academia","Sem aparelhos | Casa","Sem aparelhos | Casa","CORRIGIDO"
"media_9271ca029a3634200448","C:\Users\bruno\Downloads\Exercicios renomeados\Postura da criança","tags_compatibilidade","Alongamento","Alongamento | Sem aparelhos | Casa","Alongamento | Sem aparelhos | Casa","CORRIGIDO"
"media_ea5fa646f4a2f6cb8fcd","C:\Users\bruno\Downloads\Exercicios renomeados\Postura da criança para cobra","tags_secundarias","Casa | Academia","Costas | Sem aparelhos | Casa","Costas | Sem aparelhos | Casa","CORRIGIDO"
"media_ea5fa646f4a2f6cb8fcd","C:\Users\bruno\Downloads\Exercicios renomeados\Postura da criança para cobra","tags_compatibilidade","Alongamento","Alongamento | Costas | Sem aparelhos | Casa","Alongamento | Costas | Sem aparelhos | Casa","CORRIGIDO"
"media_a6b1e1320ccf5029dae8","C:\Users\bruno\Downloads\Exercicios renomeados\Postura da ponte","tags_secundarias","Casa | Academia","Sem aparelhos | Casa","Sem aparelhos | Casa","CORRIGIDO"
"media_a6b1e1320ccf5029dae8","C:\Users\bruno\Downloads\Exercicios renomeados\Postura da ponte","tags_compatibilidade","Alongamento","Alongamento | Sem aparelhos | Casa","Alongamento | Sem aparelhos | Casa","CORRIGIDO"
"media_6d5bc8a914b3a4c4d69e","C:\Users\bruno\Downloads\Exercicios renomeados\Postura da roda","tags_secundarias","","Sem aparelhos | Casa","Sem aparelhos | Casa","CORRIGIDO"
"media_6d5bc8a914b3a4c4d69e","C:\Users\bruno\Downloads\Exercicios renomeados\Postura da roda","tags_compatibilidade","Alongamento","Alongamento | Sem aparelhos | Casa","Alongamento | Sem aparelhos | Casa","CORRIGIDO"
"media_a36acde6204607427997","C:\Users\bruno\Downloads\Exercicios renomeados\Postura da vaca","tags_secundarias","Casa | Academia","Sem aparelhos | Casa","Sem aparelhos | Casa","CORRIGIDO"
"media_a36acde6204607427997","C:\Users\bruno\Downloads\Exercicios renomeados\Postura da vaca","tags_compatibilidade","Alongamento","Alongamento | Sem aparelhos | Casa","Alongamento | Sem aparelhos | Casa","CORRIGIDO"
"media_573bf14671ded862a1b8","C:\Users\bruno\Downloads\Exercicios renomeados\Postura da águia","tags_secundarias","Casa | Academia","Sem aparelhos | Casa","Sem aparelhos | Casa","CORRIGIDO"
"media_573bf14671ded862a1b8","C:\Users\bruno\Downloads\Exercicios renomeados\Postura da águia","tags_compatibilidade","Alongamento","Alongamento | Sem aparelhos | Casa","Alongamento | Sem aparelhos | Casa","CORRIGIDO"
"media_b9f484e4391eae53e412","C:\Users\bruno\Downloads\Exercicios renomeados\Postura de mesa em equilíbrio","tags_secundarias","Casa | Academia","Sem aparelhos | Casa","Sem aparelhos | Casa","CORRIGIDO"
"media_b9f484e4391eae53e412","C:\Users\bruno\Downloads\Exercicios renomeados\Postura de mesa em equilíbrio","tags_compatibilidade","Alongamento","Alongamento | Sem aparelhos | Casa","Alongamento | Sem aparelhos | Casa","CORRIGIDO"
"media_a55f1e61e4caf2f35b7e","C:\Users\bruno\Downloads\Exercicios renomeados\Postura do arco","tags_secundarias","Casa | Academia","Sem aparelhos | Casa","Sem aparelhos | Casa","CORRIGIDO"
"media_a55f1e61e4caf2f35b7e","C:\Users\bruno\Downloads\Exercicios renomeados\Postura do arco","tags_compatibilidade","Alongamento","Alongamento | Sem aparelhos | Casa","Alongamento | Sem aparelhos | Casa","CORRIGIDO"
"media_e545514e7287269769c9","C:\Users\bruno\Downloads\Exercicios renomeados\Postura do peixe","tags_secundarias","Casa | Academia","Sem aparelhos | Casa","Sem aparelhos | Casa","CORRIGIDO"
"media_e545514e7287269769c9","C:\Users\bruno\Downloads\Exercicios renomeados\Postura do peixe","tags_compatibilidade","Alongamento","Alongamento | Sem aparelhos | Casa","Alongamento | Sem aparelhos | Casa","CORRIGIDO"
"media_e42cec803a1e7a7860a8","C:\Users\bruno\Downloads\Exercicios renomeados\Postura do sapo para arco","tags_secundarias","Casa | Academia","Sem aparelhos | Casa","Sem aparelhos | Casa","CORRIGIDO"
"media_e42cec803a1e7a7860a8","C:\Users\bruno\Downloads\Exercicios renomeados\Postura do sapo para arco","tags_compatibilidade","Alongamento","Alongamento | Sem aparelhos | Casa","Alongamento | Sem aparelhos | Casa","CORRIGIDO"
"media_7e1ee0be220f22cd029d","C:\Users\bruno\Downloads\Exercicios renomeados\Postura do sapo para arco - variação 2","tags_secundarias","Casa | Academia","Sem aparelhos | Casa","Sem aparelhos | Casa","CORRIGIDO"
"media_7e1ee0be220f22cd029d","C:\Users\bruno\Downloads\Exercicios renomeados\Postura do sapo para arco - variação 2","tags_compatibilidade","Alongamento","Alongamento | Sem aparelhos | Casa","Alongamento | Sem aparelhos | Casa","CORRIGIDO"
"media_b31c2c320de1fb5ce408","C:\Users\bruno\Downloads\Exercicios renomeados\Postura do tigre","tags_secundarias","Casa | Academia","Sem aparelhos | Casa","Sem aparelhos | Casa","CORRIGIDO"
"media_b31c2c320de1fb5ce408","C:\Users\bruno\Downloads\Exercicios renomeados\Postura do tigre","tags_compatibilidade","Alongamento","Alongamento | Sem aparelhos | Casa","Alongamento | Sem aparelhos | Casa","CORRIGIDO"
"media_41d328156424cd3b3dcb","C:\Users\bruno\Downloads\Exercicios renomeados\Postura do ângulo reto","tags_secundarias","Casa | Academia","Sem aparelhos | Casa","Sem aparelhos | Casa","CORRIGIDO"
"media_41d328156424cd3b3dcb","C:\Users\bruno\Downloads\Exercicios renomeados\Postura do ângulo reto","tags_compatibilidade","Alongamento","Alongamento | Sem aparelhos | Casa","Alongamento | Sem aparelhos | Casa","CORRIGIDO"
"media_a45e1514cccff9c7bf01","C:\Users\bruno\Downloads\Exercicios renomeados\Power clean com barra","tags_secundarias","Anilhas | Academia","Barra | Academia","Barra | Academia","CORRIGIDO"
"media_a45e1514cccff9c7bf01","C:\Users\bruno\Downloads\Exercicios renomeados\Power clean com barra","tags_compatibilidade","Corpo inteiro","Corpo inteiro | Barra | Academia","Corpo inteiro | Barra | Academia","CORRIGIDO"
"media_8f1f25e176196d5425fd","C:\Users\bruno\Downloads\Exercicios renomeados\Power clean com halteres","tags_compatibilidade","Corpo inteiro","Corpo inteiro | Halteres | Academia","Corpo inteiro | Halteres | Academia","CORRIGIDO"
"media_487277f748503266e041","C:\Users\bruno\Downloads\Exercicios renomeados\Power snatch","tags_secundarias","Anilhas | Academia","Sem aparelhos | Casa","Sem aparelhos | Casa","CORRIGIDO"
"media_487277f748503266e041","C:\Users\bruno\Downloads\Exercicios renomeados\Power snatch","tags_compatibilidade","Corpo inteiro","Corpo inteiro | Sem aparelhos | Casa","Corpo inteiro | Sem aparelhos | Casa","CORRIGIDO"
"media_f28bb7b206e0409f5639","C:\Users\bruno\Downloads\Exercicios renomeados\Prancha","tags_secundarias","Casa | Academia | Ao ar livre","Sem aparelhos | Casa","Sem aparelhos | Casa","CORRIGIDO"
"media_f28bb7b206e0409f5639","C:\Users\bruno\Downloads\Exercicios renomeados\Prancha","tags_compatibilidade","Abdômen/Core","Abdômen/Core | Sem aparelhos | Casa","Abdômen/Core | Sem aparelhos | Casa","CORRIGIDO"
"media_2c146f3e6b41151a3129","C:\Users\bruno\Downloads\Exercicios renomeados\Prancha aranha","tags_secundarias","Casa | Academia","Sem aparelhos | Casa","Sem aparelhos | Casa","CORRIGIDO"
"media_2c146f3e6b41151a3129","C:\Users\bruno\Downloads\Exercicios renomeados\Prancha aranha","tags_compatibilidade","Abdômen/Core","Abdômen/Core | Sem aparelhos | Casa","Abdômen/Core | Sem aparelhos | Casa","CORRIGIDO"
"media_00c0282487002d56ae88","C:\Users\bruno\Downloads\Exercicios renomeados\Prancha baixa (Chaturanga)","tags_secundarias","Casa | Academia","Sem aparelhos | Casa","Sem aparelhos | Casa","CORRIGIDO"
"media_00c0282487002d56ae88","C:\Users\bruno\Downloads\Exercicios renomeados\Prancha baixa (Chaturanga)","tags_compatibilidade","Abdômen/Core","Abdômen/Core | Sem aparelhos | Casa","Abdômen/Core | Sem aparelhos | Casa","CORRIGIDO"
"media_92654151884d756bb20e","C:\Users\bruno\Downloads\Exercicios renomeados\Prancha com abertura de pernas","tags_secundarias","Casa | Academia","Sem aparelhos | Casa","Sem aparelhos | Casa","CORRIGIDO"
"media_92654151884d756bb20e","C:\Users\bruno\Downloads\Exercicios renomeados\Prancha com abertura de pernas","tags_compatibilidade","Abdômen/Core","Abdômen/Core | Sem aparelhos | Casa","Abdômen/Core | Sem aparelhos | Casa","CORRIGIDO"
"media_acadb6a95f2c81d484c2","C:\Users\bruno\Downloads\Exercicios renomeados\Prancha com elevação alternada de braço e perna","tags_secundarias","Casa | Academia","Sem aparelhos | Casa","Sem aparelhos | Casa","CORRIGIDO"
"media_acadb6a95f2c81d484c2","C:\Users\bruno\Downloads\Exercicios renomeados\Prancha com elevação alternada de braço e perna","tags_compatibilidade","Abdômen/Core","Abdômen/Core | Sem aparelhos | Casa","Abdômen/Core | Sem aparelhos | Casa","CORRIGIDO"
"media_0287190e69b694f14213","C:\Users\bruno\Downloads\Exercicios renomeados\Prancha com elevação de braço","tags_secundarias","Casa | Academia","Sem aparelhos | Casa","Sem aparelhos | Casa","CORRIGIDO"
"media_0287190e69b694f14213","C:\Users\bruno\Downloads\Exercicios renomeados\Prancha com elevação de braço","tags_compatibilidade","Abdômen/Core","Abdômen/Core | Sem aparelhos | Casa","Abdômen/Core | Sem aparelhos | Casa","CORRIGIDO"
"media_20895145f8512fc0b40c","C:\Users\bruno\Downloads\Exercicios renomeados\Prancha com elevação de braço e perna","tags_secundarias","Casa | Academia","Sem aparelhos | Casa","Sem aparelhos | Casa","CORRIGIDO"
"media_20895145f8512fc0b40c","C:\Users\bruno\Downloads\Exercicios renomeados\Prancha com elevação de braço e perna","tags_compatibilidade","Abdômen/Core","Abdômen/Core | Sem aparelhos | Casa","Abdômen/Core | Sem aparelhos | Casa","CORRIGIDO"
"media_6ec5aeb447442caedf44","C:\Users\bruno\Downloads\Exercicios renomeados\Prancha com peso","tags_secundarias","Academia | Casa","Sem aparelhos | Casa","Sem aparelhos | Casa","CORRIGIDO"
"media_6ec5aeb447442caedf44","C:\Users\bruno\Downloads\Exercicios renomeados\Prancha com peso","tags_compatibilidade","Abdômen/Core","Abdômen/Core | Sem aparelhos | Casa","Abdômen/Core | Sem aparelhos | Casa","CORRIGIDO"
"media_fb8bfb4e9f615d494479","C:\Users\bruno\Downloads\Exercicios renomeados\Prancha frontal para lateral","tags_secundarias","Casa | Academia","Sem aparelhos | Casa","Sem aparelhos | Casa","CORRIGIDO"
"media_fb8bfb4e9f615d494479","C:\Users\bruno\Downloads\Exercicios renomeados\Prancha frontal para lateral","tags_compatibilidade","Abdômen/Core","Abdômen/Core | Sem aparelhos | Casa","Abdômen/Core | Sem aparelhos | Casa","CORRIGIDO"
"media_46c81ef07cd292879b35","C:\Users\bruno\Downloads\Exercicios renomeados\Prancha reversa","tags_secundarias","Casa | Academia","Sem aparelhos | Casa","Sem aparelhos | Casa","CORRIGIDO"
"media_46c81ef07cd292879b35","C:\Users\bruno\Downloads\Exercicios renomeados\Prancha reversa","tags_compatibilidade","Abdômen/Core","Abdômen/Core | Sem aparelhos | Casa","Abdômen/Core | Sem aparelhos | Casa","CORRIGIDO"
"media_e4d3f19a789c2804c5ef","C:\Users\bruno\Downloads\Exercicios renomeados\Prancha reversa - variação 2","tags_secundarias","Casa | Academia","Sem aparelhos | Casa","Sem aparelhos | Casa","CORRIGIDO"
"media_e4d3f19a789c2804c5ef","C:\Users\bruno\Downloads\Exercicios renomeados\Prancha reversa - variação 2","tags_compatibilidade","Abdômen/Core","Abdômen/Core | Sem aparelhos | Casa","Abdômen/Core | Sem aparelhos | Casa","CORRIGIDO"
"media_9a977024f956899e726f","C:\Users\bruno\Downloads\Exercicios renomeados\Pressão frontal com anilha","tags_secundarias","Academia | Casa","Anilhas | Academia","Anilhas | Academia","CORRIGIDO"
"media_9a977024f956899e726f","C:\Users\bruno\Downloads\Exercicios renomeados\Pressão frontal com anilha","tags_compatibilidade","Peito","Peito | Anilhas | Academia","Peito | Anilhas | Academia","CORRIGIDO"
"media_aa0581f2c69b74c0f40b","C:\Users\bruno\Downloads\Exercicios renomeados\Protração e retração escapular","tags_secundarias","Casa | Academia","Sem aparelhos | Casa","Sem aparelhos | Casa","CORRIGIDO"
"media_aa0581f2c69b74c0f40b","C:\Users\bruno\Downloads\Exercicios renomeados\Protração e retração escapular","tags_compatibilidade","Mobilidade","Mobilidade | Sem aparelhos | Casa","Mobilidade | Sem aparelhos | Casa","CORRIGIDO"
"media_db5a0506df1d9553345c","C:\Users\bruno\Downloads\Exercicios renomeados\Pular corda","tags_secundarias","Casa | Academia | Ao ar livre","Corda | Academia | Corpo inteiro","Corpo inteiro | Corda | Academia","CORRIGIDO"
"media_db5a0506df1d9553345c","C:\Users\bruno\Downloads\Exercicios renomeados\Pular corda","tags_compatibilidade","Cardio","Cardio | Corda | Academia | Corpo inteiro","Cardio | Corda | Academia | Corpo inteiro","CORRIGIDO"
"media_d84fc9957e97c7fb92f1","C:\Users\bruno\Downloads\Exercicios renomeados\Pull-through no cabo","tags_secundarias","Corda | Academia","Polia/Cabo | Academia","Polia/Cabo | Academia","CORRIGIDO"
"media_d84fc9957e97c7fb92f1","C:\Users\bruno\Downloads\Exercicios renomeados\Pull-through no cabo","tags_compatibilidade","Glúteos","Glúteos | Polia/Cabo | Academia","Glúteos | Polia/Cabo | Academia","CORRIGIDO"
"media_e1b944bf95e1aa433687","C:\Users\bruno\Downloads\Exercicios renomeados\Pullover com halteres","tags_secundarias","Academia","Halteres | Academia","Halteres | Academia","CORRIGIDO"
"media_e1b944bf95e1aa433687","C:\Users\bruno\Downloads\Exercicios renomeados\Pullover com halteres","tags_compatibilidade","Costas","Costas | Halteres | Academia","Costas | Halteres | Academia","CORRIGIDO"
"media_18de60353d12ebccf2aa","C:\Users\bruno\Downloads\Exercicios renomeados\Pullover com halteres na bola suíça","tags_secundarias","Casa | Academia","Halteres | Bola | Academia","Halteres | Bola | Academia","CORRIGIDO"
"media_18de60353d12ebccf2aa","C:\Users\bruno\Downloads\Exercicios renomeados\Pullover com halteres na bola suíça","tags_compatibilidade","Costas","Costas | Halteres | Bola | Academia","Costas | Halteres | Bola | Academia","CORRIGIDO"
"media_c8010f42ea7b1fb0eeb1","C:\Users\bruno\Downloads\Exercicios renomeados\Push press com barra","tags_secundarias","Barra | Anilhas | Academia","Barra | Tríceps | Academia","Tríceps | Barra | Academia","CORRIGIDO"
"media_c8010f42ea7b1fb0eeb1","C:\Users\bruno\Downloads\Exercicios renomeados\Push press com barra","tags_compatibilidade","Ombros","Ombros | Barra | Tríceps | Academia","Ombros | Barra | Tríceps | Academia","CORRIGIDO"
"media_b7decbdcdd225be45693","C:\Users\bruno\Downloads\Exercicios renomeados\Puxada alta meio ajoelhado","tags_secundarias","Academia","Bíceps | Sem aparelhos | Casa","Bíceps | Sem aparelhos | Casa","CORRIGIDO"
"media_b7decbdcdd225be45693","C:\Users\bruno\Downloads\Exercicios renomeados\Puxada alta meio ajoelhado","tags_compatibilidade","Costas","Costas | Bíceps | Sem aparelhos | Casa","Costas | Bíceps | Sem aparelhos | Casa","CORRIGIDO"
"media_2d1b7a21cb060b0d8aad","C:\Users\bruno\Downloads\Exercicios renomeados\Puxada alta na polia","tags_secundarias","Academia","Polia/Cabo | Bíceps | Academia","Bíceps | Polia/Cabo | Academia","CORRIGIDO"
"media_2d1b7a21cb060b0d8aad","C:\Users\bruno\Downloads\Exercicios renomeados\Puxada alta na polia","tags_compatibilidade","Costas","Costas | Polia/Cabo | Bíceps | Academia","Costas | Polia/Cabo | Bíceps | Academia","CORRIGIDO"
"media_f95c32d5a852d90825ef","C:\Users\bruno\Downloads\Exercicios renomeados\Puxada frontal cruzada no cabo","tags_secundarias","Academia","Polia/Cabo | Bíceps | Academia","Bíceps | Polia/Cabo | Academia","CORRIGIDO"
"media_f95c32d5a852d90825ef","C:\Users\bruno\Downloads\Exercicios renomeados\Puxada frontal cruzada no cabo","tags_compatibilidade","Costas","Costas | Polia/Cabo | Bíceps | Academia","Costas | Polia/Cabo | Bíceps | Academia","CORRIGIDO"
"media_4ae7fcedd3acbf99d39f","C:\Users\bruno\Downloads\Exercicios renomeados\Puxada unilateral na polia alta","tags_secundarias","Academia","Polia/Cabo | Bíceps | Academia","Bíceps | Polia/Cabo | Academia","CORRIGIDO"
"media_4ae7fcedd3acbf99d39f","C:\Users\bruno\Downloads\Exercicios renomeados\Puxada unilateral na polia alta","tags_compatibilidade","Costas","Costas | Polia/Cabo | Bíceps | Academia","Costas | Polia/Cabo | Bíceps | Academia","CORRIGIDO"
"media_eae0275dc0ae95872b03","C:\Users\bruno\Downloads\Exercicios renomeados\Puxada unilateral no cabo","tags_secundarias","Academia","Polia/Cabo | Bíceps | Academia","Bíceps | Polia/Cabo | Academia","CORRIGIDO"
"media_eae0275dc0ae95872b03","C:\Users\bruno\Downloads\Exercicios renomeados\Puxada unilateral no cabo","tags_compatibilidade","Costas","Costas | Polia/Cabo | Bíceps | Academia","Costas | Polia/Cabo | Bíceps | Academia","CORRIGIDO"
"media_c5c69087caddbfc9afe2","C:\Users\bruno\Downloads\Exercicios renomeados\Pêndulo de ombro","tags_secundarias","Casa | Academia","Sem aparelhos | Casa","Sem aparelhos | Casa","CORRIGIDO"
"media_c5c69087caddbfc9afe2","C:\Users\bruno\Downloads\Exercicios renomeados\Pêndulo de ombro","tags_compatibilidade","Mobilidade","Mobilidade | Sem aparelhos | Casa","Mobilidade | Sem aparelhos | Casa","CORRIGIDO"
"media_cedd4e76ed9055d56e96","C:\Users\bruno\Downloads\Exercicios renomeados\Remada ajoelhada na polia alta","tags_secundarias","Academia","Polia/Cabo | Bíceps | Academia","Bíceps | Polia/Cabo | Academia","CORRIGIDO"
"media_cedd4e76ed9055d56e96","C:\Users\bruno\Downloads\Exercicios renomeados\Remada ajoelhada na polia alta","tags_compatibilidade","Costas","Costas | Polia/Cabo | Bíceps | Academia","Costas | Polia/Cabo | Bíceps | Academia","CORRIGIDO"
"media_8af2b3b1e5df4396bad9","C:\Users\bruno\Downloads\Exercicios renomeados\Remada alta ajoelhada na polia com corda","tags_secundarias","Corda | Academia","Polia/Cabo | Academia","Polia/Cabo | Academia","CORRIGIDO"
"media_8af2b3b1e5df4396bad9","C:\Users\bruno\Downloads\Exercicios renomeados\Remada alta ajoelhada na polia com corda","tags_compatibilidade","Ombros","Ombros | Polia/Cabo | Academia","Ombros | Polia/Cabo | Academia","CORRIGIDO"
"media_57d39e90b85820a1b19f","C:\Users\bruno\Downloads\Exercicios renomeados\Remada alta com barra","tags_secundarias","Anilhas | Academia","Barra | Academia","Barra | Academia","CORRIGIDO"
"media_57d39e90b85820a1b19f","C:\Users\bruno\Downloads\Exercicios renomeados\Remada alta com barra","tags_compatibilidade","Ombros","Ombros | Barra | Academia","Ombros | Barra | Academia","CORRIGIDO"
"media_3d8c9f09c82d663dd52a","C:\Users\bruno\Downloads\Exercicios renomeados\Remada alta com barra EZ","tags_secundarias","Anilhas | Academia | Casa","Barra | Academia","Barra | Academia","CORRIGIDO"
"media_3d8c9f09c82d663dd52a","C:\Users\bruno\Downloads\Exercicios renomeados\Remada alta com barra EZ","tags_compatibilidade","Ombros","Ombros | Barra | Academia","Ombros | Barra | Academia","CORRIGIDO"
"media_ae194179e9185f759270","C:\Users\bruno\Downloads\Exercicios renomeados\Remada alta com halteres","tags_secundarias","Halteres | Academia | Casa","Halteres | Academia","Halteres | Academia","CORRIGIDO"
"media_ae194179e9185f759270","C:\Users\bruno\Downloads\Exercicios renomeados\Remada alta com halteres","tags_compatibilidade","Ombros","Ombros | Halteres | Academia","Ombros | Halteres | Academia","CORRIGIDO"
"media_a9e664fa8a9e7c55247d","C:\Users\bruno\Downloads\Exercicios renomeados\Remada alta com halteres - variação 2","tags_secundarias","Halteres | Academia | Casa","Halteres | Academia","Halteres | Academia","CORRIGIDO"
"media_a9e664fa8a9e7c55247d","C:\Users\bruno\Downloads\Exercicios renomeados\Remada alta com halteres - variação 2","tags_compatibilidade","Ombros","Ombros | Halteres | Academia","Ombros | Halteres | Academia","CORRIGIDO"
"media_db83cb7a37ada2e02174","C:\Users\bruno\Downloads\Exercicios renomeados\Remada alta no cabo","tags_secundarias","Academia","Polia/Cabo | Academia","Polia/Cabo | Academia","CORRIGIDO"
"media_db83cb7a37ada2e02174","C:\Users\bruno\Downloads\Exercicios renomeados\Remada alta no cabo","tags_compatibilidade","Ombros","Ombros | Polia/Cabo | Academia","Ombros | Polia/Cabo | Academia","CORRIGIDO"
"media_91511fe109dc1b7aea91","C:\Users\bruno\Downloads\Exercicios renomeados\Remada curvada com barra","tags_secundarias","Barra | Anilhas | Academia","Barra | Bíceps | Academia","Bíceps | Barra | Academia","CORRIGIDO"
"media_91511fe109dc1b7aea91","C:\Users\bruno\Downloads\Exercicios renomeados\Remada curvada com barra","tags_compatibilidade","Costas","Costas | Barra | Bíceps | Academia","Costas | Barra | Bíceps | Academia","CORRIGIDO"
"media_4ba9926bbde9eca6b283","C:\Users\bruno\Downloads\Exercicios renomeados\Remada curvada com elástico","tags_secundarias","Casa | Academia","Elástico | Bíceps | Academia","Bíceps | Elástico | Academia","CORRIGIDO"
"media_4ba9926bbde9eca6b283","C:\Users\bruno\Downloads\Exercicios renomeados\Remada curvada com elástico","tags_compatibilidade","Costas","Costas | Elástico | Bíceps | Academia","Costas | Elástico | Bíceps | Academia","CORRIGIDO"
"media_de98dd9b70cd2ad18bf8","C:\Users\bruno\Downloads\Exercicios renomeados\Remada curvada com halteres","tags_secundarias","Halteres | Academia","Halteres | Bíceps | Academia","Bíceps | Halteres | Academia","CORRIGIDO"
"media_de98dd9b70cd2ad18bf8","C:\Users\bruno\Downloads\Exercicios renomeados\Remada curvada com halteres","tags_compatibilidade","Costas","Costas | Halteres | Bíceps | Academia","Costas | Halteres | Bíceps | Academia","CORRIGIDO"
"media_90a5fc3282ba1e4eb182","C:\Users\bruno\Downloads\Exercicios renomeados\Remada inclinada 45° com halteres","tags_secundarias","Halteres | Academia","Halteres | Bíceps | Academia","Bíceps | Halteres | Academia","CORRIGIDO"
"media_90a5fc3282ba1e4eb182","C:\Users\bruno\Downloads\Exercicios renomeados\Remada inclinada 45° com halteres","tags_compatibilidade","Costas","Costas | Halteres | Bíceps | Academia","Costas | Halteres | Bíceps | Academia","CORRIGIDO"
"media_88705ad1ef0e1ab140ba","C:\Users\bruno\Downloads\Exercicios renomeados\Remada invertida","tags_secundarias","Academia","Bíceps | Sem aparelhos | Casa","Bíceps | Sem aparelhos | Casa","CORRIGIDO"
"media_88705ad1ef0e1ab140ba","C:\Users\bruno\Downloads\Exercicios renomeados\Remada invertida","tags_compatibilidade","Costas","Costas | Bíceps | Sem aparelhos | Casa","Costas | Bíceps | Sem aparelhos | Casa","CORRIGIDO"
"media_b150a8c0887a0169e239","C:\Users\bruno\Downloads\Exercicios renomeados\Remada invertida na mesa","tags_secundarias","Casa","Bíceps | Sem aparelhos | Casa","Bíceps | Sem aparelhos | Casa","CORRIGIDO"
"media_b150a8c0887a0169e239","C:\Users\bruno\Downloads\Exercicios renomeados\Remada invertida na mesa","tags_compatibilidade","Costas","Costas | Bíceps | Sem aparelhos | Casa","Costas | Bíceps | Sem aparelhos | Casa","CORRIGIDO"
"media_ff1549446f145f43ed94","C:\Users\bruno\Downloads\Exercicios renomeados\Remada landmine unilateral","tags_secundarias","Anilhas | Academia","Barra | Bíceps | Academia","Bíceps | Barra | Academia","CORRIGIDO"
"media_ff1549446f145f43ed94","C:\Users\bruno\Downloads\Exercicios renomeados\Remada landmine unilateral","tags_compatibilidade","Costas","Costas | Barra | Bíceps | Academia","Costas | Barra | Bíceps | Academia","CORRIGIDO"
"media_11ec0c5a19f04fad3adb","C:\Users\bruno\Downloads\Exercicios renomeados\Remada na postura do barco (Yoga)","tags_secundarias","Casa | Academia","Sem aparelhos | Casa","Sem aparelhos | Casa","CORRIGIDO"
"media_11ec0c5a19f04fad3adb","C:\Users\bruno\Downloads\Exercicios renomeados\Remada na postura do barco (Yoga)","tags_compatibilidade","Alongamento","Alongamento | Sem aparelhos | Casa","Alongamento | Sem aparelhos | Casa","CORRIGIDO"
"media_ae818b5bf5bef7bbec48","C:\Users\bruno\Downloads\Exercicios renomeados\Remada para deltoide posterior com halteres","tags_secundarias","Academia | Casa","Halteres | Academia","Halteres | Academia","CORRIGIDO"
"media_ae818b5bf5bef7bbec48","C:\Users\bruno\Downloads\Exercicios renomeados\Remada para deltoide posterior com halteres","tags_compatibilidade","Ombros","Ombros | Halteres | Academia","Ombros | Halteres | Academia","CORRIGIDO"
"media_bee29674c2de50f09eb8","C:\Users\bruno\Downloads\Exercicios renomeados\Remada para deltoide posterior sentado com halteres","tags_secundarias","Halteres | Academia | Casa","Halteres | Academia","Halteres | Academia","CORRIGIDO"
"media_bee29674c2de50f09eb8","C:\Users\bruno\Downloads\Exercicios renomeados\Remada para deltoide posterior sentado com halteres","tags_compatibilidade","Ombros","Ombros | Halteres | Academia","Ombros | Halteres | Academia","CORRIGIDO"
"media_82439bffc0663be5dc4b","C:\Users\bruno\Downloads\Exercicios renomeados\Remada sentada no cabo","tags_secundarias","Academia","Polia/Cabo | Bíceps | Academia","Bíceps | Polia/Cabo | Academia","CORRIGIDO"
"media_82439bffc0663be5dc4b","C:\Users\bruno\Downloads\Exercicios renomeados\Remada sentada no cabo","tags_compatibilidade","Costas","Costas | Polia/Cabo | Bíceps | Academia","Costas | Polia/Cabo | Bíceps | Academia","CORRIGIDO"
"media_272cc43f6cedb3c96a06","C:\Users\bruno\Downloads\Exercicios renomeados\Remada sentada no cabo - variação 2","tags_secundarias","Academia","Polia/Cabo | Bíceps | Academia","Bíceps | Polia/Cabo | Academia","CORRIGIDO"
"media_272cc43f6cedb3c96a06","C:\Users\bruno\Downloads\Exercicios renomeados\Remada sentada no cabo - variação 2","tags_compatibilidade","Costas","Costas | Polia/Cabo | Bíceps | Academia","Costas | Polia/Cabo | Bíceps | Academia","CORRIGIDO"
"media_a2d34b882390b26b0d59","C:\Users\bruno\Downloads\Exercicios renomeados\Remada T","tags_secundarias","Barra | Anilhas | Academia","Barra | Bíceps | Academia","Bíceps | Barra | Academia","CORRIGIDO"
"media_a2d34b882390b26b0d59","C:\Users\bruno\Downloads\Exercicios renomeados\Remada T","tags_compatibilidade","Costas","Costas | Barra | Bíceps | Academia","Costas | Barra | Bíceps | Academia","CORRIGIDO"
"media_107c9a3e32712c782ed3","C:\Users\bruno\Downloads\Exercicios renomeados\Remada unilateral ajoelhada na polia alta","tags_secundarias","Academia","Polia/Cabo | Bíceps | Academia","Bíceps | Polia/Cabo | Academia","CORRIGIDO"
"media_107c9a3e32712c782ed3","C:\Users\bruno\Downloads\Exercicios renomeados\Remada unilateral ajoelhada na polia alta","tags_compatibilidade","Costas","Costas | Polia/Cabo | Bíceps | Academia","Costas | Polia/Cabo | Bíceps | Academia","CORRIGIDO"
"media_539a76dbe8a199c15242","C:\Users\bruno\Downloads\Exercicios renomeados\Remada unilateral com barra","tags_secundarias","Barra | Anilhas | Academia","Barra | Bíceps | Academia","Bíceps | Barra | Academia","CORRIGIDO"
"media_539a76dbe8a199c15242","C:\Users\bruno\Downloads\Exercicios renomeados\Remada unilateral com barra","tags_compatibilidade","Costas","Costas | Barra | Bíceps | Academia","Costas | Barra | Bíceps | Academia","CORRIGIDO"
"media_70e8341c906aa067cf67","C:\Users\bruno\Downloads\Exercicios renomeados\Remada unilateral com halter","tags_secundarias","Banco | Academia | Casa","Halteres | Bíceps | Academia","Bíceps | Halteres | Academia","CORRIGIDO"
"media_70e8341c906aa067cf67","C:\Users\bruno\Downloads\Exercicios renomeados\Remada unilateral com halter","tags_compatibilidade","Costas","Costas | Halteres | Bíceps | Academia","Costas | Halteres | Bíceps | Academia","CORRIGIDO"
"media_d438b53b179ce04571a1","C:\Users\bruno\Downloads\Exercicios renomeados\Remada unilateral no cabo","tags_secundarias","Academia","Polia/Cabo | Bíceps | Academia","Bíceps | Polia/Cabo | Academia","CORRIGIDO"
"media_d438b53b179ce04571a1","C:\Users\bruno\Downloads\Exercicios renomeados\Remada unilateral no cabo","tags_compatibilidade","Costas","Costas | Polia/Cabo | Bíceps | Academia","Costas | Polia/Cabo | Bíceps | Academia","CORRIGIDO"
"media_71a8f5c1901cb77c3de0","C:\Users\bruno\Downloads\Exercicios renomeados\Remo ergométrico","tags_secundarias","Academia | Casa","Máquina | Remo | Academia","Máquina | Remo | Academia","CORRIGIDO"
"media_71a8f5c1901cb77c3de0","C:\Users\bruno\Downloads\Exercicios renomeados\Remo ergométrico","tags_compatibilidade","Cardio","Cardio | Máquina | Remo | Academia","Cardio | Máquina | Remo | Academia","CORRIGIDO"
"media_56adf8c69f69b2f105ea","C:\Users\bruno\Downloads\Exercicios renomeados\Retração cervical (chin tuck)","tags_secundarias","Casa | Academia","Sem aparelhos | Casa","Sem aparelhos | Casa","CORRIGIDO"
"media_56adf8c69f69b2f105ea","C:\Users\bruno\Downloads\Exercicios renomeados\Retração cervical (chin tuck)","tags_compatibilidade","Pescoço","Pescoço | Sem aparelhos | Casa","Pescoço | Sem aparelhos | Casa","CORRIGIDO"
"media_51411ff48659902d77cb","C:\Users\bruno\Downloads\Exercicios renomeados\Retração escapular sentado","tags_secundarias","Casa | Academia","Sem aparelhos | Casa","Sem aparelhos | Casa","CORRIGIDO"
"media_51411ff48659902d77cb","C:\Users\bruno\Downloads\Exercicios renomeados\Retração escapular sentado","tags_compatibilidade","Mobilidade","Mobilidade | Sem aparelhos | Casa","Mobilidade | Sem aparelhos | Casa","CORRIGIDO"
"media_fc904d9b551b3669ffeb","C:\Users\bruno\Downloads\Exercicios renomeados\Rolando como uma bola (Pilates)","tags_secundarias","Casa | Academia","Bola | Academia","Bola | Academia","CORRIGIDO"
"media_fc904d9b551b3669ffeb","C:\Users\bruno\Downloads\Exercicios renomeados\Rolando como uma bola (Pilates)","tags_compatibilidade","Abdômen/Core","Abdômen/Core | Bola | Academia","Abdômen/Core | Bola | Academia","CORRIGIDO"
"media_d300e51d0cbd52f57552","C:\Users\bruno\Downloads\Exercicios renomeados\Rollout com barra","tags_secundarias","Barra | Anilhas | Academia | Casa","Barra | Academia","Barra | Academia","CORRIGIDO"
"media_d300e51d0cbd52f57552","C:\Users\bruno\Downloads\Exercicios renomeados\Rollout com barra","tags_compatibilidade","Abdômen/Core","Abdômen/Core | Barra | Academia","Abdômen/Core | Barra | Academia","CORRIGIDO"
"media_a4b7650f5f4c160cf146","C:\Users\bruno\Downloads\Exercicios renomeados\Rollout na bola suíça","tags_secundarias","Casa | Academia","Bola | Academia","Bola | Academia","CORRIGIDO"
"media_a4b7650f5f4c160cf146","C:\Users\bruno\Downloads\Exercicios renomeados\Rollout na bola suíça","tags_compatibilidade","Abdômen/Core","Abdômen/Core | Bola | Academia","Abdômen/Core | Bola | Academia","CORRIGIDO"
"media_2a614ed29e66ebd08d10","C:\Users\bruno\Downloads\Exercicios renomeados\Rolo de punho","tags_secundarias","Academia | Casa","Sem aparelhos | Casa","Sem aparelhos | Casa","CORRIGIDO"
"media_2a614ed29e66ebd08d10","C:\Users\bruno\Downloads\Exercicios renomeados\Rolo de punho","tags_compatibilidade","Antebraços","Antebraços | Sem aparelhos | Casa","Antebraços | Sem aparelhos | Casa","CORRIGIDO"
"media_392221853c7a10e0beb0","C:\Users\bruno\Downloads\Exercicios renomeados\Rosca bíceps unilateral com halter","tags_secundarias","Halteres | Academia | Casa","Halteres | Academia","Halteres | Academia","CORRIGIDO"
"media_392221853c7a10e0beb0","C:\Users\bruno\Downloads\Exercicios renomeados\Rosca bíceps unilateral com halter","tags_compatibilidade","Bíceps","Bíceps | Halteres | Academia","Bíceps | Halteres | Academia","CORRIGIDO"
"media_5856756ca99d7fda6203","C:\Users\bruno\Downloads\Exercicios renomeados\Rosca bíceps unilateral no cabo","tags_secundarias","Academia","Polia/Cabo | Academia","Polia/Cabo | Academia","CORRIGIDO"
"media_5856756ca99d7fda6203","C:\Users\bruno\Downloads\Exercicios renomeados\Rosca bíceps unilateral no cabo","tags_compatibilidade","Bíceps","Bíceps | Polia/Cabo | Academia","Bíceps | Polia/Cabo | Academia","CORRIGIDO"
"media_427845c31b3370101bf7","C:\Users\bruno\Downloads\Exercicios renomeados\Rosca concentração","tags_secundarias","Banco | Casa | Academia","Sem aparelhos | Casa","Sem aparelhos | Casa","CORRIGIDO"
"media_427845c31b3370101bf7","C:\Users\bruno\Downloads\Exercicios renomeados\Rosca concentração","tags_compatibilidade","Bíceps","Bíceps | Sem aparelhos | Casa","Bíceps | Sem aparelhos | Casa","CORRIGIDO"
"media_7b503d2a8076d19a1fe3","C:\Users\bruno\Downloads\Exercicios renomeados\Rosca de punho com barra atrás do corpo","tags_secundarias","Barra | Academia | Casa","Barra | Academia","Barra | Academia","CORRIGIDO"
"media_7b503d2a8076d19a1fe3","C:\Users\bruno\Downloads\Exercicios renomeados\Rosca de punho com barra atrás do corpo","tags_compatibilidade","Antebraços","Antebraços | Barra | Academia","Antebraços | Barra | Academia","CORRIGIDO"
"media_e752d97b37ad86854c20","C:\Users\bruno\Downloads\Exercicios renomeados\Rosca de punho com halteres","tags_secundarias","Banco | Academia","Halteres | Academia","Halteres | Academia","CORRIGIDO"
"media_e752d97b37ad86854c20","C:\Users\bruno\Downloads\Exercicios renomeados\Rosca de punho com halteres","tags_compatibilidade","Antebraços","Antebraços | Halteres | Academia","Antebraços | Halteres | Academia","CORRIGIDO"
"media_e6aef15d98655531dfef","C:\Users\bruno\Downloads\Exercicios renomeados\Rosca de punho neutra com halteres","tags_secundarias","Banco | Academia","Halteres | Academia","Halteres | Academia","CORRIGIDO"
"media_e6aef15d98655531dfef","C:\Users\bruno\Downloads\Exercicios renomeados\Rosca de punho neutra com halteres","tags_compatibilidade","Antebraços","Antebraços | Halteres | Academia","Antebraços | Halteres | Academia","CORRIGIDO"
"media_b880c806fc403eeaa508","C:\Users\bruno\Downloads\Exercicios renomeados\Rosca direta com barra","tags_secundarias","Barra | Anilhas | Academia | Casa","Barra | Academia","Barra | Academia","CORRIGIDO"
"media_b880c806fc403eeaa508","C:\Users\bruno\Downloads\Exercicios renomeados\Rosca direta com barra","tags_compatibilidade","Bíceps","Bíceps | Barra | Academia","Bíceps | Barra | Academia","CORRIGIDO"
"media_e5b11e6e45dac250592e","C:\Users\bruno\Downloads\Exercicios renomeados\Rosca martelo com garrafas de água","tags_secundarias","Casa | Academia","Halteres | Academia","Halteres | Academia","CORRIGIDO"
"media_e5b11e6e45dac250592e","C:\Users\bruno\Downloads\Exercicios renomeados\Rosca martelo com garrafas de água","tags_compatibilidade","Bíceps","Bíceps | Halteres | Academia","Bíceps | Halteres | Academia","CORRIGIDO"
"media_879ec42b4f9065b8f003","C:\Users\bruno\Downloads\Exercicios renomeados\Rosca Scott com halteres","tags_secundarias","Academia","Halteres | Banco | Academia","Halteres | Banco | Academia","CORRIGIDO"
"media_879ec42b4f9065b8f003","C:\Users\bruno\Downloads\Exercicios renomeados\Rosca Scott com halteres","tags_compatibilidade","Bíceps","Bíceps | Halteres | Banco | Academia","Bíceps | Halteres | Banco | Academia","CORRIGIDO"
"media_a639132cfeb9bf6b0eb4","C:\Users\bruno\Downloads\Exercicios renomeados\Rosca Scott martelo com halteres","tags_secundarias","Halteres | Academia","Halteres | Banco | Academia","Halteres | Banco | Academia","CORRIGIDO"
"media_a639132cfeb9bf6b0eb4","C:\Users\bruno\Downloads\Exercicios renomeados\Rosca Scott martelo com halteres","tags_compatibilidade","Bíceps","Bíceps | Halteres | Banco | Academia","Bíceps | Halteres | Banco | Academia","CORRIGIDO"
"media_35ca16a56567e36edeae","C:\Users\bruno\Downloads\Exercicios renomeados\Rotação de pés e tornozelos","tags_secundarias","Casa | Academia","Sem aparelhos | Casa","Sem aparelhos | Casa","CORRIGIDO"
"media_35ca16a56567e36edeae","C:\Users\bruno\Downloads\Exercicios renomeados\Rotação de pés e tornozelos","tags_compatibilidade","Mobilidade","Mobilidade | Sem aparelhos | Casa","Mobilidade | Sem aparelhos | Casa","CORRIGIDO"
"media_d45a11e4795e9b245e22","C:\Users\bruno\Downloads\Exercicios renomeados\Rotação de tronco deitado","tags_secundarias","Casa | Academia","Sem aparelhos | Casa","Sem aparelhos | Casa","CORRIGIDO"
"media_d45a11e4795e9b245e22","C:\Users\bruno\Downloads\Exercicios renomeados\Rotação de tronco deitado","tags_compatibilidade","Abdômen/Core","Abdômen/Core | Sem aparelhos | Casa","Abdômen/Core | Sem aparelhos | Casa","CORRIGIDO"
"media_321a0280062adb38942c","C:\Users\bruno\Downloads\Exercicios renomeados\Rotação de tronco em pé","tags_secundarias","Casa | Academia","Sem aparelhos | Casa","Sem aparelhos | Casa","CORRIGIDO"
"media_321a0280062adb38942c","C:\Users\bruno\Downloads\Exercicios renomeados\Rotação de tronco em pé","tags_compatibilidade","Abdômen/Core","Abdômen/Core | Sem aparelhos | Casa","Abdômen/Core | Sem aparelhos | Casa","CORRIGIDO"
"media_eb53b0d480c200689e9d","C:\Users\bruno\Downloads\Exercicios renomeados\Rotação de tronco no cabo em pé","tags_secundarias","Academia","Polia/Cabo | Academia","Polia/Cabo | Academia","CORRIGIDO"
"media_eb53b0d480c200689e9d","C:\Users\bruno\Downloads\Exercicios renomeados\Rotação de tronco no cabo em pé","tags_compatibilidade","Abdômen/Core","Abdômen/Core | Polia/Cabo | Academia","Abdômen/Core | Polia/Cabo | Academia","CORRIGIDO"
"media_047347a875a19dc57ee2","C:\Users\bruno\Downloads\Exercicios renomeados\Rotação externa cubana com halteres","tags_secundarias","Halteres | Casa | Academia","Halteres | Academia","Halteres | Academia","CORRIGIDO"
"media_047347a875a19dc57ee2","C:\Users\bruno\Downloads\Exercicios renomeados\Rotação externa cubana com halteres","tags_compatibilidade","Mobilidade","Mobilidade | Halteres | Academia","Mobilidade | Halteres | Academia","CORRIGIDO"
"media_e6cf319fc09c6faad2eb","C:\Users\bruno\Downloads\Exercicios renomeados\Rotação externa de ombro com halter apoiado no banco","tags_secundarias","Academia","Halteres | Banco | Academia","Halteres | Banco | Academia","CORRIGIDO"
"media_e6cf319fc09c6faad2eb","C:\Users\bruno\Downloads\Exercicios renomeados\Rotação externa de ombro com halter apoiado no banco","tags_compatibilidade","Ombros","Ombros | Halteres | Banco | Academia","Ombros | Halteres | Banco | Academia","CORRIGIDO"
"media_b4daed909a2373f32ece","C:\Users\bruno\Downloads\Exercicios renomeados\Rotação externa de ombro meio ajoelhado no cabo","tags_secundarias","Academia","Polia/Cabo | Academia","Polia/Cabo | Academia","CORRIGIDO"
"media_b4daed909a2373f32ece","C:\Users\bruno\Downloads\Exercicios renomeados\Rotação externa de ombro meio ajoelhado no cabo","tags_compatibilidade","Ombros","Ombros | Polia/Cabo | Academia","Ombros | Polia/Cabo | Academia","CORRIGIDO"
"media_947fd75865198dafd60a","C:\Users\bruno\Downloads\Exercicios renomeados\Rotação externa de ombro no cabo","tags_secundarias","Academia","Polia/Cabo | Academia","Polia/Cabo | Academia","CORRIGIDO"
"media_947fd75865198dafd60a","C:\Users\bruno\Downloads\Exercicios renomeados\Rotação externa de ombro no cabo","tags_compatibilidade","Ombros","Ombros | Polia/Cabo | Academia","Ombros | Polia/Cabo | Academia","CORRIGIDO"
"media_f76439f6795fab16f382","C:\Users\bruno\Downloads\Exercicios renomeados\Rotação externa do quadril sentado com elástico","tags_secundarias","Banco | Casa | Academia","Elástico | Academia","Elástico | Academia","CORRIGIDO"
"media_f76439f6795fab16f382","C:\Users\bruno\Downloads\Exercicios renomeados\Rotação externa do quadril sentado com elástico","tags_compatibilidade","Quadril","Quadril | Elástico | Academia","Quadril | Elástico | Academia","CORRIGIDO"
"media_57fd4837f3d51f5c51f8","C:\Users\bruno\Downloads\Exercicios renomeados\Rotação externa do tornozelo com elástico","tags_secundarias","Halteres | Banco | Academia | Casa","Elástico | Academia","Elástico | Academia","CORRIGIDO"
"media_57fd4837f3d51f5c51f8","C:\Users\bruno\Downloads\Exercicios renomeados\Rotação externa do tornozelo com elástico","tags_compatibilidade","Mobilidade","Mobilidade | Elástico | Academia","Mobilidade | Elástico | Academia","CORRIGIDO"
"media_e5e17ae4254e8c9b5b29","C:\Users\bruno\Downloads\Exercicios renomeados\Rotação interna de ombro no cabo","tags_secundarias","Academia","Polia/Cabo | Academia","Polia/Cabo | Academia","CORRIGIDO"
"media_e5e17ae4254e8c9b5b29","C:\Users\bruno\Downloads\Exercicios renomeados\Rotação interna de ombro no cabo","tags_compatibilidade","Ombros","Ombros | Polia/Cabo | Academia","Ombros | Polia/Cabo | Academia","CORRIGIDO"
"media_7722f763275b439c9833","C:\Users\bruno\Downloads\Exercicios renomeados\Rotação interna de ombro sentado no cabo","tags_secundarias","Academia","Polia/Cabo | Academia","Polia/Cabo | Academia","CORRIGIDO"
"media_7722f763275b439c9833","C:\Users\bruno\Downloads\Exercicios renomeados\Rotação interna de ombro sentado no cabo","tags_compatibilidade","Ombros","Ombros | Polia/Cabo | Academia","Ombros | Polia/Cabo | Academia","CORRIGIDO"
"media_a0827fa0625c2576a452","C:\Users\bruno\Downloads\Exercicios renomeados\Rotação interna do quadril sentado com elástico","tags_secundarias","Banco | Casa | Academia","Elástico | Academia","Elástico | Academia","CORRIGIDO"
"media_a0827fa0625c2576a452","C:\Users\bruno\Downloads\Exercicios renomeados\Rotação interna do quadril sentado com elástico","tags_compatibilidade","Quadril","Quadril | Elástico | Academia","Quadril | Elástico | Academia","CORRIGIDO"
"media_ac3e58b4be3f47ccf5a7","C:\Users\bruno\Downloads\Exercicios renomeados\Rotação landmine","tags_secundarias","Academia","Barra | Academia","Barra | Academia","CORRIGIDO"
"media_ac3e58b4be3f47ccf5a7","C:\Users\bruno\Downloads\Exercicios renomeados\Rotação landmine","tags_compatibilidade","Abdômen/Core","Abdômen/Core | Barra | Academia","Abdômen/Core | Barra | Academia","CORRIGIDO"
"media_962e032c8b1f8d4994db","C:\Users\bruno\Downloads\Exercicios renomeados\Rotação torácica ajoelhado para trás","tags_secundarias","Casa | Academia","Sem aparelhos | Casa","Sem aparelhos | Casa","CORRIGIDO"
"media_962e032c8b1f8d4994db","C:\Users\bruno\Downloads\Exercicios renomeados\Rotação torácica ajoelhado para trás","tags_compatibilidade","Mobilidade","Mobilidade | Sem aparelhos | Casa","Mobilidade | Sem aparelhos | Casa","CORRIGIDO"
"media_f5d1a24976fa41b0b86b","C:\Users\bruno\Downloads\Exercicios renomeados\Rotação torácica em quatro apoios","tags_secundarias","Casa | Academia","Sem aparelhos | Casa","Sem aparelhos | Casa","CORRIGIDO"
"media_f5d1a24976fa41b0b86b","C:\Users\bruno\Downloads\Exercicios renomeados\Rotação torácica em quatro apoios","tags_compatibilidade","Mobilidade","Mobilidade | Sem aparelhos | Casa","Mobilidade | Sem aparelhos | Casa","CORRIGIDO"
"media_e1af88165942a956c0e5","C:\Users\bruno\Downloads\Exercicios renomeados\Salto agrupado","tags_secundarias","Academia","Cardio | Sem aparelhos | Casa","Sem aparelhos | Casa","CORRIGIDO"
"media_e1af88165942a956c0e5","C:\Users\bruno\Downloads\Exercicios renomeados\Salto agrupado","tags_compatibilidade","Corpo inteiro","Corpo inteiro | Cardio | Sem aparelhos | Casa","Corpo inteiro | Cardio | Sem aparelhos | Casa","CORRIGIDO"
"media_5593336e85c3dd9a8d0b","C:\Users\bruno\Downloads\Exercicios renomeados\Salto de elevação pélvica unilateral","tags_secundarias","Banco | Casa | Academia","Sem aparelhos | Casa","Sem aparelhos | Casa","CORRIGIDO"
"media_5593336e85c3dd9a8d0b","C:\Users\bruno\Downloads\Exercicios renomeados\Salto de elevação pélvica unilateral","tags_compatibilidade","Glúteos","Glúteos | Sem aparelhos | Casa","Glúteos | Sem aparelhos | Casa","CORRIGIDO"
"media_6c12c4b336b682ac2b70","C:\Users\bruno\Downloads\Exercicios renomeados\Salto dividido com halteres","tags_compatibilidade","Corpo inteiro","Corpo inteiro | Halteres | Cardio | Academia","Corpo inteiro | Halteres | Cardio | Academia","CORRIGIDO"
"media_b88cadc46f0d4d95866c","C:\Users\bruno\Downloads\Exercicios renomeados\Salto em distância","tags_secundarias","Casa | Academia","Cardio | Sem aparelhos | Casa","Sem aparelhos | Casa","CORRIGIDO"
"media_b88cadc46f0d4d95866c","C:\Users\bruno\Downloads\Exercicios renomeados\Salto em distância","tags_compatibilidade","Corpo inteiro","Corpo inteiro | Cardio | Sem aparelhos | Casa","Corpo inteiro | Cardio | Sem aparelhos | Casa","CORRIGIDO"
"media_3767fd56a9b4327ddab3","C:\Users\bruno\Downloads\Exercicios renomeados\Salto em distância unilateral","tags_secundarias","Academia | Casa","Cardio | Sem aparelhos | Casa","Sem aparelhos | Casa","CORRIGIDO"
"media_3767fd56a9b4327ddab3","C:\Users\bruno\Downloads\Exercicios renomeados\Salto em distância unilateral","tags_compatibilidade","Corpo inteiro","Corpo inteiro | Cardio | Sem aparelhos | Casa","Corpo inteiro | Cardio | Sem aparelhos | Casa","CORRIGIDO"
"media_34a3bac127420a027db9","C:\Users\bruno\Downloads\Exercicios renomeados\Salto em profundidade para obstáculo","tags_secundarias","Academia","Cardio | Sem aparelhos | Casa","Sem aparelhos | Casa","CORRIGIDO"
"media_34a3bac127420a027db9","C:\Users\bruno\Downloads\Exercicios renomeados\Salto em profundidade para obstáculo","tags_compatibilidade","Corpo inteiro","Corpo inteiro | Cardio | Sem aparelhos | Casa","Corpo inteiro | Cardio | Sem aparelhos | Casa","CORRIGIDO"
"media_822f58a7c4a32e70fa16","C:\Users\bruno\Downloads\Exercicios renomeados\Salto na caixa","tags_secundarias","Academia","Step/Caixa | Cardio | Academia","Step/Caixa | Academia","CORRIGIDO"
"media_822f58a7c4a32e70fa16","C:\Users\bruno\Downloads\Exercicios renomeados\Salto na caixa","tags_compatibilidade","Corpo inteiro","Corpo inteiro | Step/Caixa | Cardio | Academia","Corpo inteiro | Step/Caixa | Cardio | Academia","CORRIGIDO"
"media_0673631de2491887fe9c","C:\Users\bruno\Downloads\Exercicios renomeados\Salto na caixa com uma perna","tags_secundarias","Casa | Academia","Step/Caixa | Cardio | Academia","Step/Caixa | Academia","CORRIGIDO"
"media_0673631de2491887fe9c","C:\Users\bruno\Downloads\Exercicios renomeados\Salto na caixa com uma perna","tags_compatibilidade","Corpo inteiro","Corpo inteiro | Step/Caixa | Cardio | Academia","Corpo inteiro | Step/Caixa | Cardio | Academia","CORRIGIDO"
"media_03b364bea968093e78f0","C:\Users\bruno\Downloads\Exercicios renomeados\Salto para trás","tags_secundarias","Casa | Academia","Cardio | Sem aparelhos | Casa","Sem aparelhos | Casa","CORRIGIDO"
"media_03b364bea968093e78f0","C:\Users\bruno\Downloads\Exercicios renomeados\Salto para trás","tags_compatibilidade","Corpo inteiro","Corpo inteiro | Cardio | Sem aparelhos | Casa","Corpo inteiro | Cardio | Sem aparelhos | Casa","CORRIGIDO"
"media_1c6ee613b14e0d609951","C:\Users\bruno\Downloads\Exercicios renomeados\Salto pliométrico em zigue-zague","tags_secundarias","Casa | Academia | Ao ar livre","Cardio | Sem aparelhos | Casa","Sem aparelhos | Casa","CORRIGIDO"
"media_1c6ee613b14e0d609951","C:\Users\bruno\Downloads\Exercicios renomeados\Salto pliométrico em zigue-zague","tags_compatibilidade","Corpo inteiro","Corpo inteiro | Cardio | Sem aparelhos | Casa","Corpo inteiro | Cardio | Sem aparelhos | Casa","CORRIGIDO"
"media_e783592a49ae91e7c8d5","C:\Users\bruno\Downloads\Exercicios renomeados\Salto vertical com alcance","tags_secundarias","Academia","Cardio | Sem aparelhos | Casa","Sem aparelhos | Casa","CORRIGIDO"
"media_e783592a49ae91e7c8d5","C:\Users\bruno\Downloads\Exercicios renomeados\Salto vertical com alcance","tags_compatibilidade","Corpo inteiro","Corpo inteiro | Cardio | Sem aparelhos | Casa","Corpo inteiro | Cardio | Sem aparelhos | Casa","CORRIGIDO"
"media_9ef93caff4c0341a7ed3","C:\Users\bruno\Downloads\Exercicios renomeados\Saltos com joelho alto","tags_secundarias","Casa | Academia | Ao ar livre","Cardio | Sem aparelhos | Casa","Sem aparelhos | Casa","CORRIGIDO"
"media_9ef93caff4c0341a7ed3","C:\Users\bruno\Downloads\Exercicios renomeados\Saltos com joelho alto","tags_compatibilidade","Corpo inteiro","Corpo inteiro | Cardio | Sem aparelhos | Casa","Corpo inteiro | Cardio | Sem aparelhos | Casa","CORRIGIDO"
"media_2c5ba862da064babb4b0","C:\Users\bruno\Downloads\Exercicios renomeados\Saltos de potência","tags_secundarias","Casa | Academia | Ao ar livre","Cardio | Sem aparelhos | Casa","Sem aparelhos | Casa","CORRIGIDO"
"media_2c5ba862da064babb4b0","C:\Users\bruno\Downloads\Exercicios renomeados\Saltos de potência","tags_compatibilidade","Corpo inteiro","Corpo inteiro | Cardio | Sem aparelhos | Casa","Corpo inteiro | Cardio | Sem aparelhos | Casa","CORRIGIDO"
"media_3928f40d2fcdc598b8ce","C:\Users\bruno\Downloads\Exercicios renomeados\Scott press","tags_secundarias","Halteres | Academia | Casa","Banco | Tríceps | Academia","Tríceps | Banco | Academia","CORRIGIDO"
"media_3928f40d2fcdc598b8ce","C:\Users\bruno\Downloads\Exercicios renomeados\Scott press","tags_compatibilidade","Ombros","Ombros | Banco | Tríceps | Academia","Ombros | Banco | Tríceps | Academia","CORRIGIDO"
"media_40e4027e63f8c7d6a93f","C:\Users\bruno\Downloads\Exercicios renomeados\SkiErg","tags_secundarias","Academia","Máquina | Academia | Corpo inteiro","Corpo inteiro | Máquina | Academia","CORRIGIDO"
"media_40e4027e63f8c7d6a93f","C:\Users\bruno\Downloads\Exercicios renomeados\SkiErg","tags_compatibilidade","Cardio","Cardio | Máquina | Academia | Corpo inteiro","Cardio | Máquina | Academia | Corpo inteiro","CORRIGIDO"
"media_15a3e6747708fe4ff506","C:\Users\bruno\Downloads\Exercicios renomeados\Slam com bola medicinal","tags_secundarias","Academia | Casa","Bola | Cardio | Academia","Bola | Academia","CORRIGIDO"
"media_15a3e6747708fe4ff506","C:\Users\bruno\Downloads\Exercicios renomeados\Slam com bola medicinal","tags_compatibilidade","Corpo inteiro","Corpo inteiro | Bola | Cardio | Academia","Corpo inteiro | Bola | Cardio | Academia","CORRIGIDO"
"media_50433dffe9620f1c1c7c","C:\Users\bruno\Downloads\Exercicios renomeados\Snatch balance","tags_secundarias","Barra | Anilhas | Academia","Barra | Academia","Barra | Academia","CORRIGIDO"
"media_50433dffe9620f1c1c7c","C:\Users\bruno\Downloads\Exercicios renomeados\Snatch balance","tags_compatibilidade","Corpo inteiro","Corpo inteiro | Barra | Academia","Corpo inteiro | Barra | Academia","CORRIGIDO"
"media_2ea19f883edf7070ca88","C:\Users\bruno\Downloads\Exercicios renomeados\Snatch com barra","tags_secundarias","Anilhas | Academia","Barra | Academia","Barra | Academia","CORRIGIDO"
"media_2ea19f883edf7070ca88","C:\Users\bruno\Downloads\Exercicios renomeados\Snatch com barra","tags_compatibilidade","Corpo inteiro","Corpo inteiro | Barra | Academia","Corpo inteiro | Barra | Academia","CORRIGIDO"
"media_e52590311864636df066","C:\Users\bruno\Downloads\Exercicios renomeados\Snatch unilateral com halter","tags_secundarias","Academia","Halteres | Academia","Halteres | Academia","CORRIGIDO"
"media_e52590311864636df066","C:\Users\bruno\Downloads\Exercicios renomeados\Snatch unilateral com halter","tags_compatibilidade","Corpo inteiro","Corpo inteiro | Halteres | Academia","Corpo inteiro | Halteres | Academia","CORRIGIDO"
"media_46780e150c2ffee4f8ff","C:\Users\bruno\Downloads\Exercicios renomeados\Socos","tags_secundarias","Casa | Academia","Sem aparelhos | Casa | Corpo inteiro","Corpo inteiro | Sem aparelhos | Casa","CORRIGIDO"
"media_46780e150c2ffee4f8ff","C:\Users\bruno\Downloads\Exercicios renomeados\Socos","tags_compatibilidade","Cardio","Cardio | Sem aparelhos | Casa | Corpo inteiro","Cardio | Sem aparelhos | Casa | Corpo inteiro","CORRIGIDO"
"media_5b3d146a48af410dfd5c","C:\Users\bruno\Downloads\Exercicios renomeados\Sprint na bicicleta ergométrica","tags_secundarias","Academia | Casa","Máquina | Bicicleta | Academia","Máquina | Bicicleta | Academia","CORRIGIDO"
"media_5b3d146a48af410dfd5c","C:\Users\bruno\Downloads\Exercicios renomeados\Sprint na bicicleta ergométrica","tags_compatibilidade","Cardio","Cardio | Máquina | Bicicleta | Academia","Cardio | Máquina | Bicicleta | Academia","CORRIGIDO"
"media_3ff2e34a5c3aed66a8d6","C:\Users\bruno\Downloads\Exercicios renomeados\Squat thrust (agachamento para prancha)","tags_secundarias","Academia | Casa | Ao ar livre","Cardio | Sem aparelhos | Casa","Sem aparelhos | Casa","CORRIGIDO"
"media_3ff2e34a5c3aed66a8d6","C:\Users\bruno\Downloads\Exercicios renomeados\Squat thrust (agachamento para prancha)","tags_compatibilidade","Corpo inteiro","Corpo inteiro | Cardio | Sem aparelhos | Casa","Corpo inteiro | Cardio | Sem aparelhos | Casa","CORRIGIDO"
"media_25603c4c184000fe46be","C:\Users\bruno\Downloads\Exercicios renomeados\Step-down unilateral","tags_secundarias","Casa | Academia","Step/Caixa | Glúteos | Academia","Glúteos | Step/Caixa | Academia","CORRIGIDO"
"media_25603c4c184000fe46be","C:\Users\bruno\Downloads\Exercicios renomeados\Step-down unilateral","tags_compatibilidade","Quadríceps","Quadríceps | Step/Caixa | Glúteos | Academia","Quadríceps | Step/Caixa | Glúteos | Academia","CORRIGIDO"
"media_67bfb91c8acba912cb26","C:\Users\bruno\Downloads\Exercicios renomeados\Step-up com elevação do joelho","tags_secundarias","Banco | Casa | Academia | Ao ar livre","Step/Caixa | Glúteos | Academia","Glúteos | Step/Caixa | Academia","CORRIGIDO"
"media_67bfb91c8acba912cb26","C:\Users\bruno\Downloads\Exercicios renomeados\Step-up com elevação do joelho","tags_compatibilidade","Quadríceps","Quadríceps | Step/Caixa | Glúteos | Academia","Quadríceps | Step/Caixa | Glúteos | Academia","CORRIGIDO"
"media_a9eebdc43bbaa0da601e","C:\Users\bruno\Downloads\Exercicios renomeados\Step-up com elástico","tags_secundarias","Academia | Casa","Elástico | Step/Caixa | Glúteos","Glúteos | Elástico | Step/Caixa | Academia | Casa","CORRIGIDO"
"media_a9eebdc43bbaa0da601e","C:\Users\bruno\Downloads\Exercicios renomeados\Step-up com elástico","tags_compatibilidade","Quadríceps","Quadríceps | Elástico | Step/Caixa | Glúteos","Quadríceps | Elástico | Step/Caixa | Glúteos","CORRIGIDO"
"media_bfe1cffc4cf02b0a65a7","C:\Users\bruno\Downloads\Exercicios renomeados\Step-up com equilíbrio e rosca bíceps","tags_secundarias","Halteres | Banco | Academia | Casa","Step/Caixa | Academia","Step/Caixa | Academia","CORRIGIDO"
"media_bfe1cffc4cf02b0a65a7","C:\Users\bruno\Downloads\Exercicios renomeados\Step-up com equilíbrio e rosca bíceps","tags_compatibilidade","Bíceps","Bíceps | Step/Caixa | Academia","Bíceps | Step/Caixa | Academia","CORRIGIDO"
"media_21d252fe7df4de8b01a6","C:\Users\bruno\Downloads\Exercicios renomeados\Step-up com halteres","tags_secundarias","Halteres | Casa | Academia","Halteres | Step/Caixa | Glúteos","Glúteos | Halteres | Step/Caixa | Casa | Academia","CORRIGIDO"
"media_21d252fe7df4de8b01a6","C:\Users\bruno\Downloads\Exercicios renomeados\Step-up com halteres","tags_compatibilidade","Quadríceps","Quadríceps | Halteres | Step/Caixa | Glúteos","Quadríceps | Halteres | Step/Caixa | Glúteos","CORRIGIDO"
"media_c68a7f9f79457c36453e","C:\Users\bruno\Downloads\Exercicios renomeados\Step-up com rotação e joelho ao cotovelo","tags_secundarias","Academia | Casa","Step/Caixa | Glúteos | Academia","Glúteos | Step/Caixa | Academia","CORRIGIDO"
"media_c68a7f9f79457c36453e","C:\Users\bruno\Downloads\Exercicios renomeados\Step-up com rotação e joelho ao cotovelo","tags_compatibilidade","Quadríceps","Quadríceps | Step/Caixa | Glúteos | Academia","Quadríceps | Step/Caixa | Glúteos | Academia","CORRIGIDO"
"media_a95dd7df569e4fa31ed5","C:\Users\bruno\Downloads\Exercicios renomeados\Step-up lateral","tags_secundarias","Banco | Academia | Casa","Step/Caixa | Glúteos | Academia","Glúteos | Step/Caixa | Academia","CORRIGIDO"
"media_a95dd7df569e4fa31ed5","C:\Users\bruno\Downloads\Exercicios renomeados\Step-up lateral","tags_compatibilidade","Quadríceps","Quadríceps | Step/Caixa | Glúteos | Academia","Quadríceps | Step/Caixa | Glúteos | Academia","CORRIGIDO"
"media_2d38aee402705afccb8f","C:\Users\bruno\Downloads\Exercicios renomeados\Step-up lateral com halteres","tags_secundarias","Halteres | Academia | Casa","Halteres | Step/Caixa | Glúteos","Glúteos | Halteres | Step/Caixa | Academia | Casa","CORRIGIDO"
"media_2d38aee402705afccb8f","C:\Users\bruno\Downloads\Exercicios renomeados\Step-up lateral com halteres","tags_compatibilidade","Quadríceps","Quadríceps | Halteres | Step/Caixa | Glúteos","Quadríceps | Halteres | Step/Caixa | Glúteos","CORRIGIDO"
"media_118ff8b2ba6ba026f180","C:\Users\bruno\Downloads\Exercicios renomeados\Step-up no banco com barra","tags_secundarias","Banco | Academia","Barra | Banco | Step/Caixa","Barra | Banco | Step/Caixa | Academia","CORRIGIDO"
"media_118ff8b2ba6ba026f180","C:\Users\bruno\Downloads\Exercicios renomeados\Step-up no banco com barra","tags_compatibilidade","Quadríceps","Quadríceps | Barra | Banco | Step/Caixa","Quadríceps | Barra | Banco | Step/Caixa","CORRIGIDO"
"media_c60d0677040259b02da3","C:\Users\bruno\Downloads\Exercicios renomeados\Stiff com halteres","tags_secundarias","Halteres | Academia | Casa","Halteres | Glúteos | Academia","Glúteos | Halteres | Academia","CORRIGIDO"
"media_c60d0677040259b02da3","C:\Users\bruno\Downloads\Exercicios renomeados\Stiff com halteres","tags_compatibilidade","Posterior de coxa","Posterior de coxa | Halteres | Glúteos | Academia","Posterior de coxa | Halteres | Glúteos | Academia","CORRIGIDO"
"media_bdb2c36c305132520848","C:\Users\bruno\Downloads\Exercicios renomeados\Super-homem","tags_secundarias","Casa | Academia","Sem aparelhos | Casa","Sem aparelhos | Casa","CORRIGIDO"
"media_bdb2c36c305132520848","C:\Users\bruno\Downloads\Exercicios renomeados\Super-homem","tags_compatibilidade","Costas","Costas | Sem aparelhos | Casa","Costas | Sem aparelhos | Casa","CORRIGIDO"
"media_ad4725f408aace1587fa","C:\Users\bruno\Downloads\Exercicios renomeados\Super-homem - variação 2","tags_secundarias","Casa | Academia","Sem aparelhos | Casa","Sem aparelhos | Casa","CORRIGIDO"
"media_ad4725f408aace1587fa","C:\Users\bruno\Downloads\Exercicios renomeados\Super-homem - variação 2","tags_compatibilidade","Costas","Costas | Sem aparelhos | Casa","Costas | Sem aparelhos | Casa","CORRIGIDO"
"media_069205b8deab71863d87","C:\Users\bruno\Downloads\Exercicios renomeados\Super-homem - variação 3","tags_secundarias","Casa | Academia","Sem aparelhos | Casa","Sem aparelhos | Casa","CORRIGIDO"
"media_069205b8deab71863d87","C:\Users\bruno\Downloads\Exercicios renomeados\Super-homem - variação 3","tags_compatibilidade","Costas","Costas | Sem aparelhos | Casa","Costas | Sem aparelhos | Casa","CORRIGIDO"
"media_66f1db807a9d4d3e0fde","C:\Users\bruno\Downloads\Exercicios renomeados\Supino ajoelhado com elástico","tags_secundarias","Casa | Academia","Elástico | Banco | Tríceps","Tríceps | Elástico | Banco | Casa | Academia","CORRIGIDO"
"media_66f1db807a9d4d3e0fde","C:\Users\bruno\Downloads\Exercicios renomeados\Supino ajoelhado com elástico","tags_compatibilidade","Peito","Peito | Elástico | Banco | Tríceps","Peito | Elástico | Banco | Tríceps","CORRIGIDO"
"media_d432482a6d2371d9c4a7","C:\Users\bruno\Downloads\Exercicios renomeados\Supino alternado com halteres","tags_secundarias","Halteres | Academia | Casa","Halteres | Banco | Tríceps","Tríceps | Halteres | Banco | Academia | Casa","CORRIGIDO"
"media_d432482a6d2371d9c4a7","C:\Users\bruno\Downloads\Exercicios renomeados\Supino alternado com halteres","tags_compatibilidade","Peito","Peito | Halteres | Banco | Tríceps","Peito | Halteres | Banco | Tríceps","CORRIGIDO"
"media_e07c607a601c3a70b90a","C:\Users\bruno\Downloads\Exercicios renomeados\Supino com halteres","tags_secundarias","Halteres | Academia","Halteres | Banco | Tríceps","Tríceps | Halteres | Banco | Academia","CORRIGIDO"
"media_e07c607a601c3a70b90a","C:\Users\bruno\Downloads\Exercicios renomeados\Supino com halteres","tags_compatibilidade","Peito","Peito | Halteres | Banco | Tríceps","Peito | Halteres | Banco | Tríceps","CORRIGIDO"
"media_c9a7cd8b634bff61827d","C:\Users\bruno\Downloads\Exercicios renomeados\Supino com halteres e pegada fechada","tags_secundarias","Halteres | Academia | Casa","Halteres | Banco | Academia","Halteres | Banco | Academia","CORRIGIDO"
"media_c9a7cd8b634bff61827d","C:\Users\bruno\Downloads\Exercicios renomeados\Supino com halteres e pegada fechada","tags_compatibilidade","Antebraços","Antebraços | Halteres | Banco | Academia","Antebraços | Halteres | Banco | Academia","CORRIGIDO"
"media_578435577be4475cf008","C:\Users\bruno\Downloads\Exercicios renomeados\Supino com halteres e pegada reversa","tags_secundarias","Halteres | Academia | Casa","Halteres | Banco | Academia","Halteres | Banco | Academia","CORRIGIDO"
"media_578435577be4475cf008","C:\Users\bruno\Downloads\Exercicios renomeados\Supino com halteres e pegada reversa","tags_compatibilidade","Antebraços","Antebraços | Halteres | Banco | Academia","Antebraços | Halteres | Banco | Academia","CORRIGIDO"
"media_12c2a2cdbac36debf89c","C:\Users\bruno\Downloads\Exercicios renomeados\Supino com pegada aberta","tags_secundarias","Academia","Banco | Academia","Banco | Academia","CORRIGIDO"
"media_12c2a2cdbac36debf89c","C:\Users\bruno\Downloads\Exercicios renomeados\Supino com pegada aberta","tags_compatibilidade","Antebraços","Antebraços | Banco | Academia","Antebraços | Banco | Academia","CORRIGIDO"
"media_2a19365360e67c7c55e9","C:\Users\bruno\Downloads\Exercicios renomeados\Supino com pegada fechada","tags_secundarias","Barra | Anilhas | Academia | Casa","Banco | Academia","Banco | Academia","CORRIGIDO"
"media_2a19365360e67c7c55e9","C:\Users\bruno\Downloads\Exercicios renomeados\Supino com pegada fechada","tags_compatibilidade","Antebraços","Antebraços | Banco | Academia","Antebraços | Banco | Academia","CORRIGIDO"
"media_1126903b26ae141622ea","C:\Users\bruno\Downloads\Exercicios renomeados\Supino convergente na máquina","tags_secundarias","Academia","Máquina | Tríceps | Academia","Tríceps | Máquina | Academia","CORRIGIDO"
"media_1126903b26ae141622ea","C:\Users\bruno\Downloads\Exercicios renomeados\Supino convergente na máquina","tags_compatibilidade","Peito","Peito | Máquina | Tríceps | Academia","Peito | Máquina | Tríceps | Academia","CORRIGIDO"
"media_8d1cd8a354abbd87be15","C:\Users\bruno\Downloads\Exercicios renomeados\Supino declinado com barra","tags_secundarias","Barra | Anilhas | Academia","Barra | Banco | Tríceps","Tríceps | Barra | Banco | Academia","CORRIGIDO"
"media_8d1cd8a354abbd87be15","C:\Users\bruno\Downloads\Exercicios renomeados\Supino declinado com barra","tags_compatibilidade","Peito","Peito | Barra | Banco | Tríceps","Peito | Barra | Banco | Tríceps","CORRIGIDO"
"media_f065536813e7db4b1a55","C:\Users\bruno\Downloads\Exercicios renomeados\Supino declinado com halteres","tags_secundarias","Halteres | Academia","Halteres | Banco | Tríceps","Tríceps | Halteres | Banco | Academia","CORRIGIDO"
"media_f065536813e7db4b1a55","C:\Users\bruno\Downloads\Exercicios renomeados\Supino declinado com halteres","tags_compatibilidade","Peito","Peito | Halteres | Banco | Tríceps","Peito | Halteres | Banco | Tríceps","CORRIGIDO"
"media_46694e0eabb29c027c3b","C:\Users\bruno\Downloads\Exercicios renomeados\Supino declinado na máquina","tags_secundarias","Academia","Máquina | Tríceps | Academia","Tríceps | Máquina | Academia","CORRIGIDO"
"media_46694e0eabb29c027c3b","C:\Users\bruno\Downloads\Exercicios renomeados\Supino declinado na máquina","tags_compatibilidade","Peito","Peito | Máquina | Tríceps | Academia","Peito | Máquina | Tríceps | Academia","CORRIGIDO"
"media_36ff9e5f91c6613fd817","C:\Users\bruno\Downloads\Exercicios renomeados\Supino declinado na máquina - variação 2","tags_secundarias","Anilhas | Academia","Máquina | Tríceps | Academia","Tríceps | Máquina | Academia","CORRIGIDO"
"media_36ff9e5f91c6613fd817","C:\Users\bruno\Downloads\Exercicios renomeados\Supino declinado na máquina - variação 2","tags_compatibilidade","Peito","Peito | Máquina | Tríceps | Academia","Peito | Máquina | Tríceps | Academia","CORRIGIDO"
"media_08a6bfe55d453c624fc7","C:\Users\bruno\Downloads\Exercicios renomeados\Supino declinado na máquina Smith","tags_secundarias","Academia","Máquina | Tríceps | Academia","Tríceps | Máquina | Academia","CORRIGIDO"
"media_08a6bfe55d453c624fc7","C:\Users\bruno\Downloads\Exercicios renomeados\Supino declinado na máquina Smith","tags_compatibilidade","Peito","Peito | Máquina | Tríceps | Academia","Peito | Máquina | Tríceps | Academia","CORRIGIDO"
"media_98334d6b79ebeded9f01","C:\Users\bruno\Downloads\Exercicios renomeados\Supino deitado na máquina","tags_secundarias","Anilhas | Academia","Máquina | Tríceps | Academia","Tríceps | Máquina | Academia","CORRIGIDO"
"media_98334d6b79ebeded9f01","C:\Users\bruno\Downloads\Exercicios renomeados\Supino deitado na máquina","tags_compatibilidade","Peito","Peito | Máquina | Tríceps | Academia","Peito | Máquina | Tríceps | Academia","CORRIGIDO"
"media_1ad5949473a4fbdf2164","C:\Users\bruno\Downloads\Exercicios renomeados\Supino em pé com elástico","tags_secundarias","Casa | Academia","Elástico | Banco | Tríceps","Tríceps | Elástico | Banco | Casa | Academia","CORRIGIDO"
"media_1ad5949473a4fbdf2164","C:\Users\bruno\Downloads\Exercicios renomeados\Supino em pé com elástico","tags_compatibilidade","Peito","Peito | Elástico | Banco | Tríceps","Peito | Elástico | Banco | Tríceps","CORRIGIDO"
"media_7bf71653cc625df900ac","C:\Users\bruno\Downloads\Exercicios renomeados\Supino inclinado com barra","tags_secundarias","Barra | Academia","Barra | Banco | Tríceps","Tríceps | Barra | Banco | Academia","CORRIGIDO"
"media_7bf71653cc625df900ac","C:\Users\bruno\Downloads\Exercicios renomeados\Supino inclinado com barra","tags_compatibilidade","Peito","Peito | Barra | Banco | Tríceps","Peito | Barra | Banco | Tríceps","CORRIGIDO"
"media_244770688862614a2093","C:\Users\bruno\Downloads\Exercicios renomeados\Supino inclinado com halteres","tags_secundarias","Halteres | Academia | Casa","Halteres | Banco | Tríceps","Tríceps | Halteres | Banco | Academia | Casa","CORRIGIDO"
"media_244770688862614a2093","C:\Users\bruno\Downloads\Exercicios renomeados\Supino inclinado com halteres","tags_compatibilidade","Peito","Peito | Halteres | Banco | Tríceps","Peito | Halteres | Banco | Tríceps","CORRIGIDO"
"media_5c3cc8a96614c09fadee","C:\Users\bruno\Downloads\Exercicios renomeados\Supino inclinado com halteres e pegada reversa","tags_secundarias","Halteres | Academia | Casa","Halteres | Banco | Academia","Halteres | Banco | Academia","CORRIGIDO"
"media_5c3cc8a96614c09fadee","C:\Users\bruno\Downloads\Exercicios renomeados\Supino inclinado com halteres e pegada reversa","tags_compatibilidade","Antebraços","Antebraços | Halteres | Banco | Academia","Antebraços | Halteres | Banco | Academia","CORRIGIDO"
"media_8420c40db8f404ac1c6d","C:\Users\bruno\Downloads\Exercicios renomeados\Supino inclinado com pegada fechada","tags_secundarias","Barra | Anilhas | Academia","Banco | Academia","Banco | Academia","CORRIGIDO"
"media_8420c40db8f404ac1c6d","C:\Users\bruno\Downloads\Exercicios renomeados\Supino inclinado com pegada fechada","tags_compatibilidade","Antebraços","Antebraços | Banco | Academia","Antebraços | Banco | Academia","CORRIGIDO"
"media_75767797e40f44dbb96e","C:\Users\bruno\Downloads\Exercicios renomeados\Supino inclinado na máquina","tags_secundarias","Anilhas | Academia","Máquina | Tríceps | Academia","Tríceps | Máquina | Academia","CORRIGIDO"
"media_75767797e40f44dbb96e","C:\Users\bruno\Downloads\Exercicios renomeados\Supino inclinado na máquina","tags_compatibilidade","Peito","Peito | Máquina | Tríceps | Academia","Peito | Máquina | Tríceps | Academia","CORRIGIDO"
"media_19197214f72a68d5b4f1","C:\Users\bruno\Downloads\Exercicios renomeados\Supino inclinado na máquina - variação 2","tags_secundarias","Academia","Máquina | Tríceps | Academia","Tríceps | Máquina | Academia","CORRIGIDO"
"media_19197214f72a68d5b4f1","C:\Users\bruno\Downloads\Exercicios renomeados\Supino inclinado na máquina - variação 2","tags_compatibilidade","Peito","Peito | Máquina | Tríceps | Academia","Peito | Máquina | Tríceps | Academia","CORRIGIDO"
"media_1ec6694c584149147bf8","C:\Users\bruno\Downloads\Exercicios renomeados\Supino inclinado na máquina Smith","tags_secundarias","Academia","Máquina | Tríceps | Academia","Tríceps | Máquina | Academia","CORRIGIDO"
"media_1ec6694c584149147bf8","C:\Users\bruno\Downloads\Exercicios renomeados\Supino inclinado na máquina Smith","tags_compatibilidade","Peito","Peito | Máquina | Tríceps | Academia","Peito | Máquina | Tríceps | Academia","CORRIGIDO"
"media_d81d533a7b9ed1c205f2","C:\Users\bruno\Downloads\Exercicios renomeados\Supino martelo com halteres","tags_secundarias","Halteres | Academia","Halteres | Banco | Tríceps","Tríceps | Halteres | Banco | Academia","CORRIGIDO"
"media_d81d533a7b9ed1c205f2","C:\Users\bruno\Downloads\Exercicios renomeados\Supino martelo com halteres","tags_compatibilidade","Peito","Peito | Halteres | Banco | Tríceps","Peito | Halteres | Banco | Tríceps","CORRIGIDO"
"media_38e23216ab9a41445120","C:\Users\bruno\Downloads\Exercicios renomeados\Supino martelo declinado com halteres","tags_secundarias","Academia","Halteres | Banco | Tríceps","Tríceps | Halteres | Banco | Academia","CORRIGIDO"
"media_38e23216ab9a41445120","C:\Users\bruno\Downloads\Exercicios renomeados\Supino martelo declinado com halteres","tags_compatibilidade","Peito","Peito | Halteres | Banco | Tríceps","Peito | Halteres | Banco | Tríceps","CORRIGIDO"
"media_b77110d46a0109008a99","C:\Users\bruno\Downloads\Exercicios renomeados\Supino martelo declinado com halteres - variação 2","tags_secundarias","Halteres | Academia","Halteres | Banco | Tríceps","Tríceps | Halteres | Banco | Academia","CORRIGIDO"
"media_b77110d46a0109008a99","C:\Users\bruno\Downloads\Exercicios renomeados\Supino martelo declinado com halteres - variação 2","tags_compatibilidade","Peito","Peito | Halteres | Banco | Tríceps","Peito | Halteres | Banco | Tríceps","CORRIGIDO"
"media_9d5128716cefc8f59b06","C:\Users\bruno\Downloads\Exercicios renomeados\Supino martelo inclinado com halteres","tags_secundarias","Halteres | Academia | Casa","Halteres | Banco | Tríceps","Tríceps | Halteres | Banco | Academia | Casa","CORRIGIDO"
"media_9d5128716cefc8f59b06","C:\Users\bruno\Downloads\Exercicios renomeados\Supino martelo inclinado com halteres","tags_compatibilidade","Peito","Peito | Halteres | Banco | Tríceps","Peito | Halteres | Banco | Tríceps","CORRIGIDO"
"media_b17b6b21c798628bc3d3","C:\Users\bruno\Downloads\Exercicios renomeados\Supino na máquina","tags_secundarias","Academia","Máquina | Tríceps | Academia","Tríceps | Máquina | Academia","CORRIGIDO"
"media_b17b6b21c798628bc3d3","C:\Users\bruno\Downloads\Exercicios renomeados\Supino na máquina","tags_compatibilidade","Peito","Peito | Máquina | Tríceps | Academia","Peito | Máquina | Tríceps | Academia","CORRIGIDO"
"media_64f888d0c302bcd91d2a","C:\Users\bruno\Downloads\Exercicios renomeados\Supino na máquina - variação 2","tags_secundarias","Academia","Máquina | Tríceps | Academia","Tríceps | Máquina | Academia","CORRIGIDO"
"media_64f888d0c302bcd91d2a","C:\Users\bruno\Downloads\Exercicios renomeados\Supino na máquina - variação 2","tags_compatibilidade","Peito","Peito | Máquina | Tríceps | Academia","Peito | Máquina | Tríceps | Academia","CORRIGIDO"
"media_4f4694759875b5dbd15e","C:\Users\bruno\Downloads\Exercicios renomeados\Supino na máquina Smith","tags_secundarias","Anilhas | Academia","Máquina | Tríceps | Academia","Tríceps | Máquina | Academia","CORRIGIDO"
"media_4f4694759875b5dbd15e","C:\Users\bruno\Downloads\Exercicios renomeados\Supino na máquina Smith","tags_compatibilidade","Peito","Peito | Máquina | Tríceps | Academia","Peito | Máquina | Tríceps | Academia","CORRIGIDO"
"media_bb7ae36dcd31aaf0b43b","C:\Users\bruno\Downloads\Exercicios renomeados\Supino reto com barra","tags_secundarias","Anilhas | Academia","Barra | Banco | Tríceps","Tríceps | Barra | Banco | Academia","CORRIGIDO"
"media_bb7ae36dcd31aaf0b43b","C:\Users\bruno\Downloads\Exercicios renomeados\Supino reto com barra","tags_compatibilidade","Peito","Peito | Barra | Banco | Tríceps","Peito | Barra | Banco | Tríceps","CORRIGIDO"
"media_d0238db28bd27397475f","C:\Users\bruno\Downloads\Exercicios renomeados\Supino reto com barra, pegada reversa e fechada","tags_secundarias","Barra | Academia","Barra | Banco | Academia","Barra | Banco | Academia","CORRIGIDO"
"media_d0238db28bd27397475f","C:\Users\bruno\Downloads\Exercicios renomeados\Supino reto com barra, pegada reversa e fechada","tags_compatibilidade","Antebraços","Antebraços | Barra | Banco | Academia","Antebraços | Barra | Banco | Academia","CORRIGIDO"
"media_fa4eb52e3a6d2dd16bdf","C:\Users\bruno\Downloads\Exercicios renomeados\Supino sentado no cabo","tags_secundarias","Academia","Polia/Cabo | Banco | Tríceps","Tríceps | Polia/Cabo | Banco | Academia","CORRIGIDO"
"media_fa4eb52e3a6d2dd16bdf","C:\Users\bruno\Downloads\Exercicios renomeados\Supino sentado no cabo","tags_compatibilidade","Peito","Peito | Polia/Cabo | Banco | Tríceps","Peito | Polia/Cabo | Banco | Tríceps","CORRIGIDO"
"media_e9477e80d0fb15e65cf0","C:\Users\bruno\Downloads\Exercicios renomeados\Supino sentado no cabo com pegada fechada","tags_secundarias","Academia","Polia/Cabo | Banco | Academia","Polia/Cabo | Banco | Academia","CORRIGIDO"
"media_e9477e80d0fb15e65cf0","C:\Users\bruno\Downloads\Exercicios renomeados\Supino sentado no cabo com pegada fechada","tags_compatibilidade","Antebraços","Antebraços | Polia/Cabo | Banco | Academia","Antebraços | Polia/Cabo | Banco | Academia","CORRIGIDO"
"media_e65cc478377759c4ed7e","C:\Users\bruno\Downloads\Exercicios renomeados\Supino unilateral com halter e pegada reversa","tags_secundarias","Academia","Halteres | Banco | Academia","Halteres | Banco | Academia","CORRIGIDO"
"media_e65cc478377759c4ed7e","C:\Users\bruno\Downloads\Exercicios renomeados\Supino unilateral com halter e pegada reversa","tags_compatibilidade","Antebraços","Antebraços | Halteres | Banco | Academia","Antebraços | Halteres | Banco | Academia","CORRIGIDO"
"media_fe568c6890f78f25fa51","C:\Users\bruno\Downloads\Exercicios renomeados\Supino unilateral com kettlebell no banco","tags_secundarias","Kettlebell | Academia","Kettlebell | Banco | Tríceps","Tríceps | Kettlebell | Banco | Academia","CORRIGIDO"
"media_fe568c6890f78f25fa51","C:\Users\bruno\Downloads\Exercicios renomeados\Supino unilateral com kettlebell no banco","tags_compatibilidade","Peito","Peito | Kettlebell | Banco | Tríceps","Peito | Kettlebell | Banco | Tríceps","CORRIGIDO"
"media_9e47b03b9ae0086a6c6b","C:\Users\bruno\Downloads\Exercicios renomeados\Supino unilateral na máquina","tags_secundarias","Academia","Máquina | Tríceps | Academia","Tríceps | Máquina | Academia","CORRIGIDO"
"media_9e47b03b9ae0086a6c6b","C:\Users\bruno\Downloads\Exercicios renomeados\Supino unilateral na máquina","tags_compatibilidade","Peito","Peito | Máquina | Tríceps | Academia","Peito | Máquina | Tríceps | Academia","CORRIGIDO"
"media_ea72bb4460ed90de2ab2","C:\Users\bruno\Downloads\Exercicios renomeados\Supino unilateral no cabo em pé","tags_secundarias","Academia","Polia/Cabo | Banco | Tríceps","Tríceps | Polia/Cabo | Banco | Academia","CORRIGIDO"
"media_ea72bb4460ed90de2ab2","C:\Users\bruno\Downloads\Exercicios renomeados\Supino unilateral no cabo em pé","tags_compatibilidade","Peito","Peito | Polia/Cabo | Banco | Tríceps","Peito | Polia/Cabo | Banco | Tríceps","CORRIGIDO"
"media_2ab4ba9c1fc4f31ca23e","C:\Users\bruno\Downloads\Exercicios renomeados\Suspensão na barra fixa","tags_secundarias","Barra fixa | Casa | Academia","Barra fixa | Bíceps | Academia","Bíceps | Barra fixa | Academia","CORRIGIDO"
"media_2ab4ba9c1fc4f31ca23e","C:\Users\bruno\Downloads\Exercicios renomeados\Suspensão na barra fixa","tags_compatibilidade","Costas","Costas | Barra fixa | Bíceps | Academia","Costas | Barra fixa | Bíceps | Academia","CORRIGIDO"
"media_963e38d2278403293da5","C:\Users\bruno\Downloads\Exercicios renomeados\Tesoura de braços","tags_secundarias","Casa | Academia","Sem aparelhos | Casa","Sem aparelhos | Casa","CORRIGIDO"
"media_963e38d2278403293da5","C:\Users\bruno\Downloads\Exercicios renomeados\Tesoura de braços","tags_compatibilidade","Corpo inteiro","Corpo inteiro | Sem aparelhos | Casa","Corpo inteiro | Sem aparelhos | Casa","CORRIGIDO"
"media_5b480e01e3b551f926ab","C:\Users\bruno\Downloads\Exercicios renomeados\Tesoura de pernas deitado","tags_secundarias","Casa | Academia","Sem aparelhos | Casa","Sem aparelhos | Casa","CORRIGIDO"
"media_5b480e01e3b551f926ab","C:\Users\bruno\Downloads\Exercicios renomeados\Tesoura de pernas deitado","tags_compatibilidade","Abdômen/Core","Abdômen/Core | Sem aparelhos | Casa","Abdômen/Core | Sem aparelhos | Casa","CORRIGIDO"
"media_51b45720ac22710f6d08","C:\Users\bruno\Downloads\Exercicios renomeados\Thruster com kettlebell","tags_secundarias","Academia | Casa","Kettlebell | Academia","Kettlebell | Academia","CORRIGIDO"
"media_51b45720ac22710f6d08","C:\Users\bruno\Downloads\Exercicios renomeados\Thruster com kettlebell","tags_compatibilidade","Corpo inteiro","Corpo inteiro | Kettlebell | Academia","Corpo inteiro | Kettlebell | Academia","CORRIGIDO"
"media_aacc97e352cb7c22fef8","C:\Users\bruno\Downloads\Exercicios renomeados\Toque de caranguejo com rotação","tags_secundarias","Casa | Academia","Sem aparelhos | Casa","Sem aparelhos | Casa","CORRIGIDO"
"media_aacc97e352cb7c22fef8","C:\Users\bruno\Downloads\Exercicios renomeados\Toque de caranguejo com rotação","tags_compatibilidade","Abdômen/Core","Abdômen/Core | Sem aparelhos | Casa","Abdômen/Core | Sem aparelhos | Casa","CORRIGIDO"
"media_0e0efd578078ac0be267","C:\Users\bruno\Downloads\Exercicios renomeados\Toque de caranguejo com rotação - variação 2","tags_secundarias","Casa | Academia","Sem aparelhos | Casa","Sem aparelhos | Casa","CORRIGIDO"
"media_0e0efd578078ac0be267","C:\Users\bruno\Downloads\Exercicios renomeados\Toque de caranguejo com rotação - variação 2","tags_compatibilidade","Abdômen/Core","Abdômen/Core | Sem aparelhos | Casa","Abdômen/Core | Sem aparelhos | Casa","CORRIGIDO"
"media_7b779589c0d32c4cab8a","C:\Users\bruno\Downloads\Exercicios renomeados\Toque dos pés em pé","tags_secundarias","Casa | Academia","Sem aparelhos | Casa","Sem aparelhos | Casa","CORRIGIDO"
"media_7b779589c0d32c4cab8a","C:\Users\bruno\Downloads\Exercicios renomeados\Toque dos pés em pé","tags_compatibilidade","Corpo inteiro","Corpo inteiro | Sem aparelhos | Casa","Corpo inteiro | Sem aparelhos | Casa","CORRIGIDO"
"media_dd4a8dd102db185dfc53","C:\Users\bruno\Downloads\Exercicios renomeados\Toque lateral com elástico","tags_secundarias","Academia | Casa","Elástico | Academia","Elástico | Academia","CORRIGIDO"
"media_dd4a8dd102db185dfc53","C:\Users\bruno\Downloads\Exercicios renomeados\Toque lateral com elástico","tags_compatibilidade","Corpo inteiro","Corpo inteiro | Elástico | Academia","Corpo inteiro | Elástico | Academia","CORRIGIDO"
"media_a7672baa5e9273981864","C:\Users\bruno\Downloads\Exercicios renomeados\Toque no calcanhar","tags_secundarias","Casa | Academia","Sem aparelhos | Casa","Sem aparelhos | Casa","CORRIGIDO"
"media_a7672baa5e9273981864","C:\Users\bruno\Downloads\Exercicios renomeados\Toque no calcanhar","tags_compatibilidade","Abdômen/Core","Abdômen/Core | Sem aparelhos | Casa","Abdômen/Core | Sem aparelhos | Casa","CORRIGIDO"
"media_d39817b8f03c1508bfe6","C:\Users\bruno\Downloads\Exercicios renomeados\Torção oblíqua sentada","tags_secundarias","Casa | Academia","Sem aparelhos | Casa","Sem aparelhos | Casa","CORRIGIDO"
"media_d39817b8f03c1508bfe6","C:\Users\bruno\Downloads\Exercicios renomeados\Torção oblíqua sentada","tags_compatibilidade","Abdômen/Core","Abdômen/Core | Sem aparelhos | Casa","Abdômen/Core | Sem aparelhos | Casa","CORRIGIDO"
"media_4efa59ff9d80102eb5d5","C:\Users\bruno\Downloads\Exercicios renomeados\Torção russa","tags_secundarias","Academia | Casa","Sem aparelhos | Casa","Sem aparelhos | Casa","CORRIGIDO"
"media_4efa59ff9d80102eb5d5","C:\Users\bruno\Downloads\Exercicios renomeados\Torção russa","tags_compatibilidade","Abdômen/Core","Abdômen/Core | Sem aparelhos | Casa","Abdômen/Core | Sem aparelhos | Casa","CORRIGIDO"
"media_3f819029554bb4436461","C:\Users\bruno\Downloads\Exercicios renomeados\Tríceps na polia","tags_secundarias","Academia","Polia/Cabo | Academia","Polia/Cabo | Academia","CORRIGIDO"
"media_3f819029554bb4436461","C:\Users\bruno\Downloads\Exercicios renomeados\Tríceps na polia","tags_compatibilidade","Tríceps","Tríceps | Polia/Cabo | Academia","Tríceps | Polia/Cabo | Academia","CORRIGIDO"
"media_3a837cfce62495425870","C:\Users\bruno\Downloads\Exercicios renomeados\Tríceps no banco","tags_secundarias","Casa | Academia","Banco | Academia","Banco | Academia","CORRIGIDO"
"media_3a837cfce62495425870","C:\Users\bruno\Downloads\Exercicios renomeados\Tríceps no banco","tags_compatibilidade","Tríceps","Tríceps | Banco | Academia","Tríceps | Banco | Academia","CORRIGIDO"
"media_73f014adea062cb63c99","C:\Users\bruno\Downloads\Exercicios renomeados\Tríceps testa com barra","tags_secundarias","","Barra | Academia","Barra | Academia","CORRIGIDO"
"media_73f014adea062cb63c99","C:\Users\bruno\Downloads\Exercicios renomeados\Tríceps testa com barra","tags_compatibilidade","Tríceps","Tríceps | Barra | Academia","Tríceps | Barra | Academia","CORRIGIDO"
"media_b97da2b28aff08a1af74","C:\Users\bruno\Downloads\Exercicios renomeados\Tríceps testa com barra - variação 2","tags_secundarias","Barra | Anilhas | Academia | Casa","Barra | Academia","Barra | Academia","CORRIGIDO"
"media_b97da2b28aff08a1af74","C:\Users\bruno\Downloads\Exercicios renomeados\Tríceps testa com barra - variação 2","tags_compatibilidade","Tríceps","Tríceps | Barra | Academia","Tríceps | Barra | Academia","CORRIGIDO"
"media_62e50fb54ddee0f5a51f","C:\Users\bruno\Downloads\Exercicios renomeados\Tríceps testa com peso corporal","tags_secundarias","Academia | Casa","Sem aparelhos | Casa","Sem aparelhos | Casa","CORRIGIDO"
"media_62e50fb54ddee0f5a51f","C:\Users\bruno\Downloads\Exercicios renomeados\Tríceps testa com peso corporal","tags_compatibilidade","Tríceps","Tríceps | Sem aparelhos | Casa","Tríceps | Sem aparelhos | Casa","CORRIGIDO"
"media_f935dde48069be02f01d","C:\Users\bruno\Downloads\Exercicios renomeados\Tríceps testa unilateral com halter","tags_secundarias","Academia | Casa","Halteres | Academia","Halteres | Academia","CORRIGIDO"
"media_f935dde48069be02f01d","C:\Users\bruno\Downloads\Exercicios renomeados\Tríceps testa unilateral com halter","tags_compatibilidade","Tríceps","Tríceps | Halteres | Academia","Tríceps | Halteres | Academia","CORRIGIDO"
"media_08bc51618baa755d1eb0","C:\Users\bruno\Downloads\Exercicios renomeados\Tríceps unilateral na polia","tags_secundarias","Academia","Polia/Cabo | Academia","Polia/Cabo | Academia","CORRIGIDO"
"media_08bc51618baa755d1eb0","C:\Users\bruno\Downloads\Exercicios renomeados\Tríceps unilateral na polia","tags_compatibilidade","Tríceps","Tríceps | Polia/Cabo | Academia","Tríceps | Polia/Cabo | Academia","CORRIGIDO"
"media_f98acb96720587e71c8b","C:\Users\bruno\Downloads\Exercicios renomeados\Tríceps unilateral na polia com pegada reversa","tags_secundarias","Academia","Polia/Cabo | Academia","Polia/Cabo | Academia","CORRIGIDO"
"media_f98acb96720587e71c8b","C:\Users\bruno\Downloads\Exercicios renomeados\Tríceps unilateral na polia com pegada reversa","tags_compatibilidade","Antebraços","Antebraços | Polia/Cabo | Academia","Antebraços | Polia/Cabo | Academia","CORRIGIDO"
"media_ff37ee4a8039151c8960","C:\Users\bruno\Downloads\Exercicios renomeados\Upavistha Konasana (alongamento sentado com pernas abertas)","tags_secundarias","Casa | Academia","Sem aparelhos | Casa","Sem aparelhos | Casa","CORRIGIDO"
"media_ff37ee4a8039151c8960","C:\Users\bruno\Downloads\Exercicios renomeados\Upavistha Konasana (alongamento sentado com pernas abertas)","tags_compatibilidade","Alongamento","Alongamento | Sem aparelhos | Casa","Alongamento | Sem aparelhos | Casa","CORRIGIDO"
"media_0633dc40622a1c89e716","C:\Users\bruno\Downloads\Exercicios renomeados\Uppercut de direita","tags_secundarias","Casa | Academia","Sem aparelhos | Casa | Corpo inteiro","Corpo inteiro | Sem aparelhos | Casa","CORRIGIDO"
"media_0633dc40622a1c89e716","C:\Users\bruno\Downloads\Exercicios renomeados\Uppercut de direita","tags_compatibilidade","Cardio","Cardio | Sem aparelhos | Casa | Corpo inteiro","Cardio | Sem aparelhos | Casa | Corpo inteiro","CORRIGIDO"
"media_d85d90a0fa569eab9c6c","C:\Users\bruno\Downloads\Exercicios renomeados\Virada de pneu","tags_secundarias","","Cardio | Sem aparelhos | Casa","Sem aparelhos | Casa","CORRIGIDO"
"media_d85d90a0fa569eab9c6c","C:\Users\bruno\Downloads\Exercicios renomeados\Virada de pneu","tags_compatibilidade","Corpo inteiro","Corpo inteiro | Cardio | Sem aparelhos | Casa","Corpo inteiro | Cardio | Sem aparelhos | Casa","CORRIGIDO"
"media_5dec271a7901b7364e3b","C:\Users\bruno\Downloads\Exercicios renomeados\Vácuo abdominal em quatro apoios","tags_secundarias","Casa | Academia","Sem aparelhos | Casa","Sem aparelhos | Casa","CORRIGIDO"
"media_5dec271a7901b7364e3b","C:\Users\bruno\Downloads\Exercicios renomeados\Vácuo abdominal em quatro apoios","tags_compatibilidade","Abdômen/Core","Abdômen/Core | Sem aparelhos | Casa","Abdômen/Core | Sem aparelhos | Casa","CORRIGIDO"
"media_a569d89908eaf901f622","C:\Users\bruno\Downloads\Exercicios renomeados\Wall ball","tags_secundarias","Academia","Bola | Cardio | Academia","Bola | Academia","CORRIGIDO"
"media_a569d89908eaf901f622","C:\Users\bruno\Downloads\Exercicios renomeados\Wall ball","tags_compatibilidade","Corpo inteiro","Corpo inteiro | Bola | Cardio | Academia","Corpo inteiro | Bola | Cardio | Academia","CORRIGIDO"
"media_56b5acb8fe14216e8037","C:\Users\bruno\Downloads\Exercicios renomeados\Wood chop no cabo de baixo para cima","tags_secundarias","Academia","Polia/Cabo | Academia","Polia/Cabo | Academia","CORRIGIDO"
"media_56b5acb8fe14216e8037","C:\Users\bruno\Downloads\Exercicios renomeados\Wood chop no cabo de baixo para cima","tags_compatibilidade","Abdômen/Core","Abdômen/Core | Polia/Cabo | Academia","Abdômen/Core | Polia/Cabo | Academia","CORRIGIDO"
"media_ff2e459624fd36724877","C:\Users\bruno\Downloads\Exercicios renomeados\Wood chop no cabo de cima para baixo","tags_secundarias","Academia","Polia/Cabo | Academia","Polia/Cabo | Academia","CORRIGIDO"
"media_ff2e459624fd36724877","C:\Users\bruno\Downloads\Exercicios renomeados\Wood chop no cabo de cima para baixo","tags_compatibilidade","Abdômen/Core","Abdômen/Core | Polia/Cabo | Academia","Abdômen/Core | Polia/Cabo | Academia","CORRIGIDO"
