"source_folder","nome_recomendado","nome_antigo","arquivo_original","arquivo_gif_organizado","gif_encontrado","tag_principal","tags_secundarias","descricao"
"C:\Users\bruno\Downloads\Exercicios renomeados\Abdominais com peso","Abdominais com peso","Abdominais com peso","Abdominais com peso.gif","abdominais_com_peso.gif","abdominais_com_peso.gif","Abdômen/Core","Sem aparelhos | Casa","Mantenha o abdômen contraído e a lombar controlada. Aproxime tronco e pernas conforme a variação mostrada, soltando o ar na fase de maior contração. Retorne lentamente, sem usar impulso do pescoço ou dos braços."
"C:\Users\bruno\Downloads\Exercicios renomeados\Abdominal ajoelhado na polia","Abdominal ajoelhado na polia","Ajoelhado, trituração de cabo","Ajoelhado, trituração de cabo.gif","abdominal_ajoelhado_na_polia.gif","abdominal_ajoelhado_na_polia.gif","Abdômen/Core","Polia/Cabo | Academia","Mantenha o abdômen contraído e a lombar controlada. Aproxime tronco e pernas conforme a variação mostrada, soltando o ar na fase de maior contração. Retorne lentamente, sem usar impulso do pescoço ou dos braços."
"C:\Users\bruno\Downloads\Exercicios renomeados\Abdominal bicicleta","Abdominal bicicleta","Abdominal bicicleta","Abdominal bicicleta.gif","abdominal_bicicleta.gif","abdominal_bicicleta.gif","Abdômen/Core","Bicicleta | Academia","Mantenha o abdômen contraído e a lombar controlada. Aproxime tronco e pernas conforme a variação mostrada, soltando o ar na fase de maior contração. Retorne lentamente, sem usar impulso do pescoço ou dos braços."
"C:\Users\bruno\Downloads\Exercicios renomeados\Abdominal bicicleta com elástico","Abdominal bicicleta com elástico","019_abdominal_bicicleta_com_elastico","019_abdominal_bicicleta_com_elastico.gif","abdominal_bicicleta_com_elastico.gif","abdominal_bicicleta_com_elastico.gif","Abdômen/Core","Elástico | Bicicleta | Academia","Mantenha o abdômen contraído e a lombar controlada. Aproxime tronco e pernas conforme a variação mostrada, soltando o ar na fase de maior contração. Retorne lentamente, sem usar impulso do pescoço ou dos braços."
"C:\Users\bruno\Downloads\Exercicios renomeados\Abdominal borboleta","Abdominal borboleta","Abdominal sapo - Supta baddha konasana reclinado ângulo vinculado","Abdominal sapo - Supta baddha konasana reclinado ângulo vinculado.gif","abdominal_borboleta.gif","abdominal_borboleta.gif","Abdômen/Core","Sem aparelhos | Casa","Mantenha o abdômen contraído e a lombar controlada. Aproxime tronco e pernas conforme a variação mostrada, soltando o ar na fase de maior contração. Retorne lentamente, sem usar impulso do pescoço ou dos braços."
"C:\Users\bruno\Downloads\Exercicios renomeados\Abdominal borboleta - variação 2","Abdominal borboleta - variação 2","Abdominal sapo - Supta baddha konasana reclinado ângulo vinculado - Variação 2","Abdominal sapo - Supta baddha konasana reclinado ângulo vinculado - Variação 2.gif","abdominal_borboleta_variacao_2.gif","abdominal_borboleta_variacao_2.gif","Abdômen/Core","Sem aparelhos | Casa","Mantenha o abdômen contraído e a lombar controlada. Aproxime tronco e pernas conforme a variação mostrada, soltando o ar na fase de maior contração. Retorne lentamente, sem usar impulso do pescoço ou dos braços."
"C:\Users\bruno\Downloads\Exercicios renomeados\Abdominal canivete","Abdominal canivete","Abdominais canivetes","Abdominais canivetes.gif","abdominal_canivete.gif","abdominal_canivete.gif","Abdômen/Core","Sem aparelhos | Casa","Mantenha o abdômen contraído e a lombar controlada. Aproxime tronco e pernas conforme a variação mostrada, soltando o ar na fase de maior contração. Retorne lentamente, sem usar impulso do pescoço ou dos braços."
"C:\Users\bruno\Downloads\Exercicios renomeados\Abdominal canivete com bola suíça","Abdominal canivete com bola suíça","Prancha joelho a cotovelo","abdominais/Prancha joelho a cotovelo.gif","abdominal_canivete_com_bola_suica.gif","abdominal_canivete_com_bola_suica.gif","Abdômen/Core","Bola | Academia","Mantenha o abdômen contraído e a lombar controlada. Aproxime tronco e pernas conforme a variação mostrada, soltando o ar na fase de maior contração. Retorne lentamente, sem usar impulso do pescoço ou dos braços."
"C:\Users\bruno\Downloads\Exercicios renomeados\Abdominal canivete com braços estendidos","Abdominal canivete com braços estendidos","Deitado, joelho levantado - Variação 2","abdominais/Deitado, joelho levantado - Variação 2.gif","abdominal_canivete_com_bracos_estendidos.gif","abdominal_canivete_com_bracos_estendidos.gif","Abdômen/Core","Sem aparelhos | Casa","Mantenha o abdômen contraído e a lombar controlada. Aproxime tronco e pernas conforme a variação mostrada, soltando o ar na fase de maior contração. Retorne lentamente, sem usar impulso do pescoço ou dos braços."
"C:\Users\bruno\Downloads\Exercicios renomeados\Abdominal canivete com halteres","Abdominal canivete com halteres","Lever deitado abdominal","abdominais/Lever deitado abdominal.gif","abdominal_canivete_com_halteres.gif","abdominal_canivete_com_halteres.gif","Abdômen/Core","Halteres | Academia","Mantenha o abdômen contraído e a lombar controlada. Aproxime tronco e pernas conforme a variação mostrada, soltando o ar na fase de maior contração. Retorne lentamente, sem usar impulso do pescoço ou dos braços."
"C:\Users\bruno\Downloads\Exercicios renomeados\Abdominal canivete com halteres e pernas elevadas","Abdominal canivete com halteres e pernas elevadas","Prancha reversa","abdominais/Prancha reversa.gif","abdominal_canivete_com_halteres_e_pernas_elevadas.gif","abdominal_canivete_com_halteres_e_pernas_elevadas.gif","Abdômen/Core","Halteres | Academia","Mantenha o abdômen contraído e a lombar controlada. Aproxime tronco e pernas conforme a variação mostrada, soltando o ar na fase de maior contração. Retorne lentamente, sem usar impulso do pescoço ou dos braços."
"C:\Users\bruno\Downloads\Exercicios renomeados\Abdominal canivete cruzado","Abdominal canivete cruzado","Não cruze, sente-se","Não cruze, sente-se.gif","abdominal_canivete_cruzado.gif","abdominal_canivete_cruzado.gif","Abdômen/Core","Sem aparelhos | Casa","Mantenha o abdômen contraído e a lombar controlada. Aproxime tronco e pernas conforme a variação mostrada, soltando o ar na fase de maior contração. Retorne lentamente, sem usar impulso do pescoço ou dos braços."
"C:\Users\bruno\Downloads\Exercicios renomeados\Abdominal com bola medicinal","Abdominal com bola medicinal","Abdominal com bola medicinal","Abdominal com bola medicinal.gif","abdominal_com_bola_medicinal.gif","abdominal_com_bola_medicinal.gif","Abdômen/Core","Bola | Academia","Mantenha o abdômen contraído e a lombar controlada. Aproxime tronco e pernas conforme a variação mostrada, soltando o ar na fase de maior contração. Retorne lentamente, sem usar impulso do pescoço ou dos braços."
"C:\Users\bruno\Downloads\Exercicios renomeados\Abdominal com braços acima da cabeça","Abdominal com braços acima da cabeça","Sentado flutter kick - Variação 4","abdominais/Sentado flutter kick - Variação 4.gif","abdominal_com_bracos_acima_da_cabeca.gif","abdominal_com_bracos_acima_da_cabeca.gif","Abdômen/Core","Sem aparelhos | Casa","Mantenha o abdômen contraído e a lombar controlada. Aproxime tronco e pernas conforme a variação mostrada, soltando o ar na fase de maior contração. Retorne lentamente, sem usar impulso do pescoço ou dos braços."
"C:\Users\bruno\Downloads\Exercicios renomeados\Abdominal com braços estendidos","Abdominal com braços estendidos","Flexão de braço longo","Flexão de braço longo.gif","abdominal_com_bracos_estendidos.gif","abdominal_com_bracos_estendidos.gif","Abdômen/Core","Sem aparelhos | Casa","Mantenha o abdômen contraído e a lombar controlada. Aproxime tronco e pernas conforme a variação mostrada, soltando o ar na fase de maior contração. Retorne lentamente, sem usar impulso do pescoço ou dos braços."
"C:\Users\bruno\Downloads\Exercicios renomeados\Abdominal com joelhos ao peito deitado","Abdominal com joelhos ao peito deitado","Puxada de perna em joelhos","Puxada de perna em joelhos.gif","abdominal_com_joelhos_ao_peito_deitado.gif","abdominal_com_joelhos_ao_peito_deitado.gif","Abdômen/Core","Sem aparelhos | Casa","Mantenha o abdômen contraído e a lombar controlada. Aproxime tronco e pernas conforme a variação mostrada, soltando o ar na fase de maior contração. Retorne lentamente, sem usar impulso do pescoço ou dos braços."
"C:\Users\bruno\Downloads\Exercicios renomeados\Abdominal com joelhos na bola suíça","Abdominal com joelhos na bola suíça","Dobra de joelho com bola suíça","Dobra de joelho com bola suíça.gif","abdominal_com_joelhos_na_bola_suica.gif","abdominal_com_joelhos_na_bola_suica.gif","Abdômen/Core","Bola | Academia","Mantenha o abdômen contraído e a lombar controlada. Aproxime tronco e pernas conforme a variação mostrada, soltando o ar na fase de maior contração. Retorne lentamente, sem usar impulso do pescoço ou dos braços."
"C:\Users\bruno\Downloads\Exercicios renomeados\Abdominal com peso","Abdominal com peso","Abdominal com peso","Abdominal com peso.gif","abdominal_com_peso.gif","abdominal_com_peso.gif","Abdômen/Core","Sem aparelhos | Casa","Mantenha o abdômen contraído e a lombar controlada. Aproxime tronco e pernas conforme a variação mostrada, soltando o ar na fase de maior contração. Retorne lentamente, sem usar impulso do pescoço ou dos braços."
"C:\Users\bruno\Downloads\Exercicios renomeados\Abdominal com roda","Abdominal com roda","Abdominal com roda","Abdominal com roda.gif","abdominal_com_roda.gif","abdominal_com_roda.gif","Abdômen/Core","Sem aparelhos | Casa","Ajoelhe-se e apoie as mãos na roda, barra ou bola indicada. Contraia abdômen e glúteos e deslize o apoio para a frente, mantendo o tronco firme e evitando arquear a lombar. Vá até a amplitude que consegue controlar e puxe o apoio de volta para retornar."
"C:\Users\bruno\Downloads\Exercicios renomeados\Abdominal completo","Abdominal completo","Abdominal","Abdominal.gif","abdominal_completo.gif","abdominal_completo.gif","Abdômen/Core","Sem aparelhos | Casa","Mantenha o abdômen contraído e a lombar controlada. Aproxime tronco e pernas conforme a variação mostrada, soltando o ar na fase de maior contração. Retorne lentamente, sem usar impulso do pescoço ou dos braços."
"C:\Users\bruno\Downloads\Exercicios renomeados\Abdominal cruzado","Abdominal cruzado","Abdominal cruzado","Abdominal cruzado.gif","abdominal_cruzado.gif","abdominal_cruzado.gif","Abdômen/Core","Sem aparelhos | Casa","Mantenha o abdômen contraído e a lombar controlada. Aproxime tronco e pernas conforme a variação mostrada, soltando o ar na fase de maior contração. Retorne lentamente, sem usar impulso do pescoço ou dos braços."
"C:\Users\bruno\Downloads\Exercicios renomeados\Abdominal declinado","Abdominal declinado","Recusar sentar-se","Recusar sentar-se.gif","abdominal_declinado.gif","abdominal_declinado.gif","Abdômen/Core","Banco | Academia","Mantenha o abdômen contraído e a lombar controlada. Aproxime tronco e pernas conforme a variação mostrada, soltando o ar na fase de maior contração. Retorne lentamente, sem usar impulso do pescoço ou dos braços."
"C:\Users\bruno\Downloads\Exercicios renomeados\Abdominal em pé na polia","Abdominal em pé na polia","Sentado na polia twist - Variação 5","abdominais/Sentado na polia twist - Variação 5.gif","abdominal_em_pe_na_polia.gif","abdominal_em_pe_na_polia.gif","Abdômen/Core","Polia/Cabo | Academia","Mantenha o abdômen contraído e a lombar controlada. Aproxime tronco e pernas conforme a variação mostrada, soltando o ar na fase de maior contração. Retorne lentamente, sem usar impulso do pescoço ou dos braços."
"C:\Users\bruno\Downloads\Exercicios renomeados\Abdominal em pé no cabo","Abdominal em pé no cabo","Trituração de cabo em pé","Trituração de cabo em pé.gif","abdominal_em_pe_no_cabo.gif","abdominal_em_pe_no_cabo.gif","Abdômen/Core","Polia/Cabo | Academia","Mantenha o abdômen contraído e a lombar controlada. Aproxime tronco e pernas conforme a variação mostrada, soltando o ar na fase de maior contração. Retorne lentamente, sem usar impulso do pescoço ou dos braços."
"C:\Users\bruno\Downloads\Exercicios renomeados\Abdominal joelhos ao peito com cabo","Abdominal joelhos ao peito com cabo","Um quarto sentado","abdominais/Um quarto sentado.gif","abdominal_joelhos_ao_peito_com_cabo.gif","abdominal_joelhos_ao_peito_com_cabo.gif","Abdômen/Core","Polia/Cabo | Academia","Mantenha o abdômen contraído e a lombar controlada. Aproxime tronco e pernas conforme a variação mostrada, soltando o ar na fase de maior contração. Retorne lentamente, sem usar impulso do pescoço ou dos braços."
"C:\Users\bruno\Downloads\Exercicios renomeados\Abdominal lateral na bola suíça","Abdominal lateral na bola suíça","Abdominal - Variação 6","abdominais/Abdominal - Variação 6.gif","abdominal_lateral_na_bola_suica.gif","abdominal_lateral_na_bola_suica.gif","Abdômen/Core","Bola | Academia","Mantenha o abdômen contraído e a lombar controlada. Aproxime tronco e pernas conforme a variação mostrada, soltando o ar na fase de maior contração. Retorne lentamente, sem usar impulso do pescoço ou dos braços."
"C:\Users\bruno\Downloads\Exercicios renomeados\Abdominal lateral na bola suíça com peso","Abdominal lateral na bola suíça com peso","Flexão lateral com peso na bola suíça","Flexão lateral com peso na bola suíça.gif","abdominal_lateral_na_bola_suica_com_peso.gif","abdominal_lateral_na_bola_suica_com_peso.gif","Abdômen/Core","Bola | Academia","Mantenha o abdômen contraído e a lombar controlada. Aproxime tronco e pernas conforme a variação mostrada, soltando o ar na fase de maior contração. Retorne lentamente, sem usar impulso do pescoço ou dos braços."
"C:\Users\bruno\Downloads\Exercicios renomeados\Abdominal lateral sentado","Abdominal lateral sentado","Abdominal lateral sentada","Abdominal lateral sentada.gif","abdominal_lateral_sentado.gif","abdominal_lateral_sentado.gif","Abdômen/Core","Sem aparelhos | Casa","Mantenha o abdômen contraído e a lombar controlada. Aproxime tronco e pernas conforme a variação mostrada, soltando o ar na fase de maior contração. Retorne lentamente, sem usar impulso do pescoço ou dos braços."
"C:\Users\bruno\Downloads\Exercicios renomeados\Abdominal na máquina","Abdominal na máquina","Full abdominal na máquina","abdominais/Full abdominal na máquina.gif","abdominal_na_maquina.gif","abdominal_na_maquina.gif","Abdômen/Core","Máquina | Academia","Mantenha o abdômen contraído e a lombar controlada. Aproxime tronco e pernas conforme a variação mostrada, soltando o ar na fase de maior contração. Retorne lentamente, sem usar impulso do pescoço ou dos braços."
"C:\Users\bruno\Downloads\Exercicios renomeados\Abdominal na máquina Ab Coaster","Abdominal na máquina Ab Coaster","Abdominal na máquina Ab Coaster","Abdominal na máquina Ab Coaster.gif","abdominal_na_maquina_ab_coaster.gif","abdominal_na_maquina_ab_coaster.gif","Abdômen/Core","Máquina | Academia","Mantenha o abdômen contraído e a lombar controlada. Aproxime tronco e pernas conforme a variação mostrada, soltando o ar na fase de maior contração. Retorne lentamente, sem usar impulso do pescoço ou dos braços."
"C:\Users\bruno\Downloads\Exercicios renomeados\Abdominal na máquina sentado","Abdominal na máquina sentado","Alavanca de elevação da perna em pé","abdominais/Alavanca de elevação da perna em pé.gif","abdominal_na_maquina_sentado.gif","abdominal_na_maquina_sentado.gif","Abdômen/Core","Máquina | Academia","Mantenha o abdômen contraído e a lombar controlada. Aproxime tronco e pernas conforme a variação mostrada, soltando o ar na fase de maior contração. Retorne lentamente, sem usar impulso do pescoço ou dos braços."
"C:\Users\bruno\Downloads\Exercicios renomeados\Abdominal na máquina tipo coaster","Abdominal na máquina tipo coaster","Sentado na polia twist - Variação 4","abdominais/Sentado na polia twist - Variação 4.gif","abdominal_na_maquina_tipo_coaster.gif","abdominal_na_maquina_tipo_coaster.gif","Abdômen/Core","Máquina | Academia","Mantenha o abdômen contraído e a lombar controlada. Aproxime tronco e pernas conforme a variação mostrada, soltando o ar na fase de maior contração. Retorne lentamente, sem usar impulso do pescoço ou dos braços."
"C:\Users\bruno\Downloads\Exercicios renomeados\Abdominal no banco declinado com carga","Abdominal no banco declinado com carga","Lever deitado abdominal - Variação 2","abdominais/Lever deitado abdominal - Variação 2.gif","abdominal_no_banco_declinado_com_carga.gif","abdominal_no_banco_declinado_com_carga.gif","Abdômen/Core","Banco | Academia","Mantenha o abdômen contraído e a lombar controlada. Aproxime tronco e pernas conforme a variação mostrada, soltando o ar na fase de maior contração. Retorne lentamente, sem usar impulso do pescoço ou dos braços."
"C:\Users\bruno\Downloads\Exercicios renomeados\Abdominal no chão","Abdominal no chão","Trituração do chão","Trituração do chão.gif","abdominal_no_chao.gif","abdominal_no_chao.gif","Abdômen/Core","Sem aparelhos | Casa","Mantenha o abdômen contraído e a lombar controlada. Aproxime tronco e pernas conforme a variação mostrada, soltando o ar na fase de maior contração. Retorne lentamente, sem usar impulso do pescoço ou dos braços."
"C:\Users\bruno\Downloads\Exercicios renomeados\Abdominal no TRX","Abdominal no TRX","Torção de mina terrestre - Variação 4","abdominais/Torção de mina terrestre - Variação 4.gif","abdominal_no_trx.gif","abdominal_no_trx.gif","Abdômen/Core","Sem aparelhos | Casa","Mantenha o abdômen contraído e a lombar controlada. Aproxime tronco e pernas conforme a variação mostrada, soltando o ar na fase de maior contração. Retorne lentamente, sem usar impulso do pescoço ou dos braços."
"C:\Users\bruno\Downloads\Exercicios renomeados\Abdominal oblíquo no chão","Abdominal oblíquo no chão","Flexões oblíquas no chão","Flexões oblíquas no chão.gif","abdominal_obliquo_no_chao.gif","abdominal_obliquo_no_chao.gif","Abdômen/Core","Sem aparelhos | Casa","Mantenha o abdômen contraído e a lombar controlada. Aproxime tronco e pernas conforme a variação mostrada, soltando o ar na fase de maior contração. Retorne lentamente, sem usar impulso do pescoço ou dos braços."
"C:\Users\bruno\Downloads\Exercicios renomeados\Abdominal reverso","Abdominal reverso","Abdominal reverso","Abdominal reverso.gif","abdominal_reverso.gif","abdominal_reverso.gif","Abdômen/Core","Sem aparelhos | Casa","Mantenha o abdômen contraído e a lombar controlada. Aproxime tronco e pernas conforme a variação mostrada, soltando o ar na fase de maior contração. Retorne lentamente, sem usar impulso do pescoço ou dos braços."
"C:\Users\bruno\Downloads\Exercicios renomeados\Abdominal reverso com bola medicinal","Abdominal reverso com bola medicinal","Crunch com elevação da perna - Variação 2","abdominais/Crunch com elevação da perna - Variação 2.gif","abdominal_reverso_com_bola_medicinal.gif","abdominal_reverso_com_bola_medicinal.gif","Abdômen/Core","Bola | Academia","Mantenha o abdômen contraído e a lombar controlada. Aproxime tronco e pernas conforme a variação mostrada, soltando o ar na fase de maior contração. Retorne lentamente, sem usar impulso do pescoço ou dos braços."
"C:\Users\bruno\Downloads\Exercicios renomeados\Abdominal reverso com joelhos flexionados","Abdominal reverso com joelhos flexionados","Puxada de perna em joelhos","abdominais/Puxada de perna em joelhos.gif","abdominal_reverso_com_joelhos_flexionados.gif","abdominal_reverso_com_joelhos_flexionados.gif","Abdômen/Core","Sem aparelhos | Casa","Mantenha o abdômen contraído e a lombar controlada. Aproxime tronco e pernas conforme a variação mostrada, soltando o ar na fase de maior contração. Retorne lentamente, sem usar impulso do pescoço ou dos braços."
"C:\Users\bruno\Downloads\Exercicios renomeados\Abdominal rollout com roda","Abdominal rollout com roda","Twist down up with resistance band","abdominais/Twist down up with resistance band.gif","abdominal_rollout_com_roda.gif","abdominal_rollout_com_roda.gif","Abdômen/Core","Sem aparelhos | Casa","Ajoelhe-se e apoie as mãos na roda, barra ou bola indicada. Contraia abdômen e glúteos e deslize o apoio para a frente, mantendo o tronco firme e evitando arquear a lombar. Vá até a amplitude que consegue controlar e puxe o apoio de volta para retornar."
"C:\Users\bruno\Downloads\Exercicios renomeados\Abdominal sapo","Abdominal sapo","Abdominal de sapo","abdominais/Abdominal de sapo.gif","abdominal_sapo.gif","abdominal_sapo.gif","Abdômen/Core","Sem aparelhos | Casa","Mantenha o abdômen contraído e a lombar controlada. Aproxime tronco e pernas conforme a variação mostrada, soltando o ar na fase de maior contração. Retorne lentamente, sem usar impulso do pescoço ou dos braços."
"C:\Users\bruno\Downloads\Exercicios renomeados\Abdominal sapo com bola suíça","Abdominal sapo com bola suíça","Exercício bola sapo crunch","Exercício bola sapo crunch.gif","abdominal_sapo_com_bola_suica.gif","abdominal_sapo_com_bola_suica.gif","Abdômen/Core","Bola | Academia","Mantenha o abdômen contraído e a lombar controlada. Aproxime tronco e pernas conforme a variação mostrada, soltando o ar na fase de maior contração. Retorne lentamente, sem usar impulso do pescoço ou dos braços."
"C:\Users\bruno\Downloads\Exercicios renomeados\Abdominal sentado na máquina","Abdominal sentado na máquina","Sentado ab abdominal na máquina","abdominais/Sentado ab abdominal na máquina.gif","abdominal_sentado_na_maquina.gif","abdominal_sentado_na_maquina.gif","Abdômen/Core","Máquina | Academia","Mantenha o abdômen contraído e a lombar controlada. Aproxime tronco e pernas conforme a variação mostrada, soltando o ar na fase de maior contração. Retorne lentamente, sem usar impulso do pescoço ou dos braços."
"C:\Users\bruno\Downloads\Exercicios renomeados\Abdominal sentado no banco","Abdominal sentado no banco","Twist with resistance band","abdominais/Twist with resistance band.gif","abdominal_sentado_no_banco.gif","abdominal_sentado_no_banco.gif","Abdômen/Core","Banco | Academia","Mantenha o abdômen contraído e a lombar controlada. Aproxime tronco e pernas conforme a variação mostrada, soltando o ar na fase de maior contração. Retorne lentamente, sem usar impulso do pescoço ou dos braços."
"C:\Users\bruno\Downloads\Exercicios renomeados\Abdominal sentado no banco com joelhos ao peito","Abdominal sentado no banco com joelhos ao peito","Perna sentada no banco puxada para dentro","Perna sentada no banco puxada para dentro.gif","abdominal_sentado_no_banco_com_joelhos_ao_peito.gif","abdominal_sentado_no_banco_com_joelhos_ao_peito.gif","Abdômen/Core","Banco | Academia","Mantenha o abdômen contraído e a lombar controlada. Aproxime tronco e pernas conforme a variação mostrada, soltando o ar na fase de maior contração. Retorne lentamente, sem usar impulso do pescoço ou dos braços."
"C:\Users\bruno\Downloads\Exercicios renomeados\Abdominal tocando os pés","Abdominal tocando os pés","Abdominal de bicicleta","abdominais/Abdominal de bicicleta.gif","abdominal_tocando_os_pes.gif","abdominal_tocando_os_pes.gif","Abdômen/Core","Sem aparelhos | Casa","Deite-se de costas e mantenha as pernas elevadas. Contraia o abdômen para elevar os ombros e alcance os pés com as mãos, sem puxar o pescoço. Desça o tronco de forma controlada e repita mantendo as pernas estáveis."
"C:\Users\bruno\Downloads\Exercicios renomeados\Abdominal tradicional","Abdominal tradicional","Abdominais","Abdominais.gif","abdominal_tradicional.gif","abdominal_tradicional.gif","Abdômen/Core","Sem aparelhos | Casa","Mantenha o abdômen contraído e a lombar controlada. Aproxime tronco e pernas conforme a variação mostrada, soltando o ar na fase de maior contração. Retorne lentamente, sem usar impulso do pescoço ou dos braços."
"C:\Users\bruno\Downloads\Exercicios renomeados\Abdominal um quarto","Abdominal um quarto","Um quarto sentado","Um quarto sentado.gif","abdominal_um_quarto.gif","abdominal_um_quarto.gif","Abdômen/Core","Sem aparelhos | Casa","Mantenha o abdômen contraído e a lombar controlada. Aproxime tronco e pernas conforme a variação mostrada, soltando o ar na fase de maior contração. Retorne lentamente, sem usar impulso do pescoço ou dos braços."
"C:\Users\bruno\Downloads\Exercicios renomeados\Abdominal V-up","Abdominal V-up","Dobra crocante","abdominais/Dobra crocante.gif","abdominal_v_up.gif","abdominal_v_up.gif","Abdômen/Core","Sem aparelhos | Casa","Mantenha o abdômen contraído e a lombar controlada. Aproxime tronco e pernas conforme a variação mostrada, soltando o ar na fase de maior contração. Retorne lentamente, sem usar impulso do pescoço ou dos braços."
"C:\Users\bruno\Downloads\Exercicios renomeados\Abdominal V-up com bola suíça","Abdominal V-up com bola suíça","Bola suíça v up","Bola suíça v up.gif","abdominal_v_up_com_bola_suica.gif","abdominal_v_up_com_bola_suica.gif","Abdômen/Core","Bola | Academia","Mantenha o abdômen contraído e a lombar controlada. Aproxime tronco e pernas conforme a variação mostrada, soltando o ar na fase de maior contração. Retorne lentamente, sem usar impulso do pescoço ou dos braços."
"C:\Users\bruno\Downloads\Exercicios renomeados\Abdominal V-up com halteres","Abdominal V-up com halteres","Haltere v para cima","Haltere v para cima.gif","abdominal_v_up_com_halteres.gif","abdominal_v_up_com_halteres.gif","Abdômen/Core","Halteres | Academia","Mantenha o abdômen contraído e a lombar controlada. Aproxime tronco e pernas conforme a variação mostrada, soltando o ar na fase de maior contração. Retorne lentamente, sem usar impulso do pescoço ou dos braços."
"C:\Users\bruno\Downloads\Exercicios renomeados\Abdução de quadril deitado com elástico","Abdução de quadril deitado com elástico","Crucifixo da coxa com elástico","Crucifixo da coxa com elástico.gif","abducao_de_quadril_deitado_com_elastico.gif","abducao_de_quadril_deitado_com_elastico.gif","Glúteos","Elástico | Quadril | Academia","Estabilize o tronco e a pelve antes de mover a perna. Execute a extensão ou abertura do quadril mostrada sem girar o corpo para ganhar amplitude. Contraia o glúteo no final e retorne lentamente."
"C:\Users\bruno\Downloads\Exercicios renomeados\Abdução de quadril deitado com elástico - variação 2","Abdução de quadril deitado com elástico - variação 2","Levantamento de perna deitado lateralmente","Levantamento de perna deitado lateralmente.gif","abducao_de_quadril_deitado_com_elastico_variacao_2.gif","abducao_de_quadril_deitado_com_elastico_variacao_2.gif","Glúteos","Elástico | Quadril | Academia","Estabilize o tronco e a pelve antes de mover a perna. Execute a extensão ou abertura do quadril mostrada sem girar o corpo para ganhar amplitude. Contraia o glúteo no final e retorne lentamente."
"C:\Users\bruno\Downloads\Exercicios renomeados\Abdução de quadril em concha","Abdução de quadril em concha","Abdução de quadril em concha","Abdução de quadril em concha.gif","abducao_de_quadril_em_concha.gif","abducao_de_quadril_em_concha.gif","Glúteos","Quadril | Sem aparelhos | Casa","Estabilize o tronco e a pelve antes de mover a perna. Execute a extensão ou abertura do quadril mostrada sem girar o corpo para ganhar amplitude. Contraia o glúteo no final e retorne lentamente."
"C:\Users\bruno\Downloads\Exercicios renomeados\Abdução de quadril em concha com elástico","Abdução de quadril em concha com elástico","Abdução de quadril em concha com elástico","Abdução de quadril em concha com elástico.gif","abducao_de_quadril_em_concha_com_elastico.gif","abducao_de_quadril_em_concha_com_elastico.gif","Glúteos","Elástico | Quadril | Academia","Estabilize o tronco e a pelve antes de mover a perna. Execute a extensão ou abertura do quadril mostrada sem girar o corpo para ganhar amplitude. Contraia o glúteo no final e retorne lentamente."
"C:\Users\bruno\Downloads\Exercicios renomeados\Abdução de quadril em pé","Abdução de quadril em pé","Abdução de quadril em pé","Abdução de quadril em pé.gif","abducao_de_quadril_em_pe.gif","abducao_de_quadril_em_pe.gif","Glúteos","Quadril | Sem aparelhos | Casa","Estabilize o tronco e a pelve antes de mover a perna. Execute a extensão ou abertura do quadril mostrada sem girar o corpo para ganhar amplitude. Contraia o glúteo no final e retorne lentamente."
"C:\Users\bruno\Downloads\Exercicios renomeados\Abdução de quadril em pé com elástico","Abdução de quadril em pé com elástico","Abdução de quadril em pé - Variação 2","glúteos-/Abdução de quadril em pé - Variação 2.gif","abducao_de_quadril_em_pe_com_elastico.gif","abducao_de_quadril_em_pe_com_elastico.gif","Glúteos","Elástico | Casa","Coloque o elástico na posição mostrada e mantenha o tronco estável. Afaste a perna lateralmente contra a resistência sem inclinar o corpo. Retorne lentamente e mantenha o pé e o joelho apontados para a frente."
"C:\Users\bruno\Downloads\Exercicios renomeados\Abdução de quadril em pé na máquina","Abdução de quadril em pé na máquina","Abdução do quadril no lado na máquina","Abdução do quadril no lado na máquina.gif","abducao_de_quadril_em_pe_na_maquina.gif","abducao_de_quadril_em_pe_na_maquina.gif","Glúteos","Máquina | Quadril | Academia","Estabilize o tronco e a pelve antes de mover a perna. Execute a extensão ou abertura do quadril mostrada sem girar o corpo para ganhar amplitude. Contraia o glúteo no final e retorne lentamente."
"C:\Users\bruno\Downloads\Exercicios renomeados\Abdução de quadril em pé na polia","Abdução de quadril em pé na polia","Corrida - Variação 2","perna/Corrida - Variação 2.gif","abducao_de_quadril_em_pe_na_polia.gif","abducao_de_quadril_em_pe_na_polia.gif","Abdutores","Glúteos | Polia/Cabo | Academia","Fique em pé ao lado da polia com a tornozeleira presa à perna de trabalho e segure um apoio. Leve a perna lateralmente para longe do corpo sem inclinar o tronco. Retorne devagar até a posição inicial mantendo a pelve estável."
"C:\Users\bruno\Downloads\Exercicios renomeados\Abdução de quadril na máquina","Abdução de quadril na máquina","Máquina de abdução de quadril","Máquina de abdução de quadril.gif","abducao_de_quadril_na_maquina.gif","abducao_de_quadril_na_maquina.gif","Glúteos","Máquina | Quadril | Academia","Estabilize o tronco e a pelve antes de mover a perna. Execute a extensão ou abertura do quadril mostrada sem girar o corpo para ganhar amplitude. Contraia o glúteo no final e retorne lentamente."
"C:\Users\bruno\Downloads\Exercicios renomeados\Abdução de quadril por cabo","Abdução de quadril por cabo","Abdução de quadril por cabo","Abdução de quadril por cabo.gif","abducao_de_quadril_por_cabo.gif","abducao_de_quadril_por_cabo.gif","Glúteos","Polia/Cabo | Quadril | Academia","Estabilize o tronco e a pelve antes de mover a perna. Execute a extensão ou abertura do quadril mostrada sem girar o corpo para ganhar amplitude. Contraia o glúteo no final e retorne lentamente."
"C:\Users\bruno\Downloads\Exercicios renomeados\Abdução de quadril sentado com elástico","Abdução de quadril sentado com elástico","Abdução de quadril sentado com elástico","Abdução de quadril sentado com elástico.gif","abducao_de_quadril_sentado_com_elastico.gif","abducao_de_quadril_sentado_com_elastico.gif","Glúteos","Elástico | Quadril | Academia","Estabilize o tronco e a pelve antes de mover a perna. Execute a extensão ou abertura do quadril mostrada sem girar o corpo para ganhar amplitude. Contraia o glúteo no final e retorne lentamente."
"C:\Users\bruno\Downloads\Exercicios renomeados\Abertura de ombros com elástico","Abertura de ombros com elástico","Elástico se separar","Elástico se separar.gif","abertura_de_ombros_com_elastico.gif","abertura_de_ombros_com_elastico.gif","Ombros","Elástico | Academia","Mantenha o tronco firme e execute Abertura de ombros com elástico movendo os braços pela trajetória mostrada. Evite balanço e elevação excessiva dos ombros e controle a fase de retorno."
"C:\Users\bruno\Downloads\Exercicios renomeados\Abraços de joelho em pé","Abraços de joelho em pé","Abraços de joelho em pé","Abraços de joelho em pé.gif","abracos_de_joelho_em_pe.gif","abracos_de_joelho_em_pe.gif","Corpo inteiro","Sem aparelhos | Casa","Assuma a posição inicial de Abraços de joelho em pé, estabilize o tronco e execute o movimento mostrado de forma coordenada. Use uma amplitude que consiga controlar, evite impulso desnecessário e retorne à posição inicial antes da repetição seguinte."
"C:\Users\bruno\Downloads\Exercicios renomeados\Adução de quadril na máquina","Adução de quadril na máquina","Máquina de adução de quadril","Máquina de adução de quadril.gif","aducao_de_quadril_na_maquina.gif","aducao_de_quadril_na_maquina.gif","Quadril","Máquina | Academia","Estabilize o tronco e a pelve e mova a perna no sentido mostrado em Adução de quadril na máquina. Faça a adução, rotação ou flexão do quadril sem inclinar o corpo para ganhar amplitude e retorne lentamente à posição inicial."
"C:\Users\bruno\Downloads\Exercicios renomeados\Adução de quadril por cabo","Adução de quadril por cabo","Adução de quadril por cabo","Adução de quadril por cabo.gif","aducao_de_quadril_por_cabo.gif","aducao_de_quadril_por_cabo.gif","Quadril","Polia/Cabo | Academia","Estabilize o tronco e a pelve e mova a perna no sentido mostrado em Adução de quadril por cabo. Faça a adução, rotação ou flexão do quadril sem inclinar o corpo para ganhar amplitude e retorne lentamente à posição inicial."
"C:\Users\bruno\Downloads\Exercicios renomeados\Adução do quadril no lado na máquina","Adução do quadril no lado na máquina","Adução do quadril no lado na máquina","Adução do quadril no lado na máquina.gif","aducao_do_quadril_no_lado_na_maquina.gif","aducao_do_quadril_no_lado_na_maquina.gif","Corpo inteiro","Máquina | Academia","Assuma a posição inicial de Adução do quadril no lado na máquina, estabilize o tronco e execute o movimento mostrado de forma coordenada. Use uma amplitude que consiga controlar, evite impulso desnecessário e retorne à posição inicial antes da repetição seguinte."
"C:\Users\bruno\Downloads\Exercicios renomeados\Afundo com elástico","Afundo com elástico","020_afundo_com_elastico","020_afundo_com_elastico.gif","afundo_com_elastico.gif","afundo_com_elastico.gif","Quadríceps","Elástico | Glúteos | Academia","Dê o passo ou assuma a base dividida mostrada e mantenha o tronco estável. Flexione os dois joelhos até a profundidade controlada, mantendo o joelho da frente alinhado ao pé. Empurre o chão com a perna da frente para retornar ou avançar para a próxima repetição."
"C:\Users\bruno\Downloads\Exercicios renomeados\Afundo cruzado com barra","Afundo cruzado com barra","Em pé cadeira extensora with resistance band - Variação 3","perna/Em pé cadeira extensora with resistance band - Variação 3.gif","afundo_cruzado_com_barra.gif","afundo_cruzado_com_barra.gif","Glúteos","Quadríceps | Abdutores | Barra","Em pé com a carga estável, leve uma perna para trás cruzando-a atrás da outra. Flexione os joelhos e desça o quadril mantendo o tronco firme. Empurre o chão com a perna da frente para voltar e repita sem deixar o joelho perder o alinhamento."
"C:\Users\bruno\Downloads\Exercicios renomeados\Afundo cruzado com halter","Afundo cruzado com halter","Com barra curtsey avanço - Variação 2","perna/Com barra curtsey avanço - Variação 2.gif","afundo_cruzado_com_halter.gif","afundo_cruzado_com_halter.gif","Glúteos","Quadríceps | Abdutores | Halteres","Em pé com a carga estável, leve uma perna para trás cruzando-a atrás da outra. Flexione os joelhos e desça o quadril mantendo o tronco firme. Empurre o chão com a perna da frente para voltar e repita sem deixar o joelho perder o alinhamento."
"C:\Users\bruno\Downloads\Exercicios renomeados\Agachamento ATG unilateral","Agachamento ATG unilateral","Agachamento unilateral atg","Agachamento unilateral atg.gif","agachamento_atg_unilateral.gif","agachamento_atg_unilateral.gif","Quadríceps","Glúteos | Sem aparelhos | Casa","Posicione os pés firmes e mantenha o abdômen ativo. Leve o quadril para baixo enquanto os joelhos acompanham a direção dos pés. Desça até uma amplitude que preserve o controle e volte estendendo joelhos e quadril, mantendo o tronco estável."
"C:\Users\bruno\Downloads\Exercicios renomeados\Agachamento belt squat","Agachamento belt squat","Belt agachamento","perna/Belt agachamento.gif","agachamento_belt_squat.gif","agachamento_belt_squat.gif","Quadríceps","Glúteos | Máquina | Academia","Prenda o cinto à carga, mantenha os pés firmes e o tronco ereto. Flexione joelhos e quadris para agachar até a amplitude confortável, mantendo os joelhos alinhados aos pés. Empurre o chão para subir e finalize sem inclinar excessivamente o tronco."
"C:\Users\bruno\Downloads\Exercicios renomeados\Agachamento búlgaro com barra","Agachamento búlgaro com barra","Agachamento búlgaro com barra","Agachamento búlgaro com barra.gif","agachamento_bulgaro_com_barra.gif","agachamento_bulgaro_com_barra.gif","Quadríceps","Barra | Glúteos | Academia","Posicione os pés firmes e mantenha o abdômen ativo. Leve o quadril para baixo enquanto os joelhos acompanham a direção dos pés. Desça até uma amplitude que preserve o controle e volte estendendo joelhos e quadril, mantendo o tronco estável."
"C:\Users\bruno\Downloads\Exercicios renomeados\Agachamento búlgaro com halteres","Agachamento búlgaro com halteres","Agachamento búlgaro com halteres","Agachamento búlgaro com halteres.gif","agachamento_bulgaro_com_halteres.gif","agachamento_bulgaro_com_halteres.gif","Quadríceps","Halteres | Glúteos | Academia","Posicione os pés firmes e mantenha o abdômen ativo. Leve o quadril para baixo enquanto os joelhos acompanham a direção dos pés. Desça até uma amplitude que preserve o controle e volte estendendo joelhos e quadril, mantendo o tronco estável."
"C:\Users\bruno\Downloads\Exercicios renomeados\Agachamento búlgaro com peso corporal","Agachamento búlgaro com peso corporal","Agachamento búlgaro com peso corporal","Agachamento búlgaro com peso corporal.gif","agachamento_bulgaro_com_peso_corporal.gif","agachamento_bulgaro_com_peso_corporal.gif","Quadríceps","Glúteos | Sem aparelhos | Casa","Posicione os pés firmes e mantenha o abdômen ativo. Leve o quadril para baixo enquanto os joelhos acompanham a direção dos pés. Desça até uma amplitude que preserve o controle e volte estendendo joelhos e quadril, mantendo o tronco estável."
"C:\Users\bruno\Downloads\Exercicios renomeados\Agachamento búlgaro com salto","Agachamento búlgaro com salto","Agachamento búlgaro e salto","Agachamento búlgaro e salto.gif","agachamento_bulgaro_com_salto.gif","agachamento_bulgaro_com_salto.gif","Quadríceps","Glúteos | Sem aparelhos | Casa","Posicione os pés firmes e mantenha o abdômen ativo. Leve o quadril para baixo enquanto os joelhos acompanham a direção dos pés. Desça até uma amplitude que preserve o controle e volte estendendo joelhos e quadril, mantendo o tronco estável."
"C:\Users\bruno\Downloads\Exercicios renomeados\Agachamento com barra","Agachamento com barra","Agachamento com barra","Agachamento com barra.gif","agachamento_com_barra.gif","agachamento_com_barra.gif","Quadríceps","Barra | Glúteos | Academia","Posicione os pés firmes e mantenha o abdômen ativo. Leve o quadril para baixo enquanto os joelhos acompanham a direção dos pés. Desça até uma amplitude que preserve o controle e volte estendendo joelhos e quadril, mantendo o tronco estável."
"C:\Users\bruno\Downloads\Exercicios renomeados\Agachamento com barra acima da cabeça","Agachamento com barra acima da cabeça","Agachamento aéreo","Agachamento aéreo.gif","agachamento_com_barra_acima_da_cabeca.gif","agachamento_com_barra_acima_da_cabeca.gif","Quadríceps","Barra | Glúteos | Academia","Posicione os pés firmes e mantenha o abdômen ativo. Leve o quadril para baixo enquanto os joelhos acompanham a direção dos pés. Desça até uma amplitude que preserve o controle e volte estendendo joelhos e quadril, mantendo o tronco estável."
"C:\Users\bruno\Downloads\Exercicios renomeados\Agachamento com desenvolvimento landmine","Agachamento com desenvolvimento landmine","Desenvolvimento landmine","Desenvolvimento landmine.gif","agachamento_com_desenvolvimento_landmine.gif","agachamento_com_desenvolvimento_landmine.gif","Ombros","Barra | Tríceps | Academia","Comece com as mãos ou a carga na altura apropriada dos ombros e mantenha o abdômen ativo. Empurre para cima até estender os braços com controle. Desça de volta sem deixar os ombros subirem excessivamente em direção às orelhas."
"C:\Users\bruno\Downloads\Exercicios renomeados\Agachamento com elevação de panturrilhas","Agachamento com elevação de panturrilhas","Agachamento, sustentação, panturrilha","Agachamento, sustentação, panturrilha.gif","agachamento_com_elevacao_de_panturrilhas.gif","agachamento_com_elevacao_de_panturrilhas.gif","Panturrilhas","Sem aparelhos | Casa","Apoie a parte da frente dos pés com firmeza e mantenha os tornozelos alinhados. Eleve os calcanhares o máximo que conseguir sem perder o equilíbrio. Contraia a panturrilha no topo e desça lentamente até a posição inicial."
"C:\Users\bruno\Downloads\Exercicios renomeados\Agachamento com elástico e barra","Agachamento com elástico e barra","017_agachamento_com_elastico_e_barra","017_agachamento_com_elastico_e_barra.gif","agachamento_com_elastico_e_barra.gif","agachamento_com_elastico_e_barra.gif","Quadríceps","Elástico | Glúteos | Academia","Posicione os pés firmes e mantenha o abdômen ativo. Leve o quadril para baixo enquanto os joelhos acompanham a direção dos pés. Desça até uma amplitude que preserve o controle e volte estendendo joelhos e quadril, mantendo o tronco estável."
"C:\Users\bruno\Downloads\Exercicios renomeados\Agachamento com peso corporal","Agachamento com peso corporal","Hackear agachamento de panturrilha - Variação 2","perna/Hackear agachamento de panturrilha - Variação 2.gif","agachamento_com_peso_corporal.gif","agachamento_com_peso_corporal.gif","Quadríceps","Glúteos | Sem aparelhos | Casa","Fique em pé com os pés em posição confortável. Leve o quadril para trás e flexione os joelhos para agachar mantendo o peito aberto e os joelhos acompanhando a direção dos pés. Empurre o chão para voltar em pé sem usar impulso."
"C:\Users\bruno\Downloads\Exercicios renomeados\Agachamento com salto","Agachamento com salto","Agachamento com salto","Agachamento com salto.gif","agachamento_com_salto.gif","agachamento_com_salto.gif","Quadríceps","Glúteos | Sem aparelhos | Casa","Posicione os pés firmes e mantenha o abdômen ativo. Leve o quadril para baixo enquanto os joelhos acompanham a direção dos pés. Desça até uma amplitude que preserve o controle e volte estendendo joelhos e quadril, mantendo o tronco estável."
"C:\Users\bruno\Downloads\Exercicios renomeados\Agachamento com salto com halteres","Agachamento com salto com halteres","Agachamento com salto com halteres","Agachamento com salto com halteres.gif","agachamento_com_salto_com_halteres.gif","agachamento_com_salto_com_halteres.gif","Quadríceps","Halteres | Glúteos | Academia","Posicione os pés firmes e mantenha o abdômen ativo. Leve o quadril para baixo enquanto os joelhos acompanham a direção dos pés. Desça até uma amplitude que preserve o controle e volte estendendo joelhos e quadril, mantendo o tronco estável."
"C:\Users\bruno\Downloads\Exercicios renomeados\Agachamento com salto partindo de joelhos","Agachamento com salto partindo de joelhos","Agachamento com salto ajoelhado","Agachamento com salto ajoelhado.gif","agachamento_com_salto_partindo_de_joelhos.gif","agachamento_com_salto_partindo_de_joelhos.gif","Quadríceps","Glúteos | Sem aparelhos | Casa","Posicione os pés firmes e mantenha o abdômen ativo. Leve o quadril para baixo enquanto os joelhos acompanham a direção dos pés. Desça até uma amplitude que preserve o controle e volte estendendo joelhos e quadril, mantendo o tronco estável."
"C:\Users\bruno\Downloads\Exercicios renomeados\Agachamento com salto usando barra hexagonal","Agachamento com salto usando barra hexagonal","Trap bar jump agachamento","perna/Trap bar jump agachamento.gif","agachamento_com_salto_usando_barra_hexagonal.gif","agachamento_com_salto_usando_barra_hexagonal.gif","Quadríceps","Glúteos | Barra | Cardio","Segure a barra hexagonal com os pés firmes dentro dela. Flexione joelhos e quadris como em um agachamento e, em seguida, estenda as pernas de forma explosiva para saltar. Aterrisse suavemente, absorva o impacto com joelhos e quadris e só então inicie a próxima repetição."
"C:\Users\bruno\Downloads\Exercicios renomeados\Agachamento cossaco","Agachamento cossaco","Agachamento cossaco","Agachamento cossaco.gif","agachamento_cossaco.gif","agachamento_cossaco.gif","Quadríceps","Glúteos | Sem aparelhos | Casa","Posicione os pés firmes e mantenha o abdômen ativo. Leve o quadril para baixo enquanto os joelhos acompanham a direção dos pés. Desça até uma amplitude que preserve o controle e volte estendendo joelhos e quadril, mantendo o tronco estável."
"C:\Users\bruno\Downloads\Exercicios renomeados\Agachamento dividido sem peso","Agachamento dividido sem peso","Agachamento unilateral","Agachamento unilateral.gif","agachamento_dividido_sem_peso.gif","agachamento_dividido_sem_peso.gif","Quadríceps","Glúteos | Sem aparelhos | Casa","Posicione os pés firmes e mantenha o abdômen ativo. Leve o quadril para baixo enquanto os joelhos acompanham a direção dos pés. Desça até uma amplitude que preserve o controle e volte estendendo joelhos e quadril, mantendo o tronco estável."
"C:\Users\bruno\Downloads\Exercicios renomeados\Agachamento em reverência","Agachamento em reverência","Agachamento em reverência","Agachamento em reverência.gif","agachamento_em_reverencia.gif","agachamento_em_reverencia.gif","Quadríceps","Glúteos | Sem aparelhos | Casa","Posicione os pés firmes e mantenha o abdômen ativo. Leve o quadril para baixo enquanto os joelhos acompanham a direção dos pés. Desça até uma amplitude que preserve o controle e volte estendendo joelhos e quadril, mantendo o tronco estável."
"C:\Users\bruno\Downloads\Exercicios renomeados\Agachamento frontal","Agachamento frontal","Agachamento frontal","Agachamento frontal.gif","agachamento_frontal.gif","agachamento_frontal.gif","Quadríceps","Glúteos | Sem aparelhos | Casa","Posicione os pés firmes e mantenha o abdômen ativo. Leve o quadril para baixo enquanto os joelhos acompanham a direção dos pés. Desça até uma amplitude que preserve o controle e volte estendendo joelhos e quadril, mantendo o tronco estável."
"C:\Users\bruno\Downloads\Exercicios renomeados\Agachamento frontal com barra","Agachamento frontal com barra","Agachamento frontal com barra","Agachamento frontal com barra.gif","agachamento_frontal_com_barra.gif","agachamento_frontal_com_barra.gif","Quadríceps","Barra | Glúteos | Academia","Posicione os pés firmes e mantenha o abdômen ativo. Leve o quadril para baixo enquanto os joelhos acompanham a direção dos pés. Desça até uma amplitude que preserve o controle e volte estendendo joelhos e quadril, mantendo o tronco estável."
"C:\Users\bruno\Downloads\Exercicios renomeados\Agachamento frontal com barra - Variação 2","Agachamento frontal com barra - Variação 2","Levantamento terra - Variação 2","perna/Levantamento terra - Variação 2.gif","agachamento_frontal_com_barra_variacao_2.gif","agachamento_frontal_com_barra_variacao_2.gif","Quadríceps","Glúteos | Barra | Academia","Apoie a barra à frente dos ombros com os cotovelos elevados e o abdômen firme. Agache flexionando joelhos e quadris mantendo o tronco ereto e os joelhos alinhados aos pés. Empurre o chão para subir sem deixar os cotovelos caírem."
"C:\Users\bruno\Downloads\Exercicios renomeados\Agachamento frontal com cabo","Agachamento frontal com cabo","Agachamento frontal com cabo","Agachamento frontal com cabo.gif","agachamento_frontal_com_cabo.gif","agachamento_frontal_com_cabo.gif","Quadríceps","Polia/Cabo | Glúteos | Academia","Posicione os pés firmes e mantenha o abdômen ativo. Leve o quadril para baixo enquanto os joelhos acompanham a direção dos pés. Desça até uma amplitude que preserve o controle e volte estendendo joelhos e quadril, mantendo o tronco estável."
"C:\Users\bruno\Downloads\Exercicios renomeados\Agachamento goblet com halter","Agachamento goblet com halter","Avanço traseira com halteres - Variação 2","perna/Avanço traseira com halteres - Variação 2.gif","agachamento_goblet_com_halter.gif","agachamento_goblet_com_halter.gif","Quadríceps","Glúteos | Halteres | Casa","Segure o halter junto ao peito ou entre as pernas, com os pés firmes e na largura indicada pela variação. Desça flexionando joelhos e quadris, mantendo o peito aberto e os joelhos acompanhando a direção dos pés. Empurre o chão para subir e contraia glúteos e quadríceps no final."
"C:\Users\bruno\Downloads\Exercicios renomeados\Agachamento goblet com halter - Variação 2","Agachamento goblet com halter - Variação 2","Em pé leg rosca with resistance band","perna/Em pé leg rosca with resistance band.gif","agachamento_goblet_com_halter_variacao_2.gif","agachamento_goblet_com_halter_variacao_2.gif","Quadríceps","Glúteos | Halteres | Casa","Segure o halter junto ao peito ou entre as pernas, com os pés firmes e na largura indicada pela variação. Desça flexionando joelhos e quadris, mantendo o peito aberto e os joelhos acompanhando a direção dos pés. Empurre o chão para subir e contraia glúteos e quadríceps no final."
"C:\Users\bruno\Downloads\Exercicios renomeados\Agachamento goblet com kettlebell","Agachamento goblet com kettlebell","Agachamento com taça de kettlebell","Agachamento com taça de kettlebell.gif","agachamento_goblet_com_kettlebell.gif","agachamento_goblet_com_kettlebell.gif","Quadríceps","Kettlebell | Glúteos | Academia","Posicione os pés firmes e mantenha o abdômen ativo. Leve o quadril para baixo enquanto os joelhos acompanham a direção dos pés. Desça até uma amplitude que preserve o controle e volte estendendo joelhos e quadril, mantendo o tronco estável."
"C:\Users\bruno\Downloads\Exercicios renomeados\Agachamento hack na máquina","Agachamento hack na máquina","Hackear máquina de agachamento","perna/Hackear máquina de agachamento.gif","agachamento_hack_na_maquina.gif","agachamento_hack_na_maquina.gif","Quadríceps","Glúteos | Máquina | Academia","Apoie costas e ombros na máquina e posicione os pés na plataforma. Desça flexionando joelhos e quadris até a amplitude confortável, mantendo os joelhos alinhados aos pés. Empurre a plataforma para subir sem travar os joelhos."
"C:\Users\bruno\Downloads\Exercicios renomeados\Agachamento hack reverso","Agachamento hack reverso","Agachamento hack reverso","Agachamento hack reverso.gif","agachamento_hack_reverso.gif","agachamento_hack_reverso.gif","Quadríceps","Máquina | Glúteos | Academia","Posicione os pés firmes e mantenha o abdômen ativo. Leve o quadril para baixo enquanto os joelhos acompanham a direção dos pés. Desça até uma amplitude que preserve o controle e volte estendendo joelhos e quadril, mantendo o tronco estável."
"C:\Users\bruno\Downloads\Exercicios renomeados\Agachamento isométrico na parede","Agachamento isométrico na parede","Agachamento na parede com bola de exercício","perna/Agachamento na parede com bola de exercício.gif","agachamento_isometrico_na_parede.gif","agachamento_isometrico_na_parede.gif","Quadríceps","Glúteos | Sem aparelhos | Casa","Apoie as costas na parede e deslize o corpo para baixo até os joelhos ficarem aproximadamente em ângulo reto ou em uma posição confortável. Mantenha os pés firmes à frente e segure a posição com o abdômen ativo. Evite deixar os joelhos colapsarem para dentro."
"C:\Users\bruno\Downloads\Exercicios renomeados\Agachamento landmine","Agachamento landmine","Landmine agachamento","perna/Landmine agachamento.gif","agachamento_landmine.gif","agachamento_landmine.gif","Quadríceps","Glúteos | Barra | Academia","Segure a extremidade da barra junto ao peito e mantenha os pés firmes. Flexione joelhos e quadris para agachar mantendo o tronco alto e a barra próxima ao corpo. Empurre o chão para subir e retorne à posição inicial com controle."
"C:\Users\bruno\Downloads\Exercicios renomeados\Agachamento livre com barra","Agachamento livre com barra","Agachamento","Agachamento.gif","agachamento_livre_com_barra.gif","agachamento_livre_com_barra.gif","Quadríceps","Barra | Glúteos | Academia","Posicione os pés firmes e mantenha o abdômen ativo. Leve o quadril para baixo enquanto os joelhos acompanham a direção dos pés. Desça até uma amplitude que preserve o controle e volte estendendo joelhos e quadril, mantendo o tronco estável."
"C:\Users\bruno\Downloads\Exercicios renomeados\Agachamento livre sem peso","Agachamento livre sem peso","011_agachamento_livre","011_agachamento_livre.gif","agachamento_livre_sem_peso.gif","agachamento_livre_sem_peso.gif","Quadríceps","Glúteos | Sem aparelhos | Casa","Posicione os pés firmes e mantenha o abdômen ativo. Leve o quadril para baixo enquanto os joelhos acompanham a direção dos pés. Desça até uma amplitude que preserve o controle e volte estendendo joelhos e quadril, mantendo o tronco estável."
"C:\Users\bruno\Downloads\Exercicios renomeados\Agachamento na máquina abdutora","Agachamento na máquina abdutora","Agache-se na máquina abdutora","Agache-se na máquina abdutora.gif","agachamento_na_maquina_abdutora.gif","agachamento_na_maquina_abdutora.gif","Quadríceps","Máquina | Glúteos | Academia","Posicione os pés firmes e mantenha o abdômen ativo. Leve o quadril para baixo enquanto os joelhos acompanham a direção dos pés. Desça até uma amplitude que preserve o controle e volte estendendo joelhos e quadril, mantendo o tronco estável."
"C:\Users\bruno\Downloads\Exercicios renomeados\Agachamento na máquina hack","Agachamento na máquina hack","Hackear máquina de agachamento","Hackear máquina de agachamento.gif","agachamento_na_maquina_hack.gif","agachamento_na_maquina_hack.gif","Quadríceps","Máquina | Glúteos | Academia","Posicione os pés firmes e mantenha o abdômen ativo. Leve o quadril para baixo enquanto os joelhos acompanham a direção dos pés. Desça até uma amplitude que preserve o controle e volte estendendo joelhos e quadril, mantendo o tronco estável."
"C:\Users\bruno\Downloads\Exercicios renomeados\Agachamento na parede com bola de exercício","Agachamento na parede com bola de exercício","Agachamento na parede com bola de exercício","Agachamento na parede com bola de exercício.gif","agachamento_na_parede_com_bola_de_exercicio.gif","agachamento_na_parede_com_bola_de_exercicio.gif","Quadríceps","Bola | Glúteos | Academia","Posicione os pés firmes e mantenha o abdômen ativo. Leve o quadril para baixo enquanto os joelhos acompanham a direção dos pés. Desça até uma amplitude que preserve o controle e volte estendendo joelhos e quadril, mantendo o tronco estável."
"C:\Users\bruno\Downloads\Exercicios renomeados\Agachamento na parede com bola suíça","Agachamento na parede com bola suíça","Agachamento na parede com bola de exercício - Variação 2","perna/Agachamento na parede com bola de exercício - Variação 2.gif","agachamento_na_parede_com_bola_suica.gif","agachamento_na_parede_com_bola_suica.gif","Quadríceps","Glúteos | Bola | Casa","Posicione a bola entre as costas e a parede e mantenha os pés um pouco à frente. Deslize para baixo flexionando joelhos e quadris até a amplitude confortável. Empurre o chão para subir enquanto mantém a bola apoiada e os joelhos alinhados aos pés."
"C:\Users\bruno\Downloads\Exercicios renomeados\Agachamento no banco com halteres","Agachamento no banco com halteres","Em pé cadeira extensora with resistance band - Variação 2","perna/Em pé cadeira extensora with resistance band - Variação 2.gif","agachamento_no_banco_com_halteres.gif","agachamento_no_banco_com_halteres.gif","Quadríceps","Glúteos | Halteres | Banco","Fique em frente ao banco segurando os halteres ao lado do corpo. Leve o quadril para trás e flexione os joelhos até tocar ou sentar levemente no banco, sem relaxar o tronco. Empurre o chão para voltar em pé mantendo os joelhos alinhados aos pés."
"C:\Users\bruno\Downloads\Exercicios renomeados\Agachamento no pino (Pin squat)","Agachamento no pino (Pin squat)","Pin agachamento","perna/Pin agachamento.gif","agachamento_no_pino_pin_squat.gif","agachamento_no_pino_pin_squat.gif","Quadríceps","Glúteos | Barra | Academia","Ajuste os pinos de segurança na altura desejada e posicione a barra sobre as costas. Desça o agachamento até tocar suavemente os pinos, faça uma breve pausa sem relaxar o tronco e empurre o chão para subir. Mantenha os joelhos alinhados e a coluna neutra."
"C:\Users\bruno\Downloads\Exercicios renomeados\Agachamento no Smith","Agachamento no Smith","Smith na máquina agachamento","perna/Smith na máquina agachamento.gif","agachamento_no_smith.gif","agachamento_no_smith.gif","Quadríceps","Glúteos | Máquina | Academia","Posicione a barra do Smith sobre a parte alta das costas e ajuste os pés. Desça flexionando joelhos e quadris até a amplitude confortável, mantendo o tronco firme e os joelhos alinhados. Empurre o chão para subir sem travar os joelhos."
"C:\Users\bruno\Downloads\Exercicios renomeados\Agachamento pistola","Agachamento pistola","Agachamento com pistola","Agachamento com pistola.gif","agachamento_pistola.gif","agachamento_pistola.gif","Quadríceps","Glúteos | Sem aparelhos | Casa","Posicione os pés firmes e mantenha o abdômen ativo. Leve o quadril para baixo enquanto os joelhos acompanham a direção dos pés. Desça até uma amplitude que preserve o controle e volte estendendo joelhos e quadril, mantendo o tronco estável."
"C:\Users\bruno\Downloads\Exercicios renomeados\Agachamento pistola com kettlebell","Agachamento pistola com kettlebell","Agachamento com pistola kettlebell","Agachamento com pistola kettlebell.gif","agachamento_pistola_com_kettlebell.gif","agachamento_pistola_com_kettlebell.gif","Quadríceps","Kettlebell | Glúteos | Academia","Posicione os pés firmes e mantenha o abdômen ativo. Leve o quadril para baixo enquanto os joelhos acompanham a direção dos pés. Desça até uma amplitude que preserve o controle e volte estendendo joelhos e quadril, mantendo o tronco estável."
"C:\Users\bruno\Downloads\Exercicios renomeados\Agachamento sumô com barra","Agachamento sumô com barra","Agachamento sumô com barra","Agachamento sumô com barra.gif","agachamento_sumo_com_barra.gif","agachamento_sumo_com_barra.gif","Quadríceps","Barra | Glúteos | Academia","Posicione os pés firmes e mantenha o abdômen ativo. Leve o quadril para baixo enquanto os joelhos acompanham a direção dos pés. Desça até uma amplitude que preserve o controle e volte estendendo joelhos e quadril, mantendo o tronco estável."
"C:\Users\bruno\Downloads\Exercicios renomeados\Agachamento sumô com halter","Agachamento sumô com halter","Jefferson agachamento","perna/Jefferson agachamento.gif","agachamento_sumo_com_halter.gif","agachamento_sumo_com_halter.gif","Quadríceps","Glúteos | Adutores | Halteres","Segure o halter junto ao peito ou entre as pernas, com os pés firmes e na largura indicada pela variação. Desça flexionando joelhos e quadris, mantendo o peito aberto e os joelhos acompanhando a direção dos pés. Empurre o chão para subir e contraia glúteos e quadríceps no final."
"C:\Users\bruno\Downloads\Exercicios renomeados\Agachamento sumô com halter - Variação 2","Agachamento sumô com halter - Variação 2","Single leg deadlift with resistance band","perna/Single leg deadlift with resistance band.gif","agachamento_sumo_com_halter_variacao_2.gif","agachamento_sumo_com_halter_variacao_2.gif","Quadríceps","Glúteos | Adutores | Halteres","Segure o halter junto ao peito ou entre as pernas, com os pés firmes e na largura indicada pela variação. Desça flexionando joelhos e quadris, mantendo o peito aberto e os joelhos acompanhando a direção dos pés. Empurre o chão para subir e contraia glúteos e quadríceps no final."
"C:\Users\bruno\Downloads\Exercicios renomeados\Agachamento sumô com halteres","Agachamento sumô com halteres","Agachamento sumô com halteres","Agachamento sumô com halteres.gif","agachamento_sumo_com_halteres.gif","agachamento_sumo_com_halteres.gif","Quadríceps","Halteres | Glúteos | Academia","Posicione os pés firmes e mantenha o abdômen ativo. Leve o quadril para baixo enquanto os joelhos acompanham a direção dos pés. Desça até uma amplitude que preserve o controle e volte estendendo joelhos e quadril, mantendo o tronco estável."
"C:\Users\bruno\Downloads\Exercicios renomeados\Agachamento sumô com peso corporal","Agachamento sumô com peso corporal","Agachamento sumô com peso corporal","Agachamento sumô com peso corporal.gif","agachamento_sumo_com_peso_corporal.gif","agachamento_sumo_com_peso_corporal.gif","Quadríceps","Glúteos | Sem aparelhos | Casa","Posicione os pés firmes e mantenha o abdômen ativo. Leve o quadril para baixo enquanto os joelhos acompanham a direção dos pés. Desça até uma amplitude que preserve o controle e volte estendendo joelhos e quadril, mantendo o tronco estável."
"C:\Users\bruno\Downloads\Exercicios renomeados\Agachamento sumô plie com halteres","Agachamento sumô plie com halteres","Agachamento sumô plie com halteres","Agachamento sumô plie com halteres.gif","agachamento_sumo_plie_com_halteres.gif","agachamento_sumo_plie_com_halteres.gif","Quadríceps","Halteres | Glúteos | Academia","Posicione os pés firmes e mantenha o abdômen ativo. Leve o quadril para baixo enquanto os joelhos acompanham a direção dos pés. Desça até uma amplitude que preserve o controle e volte estendendo joelhos e quadril, mantendo o tronco estável."
"C:\Users\bruno\Downloads\Exercicios renomeados\Agachamento unilateral com barra","Agachamento unilateral com barra","Agachamento unilateral com barra","Agachamento unilateral com barra.gif","agachamento_unilateral_com_barra.gif","agachamento_unilateral_com_barra.gif","Quadríceps","Barra | Glúteos | Academia","Posicione os pés firmes e mantenha o abdômen ativo. Leve o quadril para baixo enquanto os joelhos acompanham a direção dos pés. Desça até uma amplitude que preserve o controle e volte estendendo joelhos e quadril, mantendo o tronco estável."
"C:\Users\bruno\Downloads\Exercicios renomeados\Agachamento unilateral com perna elevada atrás","Agachamento unilateral com perna elevada atrás","Agachamento zercher","perna/Agachamento zercher.gif","agachamento_unilateral_com_perna_elevada_atras.gif","agachamento_unilateral_com_perna_elevada_atras.gif","Quadríceps","Glúteos | Sem aparelhos | Casa","Fique apoiado em uma perna e mantenha a outra dobrada atrás do corpo. Flexione o joelho e o quadril da perna de apoio para descer devagar, usando os braços para equilíbrio. Empurre o chão para retornar sem deixar o joelho perder o alinhamento."
"C:\Users\bruno\Downloads\Exercicios renomeados\Agachamento unilateral com pé elevado","Agachamento unilateral com pé elevado","Em pé cadeira extensora with resistance band","perna/Em pé cadeira extensora with resistance band.gif","agachamento_unilateral_com_pe_elevado.gif","agachamento_unilateral_com_pe_elevado.gif","Quadríceps","Glúteos | Sem aparelhos | Casa","Apoie a perna de trabalho sobre a elevação e mantenha o tronco firme. Flexione joelho e quadril da perna de apoio para descer de forma controlada enquanto a outra perna acompanha o movimento. Empurre o apoio para voltar e evite deixar o joelho cair para dentro."
"C:\Users\bruno\Downloads\Exercicios renomeados\Agachamento unilateral havaiano","Agachamento unilateral havaiano","Agachamento havaiano","Agachamento havaiano.gif","agachamento_unilateral_havaiano.gif","agachamento_unilateral_havaiano.gif","Quadríceps","Glúteos | Sem aparelhos | Casa","Posicione os pés firmes e mantenha o abdômen ativo. Leve o quadril para baixo enquanto os joelhos acompanham a direção dos pés. Desça até uma amplitude que preserve o controle e volte estendendo joelhos e quadril, mantendo o tronco estável."
"C:\Users\bruno\Downloads\Exercicios renomeados\Agachamento zercher","Agachamento zercher","Agachamento zercher","Agachamento zercher.gif","agachamento_zercher.gif","agachamento_zercher.gif","Quadríceps","Glúteos | Sem aparelhos | Casa","Posicione os pés firmes e mantenha o abdômen ativo. Leve o quadril para baixo enquanto os joelhos acompanham a direção dos pés. Desça até uma amplitude que preserve o controle e volte estendendo joelhos e quadril, mantendo o tronco estável."
"C:\Users\bruno\Downloads\Exercicios renomeados\Alongamento 90 - 90 de quadril","Alongamento 90 - 90 de quadril","90 90 alongamento de quadril","90 90 alongamento de quadril.gif","alongamento_90_90_de_quadril.gif","alongamento_90_90_de_quadril.gif","Alongamento","Quadril | Sem aparelhos | Casa","Sente-se com as duas pernas dobradas, mantendo aproximadamente 90° nos joelhos, uma à frente e outra ao lado. Mantenha o tronco alongado e incline-se suavemente sobre a perna da frente até sentir o quadril alongar. Volte com controle e repita para o outro lado."
"C:\Users\bruno\Downloads\Exercicios renomeados\Alongamento abdominal cobra","Alongamento abdominal cobra","Alongamento abdominal cobra","Alongamento abdominal cobra.gif","alongamento_abdominal_cobra.gif","alongamento_abdominal_cobra.gif","Alongamento","Costas | Sem aparelhos | Casa","Deite-se de bruços e apoie as mãos ou os antebraços no chão. Eleve o peito gradualmente, mantendo a pelve apoiada e os ombros afastados das orelhas. Sustente uma amplitude confortável e retorne devagar."
"C:\Users\bruno\Downloads\Exercicios renomeados\Alongamento borboleta (Titli Asana)","Alongamento borboleta (Titli Asana)","Estiramento de borboleta - Postura da borboleta titli asana","Estiramento de borboleta - Postura da borboleta titli asana.gif","alongamento_borboleta_titli_asana.gif","alongamento_borboleta_titli_asana.gif","Alongamento","Sem aparelhos | Casa","Assuma a posição mostrada e desloque o quadril lentamente até sentir a região do quadril ou a parte interna da coxa alongar. Mantenha a coluna organizada, evite rebotes e respeite uma amplitude confortável. Retorne com controle."
"C:\Users\bruno\Downloads\Exercicios renomeados\Alongamento da esfinge","Alongamento da esfinge","Trecho da esfinge","Trecho da esfinge.gif","alongamento_da_esfinge.gif","alongamento_da_esfinge.gif","Alongamento","Costas | Sem aparelhos | Casa","Deite-se de bruços e apoie as mãos ou os antebraços no chão. Eleve o peito gradualmente, mantendo a pelve apoiada e os ombros afastados das orelhas. Sustente uma amplitude confortável e retorne devagar."
"C:\Users\bruno\Downloads\Exercicios renomeados\Alongamento da panturrilha com perna esticada","Alongamento da panturrilha com perna esticada","Alongamento da panturrilha com perna esticada","Alongamento da panturrilha com perna esticada.gif","alongamento_da_panturrilha_com_perna_esticada.gif","alongamento_da_panturrilha_com_perna_esticada.gif","Alongamento","Panturrilhas | Sem aparelhos | Casa","Posicione a perna que será alongada atrás ou no apoio mostrado, mantendo o calcanhar direcionado para baixo. Avance o corpo lentamente até sentir a panturrilha alongar, sem fazer rebotes. Sustente e repita do outro lado quando aplicável."
"C:\Users\bruno\Downloads\Exercicios renomeados\Alongamento da panturrilha gastrocnêmio em pé","Alongamento da panturrilha gastrocnêmio em pé","Alongamento da panturrilha gastrocnêmio em pé","Alongamento da panturrilha gastrocnêmio em pé.gif","alongamento_da_panturrilha_gastrocnemio_em_pe.gif","alongamento_da_panturrilha_gastrocnemio_em_pe.gif","Alongamento","Panturrilhas | Sem aparelhos | Casa","Posicione a perna que será alongada atrás ou no apoio mostrado, mantendo o calcanhar direcionado para baixo. Avance o corpo lentamente até sentir a panturrilha alongar, sem fazer rebotes. Sustente e repita do outro lado quando aplicável."
"C:\Users\bruno\Downloads\Exercicios renomeados\Alongamento da panturrilha no calcanhar agachado","Alongamento da panturrilha no calcanhar agachado","Alongamento da panturrilha no calcanhar agachado","Alongamento da panturrilha no calcanhar agachado.gif","alongamento_da_panturrilha_no_calcanhar_agachado.gif","alongamento_da_panturrilha_no_calcanhar_agachado.gif","Alongamento","Panturrilhas | Sem aparelhos | Casa","Posicione a perna que será alongada atrás ou no apoio mostrado, mantendo o calcanhar direcionado para baixo. Avance o corpo lentamente até sentir a panturrilha alongar, sem fazer rebotes. Sustente e repita do outro lado quando aplicável."
"C:\Users\bruno\Downloads\Exercicios renomeados\Alongamento da parte superior das costas","Alongamento da parte superior das costas","Alongamento da parte superior das costas","Alongamento da parte superior das costas.gif","alongamento_da_parte_superior_das_costas.gif","alongamento_da_parte_superior_das_costas.gif","Alongamento","Costas | Sem aparelhos | Casa","Entre na posição de Alongamento da parte superior das costas de forma controlada. Ajuste o corpo até sentir um alongamento confortável na região trabalhada, mantenha a respiração normal e evite rebotes. Retorne lentamente e repita do outro lado quando necessário."
"C:\Users\bruno\Downloads\Exercicios renomeados\Alongamento de avanço lateral","Alongamento de avanço lateral","Alongamento de avanço lateral","Alongamento de avanço lateral.gif","alongamento_de_avanco_lateral.gif","alongamento_de_avanco_lateral.gif","Alongamento","Sem aparelhos | Casa","Entre na posição de Alongamento de avanço lateral de forma controlada. Ajuste o corpo até sentir um alongamento confortável na região trabalhada, mantenha a respiração normal e evite rebotes. Retorne lentamente e repita do outro lado quando necessário."
"C:\Users\bruno\Downloads\Exercicios renomeados\Alongamento de dorsais com apoio","Alongamento de dorsais com apoio","Alongamento do peitoral traseiro","Alongamento do peitoral traseiro.gif","alongamento_de_dorsais_com_apoio.gif","alongamento_de_dorsais_com_apoio.gif","Alongamento","Costas | Sem aparelhos | Casa","Entre na posição de Alongamento de dorsais com apoio de forma controlada. Ajuste o corpo até sentir um alongamento confortável na região trabalhada, mantenha a respiração normal e evite rebotes. Retorne lentamente e repita do outro lado quando necessário."
"C:\Users\bruno\Downloads\Exercicios renomeados\Alongamento de glúteo deitado","Alongamento de glúteo deitado","Alongamento de glúteo deitado","Alongamento de glúteo deitado.gif","alongamento_de_gluteo_deitado.gif","alongamento_de_gluteo_deitado.gif","Alongamento","Sem aparelhos | Casa","Entre na posição de Alongamento de glúteo deitado de forma controlada. Ajuste o corpo até sentir um alongamento confortável na região trabalhada, mantenha a respiração normal e evite rebotes. Retorne lentamente e repita do outro lado quando necessário."
"C:\Users\bruno\Downloads\Exercicios renomeados\Alongamento de isquiotibiais em pé","Alongamento de isquiotibiais em pé","Alongamento de isquiotibiais em pé","Alongamento de isquiotibiais em pé.gif","alongamento_de_isquiotibiais_em_pe.gif","alongamento_de_isquiotibiais_em_pe.gif","Alongamento","Posterior de coxa | Sem aparelhos | Casa","Mantenha a perna trabalhada estendida ou levemente flexionada conforme o GIF e incline o tronco a partir do quadril. Avance somente até sentir a parte posterior da coxa alongar, mantendo o movimento lento e sem rebotes. Retorne com controle."
"C:\Users\bruno\Downloads\Exercicios renomeados\Alongamento de isquiotibiais sentado","Alongamento de isquiotibiais sentado","Alongamento de isquiotibiais sentado","Alongamento de isquiotibiais sentado.gif","alongamento_de_isquiotibiais_sentado.gif","alongamento_de_isquiotibiais_sentado.gif","Alongamento","Posterior de coxa | Sem aparelhos | Casa","Mantenha a perna trabalhada estendida ou levemente flexionada conforme o GIF e incline o tronco a partir do quadril. Avance somente até sentir a parte posterior da coxa alongar, mantendo o movimento lento e sem rebotes. Retorne com controle."
"C:\Users\bruno\Downloads\Exercicios renomeados\Alongamento de ombro cruzado","Alongamento de ombro cruzado","Através do alongamento do ombro no peito","Através do alongamento do ombro no peito.gif","alongamento_de_ombro_cruzado.gif","alongamento_de_ombro_cruzado.gif","Alongamento","Ombros | Sem aparelhos | Casa","Posicione o braço como demonstrado e mova-o lentamente até sentir a região do ombro alongar. Mantenha o tronco estável e os ombros afastados das orelhas. Sustente sem rebotes e retorne devagar."
"C:\Users\bruno\Downloads\Exercicios renomeados\Alongamento de ombro reverso em pé","Alongamento de ombro reverso em pé","Alongamento de ombro reverso em pé","Alongamento de ombro reverso em pé.gif","alongamento_de_ombro_reverso_em_pe.gif","alongamento_de_ombro_reverso_em_pe.gif","Alongamento","Ombros | Sem aparelhos | Casa","Posicione o braço como demonstrado e mova-o lentamente até sentir a região do ombro alongar. Mantenha o tronco estável e os ombros afastados das orelhas. Sustente sem rebotes e retorne devagar."
"C:\Users\bruno\Downloads\Exercicios renomeados\Alongamento de ombros com toalha","Alongamento de ombros com toalha","Esticar com toalha","Esticar com toalha.gif","alongamento_de_ombros_com_toalha.gif","alongamento_de_ombros_com_toalha.gif","Alongamento","Ombros | Sem aparelhos | Casa","Posicione o braço como demonstrado e mova-o lentamente até sentir a região do ombro alongar. Mantenha o tronco estável e os ombros afastados das orelhas. Sustente sem rebotes e retorne devagar."
"C:\Users\bruno\Downloads\Exercicios renomeados\Alongamento de panturrilha com calcanhar único","Alongamento de panturrilha com calcanhar único","Alongamento de panturrilha com calcanhar único","Alongamento de panturrilha com calcanhar único.gif","alongamento_de_panturrilha_com_calcanhar_unico.gif","alongamento_de_panturrilha_com_calcanhar_unico.gif","Alongamento","Panturrilhas | Sem aparelhos | Casa","Posicione a perna que será alongada atrás ou no apoio mostrado, mantendo o calcanhar direcionado para baixo. Avance o corpo lentamente até sentir a panturrilha alongar, sem fazer rebotes. Sustente e repita do outro lado quando aplicável."
"C:\Users\bruno\Downloads\Exercicios renomeados\Alongamento de panturrilha com corda","Alongamento de panturrilha com corda","Alongamento de panturrilha com corda","Alongamento de panturrilha com corda.gif","alongamento_de_panturrilha_com_corda.gif","alongamento_de_panturrilha_com_corda.gif","Alongamento","Panturrilhas | Corda | Casa","Posicione a perna que será alongada atrás ou no apoio mostrado, mantendo o calcanhar direcionado para baixo. Avance o corpo lentamente até sentir a panturrilha alongar, sem fazer rebotes. Sustente e repita do outro lado quando aplicável."
"C:\Users\bruno\Downloads\Exercicios renomeados\Alongamento de panturrilha com perna reta sentada","Alongamento de panturrilha com perna reta sentada","Alongamento de panturrilha com perna reta sentada","Alongamento de panturrilha com perna reta sentada.gif","alongamento_de_panturrilha_com_perna_reta_sentada.gif","alongamento_de_panturrilha_com_perna_reta_sentada.gif","Alongamento","Panturrilhas | Sem aparelhos | Casa","Posicione a perna que será alongada atrás ou no apoio mostrado, mantendo o calcanhar direcionado para baixo. Avance o corpo lentamente até sentir a panturrilha alongar, sem fazer rebotes. Sustente e repita do outro lado quando aplicável."
"C:\Users\bruno\Downloads\Exercicios renomeados\Alongamento de panturrilha em pé","Alongamento de panturrilha em pé","Alongamento de panturrilha em pé","Alongamento de panturrilha em pé.gif","alongamento_de_panturrilha_em_pe.gif","alongamento_de_panturrilha_em_pe.gif","Alongamento","Panturrilhas | Sem aparelhos | Casa","Posicione a perna que será alongada atrás ou no apoio mostrado, mantendo o calcanhar direcionado para baixo. Avance o corpo lentamente até sentir a panturrilha alongar, sem fazer rebotes. Sustente e repita do outro lado quando aplicável."
"C:\Users\bruno\Downloads\Exercicios renomeados\Alongamento de panturrilhas de uma perna","Alongamento de panturrilhas de uma perna","Alongamento de panturrilhas de uma perna","Alongamento de panturrilhas de uma perna.gif","alongamento_de_panturrilhas_de_uma_perna.gif","alongamento_de_panturrilhas_de_uma_perna.gif","Alongamento","Panturrilhas | Sem aparelhos | Casa","Posicione a perna que será alongada atrás ou no apoio mostrado, mantendo o calcanhar direcionado para baixo. Avance o corpo lentamente até sentir a panturrilha alongar, sem fazer rebotes. Sustente e repita do outro lado quando aplicável."
"C:\Users\bruno\Downloads\Exercicios renomeados\Alongamento de peito com rolo de espuma","Alongamento de peito com rolo de espuma","Alongamento de peito com rolo de espuma","Alongamento de peito com rolo de espuma.gif","alongamento_de_peito_com_rolo_de_espuma.gif","alongamento_de_peito_com_rolo_de_espuma.gif","Alongamento","Peito | Rolo de espuma | Casa","Apoie o braço conforme mostrado e abra o peito girando ou avançando o tronco de maneira suave. Mantenha o ombro relaxado e pare ao sentir alongamento confortável no peitoral e na frente do ombro. Retorne lentamente."
"C:\Users\bruno\Downloads\Exercicios renomeados\Alongamento de peito e ombros na porta","Alongamento de peito e ombros na porta","Peitoral da porta e alongamento dos ombros","Peitoral da porta e alongamento dos ombros.gif","alongamento_de_peito_e_ombros_na_porta.gif","alongamento_de_peito_e_ombros_na_porta.gif","Alongamento","Peito | Sem aparelhos | Casa","Apoie o braço conforme mostrado e abra o peito girando ou avançando o tronco de maneira suave. Mantenha o ombro relaxado e pare ao sentir alongamento confortável no peitoral e na frente do ombro. Retorne lentamente."
"C:\Users\bruno\Downloads\Exercicios renomeados\Alongamento de posteriores da coxa em pé com pernas cruzadas","Alongamento de posteriores da coxa em pé com pernas cruzadas","Pada hastasana postura de mãos aos pés - Alongamento de isquiotibiais de perna cruzada em pé","Pada hastasana postura de mãos aos pés - Alongamento de isquiotibiais de perna cruzada em pé.gif","alongamento_de_posteriores_da_coxa_em_pe_com_pernas_cruzadas.gif","alongamento_de_posteriores_da_coxa_em_pe_com_pernas_cruzadas.gif","Alongamento","Posterior de coxa | Sem aparelhos | Casa","Mantenha a perna trabalhada estendida ou levemente flexionada conforme o GIF e incline o tronco a partir do quadril. Avance somente até sentir a parte posterior da coxa alongar, mantendo o movimento lento e sem rebotes. Retorne com controle."
"C:\Users\bruno\Downloads\Exercicios renomeados\Alongamento de quadríceps em pé","Alongamento de quadríceps em pé","Alongamento de quadríceps em pé","Alongamento de quadríceps em pé.gif","alongamento_de_quadriceps_em_pe.gif","alongamento_de_quadriceps_em_pe.gif","Alongamento","Quadríceps | Sem aparelhos | Casa","Flexione o joelho levando o calcanhar em direção ao glúteo e mantenha os joelhos próximos. Projete o quadril levemente à frente até sentir a parte anterior da coxa alongar. Sustente sem puxar de forma brusca."
"C:\Users\bruno\Downloads\Exercicios renomeados\Alongamento de quadríceps em quatro apoios","Alongamento de quadríceps em quatro apoios","Alongamento de quadríceps em quatro apoios","Alongamento de quadríceps em quatro apoios.gif","alongamento_de_quadriceps_em_quatro_apoios.gif","alongamento_de_quadriceps_em_quatro_apoios.gif","Alongamento","Quadríceps | Sem aparelhos | Casa","Flexione o joelho levando o calcanhar em direção ao glúteo e mantenha os joelhos próximos. Projete o quadril levemente à frente até sentir a parte anterior da coxa alongar. Sustente sem puxar de forma brusca."
"C:\Users\bruno\Downloads\Exercicios renomeados\Alongamento de rotação do pescoço","Alongamento de rotação do pescoço","Alongamento de rotação do pescoço","Alongamento de rotação do pescoço.gif","alongamento_de_rotacao_do_pescoco.gif","alongamento_de_rotacao_do_pescoco.gif","Alongamento","Pescoço | Sem aparelhos | Casa","Mantenha o tronco ereto e mova a cabeça lentamente na direção mostrada, sem elevar os ombros. Se usar a mão como apoio, aplique apenas pressão leve. Sustente a posição confortável e volte devagar."
"C:\Users\bruno\Downloads\Exercicios renomeados\Alongamento dinâmico do peito","Alongamento dinâmico do peito","Alongamento dinâmico do peito","Alongamento dinâmico do peito.gif","alongamento_dinamico_do_peito.gif","alongamento_dinamico_do_peito.gif","Alongamento","Peito | Sem aparelhos | Casa","Apoie o braço conforme mostrado e abra o peito girando ou avançando o tronco de maneira suave. Mantenha o ombro relaxado e pare ao sentir alongamento confortável no peitoral e na frente do ombro. Retorne lentamente."
"C:\Users\bruno\Downloads\Exercicios renomeados\Alongamento do adutor com a perna ajoelhada","Alongamento do adutor com a perna ajoelhada","Alongamento do adutor com a perna ajoelhada","Alongamento do adutor com a perna ajoelhada.gif","alongamento_do_adutor_com_a_perna_ajoelhada.gif","alongamento_do_adutor_com_a_perna_ajoelhada.gif","Alongamento","Quadril | Sem aparelhos | Casa","Assuma a posição mostrada e desloque o quadril lentamente até sentir a região do quadril ou a parte interna da coxa alongar. Mantenha a coluna organizada, evite rebotes e respeite uma amplitude confortável. Retorne com controle."
"C:\Users\bruno\Downloads\Exercicios renomeados\Alongamento do adutor da parte interna da coxa com rolo de espuma","Alongamento do adutor da parte interna da coxa com rolo de espuma","Alongamento do adutor da parte interna da coxa com rolo de espuma","Alongamento do adutor da parte interna da coxa com rolo de espuma.gif","alongamento_do_adutor_da_parte_interna_da_coxa_com_rolo_de_espuma.gif","alongamento_do_adutor_da_parte_interna_da_coxa_com_rolo_de_espuma.gif","Alongamento","Quadril | Rolo de espuma | Casa","Assuma a posição mostrada e desloque o quadril lentamente até sentir a região do quadril ou a parte interna da coxa alongar. Mantenha a coluna organizada, evite rebotes e respeite uma amplitude confortável. Retorne com controle."
"C:\Users\bruno\Downloads\Exercicios renomeados\Alongamento do flexor do quadril ajoelhado","Alongamento do flexor do quadril ajoelhado","Anjaneyasana postura de avanço baixa - Alongamento dos flexores do quadril ajoelhado","Anjaneyasana postura de avanço baixa - Alongamento dos flexores do quadril ajoelhado.gif","alongamento_do_flexor_do_quadril_ajoelhado.gif","alongamento_do_flexor_do_quadril_ajoelhado.gif","Alongamento","Quadril | Sem aparelhos | Casa","Assuma a posição mostrada e desloque o quadril lentamente até sentir a região do quadril ou a parte interna da coxa alongar. Mantenha a coluna organizada, evite rebotes e respeite uma amplitude confortável. Retorne com controle."
"C:\Users\bruno\Downloads\Exercicios renomeados\Alongamento do peito acima da cabeça","Alongamento do peito acima da cabeça","Alongamento do peito acima da cabeça","Alongamento do peito acima da cabeça.gif","alongamento_do_peito_acima_da_cabeca.gif","alongamento_do_peito_acima_da_cabeca.gif","Alongamento","Peito | Sem aparelhos | Casa","Apoie o braço conforme mostrado e abra o peito girando ou avançando o tronco de maneira suave. Mantenha o ombro relaxado e pare ao sentir alongamento confortável no peitoral e na frente do ombro. Retorne lentamente."
"C:\Users\bruno\Downloads\Exercicios renomeados\Alongamento do peito e da frente dos ombros","Alongamento do peito e da frente dos ombros","Alongamento do peito e da frente dos ombros","Alongamento do peito e da frente dos ombros.gif","alongamento_do_peito_e_da_frente_dos_ombros.gif","alongamento_do_peito_e_da_frente_dos_ombros.gif","Alongamento","Peito | Sem aparelhos | Casa","Apoie o braço conforme mostrado e abra o peito girando ou avançando o tronco de maneira suave. Mantenha o ombro relaxado e pare ao sentir alongamento confortável no peitoral e na frente do ombro. Retorne lentamente."
"C:\Users\bruno\Downloads\Exercicios renomeados\Alongamento do peito sentado","Alongamento do peito sentado","Alongamento do peito sentado","Alongamento do peito sentado.gif","alongamento_do_peito_sentado.gif","alongamento_do_peito_sentado.gif","Alongamento","Peito | Sem aparelhos | Casa","Apoie o braço conforme mostrado e abra o peito girando ou avançando o tronco de maneira suave. Mantenha o ombro relaxado e pare ao sentir alongamento confortável no peitoral e na frente do ombro. Retorne lentamente."
"C:\Users\bruno\Downloads\Exercicios renomeados\Alongamento do pescoço ajoelhado","Alongamento do pescoço ajoelhado","Alongamento do pescoço ajoelhado","Alongamento do pescoço ajoelhado.gif","alongamento_do_pescoco_ajoelhado.gif","alongamento_do_pescoco_ajoelhado.gif","Alongamento","Pescoço | Sem aparelhos | Casa","Mantenha o tronco ereto e mova a cabeça lentamente na direção mostrada, sem elevar os ombros. Se usar a mão como apoio, aplique apenas pressão leve. Sustente a posição confortável e volte devagar."
"C:\Users\bruno\Downloads\Exercicios renomeados\Alongamento do pescoço na frente e atrás","Alongamento do pescoço na frente e atrás","Alongamento do pescoço na frente e atrás","Alongamento do pescoço na frente e atrás.gif","alongamento_do_pescoco_na_frente_e_atras.gif","alongamento_do_pescoco_na_frente_e_atras.gif","Alongamento","Pescoço | Sem aparelhos | Casa","Mantenha o tronco ereto e mova a cabeça lentamente na direção mostrada, sem elevar os ombros. Se usar a mão como apoio, aplique apenas pressão leve. Sustente a posição confortável e volte devagar."
"C:\Users\bruno\Downloads\Exercicios renomeados\Alongamento do piriforme","Alongamento do piriforme","Alongamento do piriforme","Alongamento do piriforme.gif","alongamento_do_piriforme.gif","alongamento_do_piriforme.gif","Alongamento","Quadril | Sem aparelhos | Casa","Assuma a posição mostrada e desloque o quadril lentamente até sentir a região do quadril ou a parte interna da coxa alongar. Mantenha a coluna organizada, evite rebotes e respeite uma amplitude confortável. Retorne com controle."
"C:\Users\bruno\Downloads\Exercicios renomeados\Alongamento do tendão de Aquiles em pé","Alongamento do tendão de Aquiles em pé","Esticar o tendão de Aquiles em pé","Esticar o tendão de Aquiles em pé.gif","alongamento_do_tendao_de_aquiles_em_pe.gif","alongamento_do_tendao_de_aquiles_em_pe.gif","Alongamento","Panturrilhas | Sem aparelhos | Casa","Posicione a perna que será alongada atrás ou no apoio mostrado, mantendo o calcanhar direcionado para baixo. Avance o corpo lentamente até sentir a panturrilha alongar, sem fazer rebotes. Sustente e repita do outro lado quando aplicável."
"C:\Users\bruno\Downloads\Exercicios renomeados\Alongamento dos ombros atrás das costas","Alongamento dos ombros atrás das costas","Alongamento dos ombros atrás das costas","Alongamento dos ombros atrás das costas.gif","alongamento_dos_ombros_atras_das_costas.gif","alongamento_dos_ombros_atras_das_costas.gif","Alongamento","Ombros | Sem aparelhos | Casa","Posicione o braço como demonstrado e mova-o lentamente até sentir a região do ombro alongar. Mantenha o tronco estável e os ombros afastados das orelhas. Sustente sem rebotes e retorne devagar."
"C:\Users\bruno\Downloads\Exercicios renomeados\Alongamento em pé com alcance e rotação para trás","Alongamento em pé com alcance e rotação para trás","Em pé, alcance, rotação para trás, alongamento","Em pé, alcance, rotação para trás, alongamento.gif","alongamento_em_pe_com_alcance_e_rotacao_para_tras.gif","alongamento_em_pe_com_alcance_e_rotacao_para_tras.gif","Alongamento","Sem aparelhos | Casa","Entre na posição de Alongamento em pé com alcance e rotação para trás de forma controlada. Ajuste o corpo até sentir um alongamento confortável na região trabalhada, mantenha a respiração normal e evite rebotes. Retorne lentamente e repita do outro lado quando necessário."
"C:\Users\bruno\Downloads\Exercicios renomeados\Alongamento em pé tocando os pés","Alongamento em pé tocando os pés","Toques de dedo do pé em pé - Postura de montanha tadasana","Toques de dedo do pé em pé - Postura de montanha tadasana.gif","alongamento_em_pe_tocando_os_pes.gif","alongamento_em_pe_tocando_os_pes.gif","Alongamento","Sem aparelhos | Casa","Mantenha a perna trabalhada estendida ou levemente flexionada conforme o GIF e incline o tronco a partir do quadril. Avance somente até sentir a parte posterior da coxa alongar, mantendo o movimento lento e sem rebotes. Retorne com controle."
"C:\Users\bruno\Downloads\Exercicios renomeados\Alongamento estático de panturrilhas","Alongamento estático de panturrilhas","Panturrilhas alongam posição estática","Panturrilhas alongam posição estática.gif","alongamento_estatico_de_panturrilhas.gif","alongamento_estatico_de_panturrilhas.gif","Alongamento","Panturrilhas | Sem aparelhos | Casa","Posicione a perna que será alongada atrás ou no apoio mostrado, mantendo o calcanhar direcionado para baixo. Avance o corpo lentamente até sentir a panturrilha alongar, sem fazer rebotes. Sustente e repita do outro lado quando aplicável."
"C:\Users\bruno\Downloads\Exercicios renomeados\Alongamento extensor do dedo do pé","Alongamento extensor do dedo do pé","Alongamento extensor do dedo do pé","Alongamento extensor do dedo do pé.gif","alongamento_extensor_do_dedo_do_pe.gif","alongamento_extensor_do_dedo_do_pe.gif","Alongamento","Sem aparelhos | Casa","Entre na posição de Alongamento extensor do dedo do pé de forma controlada. Ajuste o corpo até sentir um alongamento confortável na região trabalhada, mantenha a respiração normal e evite rebotes. Retorne lentamente e repita do outro lado quando necessário."
"C:\Users\bruno\Downloads\Exercicios renomeados\Alongamento flexor do dedo do pé em pé","Alongamento flexor do dedo do pé em pé","Alongamento flexor do dedo do pé em pé","Alongamento flexor do dedo do pé em pé.gif","alongamento_flexor_do_dedo_do_pe_em_pe.gif","alongamento_flexor_do_dedo_do_pe_em_pe.gif","Alongamento","Sem aparelhos | Casa","Entre na posição de Alongamento flexor do dedo do pé em pé de forma controlada. Ajuste o corpo até sentir um alongamento confortável na região trabalhada, mantenha a respiração normal e evite rebotes. Retorne lentamente e repita do outro lado quando necessário."
"C:\Users\bruno\Downloads\Exercicios renomeados\Alongamento lateral da parte interna da coxa","Alongamento lateral da parte interna da coxa","Alongamento lateral da parte interna da coxa","Alongamento lateral da parte interna da coxa.gif","alongamento_lateral_da_parte_interna_da_coxa.gif","alongamento_lateral_da_parte_interna_da_coxa.gif","Alongamento","Quadril | Sem aparelhos | Casa","Assuma a posição mostrada e desloque o quadril lentamente até sentir a região do quadril ou a parte interna da coxa alongar. Mantenha a coluna organizada, evite rebotes e respeite uma amplitude confortável. Retorne com controle."
"C:\Users\bruno\Downloads\Exercicios renomeados\Alongamento lateral do pescoço","Alongamento lateral do pescoço","Alongamento lateral do pescoço","Alongamento lateral do pescoço.gif","alongamento_lateral_do_pescoco.gif","alongamento_lateral_do_pescoco.gif","Alongamento","Pescoço | Sem aparelhos | Casa","Mantenha o tronco ereto e mova a cabeça lentamente na direção mostrada, sem elevar os ombros. Se usar a mão como apoio, aplique apenas pressão leve. Sustente a posição confortável e volte devagar."
"C:\Users\bruno\Downloads\Exercicios renomeados\Alongamento lateral do pescoço - Variação 2","Alongamento lateral do pescoço - Variação 2","Alongamento lateral do pescoço - Variação 2","Alongamento lateral do pescoço - Variação 2.gif","alongamento_lateral_do_pescoco_variacao_2.gif","alongamento_lateral_do_pescoco_variacao_2.gif","Alongamento","Pescoço | Sem aparelhos | Casa","Mantenha o tronco ereto e mova a cabeça lentamente na direção mostrada, sem elevar os ombros. Se usar a mão como apoio, aplique apenas pressão leve. Sustente a posição confortável e volte devagar."
"C:\Users\bruno\Downloads\Exercicios renomeados\Alongamento reverso assistido do ombro","Alongamento reverso assistido do ombro","Alongamento reverso assistido do ombro","Alongamento reverso assistido do ombro.gif","alongamento_reverso_assistido_do_ombro.gif","alongamento_reverso_assistido_do_ombro.gif","Alongamento","Ombros | Sem aparelhos | Casa","Posicione o braço como demonstrado e mova-o lentamente até sentir a região do ombro alongar. Mantenha o tronco estável e os ombros afastados das orelhas. Sustente sem rebotes e retorne devagar."
"C:\Users\bruno\Downloads\Exercicios renomeados\Alongamento tibial posterior","Alongamento tibial posterior","Alongamento tibial posterior","Alongamento tibial posterior.gif","alongamento_tibial_posterior.gif","alongamento_tibial_posterior.gif","Alongamento","Posterior de coxa | Sem aparelhos | Casa","Mantenha a perna trabalhada estendida ou levemente flexionada conforme o GIF e incline o tronco a partir do quadril. Avance somente até sentir a parte posterior da coxa alongar, mantendo o movimento lento e sem rebotes. Retorne com controle."
"C:\Users\bruno\Downloads\Exercicios renomeados\Alongamentos de pés e tornozelos","Alongamentos de pés e tornozelos","Alongamentos de pés e tornozelos","Alongamentos de pés e tornozelos.gif","alongamentos_de_pes_e_tornozelos.gif","alongamentos_de_pes_e_tornozelos.gif","Alongamento","Sem aparelhos | Casa","Entre na posição de Alongamentos de pés e tornozelos de forma controlada. Ajuste o corpo até sentir um alongamento confortável na região trabalhada, mantenha a respiração normal e evite rebotes. Retorne lentamente e repita do outro lado quando necessário."
"C:\Users\bruno\Downloads\Exercicios renomeados\Alpinista","Alpinista","Alpinista","Alpinista.gif","alpinista.gif","alpinista.gif","Cardio","Sem aparelhos | Casa | Corpo inteiro","Apoie as mãos no chão e mantenha o corpo alinhado em posição de prancha. Traga um joelho de cada vez em direção ao peito, alternando as pernas sem deixar o quadril subir demais. Mantenha o abdômen ativo e um ritmo que preserve a postura."
"C:\Users\bruno\Downloads\Exercicios renomeados\Alpinista com joelho ao cotovelo","Alpinista com joelho ao cotovelo","Torções de cotovelo a joelho","abdominais/Torções de cotovelo a joelho.gif","alpinista_com_joelho_ao_cotovelo.gif","alpinista_com_joelho_ao_cotovelo.gif","Cardio","Sem aparelhos | Casa | Corpo inteiro","Apoie as mãos no chão e mantenha o corpo alinhado em posição de prancha. Traga um joelho de cada vez em direção ao peito, alternando as pernas sem deixar o quadril subir demais. Mantenha o abdômen ativo e um ritmo que preserve a postura."
"C:\Users\bruno\Downloads\Exercicios renomeados\Alpinista cruzado","Alpinista cruzado","Alpinista de corpo cruzado","abdominais/Alpinista de corpo cruzado.gif","alpinista_cruzado.gif","alpinista_cruzado.gif","Cardio","Sem aparelhos | Casa | Corpo inteiro","Apoie as mãos no chão e mantenha o corpo alinhado em posição de prancha. Traga um joelho de cada vez em direção ao peito, alternando as pernas sem deixar o quadril subir demais. Mantenha o abdômen ativo e um ritmo que preserve a postura."
"C:\Users\bruno\Downloads\Exercicios renomeados\Alpinista de corpo cruzado","Alpinista de corpo cruzado","Alpinista de corpo cruzado","Alpinista de corpo cruzado.gif","alpinista_de_corpo_cruzado.gif","alpinista_de_corpo_cruzado.gif","Cardio","Sem aparelhos | Casa | Corpo inteiro","Apoie as mãos no chão e mantenha o corpo alinhado em posição de prancha. Traga um joelho de cada vez em direção ao peito, alternando as pernas sem deixar o quadril subir demais. Mantenha o abdômen ativo e um ritmo que preserve a postura."
"C:\Users\bruno\Downloads\Exercicios renomeados\Alpinista em pé","Alpinista em pé","Alpinista vertical","Alpinista vertical.gif","alpinista_em_pe.gif","alpinista_em_pe.gif","Cardio","Sem aparelhos | Casa | Corpo inteiro","Apoie as mãos no chão e mantenha o corpo alinhado em posição de prancha. Traga um joelho de cada vez em direção ao peito, alternando as pernas sem deixar o quadril subir demais. Mantenha o abdômen ativo e um ritmo que preserve a postura."
"C:\Users\bruno\Downloads\Exercicios renomeados\Alto ajoelhado com kettlebell press com um braço","Alto ajoelhado com kettlebell press com um braço","Alto ajoelhado com kettlebell press com um braço","Alto ajoelhado com kettlebell press com um braço.gif","alto_ajoelhado_com_kettlebell_press_com_um_braco.gif","alto_ajoelhado_com_kettlebell_press_com_um_braco.gif","Corpo inteiro","Kettlebell | Academia","Assuma a posição inicial de Alto ajoelhado com kettlebell press com um braço, estabilize o tronco e execute o movimento mostrado de forma coordenada. Use uma amplitude que consiga controlar, evite impulso desnecessário e retorne à posição inicial antes da repetição seguinte."
"C:\Users\bruno\Downloads\Exercicios renomeados\Andando","Andando","Andando","Andando.gif","andando.gif","andando.gif","Cardio","Sem aparelhos | Casa | Corpo inteiro","Mantenha o tronco ereto, olhar à frente e braços coordenados com as pernas. Execute as passadas ou deslocamentos no padrão mostrado, apoiando os pés com controle e mantendo um ritmo que permita conservar a técnica."
"C:\Users\bruno\Downloads\Exercicios renomeados\Andar de bicicleta ao ar livre","Andar de bicicleta ao ar livre","Andar de bicicleta ao ar livre","Andar de bicicleta ao ar livre.gif","andar_de_bicicleta_ao_ar_livre.gif","andar_de_bicicleta_ao_ar_livre.gif","Cardio","Bicicleta | Ao ar livre | Corpo inteiro","Ajuste o banco para que o joelho permaneça levemente flexionado no ponto mais baixo do pedal. Pedale com os joelhos alinhados aos pés e o tronco estável, mantendo uma cadência contínua. Ajuste resistência e ritmo à intensidade desejada."
"C:\Users\bruno\Downloads\Exercicios renomeados\Arnold Press de braço único","Arnold Press de braço único","Arnold Press de braço único","Arnold Press de braço único.gif","arnold_press_de_braco_unico.gif","arnold_press_de_braco_unico.gif","Ombros","Tríceps | Sem aparelhos | Casa","Comece com as mãos ou a carga na altura apropriada dos ombros e mantenha o abdômen ativo. Empurre para cima até estender os braços com controle. Desça de volta sem deixar os ombros subirem excessivamente em direção às orelhas."
"C:\Users\bruno\Downloads\Exercicios renomeados\Arranco de kettlebell com um braço","Arranco de kettlebell com um braço","Arranco de kettlebell com um braço","Arranco de kettlebell com um braço.gif","arranco_de_kettlebell_com_um_braco.gif","arranco_de_kettlebell_com_um_braco.gif","Corpo inteiro","Kettlebell | Academia","Assuma a posição inicial de Arranco de kettlebell com um braço, estabilize o tronco e execute o movimento mostrado de forma coordenada. Use uma amplitude que consiga controlar, evite impulso desnecessário e retorne à posição inicial antes da repetição seguinte."
"C:\Users\bruno\Downloads\Exercicios renomeados\Arranco dividido com kettlebell","Arranco dividido com kettlebell","Arranco dividido com kettlebell","Arranco dividido com kettlebell.gif","arranco_dividido_com_kettlebell.gif","arranco_dividido_com_kettlebell.gif","Corpo inteiro","Kettlebell | Academia","Assuma a posição inicial de Arranco dividido com kettlebell, estabilize o tronco e execute o movimento mostrado de forma coordenada. Use uma amplitude que consiga controlar, evite impulso desnecessário e retorne à posição inicial antes da repetição seguinte."
"C:\Users\bruno\Downloads\Exercicios renomeados\Arremesso de bola medicinal acima da cabeça","Arremesso de bola medicinal acima da cabeça","Lançamento de bola medicinal","Lançamento de bola medicinal.gif","arremesso_de_bola_medicinal_acima_da_cabeca.gif","arremesso_de_bola_medicinal_acima_da_cabeca.gif","Corpo inteiro","Bola | Academia","Segure a bola com firmeza e use pernas, quadril e tronco para gerar força na direção mostrada. Lance ou bata a bola seguindo a trajetória do GIF. Recupere a posição de forma controlada antes da próxima repetição."
"C:\Users\bruno\Downloads\Exercicios renomeados\Arremesso de bola medicinal para trás","Arremesso de bola medicinal para trás","Lançamento de bola medicinal para trás","Lançamento de bola medicinal para trás.gif","arremesso_de_bola_medicinal_para_tras.gif","arremesso_de_bola_medicinal_para_tras.gif","Corpo inteiro","Bola | Academia","Segure a bola com firmeza e use pernas, quadril e tronco para gerar força na direção mostrada. Lance ou bata a bola seguindo a trajetória do GIF. Recupere a posição de forma controlada antes da próxima repetição."
"C:\Users\bruno\Downloads\Exercicios renomeados\Arremesso rotacional de bola medicinal","Arremesso rotacional de bola medicinal","Lançamento rotacional de bola medicinal","Lançamento rotacional de bola medicinal.gif","arremesso_rotacional_de_bola_medicinal.gif","arremesso_rotacional_de_bola_medicinal.gif","Corpo inteiro","Bola | Academia","Assuma a posição inicial de Arremesso rotacional de bola medicinal, estabilize o tronco e execute o movimento mostrado de forma coordenada. Use uma amplitude que consiga controlar, evite impulso desnecessário e retorne à posição inicial antes da repetição seguinte."
"C:\Users\bruno\Downloads\Exercicios renomeados\Assault Bike (bicicleta de resistência a ar)","Assault Bike (bicicleta de resistência a ar)","Bicicleta de resistência a ar - Assault Bike","cardio/Bicicleta de resistência a ar - Assault Bike.gif","assault_bike_bicicleta_de_resistencia_a_ar.gif","assault_bike_bicicleta_de_resistencia_a_ar.gif","Corpo inteiro","Elástico | Bicicleta | Academia","Assuma a posição inicial de Assault Bike (bicicleta de resistência a ar), estabilize o tronco e execute o movimento mostrado de forma coordenada. Use uma amplitude que consiga controlar, evite impulso desnecessário e retorne à posição inicial antes da repetição seguinte."
"C:\Users\bruno\Downloads\Exercicios renomeados\Avanço (passada)","Avanço (passada)","Avanço - Passada","tríceps/Avanço - Passada.gif","avanco_passada.gif","avanco_passada.gif","Quadríceps","Glúteos | Sem aparelhos | Casa","Dê o passo ou assuma a base dividida mostrada e mantenha o tronco estável. Flexione os dois joelhos até a profundidade controlada, mantendo o joelho da frente alinhado ao pé. Empurre o chão com a perna da frente para retornar ou avançar para a próxima repetição."
"C:\Users\bruno\Downloads\Exercicios renomeados\Avanço andando com barra","Avanço andando com barra","Bodyweight walking avanço","perna/Bodyweight walking avanço.gif","avanco_andando_com_barra.gif","avanco_andando_com_barra.gif","Quadríceps","Glúteos | Barra | Academia","Com a barra apoiada com segurança, dê um passo à frente e flexione os dois joelhos até o joelho de trás se aproximar do chão. Empurre o solo com a perna da frente para avançar para o próximo passo. Mantenha o tronco firme e o joelho da frente alinhado com o pé."
"C:\Users\bruno\Downloads\Exercicios renomeados\Avanço caminhando com joelho alto","Avanço caminhando com joelho alto","Andando com estocadas altas nos joelhos","Andando com estocadas altas nos joelhos.gif","avanco_caminhando_com_joelho_alto.gif","avanco_caminhando_com_joelho_alto.gif","Cardio","Sem aparelhos | Casa | Corpo inteiro","Mantenha o tronco ereto, olhar à frente e braços coordenados com as pernas. Execute as passadas ou deslocamentos no padrão mostrado, apoiando os pés com controle e mantendo um ritmo que permita conservar a técnica."
"C:\Users\bruno\Downloads\Exercicios renomeados\Avanço com barra","Avanço com barra","Avanço com barra","Avanço com barra.gif","avanco_com_barra.gif","avanco_com_barra.gif","Quadríceps","Barra | Glúteos | Academia","Dê o passo ou assuma a base dividida mostrada e mantenha o tronco estável. Flexione os dois joelhos até a profundidade controlada, mantendo o joelho da frente alinhado ao pé. Empurre o chão com a perna da frente para retornar ou avançar para a próxima repetição."
"C:\Users\bruno\Downloads\Exercicios renomeados\Avanço com halteres","Avanço com halteres","Avanço com halteres","Avanço com halteres.gif","avanco_com_halteres.gif","avanco_com_halteres.gif","Quadríceps","Halteres | Glúteos | Academia","Dê o passo ou assuma a base dividida mostrada e mantenha o tronco estável. Flexione os dois joelhos até a profundidade controlada, mantendo o joelho da frente alinhado ao pé. Empurre o chão com a perna da frente para retornar ou avançar para a próxima repetição."
"C:\Users\bruno\Downloads\Exercicios renomeados\Avanço com halteres - Variação 2","Avanço com halteres - Variação 2","Com halteres pistol agachamento","perna/Com halteres pistol agachamento.gif","avanco_com_halteres_variacao_2.gif","avanco_com_halteres_variacao_2.gif","Quadríceps","Glúteos | Halteres | Academia","Parta em pé com a carga estabilizada. Dê um passo à frente e flexione os dois joelhos até o joelho de trás se aproximar do chão, mantendo o joelho da frente alinhado ao pé. Empurre o chão com a perna da frente para retornar e repita com controle."
"C:\Users\bruno\Downloads\Exercicios renomeados\Avanço com peso corporal","Avanço com peso corporal","Bodyweight avanço","perna/Bodyweight avanço.gif","avanco_com_peso_corporal.gif","avanco_com_peso_corporal.gif","Quadríceps","Glúteos | Sem aparelhos | Casa","Parta em pé com a carga estabilizada. Dê um passo à frente e flexione os dois joelhos até o joelho de trás se aproximar do chão, mantendo o joelho da frente alinhado ao pé. Empurre o chão com a perna da frente para retornar e repita com controle."
"C:\Users\bruno\Downloads\Exercicios renomeados\Avanço de joelho alto na bola bosu","Avanço de joelho alto na bola bosu","Avanço de joelho alto na bola bosu","Avanço de joelho alto na bola bosu.gif","avanco_de_joelho_alto_na_bola_bosu.gif","avanco_de_joelho_alto_na_bola_bosu.gif","Quadríceps","Bola | Glúteos | Academia","Dê o passo ou assuma a base dividida mostrada e mantenha o tronco estável. Flexione os dois joelhos até a profundidade controlada, mantendo o joelho da frente alinhado ao pé. Empurre o chão com a perna da frente para retornar ou avançar para a próxima repetição."
"C:\Users\bruno\Downloads\Exercicios renomeados\Avanço em reverência com halter","Avanço em reverência com halter","Halteres taça reverência avanço","Halteres taça reverência avanço.gif","avanco_em_reverencia_com_halter.gif","avanco_em_reverencia_com_halter.gif","Quadríceps","Halteres | Glúteos | Academia","Dê o passo ou assuma a base dividida mostrada e mantenha o tronco estável. Flexione os dois joelhos até a profundidade controlada, mantendo o joelho da frente alinhado ao pé. Empurre o chão com a perna da frente para retornar ou avançar para a próxima repetição."
"C:\Users\bruno\Downloads\Exercicios renomeados\Avanço estático","Avanço estático","Avanço estática","Avanço estática.gif","avanco_estatico.gif","avanco_estatico.gif","Quadríceps","Glúteos | Sem aparelhos | Casa","Dê o passo ou assuma a base dividida mostrada e mantenha o tronco estável. Flexione os dois joelhos até a profundidade controlada, mantendo o joelho da frente alinhado ao pé. Empurre o chão com a perna da frente para retornar ou avançar para a próxima repetição."
"C:\Users\bruno\Downloads\Exercicios renomeados\Avanço lateral com barra","Avanço lateral com barra","Avanço lateral com barra","Avanço lateral com barra.gif","avanco_lateral_com_barra.gif","avanco_lateral_com_barra.gif","Quadríceps","Barra | Glúteos | Academia","Dê o passo ou assuma a base dividida mostrada e mantenha o tronco estável. Flexione os dois joelhos até a profundidade controlada, mantendo o joelho da frente alinhado ao pé. Empurre o chão com a perna da frente para retornar ou avançar para a próxima repetição."
"C:\Users\bruno\Downloads\Exercicios renomeados\Avanço no Smith","Avanço no Smith","Smith na máquina avanço","perna/Smith na máquina avanço.gif","avanco_no_smith.gif","avanco_no_smith.gif","Quadríceps","Glúteos | Máquina | Academia","Parta em pé com a carga estabilizada. Dê um passo à frente e flexione os dois joelhos até o joelho de trás se aproximar do chão, mantendo o joelho da frente alinhado ao pé. Empurre o chão com a perna da frente para retornar e repita com controle."
"C:\Users\bruno\Downloads\Exercicios renomeados\Avanço reverso","Avanço reverso","Avanço reversa","Avanço reversa.gif","avanco_reverso.gif","avanco_reverso.gif","Quadríceps","Glúteos | Sem aparelhos | Casa","Dê o passo ou assuma a base dividida mostrada e mantenha o tronco estável. Flexione os dois joelhos até a profundidade controlada, mantendo o joelho da frente alinhado ao pé. Empurre o chão com a perna da frente para retornar ou avançar para a próxima repetição."
"C:\Users\bruno\Downloads\Exercicios renomeados\Avanço reverso com elevação do joelho","Avanço reverso com elevação do joelho","Joelho de avanço reversa","Joelho de avanço reversa.gif","avanco_reverso_com_elevacao_do_joelho.gif","avanco_reverso_com_elevacao_do_joelho.gif","Quadríceps","Glúteos | Sem aparelhos | Casa","Dê o passo ou assuma a base dividida mostrada e mantenha o tronco estável. Flexione os dois joelhos até a profundidade controlada, mantendo o joelho da frente alinhado ao pé. Empurre o chão com a perna da frente para retornar ou avançar para a próxima repetição."
"C:\Users\bruno\Downloads\Exercicios renomeados\Avanço reverso com halteres","Avanço reverso com halteres","Avanço traseira com halteres","Avanço traseira com halteres.gif","avanco_reverso_com_halteres.gif","avanco_reverso_com_halteres.gif","Quadríceps","Halteres | Glúteos | Academia","Dê o passo ou assuma a base dividida mostrada e mantenha o tronco estável. Flexione os dois joelhos até a profundidade controlada, mantendo o joelho da frente alinhado ao pé. Empurre o chão com a perna da frente para retornar ou avançar para a próxima repetição."
"C:\Users\bruno\Downloads\Exercicios renomeados\Avanço reverso com halteres - Variação 2","Avanço reverso com halteres - Variação 2","Recusar avanço com halteres no banco - Variação 3","perna/Recusar avanço com halteres no banco - Variação 3.gif","avanco_reverso_com_halteres_variacao_2.gif","avanco_reverso_com_halteres_variacao_2.gif","Quadríceps","Glúteos | Halteres | Academia","Em pé, dê um passo para trás e flexione os dois joelhos até o joelho de trás se aproximar do chão. Mantenha a maior parte do apoio na perna da frente e o tronco estável. Empurre o chão para voltar à posição inicial e repita."
"C:\Users\bruno\Downloads\Exercicios renomeados\Avanço reverso com halteres em déficit","Avanço reverso com halteres em déficit","Recusar avanço com halteres no banco","Recusar avanço com halteres no banco.gif","avanco_reverso_com_halteres_em_deficit.gif","avanco_reverso_com_halteres_em_deficit.gif","Quadríceps","Halteres | Glúteos | Academia","Dê o passo ou assuma a base dividida mostrada e mantenha o tronco estável. Flexione os dois joelhos até a profundidade controlada, mantendo o joelho da frente alinhado ao pé. Empurre o chão com a perna da frente para retornar ou avançar para a próxima repetição."
"C:\Users\bruno\Downloads\Exercicios renomeados\Avanço reverso com peso corporal","Avanço reverso com peso corporal","Bodyweight avanço - Variação 2","perna/Bodyweight avanço - Variação 2.gif","avanco_reverso_com_peso_corporal.gif","avanco_reverso_com_peso_corporal.gif","Quadríceps","Glúteos | Sem aparelhos | Casa","Em pé, dê um passo para trás e flexione os dois joelhos até o joelho de trás se aproximar do chão. Mantenha a maior parte do apoio na perna da frente e o tronco estável. Empurre o chão para voltar à posição inicial e repita."
"C:\Users\bruno\Downloads\Exercicios renomeados\Avanço reverso landmine","Avanço reverso landmine","Landmine avanço","perna/Landmine avanço.gif","avanco_reverso_landmine.gif","avanco_reverso_landmine.gif","Quadríceps","Glúteos | Barra | Academia","Em pé, dê um passo para trás e flexione os dois joelhos até o joelho de trás se aproximar do chão. Mantenha a maior parte do apoio na perna da frente e o tronco estável. Empurre o chão para voltar à posição inicial e repita."
"C:\Users\bruno\Downloads\Exercicios renomeados\Avanço à frente no cabo","Avanço à frente no cabo","Avanço para frente do cabo","Avanço para frente do cabo.gif","avanco_a_frente_no_cabo.gif","avanco_a_frente_no_cabo.gif","Quadríceps","Polia/Cabo | Glúteos | Academia","Dê o passo ou assuma a base dividida mostrada e mantenha o tronco estável. Flexione os dois joelhos até a profundidade controlada, mantendo o joelho da frente alinhado ao pé. Empurre o chão com a perna da frente para retornar ou avançar para a próxima repetição."
"C:\Users\bruno\Downloads\Exercicios renomeados\Balanço de braços para trás","Balanço de braços para trás","Aumento de backhand","Aumento de backhand.gif","balanco_de_bracos_para_tras.gif","balanco_de_bracos_para_tras.gif","Ombros","Sem aparelhos | Casa","Mantenha o tronco firme e execute Balanço de braços para trás movendo os braços pela trajetória mostrada. Evite balanço e elevação excessiva dos ombros e controle a fase de retorno."
"C:\Users\bruno\Downloads\Exercicios renomeados\Balanço de kettlebell com um braço","Balanço de kettlebell com um braço","Balanço de kettlebell com um braço","Balanço de kettlebell com um braço.gif","balanco_de_kettlebell_com_um_braco.gif","balanco_de_kettlebell_com_um_braco.gif","Corpo inteiro","Kettlebell | Academia","Segure o kettlebell com as duas mãos ou uma mão e leve o quadril para trás mantendo a coluna neutra. Estenda o quadril de forma rápida para projetar o peso à frente. Deixe o kettlebell retornar entre as pernas e absorva o movimento novamente com o quadril, sem transformar o exercício em uma elevação de braços."
"C:\Users\bruno\Downloads\Exercicios renomeados\Balanços de kettlebell","Balanços de kettlebell","Balanços de kettlebell","Balanços de kettlebell.gif","balancos_de_kettlebell.gif","balancos_de_kettlebell.gif","Corpo inteiro","Kettlebell | Academia","Assuma a posição inicial de Balanços de kettlebell, estabilize o tronco e execute o movimento mostrado de forma coordenada. Use uma amplitude que consiga controlar, evite impulso desnecessário e retorne à posição inicial antes da repetição seguinte."
"C:\Users\bruno\Downloads\Exercicios renomeados\Bandeira do dragão","Bandeira do dragão","Bandeira do dragão","Bandeira do dragão.gif","bandeira_do_dragao.gif","bandeira_do_dragao.gif","Abdômen/Core","Sem aparelhos | Casa","Deite-se e segure firmemente o apoio atrás da cabeça. Eleve quadril e pernas mantendo o corpo rígido, apoiando principalmente a parte superior das costas. Desça o corpo lentamente sem deixar o quadril cair antes das pernas e retorne com controle."
"C:\Users\bruno\Downloads\Exercicios renomeados\Bandeira humana","Bandeira humana","Bandeira humana","Bandeira humana.gif","bandeira_humana.gif","bandeira_humana.gif","Abdômen/Core","Sem aparelhos | Casa","Segure o suporte vertical com as mãos em posições opostas e crie tensão entre empurrar e puxar. Contraia abdômen, dorsais e glúteos e eleve o corpo lateralmente até a amplitude dominada. Mantenha o corpo alinhado e desça de forma controlada."
"C:\Users\bruno\Downloads\Exercicios renomeados\Barra fixa assistida na máquina","Barra fixa assistida na máquina","Assisted barra fixa","costas-/Assisted barra fixa.gif","barra_fixa_assistida_na_maquina.gif","barra_fixa_assistida_na_maquina.gif","Costas","Barra fixa | Máquina | Bíceps","Ajuste o contrapeso e apoie os joelhos ou pés no suporte da máquina. Segure a barra com os braços estendidos, mantenha o peito aberto e puxe o corpo para cima levando o peito em direção à barra. Desça de forma controlada até quase estender os cotovelos e repita sem balançar."
"C:\Users\bruno\Downloads\Exercicios renomeados\Barra fixa atrás da nuca","Barra fixa atrás da nuca","028_barra_fixa_atras_da_nuca","028_barra_fixa_atras_da_nuca.gif","barra_fixa_atras_da_nuca.gif","barra_fixa_atras_da_nuca.gif","Costas","Barra fixa | Bíceps | Academia","Comece com a pegada firme e os ombros ativos. Puxe levando os cotovelos para baixo e para trás, elevando o corpo ou aproximando o pegador do tronco conforme a variação. Retorne com controle e evite balanço excessivo."
"C:\Users\bruno\Downloads\Exercicios renomeados\Barra fixa com carga","Barra fixa com carga","Weighted barra fixa","costas-/Weighted barra fixa.gif","barra_fixa_com_carga.gif","barra_fixa_com_carga.gif","Costas","Barra fixa | Bíceps","Prenda a carga com segurança e fique suspenso na barra com os braços estendidos. Puxe o corpo para cima conduzindo os cotovelos para baixo até o queixo ultrapassar a barra ou o peito se aproximar dela. Desça lentamente até quase estender os cotovelos, mantendo o corpo estável e sem balanço."
"C:\Users\bruno\Downloads\Exercicios renomeados\Barra fixa com salto","Barra fixa com salto","Pulando, puxe para cima","Pulando, puxe para cima.gif","barra_fixa_com_salto.gif","barra_fixa_com_salto.gif","Costas","Barra fixa | Bíceps | Academia","Comece com a pegada firme e os ombros ativos. Puxe levando os cotovelos para baixo e para trás, elevando o corpo ou aproximando o pegador do tronco conforme a variação. Retorne com controle e evite balanço excessivo."
"C:\Users\bruno\Downloads\Exercicios renomeados\Barra fixa escapular","Barra fixa escapular","Scapula barra fixa","costas-/Scapula barra fixa.gif","barra_fixa_escapular.gif","barra_fixa_escapular.gif","Costas","Barra fixa","Fique suspenso na barra com os cotovelos estendidos. Sem dobrar os braços, afaste os ombros das orelhas e eleve levemente o corpo aproximando e deprimindo as escápulas. Volte de forma controlada à posição relaxada dos ombros e repita sem embalo."
"C:\Users\bruno\Downloads\Exercicios renomeados\Barra fixa pronada","Barra fixa pronada","Puxe para cima","Puxe para cima.gif","barra_fixa_pronada.gif","barra_fixa_pronada.gif","Costas","Barra fixa | Bíceps | Academia","Comece com a pegada firme e os ombros ativos. Puxe levando os cotovelos para baixo e para trás, elevando o corpo ou aproximando o pegador do tronco conforme a variação. Retorne com controle e evite balanço excessivo."
"C:\Users\bruno\Downloads\Exercicios renomeados\Barra fixa supinada","Barra fixa supinada","Queixo para cima","Queixo para cima.gif","barra_fixa_supinada.gif","barra_fixa_supinada.gif","Costas","Barra fixa | Bíceps | Academia","Comece com a pegada firme e os ombros ativos. Puxe levando os cotovelos para baixo e para trás, elevando o corpo ou aproximando o pegador do tronco conforme a variação. Retorne com controle e evite balanço excessivo."
"C:\Users\bruno\Downloads\Exercicios renomeados\Bear crawl","Bear crawl","Urso rasteja","Urso rasteja.gif","bear_crawl.gif","bear_crawl.gif","Corpo inteiro","Cardio | Sem aparelhos | Casa","Assuma a posição inicial mostrada e execute o movimento de forma coordenada, mantendo o abdômen ativo e joelhos alinhados. Quando houver salto, aterrisse suavemente; quando houver deslocamento ou carga, mantenha o tronco estável durante toda a repetição."
"C:\Users\bruno\Downloads\Exercicios renomeados\Bicicleta ergométrica","Bicicleta ergométrica","Bicicleta","Bicicleta.gif","bicicleta_ergometrica.gif","bicicleta_ergometrica.gif","Cardio","Máquina | Bicicleta | Academia","Ajuste o banco para que o joelho permaneça levemente flexionado no ponto mais baixo do pedal. Pedale com os joelhos alinhados aos pés e o tronco estável, mantendo uma cadência contínua. Ajuste resistência e ritmo à intensidade desejada."
"C:\Users\bruno\Downloads\Exercicios renomeados\Bicicleta ergométrica de braços","Bicicleta ergométrica de braços","Bicicleta de mãos","Bicicleta de mãos.gif","bicicleta_ergometrica_de_bracos.gif","bicicleta_ergometrica_de_bracos.gif","Cardio","Máquina | Bicicleta | Academia","Ajuste o banco para que o joelho permaneça levemente flexionado no ponto mais baixo do pedal. Pedale com os joelhos alinhados aos pés e o tronco estável, mantendo uma cadência contínua. Ajuste resistência e ritmo à intensidade desejada."
"C:\Users\bruno\Downloads\Exercicios renomeados\Bicicleta ergométrica horizontal","Bicicleta ergométrica horizontal","Bicicleta ergométrica horizontal","cardio/Bicicleta ergométrica horizontal.gif","bicicleta_ergometrica_horizontal.gif","bicicleta_ergometrica_horizontal.gif","Cardio","Máquina | Bicicleta | Academia","Ajuste o banco para que o joelho permaneça levemente flexionado no ponto mais baixo do pedal. Pedale com os joelhos alinhados aos pés e o tronco estável, mantendo uma cadência contínua. Ajuste resistência e ritmo à intensidade desejada."
"C:\Users\bruno\Downloads\Exercicios renomeados\Bicicleta ergométrica vertical","Bicicleta ergométrica vertical","Bicicleta ergométrica vertical","cardio/Bicicleta ergométrica vertical.gif","bicicleta_ergometrica_vertical.gif","bicicleta_ergometrica_vertical.gif","Cardio","Máquina | Bicicleta | Academia","Ajuste o banco para que o joelho permaneça levemente flexionado no ponto mais baixo do pedal. Pedale com os joelhos alinhados aos pés e o tronco estável, mantendo uma cadência contínua. Ajuste resistência e ritmo à intensidade desejada."
"C:\Users\bruno\Downloads\Exercicios renomeados\Bird dog","Bird dog","Braço perna levanta","Braço perna levanta.gif","bird_dog.gif","bird_dog.gif","Abdômen/Core","Sem aparelhos | Casa","Fique em quatro apoios com abdômen ativo. Estenda simultaneamente um braço e a perna oposta até alinhá-los ao tronco, mantendo quadril e ombros paralelos ao chão. Retorne com controle e alterne os lados."
"C:\Users\bruno\Downloads\Exercicios renomeados\Bom dia","Bom dia","Bom dia","Bom dia.gif","bom_dia.gif","bom_dia.gif","Posterior de coxa","Glúteos | Sem aparelhos | Casa","Comece com os pés firmes e o abdômen ativo. Leve o quadril para trás mantendo a coluna neutra e a carga próxima ao corpo. Desça até sentir tensão nos posteriores sem perder a postura e volte estendendo o quadril de forma controlada."
"C:\Users\bruno\Downloads\Exercicios renomeados\Bom dia na máquina Smith","Bom dia na máquina Smith","Máquina smith bom dia","Máquina smith bom dia.gif","bom_dia_na_maquina_smith.gif","bom_dia_na_maquina_smith.gif","Posterior de coxa","Máquina | Glúteos | Academia","Comece com os pés firmes e o abdômen ativo. Leve o quadril para trás mantendo a coluna neutra e a carga próxima ao corpo. Desça até sentir tensão nos posteriores sem perder a postura e volte estendendo o quadril de forma controlada."
"C:\Users\bruno\Downloads\Exercicios renomeados\Burpee jack","Burpee jack","Jack burpee","Jack burpee.gif","burpee_jack.gif","burpee_jack.gif","Corpo inteiro","Cardio | Sem aparelhos | Casa","Comece em pé, agache e apoie as mãos no chão. Leve os pés para trás até a prancha, execute a variação mostrada e retorne os pés para perto das mãos. Levante-se ou salte conforme o GIF, aterrissando de maneira suave."
"C:\Users\bruno\Downloads\Exercicios renomeados\Burpee Navy Seal","Burpee Navy Seal","Burpee do selo da marinha","Burpee do selo da marinha.gif","burpee_navy_seal.gif","burpee_navy_seal.gif","Corpo inteiro","Cardio | Sem aparelhos | Casa","Comece em pé, agache e apoie as mãos no chão. Leve os pés para trás até a prancha, execute a variação mostrada e retorne os pés para perto das mãos. Levante-se ou salte conforme o GIF, aterrissando de maneira suave."
"C:\Users\bruno\Downloads\Exercicios renomeados\Burpees","Burpees","Burpees","Burpees.gif","burpees.gif","burpees.gif","Corpo inteiro","Cardio | Sem aparelhos | Casa","Comece em pé, agache e apoie as mãos no chão. Leve os pés para trás até a prancha, execute a variação mostrada e retorne os pés para perto das mãos. Levante-se ou salte conforme o GIF, aterrissando de maneira suave."
"C:\Users\bruno\Downloads\Exercicios renomeados\Burpees com halteres","Burpees com halteres","Burpees com halteres","Burpees com halteres.gif","burpees_com_halteres.gif","burpees_com_halteres.gif","Corpo inteiro","Halteres | Cardio | Academia","Comece em pé, agache e apoie as mãos no chão. Leve os pés para trás até a prancha, execute a variação mostrada e retorne os pés para perto das mãos. Levante-se ou salte conforme o GIF, aterrissando de maneira suave."
"C:\Users\bruno\Downloads\Exercicios renomeados\Cadeira adutora","Cadeira adutora","Recusar avanço com halteres no banco - Variação 2","perna/Recusar avanço com halteres no banco - Variação 2.gif","cadeira_adutora.gif","cadeira_adutora.gif","Adutores","Máquina | Academia","Sente-se na máquina com as costas apoiadas e as pernas posicionadas contra as almofadas. Feche as pernas aproximando os joelhos de forma controlada, contraindo a parte interna das coxas. Retorne lentamente até a amplitude confortável, sem deixar o peso bater."
"C:\Users\bruno\Downloads\Exercicios renomeados\Cadeira extensora","Cadeira extensora","Extensão de perna - Variação 2","perna/Extensão de perna - Variação 2.gif","cadeira_extensora.gif","cadeira_extensora.gif","Quadríceps","Máquina | Academia","Sente-se com as costas apoiadas e ajuste o rolo logo acima dos tornozelos. Estenda o joelho até deixar a perna quase reta, contraindo o quadríceps, sem tirar o quadril do assento. Volte lentamente à posição inicial e repita com controle."
"C:\Users\bruno\Downloads\Exercicios renomeados\Cadeira extensora - Variação 2","Cadeira extensora - Variação 2","Extensão de perna","perna/Extensão de perna.gif","cadeira_extensora_variacao_2.gif","cadeira_extensora_variacao_2.gif","Quadríceps","Máquina | Academia","Sente-se com as costas apoiadas e ajuste o rolo logo acima dos tornozelos. Estenda o joelho até deixar a perna quase reta, contraindo o quadríceps, sem tirar o quadril do assento. Volte lentamente à posição inicial e repita com controle."
"C:\Users\bruno\Downloads\Exercicios renomeados\Cadeira extensora unilateral","Cadeira extensora unilateral","Extensão de perna - Variação 3","perna/Extensão de perna - Variação 3.gif","cadeira_extensora_unilateral.gif","cadeira_extensora_unilateral.gif","Quadríceps","Máquina | Academia","Sente-se com as costas apoiadas e ajuste o rolo logo acima dos tornozelos. Estenda o joelho até deixar a perna quase reta, contraindo o quadríceps, sem tirar o quadril do assento. Volte lentamente à posição inicial e repita com controle."
"C:\Users\bruno\Downloads\Exercicios renomeados\Caminhada do fazendeiro","Caminhada do fazendeiro","Agricultores caminham","Agricultores caminham.gif","caminhada_do_fazendeiro.gif","caminhada_do_fazendeiro.gif","Cardio","Sem aparelhos | Ao ar livre | Corpo inteiro","Mantenha o tronco ereto, olhar à frente e braços coordenados com as pernas. Execute as passadas ou deslocamentos no padrão mostrado, apoiando os pés com controle e mantendo um ritmo que permita conservar a técnica."
"C:\Users\bruno\Downloads\Exercicios renomeados\Caminhada do pato","Caminhada do pato","Passeio de pato","Passeio de pato.gif","caminhada_do_pato.gif","caminhada_do_pato.gif","Cardio","Sem aparelhos | Ao ar livre | Corpo inteiro","Mantenha o tronco ereto, olhar à frente e braços coordenados com as pernas. Execute as passadas ou deslocamentos no padrão mostrado, apoiando os pés com controle e mantendo um ritmo que permita conservar a técnica."
"C:\Users\bruno\Downloads\Exercicios renomeados\Caminhada em elástico","Caminhada em elástico","Caminhada em elástico","Caminhada em elástico.gif","caminhada_em_elastico.gif","caminhada_em_elastico.gif","Cardio","Elástico | Ao ar livre | Corpo inteiro","Mantenha o tronco ereto, olhar à frente e braços coordenados com as pernas. Execute as passadas ou deslocamentos no padrão mostrado, apoiando os pés com controle e mantendo um ritmo que permita conservar a técnica."
"C:\Users\bruno\Downloads\Exercicios renomeados\Caminhada lateral com elástico de resistência","Caminhada lateral com elástico de resistência","Caminhada lateral com elástico de resistência","Caminhada lateral com elástico de resistência.gif","caminhada_lateral_com_elastico_de_resistencia.gif","caminhada_lateral_com_elastico_de_resistencia.gif","Cardio","Elástico | Ao ar livre | Corpo inteiro","Mantenha o tronco ereto, olhar à frente e braços coordenados com as pernas. Execute as passadas ou deslocamentos no padrão mostrado, apoiando os pés com controle e mantendo um ritmo que permita conservar a técnica."
"C:\Users\bruno\Downloads\Exercicios renomeados\Caminhada na máquina Wave","Caminhada na máquina Wave","Máquina de ondas de caminhada","Máquina de ondas de caminhada.gif","caminhada_na_maquina_wave.gif","caminhada_na_maquina_wave.gif","Cardio","Máquina | Ao ar livre | Corpo inteiro","Mantenha o tronco ereto, olhar à frente e braços coordenados com as pernas. Execute as passadas ou deslocamentos no padrão mostrado, apoiando os pés com controle e mantendo um ritmo que permita conservar a técnica."
"C:\Users\bruno\Downloads\Exercicios renomeados\Caminhando rapidamente","Caminhando rapidamente","Caminhando rapidamente","Caminhando rapidamente.gif","caminhando_rapidamente.gif","caminhando_rapidamente.gif","Cardio","Sem aparelhos | Casa | Corpo inteiro","Mantenha o tronco ereto, olhar à frente e braços coordenados com as pernas. Execute as passadas ou deslocamentos no padrão mostrado, apoiando os pés com controle e mantendo um ritmo que permita conservar a técnica."
"C:\Users\bruno\Downloads\Exercicios renomeados\Chute alternado de pernas no banco","Chute alternado de pernas no banco","Chutes de vibração de glúteos no banco","Chutes de vibração de glúteos no banco.gif","chute_alternado_de_pernas_no_banco.gif","chute_alternado_de_pernas_no_banco.gif","Abdômen/Core","Banco | Academia","Deite-se ou apoie-se conforme o GIF e mantenha a lombar controlada. Eleve ou alterne as pernas sem perder a estabilidade da pelve. Desça de maneira lenta, interrompendo a amplitude antes de a lombar arquear."
"C:\Users\bruno\Downloads\Exercicios renomeados\Chute de gancho","Chute de gancho","Chute de gancho","Chute de gancho.gif","chute_de_gancho.gif","chute_de_gancho.gif","Cardio","Sem aparelhos | Casa | Corpo inteiro","Assuma uma base estável, mantenha as mãos protegendo o rosto e o abdômen ativo. Execute o golpe mostrado girando quadril e tronco de forma coordenada, sem travar completamente as articulações. Retorne rapidamente à posição de guarda."
"C:\Users\bruno\Downloads\Exercicios renomeados\Clean and jerk com kettlebell","Clean and jerk com kettlebell","Kettlebell limpo e idiota - Kettlebell limpo e pressione","Kettlebell limpo e idiota - Kettlebell limpo e pressione.gif","clean_and_jerk_com_kettlebell.gif","clean_and_jerk_com_kettlebell.gif","Corpo inteiro","Kettlebell | Academia","Inicie com postura firme, abdômen ativo e a carga próxima ao corpo. Gere força com pernas e quadril e conduza a carga pela trajetória mostrada até a posição final. Estabilize o peso antes de retornar e controle cada etapa do movimento."
"C:\Users\bruno\Downloads\Exercicios renomeados\Clean and jerk com kettlebell - variação 2","Clean and jerk com kettlebell - variação 2","Kettlebell limpo e idiota - Kettlebell limpo e pressione - Variação 2","Kettlebell limpo e idiota - Kettlebell limpo e pressione - Variação 2.gif","clean_and_jerk_com_kettlebell_variacao_2.gif","clean_and_jerk_com_kettlebell_variacao_2.gif","Corpo inteiro","Kettlebell | Academia","Inicie com postura firme, abdômen ativo e a carga próxima ao corpo. Gere força com pernas e quadril e conduza a carga pela trajetória mostrada até a posição final. Estabilize o peso antes de retornar e controle cada etapa do movimento."
"C:\Users\bruno\Downloads\Exercicios renomeados\Clean and press com barra","Clean and press com barra","Clean and press com barra","Clean and press com barra.gif","clean_and_press_com_barra.gif","clean_and_press_com_barra.gif","Corpo inteiro","Barra | Academia","Inicie com postura firme, abdômen ativo e a carga próxima ao corpo. Gere força com pernas e quadril e conduza a carga pela trajetória mostrada até a posição final. Estabilize o peso antes de retornar e controle cada etapa do movimento."
"C:\Users\bruno\Downloads\Exercicios renomeados\Coice de burro de cabo","Coice de burro de cabo","Coice de burro de cabo","Coice de burro de cabo.gif","coice_de_burro_de_cabo.gif","coice_de_burro_de_cabo.gif","Glúteos","Polia/Cabo | Academia","Estabilize o tronco e a pelve antes de mover a perna. Execute a extensão ou abertura do quadril mostrada sem girar o corpo para ganhar amplitude. Contraia o glúteo no final e retorne lentamente."
"C:\Users\bruno\Downloads\Exercicios renomeados\Coice de glúteo ajoelhado com elástico","Coice de glúteo ajoelhado com elástico","021_coice_ajoelhado_com_elastico","021_coice_ajoelhado_com_elastico.gif","coice_de_gluteo_ajoelhado_com_elastico.gif","coice_de_gluteo_ajoelhado_com_elastico.gif","Glúteos","Elástico | Academia","Estabilize o tronco e a pelve antes de mover a perna. Execute a extensão ou abertura do quadril mostrada sem girar o corpo para ganhar amplitude. Contraia o glúteo no final e retorne lentamente."
"C:\Users\bruno\Downloads\Exercicios renomeados\Coice de glúteo com elástico","Coice de glúteo com elástico","Coice de glúteo com elástico","Coice de glúteo com elástico.gif","coice_de_gluteo_com_elastico.gif","coice_de_gluteo_com_elastico.gif","Glúteos","Elástico | Academia","Estabilize o tronco e a pelve antes de mover a perna. Execute a extensão ou abertura do quadril mostrada sem girar o corpo para ganhar amplitude. Contraia o glúteo no final e retorne lentamente."
"C:\Users\bruno\Downloads\Exercicios renomeados\Coice de glúteo em pé com elástico","Coice de glúteo em pé com elástico","Coice de glúteo em pé com elástico","Coice de glúteo em pé com elástico.gif","coice_de_gluteo_em_pe_com_elastico.gif","coice_de_gluteo_em_pe_com_elastico.gif","Glúteos","Elástico | Academia","Estabilize o tronco e a pelve antes de mover a perna. Execute a extensão ou abertura do quadril mostrada sem girar o corpo para ganhar amplitude. Contraia o glúteo no final e retorne lentamente."
"C:\Users\bruno\Downloads\Exercicios renomeados\Coice de glúteo em pé na máquina","Coice de glúteo em pé na máquina","Chute traseiro em pé na máquina","Chute traseiro em pé na máquina.gif","coice_de_gluteo_em_pe_na_maquina.gif","coice_de_gluteo_em_pe_na_maquina.gif","Glúteos","Máquina | Academia","Estabilize o tronco e a pelve antes de mover a perna. Execute a extensão ou abertura do quadril mostrada sem girar o corpo para ganhar amplitude. Contraia o glúteo no final e retorne lentamente."
"C:\Users\bruno\Downloads\Exercicios renomeados\Coice de glúteo em pé na polia","Coice de glúteo em pé na polia","Side hip abduction","glúteos-/Side hip abduction.gif","coice_de_gluteo_em_pe_na_polia.gif","coice_de_gluteo_em_pe_na_polia.gif","Glúteos","Polia/Cabo | Academia","Prenda a tornozeleira à polia baixa e incline levemente o tronco com apoio. Leve a perna para trás estendendo o quadril, sem arquear a lombar ou girar a pelve. Retorne lentamente e repita antes de trocar de lado."
"C:\Users\bruno\Downloads\Exercicios renomeados\Coice de glúteo em quatro apoios","Coice de glúteo em quatro apoios","Burro chuta","Burro chuta.gif","coice_de_gluteo_em_quatro_apoios.gif","coice_de_gluteo_em_quatro_apoios.gif","Glúteos","Sem aparelhos | Casa","Estabilize o tronco e a pelve antes de mover a perna. Execute a extensão ou abertura do quadril mostrada sem girar o corpo para ganhar amplitude. Contraia o glúteo no final e retorne lentamente."
"C:\Users\bruno\Downloads\Exercicios renomeados\Coice de glúteo na máquina","Coice de glúteo na máquina","Máquina de coice de glúteos","Máquina de coice de glúteos.gif","coice_de_gluteo_na_maquina.gif","coice_de_gluteo_na_maquina.gif","Glúteos","Máquina | Academia","Estabilize o tronco e a pelve antes de mover a perna. Execute a extensão ou abertura do quadril mostrada sem girar o corpo para ganhar amplitude. Contraia o glúteo no final e retorne lentamente."
"C:\Users\bruno\Downloads\Exercicios renomeados\Coice de glúteo na máquina de extensão de perna","Coice de glúteo na máquina de extensão de perna","Coice de glúteo na máquina de extensão de perna","Coice de glúteo na máquina de extensão de perna.gif","coice_de_gluteo_na_maquina_de_extensao_de_perna.gif","coice_de_gluteo_na_maquina_de_extensao_de_perna.gif","Glúteos","Máquina | Academia","Estabilize o tronco e a pelve antes de mover a perna. Execute a extensão ou abertura do quadril mostrada sem girar o corpo para ganhar amplitude. Contraia o glúteo no final e retorne lentamente."
"C:\Users\bruno\Downloads\Exercicios renomeados\Coice de glúteo na máquina de ferreiro","Coice de glúteo na máquina de ferreiro","Coice de glúteo na máquina de ferreiro","Coice de glúteo na máquina de ferreiro.gif","coice_de_gluteo_na_maquina_de_ferreiro.gif","coice_de_gluteo_na_maquina_de_ferreiro.gif","Glúteos","Máquina | Academia","Estabilize o tronco e a pelve antes de mover a perna. Execute a extensão ou abertura do quadril mostrada sem girar o corpo para ganhar amplitude. Contraia o glúteo no final e retorne lentamente."
"C:\Users\bruno\Downloads\Exercicios renomeados\Coice de glúteo na máquina deitado","Coice de glúteo na máquina deitado","Máquina de retrocesso de glúteos","glúteos-/Máquina de retrocesso de glúteos.gif","coice_de_gluteo_na_maquina_deitado.gif","coice_de_gluteo_na_maquina_deitado.gif","Glúteos","Máquina | Academia","Ajuste a máquina e posicione o pé ou a perna no apoio. Empurre para trás estendendo o quadril até contrair o glúteo, mantendo a pelve voltada para a frente. Retorne devagar sem deixar a carga voltar de forma brusca."
"C:\Users\bruno\Downloads\Exercicios renomeados\Coice de glúteo na máquina em pé","Coice de glúteo na máquina em pé","Abdução de quadril em pé","glúteos-/Abdução de quadril em pé.gif","coice_de_gluteo_na_maquina_em_pe.gif","coice_de_gluteo_na_maquina_em_pe.gif","Glúteos","Máquina | Academia","Ajuste a máquina e posicione o pé ou a perna no apoio. Empurre para trás estendendo o quadril até contrair o glúteo, mantendo a pelve voltada para a frente. Retorne devagar sem deixar a carga voltar de forma brusca."
"C:\Users\bruno\Downloads\Exercicios renomeados\Coice de glúteo na máquina em pé - Variação 2","Coice de glúteo na máquina em pé - Variação 2","Low na polia tricep kickback - Variação 2","glúteos-/Low na polia tricep kickback - Variação 2.gif","coice_de_gluteo_na_maquina_em_pe_variacao_2.gif","coice_de_gluteo_na_maquina_em_pe_variacao_2.gif","Glúteos","Máquina | Academia","Ajuste a máquina e posicione o pé ou a perna no apoio. Empurre para trás estendendo o quadril até contrair o glúteo, mantendo a pelve voltada para a frente. Retorne devagar sem deixar a carga voltar de forma brusca."
"C:\Users\bruno\Downloads\Exercicios renomeados\Coice de glúteos com elástico","Coice de glúteos com elástico","Coice de glúteos com elástico","Coice de glúteos com elástico.gif","coice_de_gluteos_com_elastico.gif","coice_de_gluteos_com_elastico.gif","Glúteos","Elástico | Academia","Estabilize o tronco e a pelve antes de mover a perna. Execute a extensão ou abertura do quadril mostrada sem girar o corpo para ganhar amplitude. Contraia o glúteo no final e retorne lentamente."
"C:\Users\bruno\Downloads\Exercicios renomeados\Coice de tríceps com halter","Coice de tríceps com halter","Coice com halteres","Coice com halteres.gif","coice_de_triceps_com_halter.gif","coice_de_triceps_com_halter.gif","Tríceps","Halteres | Academia","Mantenha os ombros estáveis e controle a posição dos cotovelos. Estenda os cotovelos até contrair o tríceps e depois flexione-os lentamente para voltar. Evite usar o tronco ou os ombros para impulsionar a carga."
"C:\Users\bruno\Downloads\Exercicios renomeados\Coice de tríceps na polia","Coice de tríceps na polia","Bench dips on floor","tríceps/Bench dips on floor.gif","coice_de_triceps_na_polia.gif","coice_de_triceps_na_polia.gif","Tríceps","Polia/Cabo | Academia","Mantenha os ombros estáveis e controle a posição dos cotovelos. Estenda os cotovelos até contrair o tríceps e depois flexione-os lentamente para voltar. Evite usar o tronco ou os ombros para impulsionar a carga."
"C:\Users\bruno\Downloads\Exercicios renomeados\Coice reverso da máquina smith","Coice reverso da máquina smith","Coice reverso da máquina smith","Coice reverso da máquina smith.gif","coice_reverso_da_maquina_smith.gif","coice_reverso_da_maquina_smith.gif","Glúteos","Máquina | Academia","Estabilize o tronco e a pelve antes de mover a perna. Execute a extensão ou abertura do quadril mostrada sem girar o corpo para ganhar amplitude. Contraia o glúteo no final e retorne lentamente."
"C:\Users\bruno\Downloads\Exercicios renomeados\Coice unilateral de tríceps ajoelhado na polia","Coice unilateral de tríceps ajoelhado na polia","Extensão de tríceps na máquina","tríceps/Extensão de tríceps na máquina.gif","coice_unilateral_de_triceps_ajoelhado_na_polia.gif","coice_unilateral_de_triceps_ajoelhado_na_polia.gif","Tríceps","Polia/Cabo | Academia","Mantenha os ombros estáveis e controle a posição dos cotovelos. Estenda os cotovelos até contrair o tríceps e depois flexione-os lentamente para voltar. Evite usar o tronco ou os ombros para impulsionar a carga."
"C:\Users\bruno\Downloads\Exercicios renomeados\Contragolpe de perna reta","Contragolpe de perna reta","Contragolpe de perna reta","Contragolpe de perna reta.gif","contragolpe_de_perna_reta.gif","contragolpe_de_perna_reta.gif","Glúteos","Sem aparelhos | Casa","Execute Contragolpe de perna reta mantendo a pelve estável e concentrando o movimento na extensão ou abdução do quadril. Contraia os glúteos na fase final e retorne devagar sem compensar com a lombar."
"C:\Users\bruno\Downloads\Exercicios renomeados\Correndo","Correndo","Correndo","Correndo.gif","correndo.gif","correndo.gif","Corpo inteiro","Sem aparelhos | Casa","Assuma a posição inicial de Correndo, estabilize o tronco e execute o movimento mostrado de forma coordenada. Use uma amplitude que consiga controlar, evite impulso desnecessário e retorne à posição inicial antes da repetição seguinte."
"C:\Users\bruno\Downloads\Exercicios renomeados\Correr no lugar","Correr no lugar","Correr no lugar","Correr no lugar.gif","correr_no_lugar.gif","correr_no_lugar.gif","Cardio","Sem aparelhos | Casa | Corpo inteiro","Mantenha o tronco ereto, olhar à frente e braços coordenados com as pernas. Execute as passadas ou deslocamentos no padrão mostrado, apoiando os pés com controle e mantendo um ritmo que permita conservar a técnica."
"C:\Users\bruno\Downloads\Exercicios renomeados\Corrida com calcanhar no glúteo","Corrida com calcanhar no glúteo","Chutes na bunda","Chutes na bunda.gif","corrida_com_calcanhar_no_gluteo.gif","corrida_com_calcanhar_no_gluteo.gif","Cardio","Sem aparelhos | Ao ar livre | Corpo inteiro","Mantenha o tronco ereto, olhar à frente e braços coordenados com as pernas. Execute as passadas ou deslocamentos no padrão mostrado, apoiando os pés com controle e mantendo um ritmo que permita conservar a técnica."
"C:\Users\bruno\Downloads\Exercicios renomeados\Corrida com levantamento de joelhos altos","Corrida com levantamento de joelhos altos","Corrida com levantamento de joelhos altos","Corrida com levantamento de joelhos altos.gif","corrida_com_levantamento_de_joelhos_altos.gif","corrida_com_levantamento_de_joelhos_altos.gif","Cardio","Sem aparelhos | Ao ar livre | Corpo inteiro","Mantenha o tronco ereto, olhar à frente e braços coordenados com as pernas. Execute as passadas ou deslocamentos no padrão mostrado, apoiando os pés com controle e mantendo um ritmo que permita conservar a técnica."
"C:\Users\bruno\Downloads\Exercicios renomeados\Corrida com mudança de direção","Corrida com mudança de direção","Corrida - Corrida de roda","Corrida - Corrida de roda.gif","corrida_com_mudanca_de_direcao.gif","corrida_com_mudanca_de_direcao.gif","Cardio","Sem aparelhos | Ao ar livre | Corpo inteiro","Mantenha o tronco ereto, olhar à frente e braços coordenados com as pernas. Execute as passadas ou deslocamentos no padrão mostrado, apoiando os pés com controle e mantendo um ritmo que permita conservar a técnica."
"C:\Users\bruno\Downloads\Exercicios renomeados\Corrida com mudança de direção - variação 2","Corrida com mudança de direção - variação 2","Corrida - Corrida de roda - Variação 2","Corrida - Corrida de roda - Variação 2.gif","corrida_com_mudanca_de_direcao_variacao_2.gif","corrida_com_mudanca_de_direcao_variacao_2.gif","Cardio","Sem aparelhos | Ao ar livre | Corpo inteiro","Mantenha o tronco ereto, olhar à frente e braços coordenados com as pernas. Execute as passadas ou deslocamentos no padrão mostrado, apoiando os pés com controle e mantendo um ritmo que permita conservar a técnica."
"C:\Users\bruno\Downloads\Exercicios renomeados\Corrida curta","Corrida curta","Corrida curta","Corrida curta.gif","corrida_curta.gif","corrida_curta.gif","Cardio","Sem aparelhos | Ao ar livre | Corpo inteiro","Mantenha o tronco ereto, olhar à frente e braços coordenados com as pernas. Execute as passadas ou deslocamentos no padrão mostrado, apoiando os pés com controle e mantendo um ritmo que permita conservar a técnica."
"C:\Users\bruno\Downloads\Exercicios renomeados\Corrida de joelho alto","Corrida de joelho alto","Corrida de joelho alto","Corrida de joelho alto.gif","corrida_de_joelho_alto.gif","corrida_de_joelho_alto.gif","Cardio","Sem aparelhos | Ao ar livre | Corpo inteiro","Mantenha o tronco ereto, olhar à frente e braços coordenados com as pernas. Execute as passadas ou deslocamentos no padrão mostrado, apoiando os pés com controle e mantendo um ritmo que permita conservar a técnica."
"C:\Users\bruno\Downloads\Exercicios renomeados\Corrida de joelhos altos na parede","Corrida de joelhos altos na parede","Joelhos altos contra a parede","Joelhos altos contra a parede.gif","corrida_de_joelhos_altos_na_parede.gif","corrida_de_joelhos_altos_na_parede.gif","Cardio","Sem aparelhos | Ao ar livre | Corpo inteiro","Mantenha o tronco ereto, olhar à frente e braços coordenados com as pernas. Execute as passadas ou deslocamentos no padrão mostrado, apoiando os pés com controle e mantendo um ritmo que permita conservar a técnica."
"C:\Users\bruno\Downloads\Exercicios renomeados\Corrida de pés rápidos","Corrida de pés rápidos","Pés rápidos correm","Pés rápidos correm.gif","corrida_de_pes_rapidos.gif","corrida_de_pes_rapidos.gif","Cardio","Sem aparelhos | Ao ar livre | Corpo inteiro","Mantenha o tronco ereto, olhar à frente e braços coordenados com as pernas. Execute as passadas ou deslocamentos no padrão mostrado, apoiando os pés com controle e mantendo um ritmo que permita conservar a técnica."
"C:\Users\bruno\Downloads\Exercicios renomeados\Corrida de velocista assistida por elástico","Corrida de velocista assistida por elástico","Corrida de velocista assistida por elástico","Corrida de velocista assistida por elástico.gif","corrida_de_velocista_assistida_por_elastico.gif","corrida_de_velocista_assistida_por_elastico.gif","Cardio","Elástico | Ao ar livre | Corpo inteiro","Mantenha o tronco ereto, olhar à frente e braços coordenados com as pernas. Execute as passadas ou deslocamentos no padrão mostrado, apoiando os pés com controle e mantendo um ritmo que permita conservar a técnica."
"C:\Users\bruno\Downloads\Exercicios renomeados\Corrida na esteira","Corrida na esteira","Corrida na esteira","cardio/Corrida na esteira.gif","corrida_na_esteira.gif","corrida_na_esteira.gif","Cardio","Esteira | Ao ar livre | Corpo inteiro","Mantenha o tronco ereto, olhar à frente e braços coordenados com as pernas. Execute as passadas ou deslocamentos no padrão mostrado, apoiando os pés com controle e mantendo um ritmo que permita conservar a técnica."
"C:\Users\bruno\Downloads\Exercicios renomeados\Corrida na esteira curva","Corrida na esteira curva","Corrida na esteira curva","cardio/Corrida na esteira curva.gif","corrida_na_esteira_curva.gif","corrida_na_esteira_curva.gif","Cardio","Esteira | Ao ar livre | Corpo inteiro","Mantenha o tronco ereto, olhar à frente e braços coordenados com as pernas. Execute as passadas ou deslocamentos no padrão mostrado, apoiando os pés com controle e mantendo um ritmo que permita conservar a técnica."
"C:\Users\bruno\Downloads\Exercicios renomeados\Corrida no Assault AirRunner","Corrida no Assault AirRunner","Corrida no Assault AirRunner","Corrida no Assault AirRunner.gif","corrida_no_assault_airrunner.gif","corrida_no_assault_airrunner.gif","Cardio","Máquina | Esteira | Ao ar livre","Mantenha o tronco ereto, olhar à frente e braços coordenados com as pernas. Execute as passadas ou deslocamentos no padrão mostrado, apoiando os pés com controle e mantendo um ritmo que permita conservar a técnica."
"C:\Users\bruno\Downloads\Exercicios renomeados\Corrida para trás","Corrida para trás","Corrida para trás","Corrida para trás.gif","corrida_para_tras.gif","corrida_para_tras.gif","Cardio","Sem aparelhos | Ao ar livre | Corpo inteiro","Mantenha o tronco ereto, olhar à frente e braços coordenados com as pernas. Execute as passadas ou deslocamentos no padrão mostrado, apoiando os pés com controle e mantendo um ritmo que permita conservar a técnica."
"C:\Users\bruno\Downloads\Exercicios renomeados\Cotovelo ao joelho em pé","Cotovelo ao joelho em pé","Torções de cotovelo a joelho","Torções de cotovelo a joelho.gif","cotovelo_ao_joelho_em_pe.gif","cotovelo_ao_joelho_em_pe.gif","Abdômen/Core","Sem aparelhos | Casa","Estabilize o tronco para executar Cotovelo ao joelho em pé. Mantenha o abdômen ativo durante toda a repetição e realize a trajetória mostrada sem usar balanço excessivo. Retorne à posição inicial de forma lenta e controlada."
"C:\Users\bruno\Downloads\Exercicios renomeados\Cross de direita no boxe","Cross de direita no boxe","Boxe cruzado direito","Boxe cruzado direito.gif","cross_de_direita_no_boxe.gif","cross_de_direita_no_boxe.gif","Cardio","Sem aparelhos | Casa | Corpo inteiro","Assuma uma base estável, mantenha as mãos protegendo o rosto e o abdômen ativo. Execute o golpe mostrado girando quadril e tronco de forma coordenada, sem travar completamente as articulações. Retorne rapidamente à posição de guarda."
"C:\Users\bruno\Downloads\Exercicios renomeados\Crossover na polia","Crossover na polia","Cruzamento de cabo","peitoral/Cruzamento de cabo.gif","crossover_na_polia.gif","crossover_na_polia.gif","Peito","Ombros | Polia/Cabo","Fique em pé entre as polias, com uma alça em cada mão e os braços abertos. Mantendo os cotovelos levemente flexionados, aproxime as mãos à frente do peito em arco. Abra novamente de forma controlada sem deixar os ombros avançarem."
"C:\Users\bruno\Downloads\Exercicios renomeados\Crossover na polia alta","Crossover na polia alta","Cruzamento de cabo alto","Cruzamento de cabo alto.gif","crossover_na_polia_alta.gif","crossover_na_polia_alta.gif","Peito","Polia/Cabo | Ombros | Academia","Comece com os braços abertos e os cotovelos levemente flexionados. Feche os braços em arco à frente do peito, contraindo o peitoral sem transformar o movimento em um supino. Abra novamente de forma lenta até a amplitude confortável."
"C:\Users\bruno\Downloads\Exercicios renomeados\Crossover na polia baixa","Crossover na polia baixa","Cruzamento de cabo baixo","Cruzamento de cabo baixo.gif","crossover_na_polia_baixa.gif","crossover_na_polia_baixa.gif","Peito","Polia/Cabo | Ombros | Academia","Comece com os braços abertos e os cotovelos levemente flexionados. Feche os braços em arco à frente do peito, contraindo o peitoral sem transformar o movimento em um supino. Abra novamente de forma lenta até a amplitude confortável."
"C:\Users\bruno\Downloads\Exercicios renomeados\Crossover no cabo","Crossover no cabo","Cruzamento de cabo","Cruzamento de cabo.gif","crossover_no_cabo.gif","crossover_no_cabo.gif","Peito","Polia/Cabo | Ombros | Academia","Comece com os braços abertos e os cotovelos levemente flexionados. Feche os braços em arco à frente do peito, contraindo o peitoral sem transformar o movimento em um supino. Abra novamente de forma lenta até a amplitude confortável."
"C:\Users\bruno\Downloads\Exercicios renomeados\Crossover no cabo de baixo para cima","Crossover no cabo de baixo para cima","Cruzamentos da parte superior do tórax do cabo","Cruzamentos da parte superior do tórax do cabo.gif","crossover_no_cabo_de_baixo_para_cima.gif","crossover_no_cabo_de_baixo_para_cima.gif","Peito","Polia/Cabo | Ombros | Academia","Comece com os braços abertos e os cotovelos levemente flexionados. Feche os braços em arco à frente do peito, contraindo o peitoral sem transformar o movimento em um supino. Abra novamente de forma lenta até a amplitude confortável."
"C:\Users\bruno\Downloads\Exercicios renomeados\Crossover unilateral no cabo","Crossover unilateral no cabo","Cruzamento de cabo de braço único","Cruzamento de cabo de braço único.gif","crossover_unilateral_no_cabo.gif","crossover_unilateral_no_cabo.gif","Peito","Polia/Cabo | Ombros | Academia","Comece com os braços abertos e os cotovelos levemente flexionados. Feche os braços em arco à frente do peito, contraindo o peitoral sem transformar o movimento em um supino. Abra novamente de forma lenta até a amplitude confortável."
"C:\Users\bruno\Downloads\Exercicios renomeados\Crucifixo ascendente com halteres","Crucifixo ascendente com halteres","Crucifixo para cima com halteres","Crucifixo para cima com halteres.gif","crucifixo_ascendente_com_halteres.gif","crucifixo_ascendente_com_halteres.gif","Peito","Halteres | Ombros | Academia","Comece com os braços abertos e os cotovelos levemente flexionados. Feche os braços em arco à frente do peito, contraindo o peitoral sem transformar o movimento em um supino. Abra novamente de forma lenta até a amplitude confortável."
"C:\Users\bruno\Downloads\Exercicios renomeados\Crucifixo com halteres","Crucifixo com halteres","Crucifixo com halteres","Crucifixo com halteres.gif","crucifixo_com_halteres.gif","crucifixo_com_halteres.gif","Peito","Halteres | Ombros | Academia","Comece com os braços abertos e os cotovelos levemente flexionados. Feche os braços em arco à frente do peito, contraindo o peitoral sem transformar o movimento em um supino. Abra novamente de forma lenta até a amplitude confortável."
"C:\Users\bruno\Downloads\Exercicios renomeados\Crucifixo declinado com halteres","Crucifixo declinado com halteres","Recusar crucifixo com halteres","Recusar crucifixo com halteres.gif","crucifixo_declinado_com_halteres.gif","crucifixo_declinado_com_halteres.gif","Peito","Halteres | Banco | Ombros","Comece com os braços abertos e os cotovelos levemente flexionados. Feche os braços em arco à frente do peito, contraindo o peitoral sem transformar o movimento em um supino. Abra novamente de forma lenta até a amplitude confortável."
"C:\Users\bruno\Downloads\Exercicios renomeados\Crucifixo declinado com halteres - Variação 2","Crucifixo declinado com halteres - Variação 2","Recusar crucifixo com halteres","peitoral/Recusar crucifixo com halteres.gif","crucifixo_declinado_com_halteres_variacao_2.gif","crucifixo_declinado_com_halteres_variacao_2.gif","Peito","Ombros | Halteres | Banco","Deite-se no banco declinado com um halter em cada mão e os braços acima do peito, mantendo os cotovelos levemente flexionados. Abra os braços em arco até sentir alongamento confortável no peitoral e feche novamente seguindo a mesma trajetória, sem transformar o movimento em um supino."
"C:\Users\bruno\Downloads\Exercicios renomeados\Crucifixo declinado na polia","Crucifixo declinado na polia","Recusar voo de cabo","peitoral/Recusar voo de cabo.gif","crucifixo_declinado_na_polia.gif","crucifixo_declinado_na_polia.gif","Peito","Ombros | Banco | Polia/Cabo","Posicione-se no banco declinado entre as polias e segure as alças com os cotovelos levemente flexionados. Abra os braços até uma amplitude confortável e aproxime as mãos acima da região inferior do peito. Retorne lentamente seguindo a mesma trajetória."
"C:\Users\bruno\Downloads\Exercicios renomeados\Crucifixo declinado no cabo","Crucifixo declinado no cabo","Recusar voo de cabo","Recusar voo de cabo.gif","crucifixo_declinado_no_cabo.gif","crucifixo_declinado_no_cabo.gif","Peito","Polia/Cabo | Banco | Ombros","Comece com os braços abertos e os cotovelos levemente flexionados. Feche os braços em arco à frente do peito, contraindo o peitoral sem transformar o movimento em um supino. Abra novamente de forma lenta até a amplitude confortável."
"C:\Users\bruno\Downloads\Exercicios renomeados\Crucifixo deitado no cabo","Crucifixo deitado no cabo","Crucifixo de cabo mentirosa","Crucifixo de cabo mentirosa.gif","crucifixo_deitado_no_cabo.gif","crucifixo_deitado_no_cabo.gif","Peito","Polia/Cabo | Ombros | Academia","Comece com os braços abertos e os cotovelos levemente flexionados. Feche os braços em arco à frente do peito, contraindo o peitoral sem transformar o movimento em um supino. Abra novamente de forma lenta até a amplitude confortável."
"C:\Users\bruno\Downloads\Exercicios renomeados\Crucifixo inclinado alternado com elástico","Crucifixo inclinado alternado com elástico","Elástico alternada de inclinação no peito","Elástico alternada de inclinação no peito.gif","crucifixo_inclinado_alternado_com_elastico.gif","crucifixo_inclinado_alternado_com_elastico.gif","Peito","Elástico | Banco | Ombros","Comece com os braços abertos e os cotovelos levemente flexionados. Feche os braços em arco à frente do peito, contraindo o peitoral sem transformar o movimento em um supino. Abra novamente de forma lenta até a amplitude confortável."
"C:\Users\bruno\Downloads\Exercicios renomeados\Crucifixo inclinado com halteres","Crucifixo inclinado com halteres","Crucifixo inclinada com halteres","Crucifixo inclinada com halteres.gif","crucifixo_inclinado_com_halteres.gif","crucifixo_inclinado_com_halteres.gif","Peito","Halteres | Banco | Ombros","Comece com os braços abertos e os cotovelos levemente flexionados. Feche os braços em arco à frente do peito, contraindo o peitoral sem transformar o movimento em um supino. Abra novamente de forma lenta até a amplitude confortável."
"C:\Users\bruno\Downloads\Exercicios renomeados\Crucifixo inclinado na polia","Crucifixo inclinado na polia","Crucifixo inclinado na polia","peitoral/Crucifixo inclinado na polia.gif","crucifixo_inclinado_na_polia.gif","crucifixo_inclinado_na_polia.gif","Peito","Ombros | Banco | Polia/Cabo","Posicione-se no banco inclinado entre as polias e segure as alças com os braços abertos e cotovelos levemente flexionados. Feche os braços em arco à frente da parte superior do peito e retorne de forma controlada, mantendo as escápulas apoiadas."
"C:\Users\bruno\Downloads\Exercicios renomeados\Crucifixo inclinado no cabo","Crucifixo inclinado no cabo","Crucifixo de cabo inclinada","Crucifixo de cabo inclinada.gif","crucifixo_inclinado_no_cabo.gif","crucifixo_inclinado_no_cabo.gif","Peito","Polia/Cabo | Banco | Ombros","Comece com os braços abertos e os cotovelos levemente flexionados. Feche os braços em arco à frente do peito, contraindo o peitoral sem transformar o movimento em um supino. Abra novamente de forma lenta até a amplitude confortável."
"C:\Users\bruno\Downloads\Exercicios renomeados\Crucifixo inverso com elástico","Crucifixo inverso com elástico","024_crucifixo_inverso_com_elastico","024_crucifixo_inverso_com_elastico.gif","crucifixo_inverso_com_elastico.gif","crucifixo_inverso_com_elastico.gif","Ombros","Elástico | Academia","Mantenha o tronco estável e os cotovelos levemente flexionados. Abra os braços para os lados ou para trás conforme a trajetória mostrada, contraindo a parte posterior dos ombros sem encolher o trapézio. Retorne lentamente."
"C:\Users\bruno\Downloads\Exercicios renomeados\Crucifixo inverso com halteres","Crucifixo inverso com halteres","Crucifixo inverso com halteres","Crucifixo inverso com halteres.gif","crucifixo_inverso_com_halteres.gif","crucifixo_inverso_com_halteres.gif","Ombros","Halteres | Academia","Mantenha o tronco estável e os cotovelos levemente flexionados. Abra os braços para os lados ou para trás conforme a trajetória mostrada, contraindo a parte posterior dos ombros sem encolher o trapézio. Retorne lentamente."
"C:\Users\bruno\Downloads\Exercicios renomeados\Crucifixo inverso com halteres no banco inclinado","Crucifixo inverso com halteres no banco inclinado","Encolher de ombros inclinado com halteres","trapézio-/Encolher de ombros inclinado com halteres.gif","crucifixo_inverso_com_halteres_no_banco_inclinado.gif","crucifixo_inverso_com_halteres_no_banco_inclinado.gif","Ombros","Halteres | Banco | Costas","Mantenha o tronco apoiado ou inclinado conforme o GIF e comece com os braços à frente ou abaixo do corpo. Abra os braços para os lados até aproximadamente a linha dos ombros, aproximando as escápulas sem encolher excessivamente os ombros. Retorne lentamente à posição inicial mantendo os cotovelos levemente flexionados."
"C:\Users\bruno\Downloads\Exercicios renomeados\Crucifixo inverso curvado com halteres","Crucifixo inverso curvado com halteres","Behind the back com barra encolhimento","trapézio-/Behind the back com barra encolhimento.gif","crucifixo_inverso_curvado_com_halteres.gif","crucifixo_inverso_curvado_com_halteres.gif","Ombros","Halteres | Costas","Mantenha o tronco apoiado ou inclinado conforme o GIF e comece com os braços à frente ou abaixo do corpo. Abra os braços para os lados até aproximadamente a linha dos ombros, aproximando as escápulas sem encolher excessivamente os ombros. Retorne lentamente à posição inicial mantendo os cotovelos levemente flexionados."
"C:\Users\bruno\Downloads\Exercicios renomeados\Crucifixo inverso curvado no cabo","Crucifixo inverso curvado no cabo","Curvado sobre a crucifixo inverso do cabo","Curvado sobre a crucifixo inverso do cabo.gif","crucifixo_inverso_curvado_no_cabo.gif","crucifixo_inverso_curvado_no_cabo.gif","Ombros","Polia/Cabo | Academia","Mantenha o tronco estável e os cotovelos levemente flexionados. Abra os braços para os lados ou para trás conforme a trajetória mostrada, contraindo a parte posterior dos ombros sem encolher o trapézio. Retorne lentamente."
"C:\Users\bruno\Downloads\Exercicios renomeados\Crucifixo inverso deitado no cabo","Crucifixo inverso deitado no cabo","Cabo deitado crucifixo inverso","Cabo deitado crucifixo inverso.gif","crucifixo_inverso_deitado_no_cabo.gif","crucifixo_inverso_deitado_no_cabo.gif","Ombros","Polia/Cabo | Academia","Mantenha o tronco estável e os cotovelos levemente flexionados. Abra os braços para os lados ou para trás conforme a trajetória mostrada, contraindo a parte posterior dos ombros sem encolher o trapézio. Retorne lentamente."
"C:\Users\bruno\Downloads\Exercicios renomeados\Crucifixo inverso na máquina","Crucifixo inverso na máquina","Crucifixo traseira da máquina delt","Crucifixo traseira da máquina delt.gif","crucifixo_inverso_na_maquina.gif","crucifixo_inverso_na_maquina.gif","Ombros","Máquina | Academia","Mantenha o tronco estável e os cotovelos levemente flexionados. Abra os braços para os lados ou para trás conforme a trajetória mostrada, contraindo a parte posterior dos ombros sem encolher o trapézio. Retorne lentamente."
"C:\Users\bruno\Downloads\Exercicios renomeados\Crucifixo inverso na máquina - Variação 2","Crucifixo inverso na máquina - Variação 2","Mergulhos da escápula - Variação 2","trapézio-/Mergulhos da escápula - Variação 2.gif","crucifixo_inverso_na_maquina_variacao_2.gif","crucifixo_inverso_na_maquina_variacao_2.gif","Ombros","Máquina | Costas","Mantenha o tronco apoiado ou inclinado conforme o GIF e comece com os braços à frente ou abaixo do corpo. Abra os braços para os lados até aproximadamente a linha dos ombros, aproximando as escápulas sem encolher excessivamente os ombros. Retorne lentamente à posição inicial mantendo os cotovelos levemente flexionados."
"C:\Users\bruno\Downloads\Exercicios renomeados\Crucifixo inverso na polia","Crucifixo inverso na polia","Encolher de ombros - Variação 2","trapézio-/Encolher de ombros - Variação 2.gif","crucifixo_inverso_na_polia.gif","crucifixo_inverso_na_polia.gif","Ombros","Polia/Cabo | Costas","Mantenha o tronco apoiado ou inclinado conforme o GIF e comece com os braços à frente ou abaixo do corpo. Abra os braços para os lados até aproximadamente a linha dos ombros, aproximando as escápulas sem encolher excessivamente os ombros. Retorne lentamente à posição inicial mantendo os cotovelos levemente flexionados."
"C:\Users\bruno\Downloads\Exercicios renomeados\Crucifixo inverso no cabo","Crucifixo inverso no cabo","Cabo traseiro delt fly","Cabo traseiro delt fly.gif","crucifixo_inverso_no_cabo.gif","crucifixo_inverso_no_cabo.gif","Ombros","Polia/Cabo | Academia","Mantenha o tronco estável e os cotovelos levemente flexionados. Abra os braços para os lados ou para trás conforme a trajetória mostrada, contraindo a parte posterior dos ombros sem encolher o trapézio. Retorne lentamente."
"C:\Users\bruno\Downloads\Exercicios renomeados\Crucifixo inverso no crossover","Crucifixo inverso no crossover","Remada alta com halteres","ombros-/Remada alta com halteres.gif","crucifixo_inverso_no_crossover.gif","crucifixo_inverso_no_crossover.gif","Ombros","Polia/Cabo | Academia","Fique entre as polias e segure as alças cruzadas à frente do corpo. Mantendo os braços quase estendidos, abra-os para os lados e para trás até alinhar com o tronco. Retorne lentamente mantendo as escápulas controladas."
"C:\Users\bruno\Downloads\Exercicios renomeados\Crucifixo inverso sentado com halteres","Crucifixo inverso sentado com halteres","Haltere sentado curvado sobre a remada delt traseira","ombros-/Haltere sentado curvado sobre a remada delt traseira.gif","crucifixo_inverso_sentado_com_halteres.gif","crucifixo_inverso_sentado_com_halteres.gif","Ombros","Halteres | Banco | Academia","Incline o tronco ou sente-se conforme mostrado, mantendo a coluna neutra. Com os halteres e os cotovelos levemente flexionados, abra os braços para os lados até contrair os deltoides posteriores. Retorne devagar sem usar balanço."
"C:\Users\bruno\Downloads\Exercicios renomeados\Crucifixo na máquina","Crucifixo na máquina","Crucifixo da máquina","Crucifixo da máquina.gif","crucifixo_na_maquina.gif","crucifixo_na_maquina.gif","Peito","Máquina | Ombros | Academia","Comece com os braços abertos e os cotovelos levemente flexionados. Feche os braços em arco à frente do peito, contraindo o peitoral sem transformar o movimento em um supino. Abra novamente de forma lenta até a amplitude confortável."
"C:\Users\bruno\Downloads\Exercicios renomeados\Crucifixo na máquina (peck deck)","Crucifixo na máquina (peck deck)","Crucifixo na máquina - Peck deck","peitoral/Crucifixo na máquina - Peck deck.gif","crucifixo_na_maquina_peck_deck.gif","crucifixo_na_maquina_peck_deck.gif","Peito","Ombros | Máquina","Ajuste o banco para que os braços ou manoplas fiquem alinhados ao peito. Comece com os braços abertos e aproxime-os à frente do corpo contraindo o peitoral. Retorne lentamente até a abertura confortável, sem projetar os ombros para a frente."
"C:\Users\bruno\Downloads\Exercicios renomeados\Crucifixo na máquina (peck deck) - Variação 2","Crucifixo na máquina (peck deck) - Variação 2","Supino sentado na máquina - Variação","peitoral/Supino sentado na máquina - Variação.gif","crucifixo_na_maquina_peck_deck_variacao_2.gif","crucifixo_na_maquina_peck_deck_variacao_2.gif","Peito","Ombros | Máquina","Ajuste o banco para que os braços ou manoplas fiquem alinhados ao peito. Comece com os braços abertos e aproxime-os à frente do corpo contraindo o peitoral. Retorne lentamente até a abertura confortável, sem projetar os ombros para a frente."
"C:\Users\bruno\Downloads\Exercicios renomeados\Crucifixo na polia baixa","Crucifixo na polia baixa","Cruzamento de cabo alto","peitoral/Cruzamento de cabo alto.gif","crucifixo_na_polia_baixa.gif","crucifixo_na_polia_baixa.gif","Peito","Ombros | Polia/Cabo","Fique em pé com as polias ajustadas em posição baixa. Parta com as mãos ao lado do corpo e conduza as alças para a frente e para cima em arco, aproximando-as à frente do peito. Retorne lentamente sem usar impulso do tronco."
"C:\Users\bruno\Downloads\Exercicios renomeados\Crucifixo na polia em pé","Crucifixo na polia em pé","Prensa de martelo com halteres inclinado","peitoral/Prensa de martelo com halteres inclinado.gif","crucifixo_na_polia_em_pe.gif","crucifixo_na_polia_em_pe.gif","Peito","Ombros | Polia/Cabo","Fique em pé entre as polias, com uma alça em cada mão e os braços abertos. Mantendo os cotovelos levemente flexionados, aproxime as mãos à frente do peito em arco. Abra novamente de forma controlada sem deixar os ombros avançarem."
"C:\Users\bruno\Downloads\Exercicios renomeados\Crucifixo no peck deck","Crucifixo no peck deck","Crucifixo do convés pec","Crucifixo do convés pec.gif","crucifixo_no_peck_deck.gif","crucifixo_no_peck_deck.gif","Peito","Máquina | Ombros | Academia","Comece com os braços abertos e os cotovelos levemente flexionados. Feche os braços em arco à frente do peito, contraindo o peitoral sem transformar o movimento em um supino. Abra novamente de forma lenta até a amplitude confortável."
"C:\Users\bruno\Downloads\Exercicios renomeados\Crucifixo reto na polia deitado","Crucifixo reto na polia deitado","Supino reto com halteres - Variação 2","peitoral/Supino reto com halteres - Variação 2.gif","crucifixo_reto_na_polia_deitado.gif","crucifixo_reto_na_polia_deitado.gif","Peito","Ombros | Banco | Polia/Cabo","Deite-se no banco entre as polias e segure uma alça em cada mão. Com os cotovelos levemente flexionados, abra os braços lateralmente e depois aproxime as mãos acima do peito em arco. Retorne devagar mantendo a tensão dos cabos e os ombros estáveis."
"C:\Users\bruno\Downloads\Exercicios renomeados\Crucifixo sentado na polia","Crucifixo sentado na polia","Crucifixo sentado na polia","peitoral/Crucifixo sentado na polia.gif","crucifixo_sentado_na_polia.gif","crucifixo_sentado_na_polia.gif","Peito","Ombros | Banco | Polia/Cabo","Fique em pé entre as polias, com uma alça em cada mão e os braços abertos. Mantendo os cotovelos levemente flexionados, aproxime as mãos à frente do peito em arco. Abra novamente de forma controlada sem deixar os ombros avançarem."
"C:\Users\bruno\Downloads\Exercicios renomeados\Crucifixo unilateral declinado no cabo","Crucifixo unilateral declinado no cabo","Crucifixo de cabo com declínio de um braço","Crucifixo de cabo com declínio de um braço.gif","crucifixo_unilateral_declinado_no_cabo.gif","crucifixo_unilateral_declinado_no_cabo.gif","Peito","Polia/Cabo | Banco | Ombros","Comece com os braços abertos e os cotovelos levemente flexionados. Feche os braços em arco à frente do peito, contraindo o peitoral sem transformar o movimento em um supino. Abra novamente de forma lenta até a amplitude confortável."
"C:\Users\bruno\Downloads\Exercicios renomeados\Crucifixo unilateral na polia alta","Crucifixo unilateral na polia alta","Cruzamento de cabo de braço único","peitoral/Cruzamento de cabo de braço único.gif","crucifixo_unilateral_na_polia_alta.gif","crucifixo_unilateral_na_polia_alta.gif","Peito","Ombros | Polia/Cabo","Ajuste a polia em posição alta e segure a alça. Com o tronco estável e o cotovelo levemente flexionado, conduza um braço em arco para a frente e para baixo até cruzar a linha do peito. Retorne devagar até sentir alongamento confortável."
"C:\Users\bruno\Downloads\Exercicios renomeados\Crunch com elevação da perna","Crunch com elevação da perna","Crunch com elevação da perna","Crunch com elevação da perna.gif","crunch_com_elevacao_da_perna.gif","crunch_com_elevacao_da_perna.gif","Abdômen/Core","Sem aparelhos | Casa","Mantenha o abdômen contraído e a lombar controlada. Aproxime tronco e pernas conforme a variação mostrada, soltando o ar na fase de maior contração. Retorne lentamente, sem usar impulso do pescoço ou dos braços."
"C:\Users\bruno\Downloads\Exercicios renomeados\Crunch com joelhos elevados","Crunch com joelhos elevados","Dobra crocante","Dobra crocante.gif","crunch_com_joelhos_elevados.gif","crunch_com_joelhos_elevados.gif","Abdômen/Core","Sem aparelhos | Casa","Mantenha o abdômen contraído e a lombar controlada. Aproxime tronco e pernas conforme a variação mostrada, soltando o ar na fase de maior contração. Retorne lentamente, sem usar impulso do pescoço ou dos braços."
"C:\Users\bruno\Downloads\Exercicios renomeados\Crunch com joelhos flexionados","Crunch com joelhos flexionados","Alpinista - Variação 2","abdominais/Alpinista - Variação 2.gif","crunch_com_joelhos_flexionados.gif","crunch_com_joelhos_flexionados.gif","Abdômen/Core","Sem aparelhos | Casa","Mantenha o abdômen contraído e a lombar controlada. Aproxime tronco e pernas conforme a variação mostrada, soltando o ar na fase de maior contração. Retorne lentamente, sem usar impulso do pescoço ou dos braços."
"C:\Users\bruno\Downloads\Exercicios renomeados\Crunch curto com pernas estendidas","Crunch curto com pernas estendidas","Lançamento de barra - Variação 2","abdominais/Lançamento de barra - Variação 2.gif","crunch_curto_com_pernas_estendidas.gif","crunch_curto_com_pernas_estendidas.gif","Abdômen/Core","Sem aparelhos | Casa","Mantenha o abdômen contraído e a lombar controlada. Aproxime tronco e pernas conforme a variação mostrada, soltando o ar na fase de maior contração. Retorne lentamente, sem usar impulso do pescoço ou dos braços."
"C:\Users\bruno\Downloads\Exercicios renomeados\Crunch tradicional","Crunch tradicional","Crunch com elevação da perna - Variação 3","abdominais/Crunch com elevação da perna - Variação 3.gif","crunch_tradicional.gif","crunch_tradicional.gif","Abdômen/Core","Sem aparelhos | Casa","Mantenha o abdômen contraído e a lombar controlada. Aproxime tronco e pernas conforme a variação mostrada, soltando o ar na fase de maior contração. Retorne lentamente, sem usar impulso do pescoço ou dos braços."
"C:\Users\bruno\Downloads\Exercicios renomeados\Cruz de ferro com halteres","Cruz de ferro com halteres","Cruz de ferro com halteres","Cruz de ferro com halteres.gif","cruz_de_ferro_com_halteres.gif","cruz_de_ferro_com_halteres.gif","Corpo inteiro","Halteres | Academia","Assuma a posição inicial de Cruz de ferro com halteres, estabilize o tronco e execute o movimento mostrado de forma coordenada. Use uma amplitude que consiga controlar, evite impulso desnecessário e retorne à posição inicial antes da repetição seguinte."
"C:\Users\bruno\Downloads\Exercicios renomeados\Círculo com um braço","Círculo com um braço","Círculos com os braços único","Círculos com os braços único.gif","circulo_com_um_braco.gif","circulo_com_um_braco.gif","Mobilidade","Sem aparelhos | Casa","Execute Círculo com um braço lentamente, percorrendo uma amplitude confortável e sem usar impulso. Mantenha o restante do corpo estável e concentre o movimento na articulação que está sendo mobilizada."
"C:\Users\bruno\Downloads\Exercicios renomeados\Círculos com os braços","Círculos com os braços","Círculos com os braços","Círculos com os braços.gif","circulos_com_os_bracos.gif","circulos_com_os_bracos.gif","Mobilidade","Sem aparelhos | Casa","Mantenha o tronco estável e mova os braços ou as escápulas pela amplitude mostrada, sem compensar com a lombar. Faça o movimento de forma lenta e contínua, priorizando controle e amplitude confortável."
"C:\Users\bruno\Downloads\Exercicios renomeados\Dead bug","Dead bug","Inseto morto","Inseto morto.gif","dead_bug.gif","dead_bug.gif","Abdômen/Core","Sem aparelhos | Casa","Deite-se de costas com quadris e joelhos flexionados e braços apontando para cima. Pressione suavemente a lombar contra o chão e estenda braço e perna opostos sem perder essa posição. Retorne ao centro e alterne os lados."
"C:\Users\bruno\Downloads\Exercicios renomeados\Dead bug (inseto morto)","Dead bug (inseto morto)","Weighted deitado twist","abdominais/Weighted deitado twist.gif","dead_bug_inseto_morto.gif","dead_bug_inseto_morto.gif","Abdômen/Core","Sem aparelhos | Casa","Deite-se de costas com quadris e joelhos flexionados e os braços posicionados conforme o GIF. Pressione suavemente a lombar contra o chão e estenda os membros de forma controlada sem perder a estabilidade do tronco. Retorne e repita mantendo o abdômen ativo."
"C:\Users\bruno\Downloads\Exercicios renomeados\Dead bug com braços elevados","Dead bug com braços elevados","Mãos no ar, inseto morto","Mãos no ar, inseto morto.gif","dead_bug_com_bracos_elevados.gif","dead_bug_com_bracos_elevados.gif","Abdômen/Core","Sem aparelhos | Casa","Deite-se de costas com quadris e joelhos flexionados e braços apontando para cima. Pressione suavemente a lombar contra o chão e estenda braço e perna opostos sem perder essa posição. Retorne ao centro e alterne os lados."
"C:\Users\bruno\Downloads\Exercicios renomeados\Dedos dos pés na barra","Dedos dos pés na barra","Dedos dos pés na barra","Dedos dos pés na barra.gif","dedos_dos_pes_na_barra.gif","dedos_dos_pes_na_barra.gif","Abdômen/Core","Barra fixa | Academia","Fique suspenso na barra com os ombros ativos e o tronco firme. Eleve os joelhos ou as pernas em direção ao peito ou à barra sem usar balanço excessivo. Desça lentamente até a posição inicial mantendo o controle abdominal."
"C:\Users\bruno\Downloads\Exercicios renomeados\Desenvolvimento alternado com barra EZ","Desenvolvimento alternado com barra EZ","Ez bar imprensa dissimulada","Ez bar imprensa dissimulada.gif","desenvolvimento_alternado_com_barra_ez.gif","desenvolvimento_alternado_com_barra_ez.gif","Ombros","Barra | Tríceps | Academia","Comece com as mãos ou a carga na altura apropriada dos ombros e mantenha o abdômen ativo. Empurre para cima até estender os braços com controle. Desça de volta sem deixar os ombros subirem excessivamente em direção às orelhas."
"C:\Users\bruno\Downloads\Exercicios renomeados\Desenvolvimento alternado com halteres em pé","Desenvolvimento alternado com halteres em pé","Supino alternado com halteres em pé","Supino alternado com halteres em pé.gif","desenvolvimento_alternado_com_halteres_em_pe.gif","desenvolvimento_alternado_com_halteres_em_pe.gif","Ombros","Halteres | Tríceps | Academia","Comece com as mãos ou a carga na altura apropriada dos ombros e mantenha o abdômen ativo. Empurre para cima até estender os braços com controle. Desça de volta sem deixar os ombros subirem excessivamente em direção às orelhas."
"C:\Users\bruno\Downloads\Exercicios renomeados\Desenvolvimento alternado com halteres em pé - Variação 2","Desenvolvimento alternado com halteres em pé - Variação 2","Face pull with resistance band - Variação 3","ombros-/Face pull with resistance band - Variação 3.gif","desenvolvimento_alternado_com_halteres_em_pe_variacao_2.gif","desenvolvimento_alternado_com_halteres_em_pe_variacao_2.gif","Ombros","Halteres | Academia","Posicione o halter ou os halteres na altura dos ombros. Pressione a carga acima da cabeça até quase estender os cotovelos, mantendo o abdômen firme e evitando arquear a lombar. Retorne devagar à altura dos ombros e repita."
"C:\Users\bruno\Downloads\Exercicios renomeados\Desenvolvimento atrás da nuca na máquina Smith","Desenvolvimento atrás da nuca na máquina Smith","Máquina smith atrás do pescoço","Máquina smith atrás do pescoço.gif","desenvolvimento_atras_da_nuca_na_maquina_smith.gif","desenvolvimento_atras_da_nuca_na_maquina_smith.gif","Ombros","Máquina | Tríceps | Academia","Comece com as mãos ou a carga na altura apropriada dos ombros e mantenha o abdômen ativo. Empurre para cima até estender os braços com controle. Desça de volta sem deixar os ombros subirem excessivamente em direção às orelhas."
"C:\Users\bruno\Downloads\Exercicios renomeados\Desenvolvimento com barra sentado","Desenvolvimento com barra sentado","Desenvolvimento de ombros com barra","Desenvolvimento de ombros com barra.gif","desenvolvimento_com_barra_sentado.gif","desenvolvimento_com_barra_sentado.gif","Ombros","Barra | Tríceps | Academia","Comece com as mãos ou a carga na altura apropriada dos ombros e mantenha o abdômen ativo. Empurre para cima até estender os braços com controle. Desça de volta sem deixar os ombros subirem excessivamente em direção às orelhas."
"C:\Users\bruno\Downloads\Exercicios renomeados\Desenvolvimento com halteres em pegada neutra","Desenvolvimento com halteres em pegada neutra","Elevação frontal da placa de peso - Variação 7","ombros-/Elevação frontal da placa de peso - Variação 7.gif","desenvolvimento_com_halteres_em_pegada_neutra.gif","desenvolvimento_com_halteres_em_pegada_neutra.gif","Ombros","Halteres | Academia","Posicione o halter ou os halteres na altura dos ombros. Pressione a carga acima da cabeça até quase estender os cotovelos, mantendo o abdômen firme e evitando arquear a lombar. Retorne devagar à altura dos ombros e repita."
"C:\Users\bruno\Downloads\Exercicios renomeados\Desenvolvimento com halteres em pegada neutra - Variação 2","Desenvolvimento com halteres em pegada neutra - Variação 2","Face pull with resistance band","ombros-/Face pull with resistance band.gif","desenvolvimento_com_halteres_em_pegada_neutra_variacao_2.gif","desenvolvimento_com_halteres_em_pegada_neutra_variacao_2.gif","Ombros","Halteres | Academia","Posicione o halter ou os halteres na altura dos ombros. Pressione a carga acima da cabeça até quase estender os cotovelos, mantendo o abdômen firme e evitando arquear a lombar. Retorne devagar à altura dos ombros e repita."
"C:\Users\bruno\Downloads\Exercicios renomeados\Desenvolvimento com halteres em pé e pegada neutra","Desenvolvimento com halteres em pé e pegada neutra","Halteres em pé com as palmas das mãos na imprensa","Halteres em pé com as palmas das mãos na imprensa.gif","desenvolvimento_com_halteres_em_pe_e_pegada_neutra.gif","desenvolvimento_com_halteres_em_pe_e_pegada_neutra.gif","Antebraços","Halteres | Academia","Apoie ou estabilize o antebraço e mova principalmente o punho ou a pegada conforme a variação. Faça a contração sem usar impulso do braço e retorne devagar para trabalhar toda a amplitude."
"C:\Users\bruno\Downloads\Exercicios renomeados\Desenvolvimento com halteres sentado","Desenvolvimento com halteres sentado","Face pull with resistance band - Variação 2","ombros-/Face pull with resistance band - Variação 2.gif","desenvolvimento_com_halteres_sentado.gif","desenvolvimento_com_halteres_sentado.gif","Ombros","Halteres | Banco | Academia","Posicione o halter ou os halteres na altura dos ombros. Pressione a carga acima da cabeça até quase estender os cotovelos, mantendo o abdômen firme e evitando arquear a lombar. Retorne devagar à altura dos ombros e repita."
"C:\Users\bruno\Downloads\Exercicios renomeados\Desenvolvimento com halteres sentado - Variação 2","Desenvolvimento com halteres sentado - Variação 2","Máquina de elevação lateral - Variação 2","ombros-/Máquina de elevação lateral - Variação 2.gif","desenvolvimento_com_halteres_sentado_variacao_2.gif","desenvolvimento_com_halteres_sentado_variacao_2.gif","Ombros","Halteres | Banco | Academia","Posicione o halter ou os halteres na altura dos ombros. Pressione a carga acima da cabeça até quase estender os cotovelos, mantendo o abdômen firme e evitando arquear a lombar. Retorne devagar à altura dos ombros e repita."
"C:\Users\bruno\Downloads\Exercicios renomeados\Desenvolvimento com halteres sentado - Variação 3","Desenvolvimento com halteres sentado - Variação 3","Remada alta da barra ez","ombros-/Remada alta da barra ez.gif","desenvolvimento_com_halteres_sentado_variacao_3.gif","desenvolvimento_com_halteres_sentado_variacao_3.gif","Ombros","Halteres | Banco | Academia","Posicione o halter ou os halteres na altura dos ombros. Pressione a carga acima da cabeça até quase estender os cotovelos, mantendo o abdômen firme e evitando arquear a lombar. Retorne devagar à altura dos ombros e repita."
"C:\Users\bruno\Downloads\Exercicios renomeados\Desenvolvimento com um halter em pé","Desenvolvimento com um halter em pé","Imprensa scott","ombros-/Imprensa scott.gif","desenvolvimento_com_um_halter_em_pe.gif","desenvolvimento_com_um_halter_em_pe.gif","Ombros","Halteres | Academia","Posicione o halter ou os halteres na altura dos ombros. Pressione a carga acima da cabeça até quase estender os cotovelos, mantendo o abdômen firme e evitando arquear a lombar. Retorne devagar à altura dos ombros e repita."
"C:\Users\bruno\Downloads\Exercicios renomeados\Desenvolvimento cubano com halteres","Desenvolvimento cubano com halteres","Imprensa cubana com halteres","Imprensa cubana com halteres.gif","desenvolvimento_cubano_com_halteres.gif","desenvolvimento_cubano_com_halteres.gif","Ombros","Halteres | Tríceps | Academia","Comece com as mãos ou a carga na altura apropriada dos ombros e mantenha o abdômen ativo. Empurre para cima até estender os braços com controle. Desça de volta sem deixar os ombros subirem excessivamente em direção às orelhas."
"C:\Users\bruno\Downloads\Exercicios renomeados\Desenvolvimento cubano sentado com halteres","Desenvolvimento cubano sentado com halteres","Imprensa cubana sentada com halteres","Imprensa cubana sentada com halteres.gif","desenvolvimento_cubano_sentado_com_halteres.gif","desenvolvimento_cubano_sentado_com_halteres.gif","Ombros","Halteres | Tríceps | Academia","Comece com as mãos ou a carga na altura apropriada dos ombros e mantenha o abdômen ativo. Empurre para cima até estender os braços com controle. Desça de volta sem deixar os ombros subirem excessivamente em direção às orelhas."
"C:\Users\bruno\Downloads\Exercicios renomeados\Desenvolvimento de ombros com halteres","Desenvolvimento de ombros com halteres","Desenvolvimento de ombros com halteres","Desenvolvimento de ombros com halteres.gif","desenvolvimento_de_ombros_com_halteres.gif","desenvolvimento_de_ombros_com_halteres.gif","Ombros","Halteres | Tríceps | Academia","Comece com as mãos ou a carga na altura apropriada dos ombros e mantenha o abdômen ativo. Empurre para cima até estender os braços com controle. Desça de volta sem deixar os ombros subirem excessivamente em direção às orelhas."
"C:\Users\bruno\Downloads\Exercicios renomeados\Desenvolvimento de ombros com kettlebell","Desenvolvimento de ombros com kettlebell","Desenvolvimento de ombros com kettlebell","Desenvolvimento de ombros com kettlebell.gif","desenvolvimento_de_ombros_com_kettlebell.gif","desenvolvimento_de_ombros_com_kettlebell.gif","Ombros","Kettlebell | Tríceps | Academia","Comece com as mãos ou a carga na altura apropriada dos ombros e mantenha o abdômen ativo. Empurre para cima até estender os braços com controle. Desça de volta sem deixar os ombros subirem excessivamente em direção às orelhas."
"C:\Users\bruno\Downloads\Exercicios renomeados\Desenvolvimento de ombros deitado com halteres","Desenvolvimento de ombros deitado com halteres","Imprensa de ombro deitado","Imprensa de ombro deitado.gif","desenvolvimento_de_ombros_deitado_com_halteres.gif","desenvolvimento_de_ombros_deitado_com_halteres.gif","Ombros","Halteres | Tríceps | Academia","Comece com as mãos ou a carga na altura apropriada dos ombros e mantenha o abdômen ativo. Empurre para cima até estender os braços com controle. Desça de volta sem deixar os ombros subirem excessivamente em direção às orelhas."
"C:\Users\bruno\Downloads\Exercicios renomeados\Desenvolvimento de ombros em pé na máquina Smith","Desenvolvimento de ombros em pé na máquina Smith","Banded shoulder flexion","ombros-/Banded shoulder flexion.gif","desenvolvimento_de_ombros_em_pe_na_maquina_smith.gif","desenvolvimento_de_ombros_em_pe_na_maquina_smith.gif","Ombros","Barra | Máquina | Academia","Ajuste o banco para que as mãos iniciem aproximadamente na altura dos ombros. Pressione a carga para cima até quase estender os cotovelos, mantendo o tronco apoiado e o abdômen firme. Desça com controle até a amplitude confortável e repita."
"C:\Users\bruno\Downloads\Exercicios renomeados\Desenvolvimento de ombros inclinado na máquina articulada","Desenvolvimento de ombros inclinado na máquina articulada","Banded shoulder flexion - Variação 2","ombros-/Banded shoulder flexion - Variação 2.gif","desenvolvimento_de_ombros_inclinado_na_maquina_articulada.gif","desenvolvimento_de_ombros_inclinado_na_maquina_articulada.gif","Ombros","Máquina | Academia","Ajuste o banco para que as mãos iniciem aproximadamente na altura dos ombros. Pressione a carga para cima até quase estender os cotovelos, mantendo o tronco apoiado e o abdômen firme. Desça com controle até a amplitude confortável e repita."
"C:\Users\bruno\Downloads\Exercicios renomeados\Desenvolvimento de ombros na máquina","Desenvolvimento de ombros na máquina","Máquina de desenvolvimento de ombros","Máquina de desenvolvimento de ombros.gif","desenvolvimento_de_ombros_na_maquina.gif","desenvolvimento_de_ombros_na_maquina.gif","Ombros","Máquina | Tríceps | Academia","Comece com as mãos ou a carga na altura apropriada dos ombros e mantenha o abdômen ativo. Empurre para cima até estender os braços com controle. Desça de volta sem deixar os ombros subirem excessivamente em direção às orelhas."
"C:\Users\bruno\Downloads\Exercicios renomeados\Desenvolvimento de ombros na máquina articulada","Desenvolvimento de ombros na máquina articulada","Supino inclinado na máquina","peitoral/Supino inclinado na máquina.gif","desenvolvimento_de_ombros_na_maquina_articulada.gif","desenvolvimento_de_ombros_na_maquina_articulada.gif","Ombros","Tríceps | Máquina","Ajuste o banco para que as alças fiquem próximas à altura dos ombros. Segure as manoplas e empurre-as para cima seguindo a trajetória da máquina, sem elevar os ombros em direção às orelhas. Retorne lentamente até a posição inicial mantendo o tronco apoiado."
"C:\Users\bruno\Downloads\Exercicios renomeados\Desenvolvimento de ombros na máquina com pegada neutra","Desenvolvimento de ombros na máquina com pegada neutra","Lever desenvolvimento de ombros hammer grip - Variação 2","ombros-/Lever desenvolvimento de ombros hammer grip - Variação 2.gif","desenvolvimento_de_ombros_na_maquina_com_pegada_neutra.gif","desenvolvimento_de_ombros_na_maquina_com_pegada_neutra.gif","Ombros","Máquina | Academia","Ajuste o banco para que as mãos iniciem aproximadamente na altura dos ombros. Pressione a carga para cima até quase estender os cotovelos, mantendo o tronco apoiado e o abdômen firme. Desça com controle até a amplitude confortável e repita."
"C:\Users\bruno\Downloads\Exercicios renomeados\Desenvolvimento de ombros na máquina com pegada neutra - Variação 2","Desenvolvimento de ombros na máquina com pegada neutra - Variação 2","Lever desenvolvimento de ombros hammer grip","ombros-/Lever desenvolvimento de ombros hammer grip.gif","desenvolvimento_de_ombros_na_maquina_com_pegada_neutra_variacao_2.gif","desenvolvimento_de_ombros_na_maquina_com_pegada_neutra_variacao_2.gif","Ombros","Máquina | Academia","Ajuste o banco para que as mãos iniciem aproximadamente na altura dos ombros. Pressione a carga para cima até quase estender os cotovelos, mantendo o tronco apoiado e o abdômen firme. Desça com controle até a amplitude confortável e repita."
"C:\Users\bruno\Downloads\Exercicios renomeados\Desenvolvimento de ombros na máquina plate-loaded","Desenvolvimento de ombros na máquina plate-loaded","Plate loaded desenvolvimento de ombros","ombros-/Plate loaded desenvolvimento de ombros.gif","desenvolvimento_de_ombros_na_maquina_plate_loaded.gif","desenvolvimento_de_ombros_na_maquina_plate_loaded.gif","Ombros","Anilhas | Máquina | Academia","Ajuste o banco para que as mãos iniciem aproximadamente na altura dos ombros. Pressione a carga para cima até quase estender os cotovelos, mantendo o tronco apoiado e o abdômen firme. Desça com controle até a amplitude confortável e repita."
"C:\Users\bruno\Downloads\Exercicios renomeados\Desenvolvimento de ombros no cabo","Desenvolvimento de ombros no cabo","Prensa de ombro de cabo","Prensa de ombro de cabo.gif","desenvolvimento_de_ombros_no_cabo.gif","desenvolvimento_de_ombros_no_cabo.gif","Ombros","Polia/Cabo | Tríceps | Academia","Comece com as mãos ou a carga na altura apropriada dos ombros e mantenha o abdômen ativo. Empurre para cima até estender os braços com controle. Desça de volta sem deixar os ombros subirem excessivamente em direção às orelhas."
"C:\Users\bruno\Downloads\Exercicios renomeados\Desenvolvimento de ombros sentado com elástico","Desenvolvimento de ombros sentado com elástico","Elástico de resistência para ombros sentados","Elástico de resistência para ombros sentados.gif","desenvolvimento_de_ombros_sentado_com_elastico.gif","desenvolvimento_de_ombros_sentado_com_elastico.gif","Ombros","Elástico | Tríceps | Academia","Comece com as mãos ou a carga na altura apropriada dos ombros e mantenha o abdômen ativo. Empurre para cima até estender os braços com controle. Desça de volta sem deixar os ombros subirem excessivamente em direção às orelhas."
"C:\Users\bruno\Downloads\Exercicios renomeados\Desenvolvimento em pé na máquina Smith","Desenvolvimento em pé na máquina Smith","Prensa de ombro em máquina smith em pé","Prensa de ombro em máquina smith em pé.gif","desenvolvimento_em_pe_na_maquina_smith.gif","desenvolvimento_em_pe_na_maquina_smith.gif","Ombros","Máquina | Tríceps | Academia","Comece com as mãos ou a carga na altura apropriada dos ombros e mantenha o abdômen ativo. Empurre para cima até estender os braços com controle. Desça de volta sem deixar os ombros subirem excessivamente em direção às orelhas."
"C:\Users\bruno\Downloads\Exercicios renomeados\Desenvolvimento landmine com duas mãos","Desenvolvimento landmine com duas mãos","Elevação frontal da placa de peso - Variação 8","ombros-/Elevação frontal da placa de peso - Variação 8.gif","desenvolvimento_landmine_com_duas_maos.gif","desenvolvimento_landmine_com_duas_maos.gif","Ombros","Barra | Academia","Segure a extremidade livre da barra na altura do ombro, com a outra ponta apoiada no landmine. Pressione a barra para cima e para frente até estender o braço ou os braços sem perder o controle do tronco. Retorne lentamente até a posição inicial."
"C:\Users\bruno\Downloads\Exercicios renomeados\Desenvolvimento landmine unilateral","Desenvolvimento landmine unilateral","Elevação frontal com barra","ombros-/Elevação frontal com barra.gif","desenvolvimento_landmine_unilateral.gif","desenvolvimento_landmine_unilateral.gif","Ombros","Barra | Academia","Segure a extremidade livre da barra na altura do ombro, com a outra ponta apoiada no landmine. Pressione a barra para cima e para frente até estender o braço ou os braços sem perder o controle do tronco. Retorne lentamente até a posição inicial."
"C:\Users\bruno\Downloads\Exercicios renomeados\Desenvolvimento militar com barra","Desenvolvimento militar com barra","031_desenvolvimento_militar_com_barra","031_desenvolvimento_militar_com_barra.gif","desenvolvimento_militar_com_barra.gif","desenvolvimento_militar_com_barra.gif","Ombros","Barra | Tríceps | Academia","Comece com as mãos ou a carga na altura apropriada dos ombros e mantenha o abdômen ativo. Empurre para cima até estender os braços com controle. Desça de volta sem deixar os ombros subirem excessivamente em direção às orelhas."
"C:\Users\bruno\Downloads\Exercicios renomeados\Desenvolvimento militar com barra e pegada aberta","Desenvolvimento militar com barra e pegada aberta","026_desenvolvimento_militar_com_barra_pegada_aberta","026_desenvolvimento_militar_com_barra_pegada_aberta.gif","desenvolvimento_militar_com_barra_e_pegada_aberta.gif","desenvolvimento_militar_com_barra_e_pegada_aberta.gif","Antebraços","Barra | Academia","Apoie ou estabilize o antebraço e mova principalmente o punho ou a pegada conforme a variação. Faça a contração sem usar impulso do braço e retorne devagar para trabalhar toda a amplitude."
"C:\Users\bruno\Downloads\Exercicios renomeados\Desenvolvimento militar com barra e pegada fechada","Desenvolvimento militar com barra e pegada fechada","Barra em pé aperto próximo imprensa militar","Barra em pé aperto próximo imprensa militar.gif","desenvolvimento_militar_com_barra_e_pegada_fechada.gif","desenvolvimento_militar_com_barra_e_pegada_fechada.gif","Antebraços","Barra | Academia","Apoie ou estabilize o antebraço e mova principalmente o punho ou a pegada conforme a variação. Faça a contração sem usar impulso do braço e retorne devagar para trabalhar toda a amplitude."
"C:\Users\bruno\Downloads\Exercicios renomeados\Desenvolvimento militar com peso corporal","Desenvolvimento militar com peso corporal","Imprensa militar de peso corporal","Imprensa militar de peso corporal.gif","desenvolvimento_militar_com_peso_corporal.gif","desenvolvimento_militar_com_peso_corporal.gif","Ombros","Tríceps | Sem aparelhos | Casa","Comece com as mãos ou a carga na altura apropriada dos ombros e mantenha o abdômen ativo. Empurre para cima até estender os braços com controle. Desça de volta sem deixar os ombros subirem excessivamente em direção às orelhas."
"C:\Users\bruno\Downloads\Exercicios renomeados\Desenvolvimento militar unilateral com kettlebell","Desenvolvimento militar unilateral com kettlebell","Kettlebell imprensa militar de um braço","Kettlebell imprensa militar de um braço.gif","desenvolvimento_militar_unilateral_com_kettlebell.gif","desenvolvimento_militar_unilateral_com_kettlebell.gif","Ombros","Kettlebell | Tríceps | Academia","Comece com as mãos ou a carga na altura apropriada dos ombros e mantenha o abdômen ativo. Empurre para cima até estender os braços com controle. Desça de volta sem deixar os ombros subirem excessivamente em direção às orelhas."
"C:\Users\bruno\Downloads\Exercicios renomeados\Desenvolvimento na máquina Smith sentado","Desenvolvimento na máquina Smith sentado","Prensa de ombro para máquina smith - Variação 2","ombros-/Prensa de ombro para máquina smith - Variação 2.gif","desenvolvimento_na_maquina_smith_sentado.gif","desenvolvimento_na_maquina_smith_sentado.gif","Ombros","Barra | Máquina | Academia","Ajuste o banco para que as mãos iniciem aproximadamente na altura dos ombros. Pressione a carga para cima até quase estender os cotovelos, mantendo o tronco apoiado e o abdômen firme. Desça com controle até a amplitude confortável e repita."
"C:\Users\bruno\Downloads\Exercicios renomeados\Desenvolvimento na máquina Smith sentado - Variação 2","Desenvolvimento na máquina Smith sentado - Variação 2","Prensa de ombro para máquina smith - Variação 3","ombros-/Prensa de ombro para máquina smith - Variação 3.gif","desenvolvimento_na_maquina_smith_sentado_variacao_2.gif","desenvolvimento_na_maquina_smith_sentado_variacao_2.gif","Ombros","Barra | Máquina | Academia","Ajuste o banco para que as mãos iniciem aproximadamente na altura dos ombros. Pressione a carga para cima até quase estender os cotovelos, mantendo o tronco apoiado e o abdômen firme. Desça com controle até a amplitude confortável e repita."
"C:\Users\bruno\Downloads\Exercicios renomeados\Desenvolvimento reverso na máquina","Desenvolvimento reverso na máquina","Máquina de desenvolvimento de ombros reversa","Máquina de desenvolvimento de ombros reversa.gif","desenvolvimento_reverso_na_maquina.gif","desenvolvimento_reverso_na_maquina.gif","Ombros","Máquina | Tríceps | Academia","Comece com as mãos ou a carga na altura apropriada dos ombros e mantenha o abdômen ativo. Empurre para cima até estender os braços com controle. Desça de volta sem deixar os ombros subirem excessivamente em direção às orelhas."
"C:\Users\bruno\Downloads\Exercicios renomeados\Desenvolvimento sentado na máquina Smith","Desenvolvimento sentado na máquina Smith","Prensa de ombro para máquina smith","Prensa de ombro para máquina smith.gif","desenvolvimento_sentado_na_maquina_smith.gif","desenvolvimento_sentado_na_maquina_smith.gif","Ombros","Máquina | Tríceps | Academia","Comece com as mãos ou a carga na altura apropriada dos ombros e mantenha o abdômen ativo. Empurre para cima até estender os braços com controle. Desça de volta sem deixar os ombros subirem excessivamente em direção às orelhas."
"C:\Users\bruno\Downloads\Exercicios renomeados\Desenvolvimento unilateral com halter","Desenvolvimento unilateral com halter","Halteres com um braço e ombros","Halteres com um braço e ombros.gif","desenvolvimento_unilateral_com_halter.gif","desenvolvimento_unilateral_com_halter.gif","Ombros","Halteres | Tríceps | Academia","Comece com as mãos ou a carga na altura apropriada dos ombros e mantenha o abdômen ativo. Empurre para cima até estender os braços com controle. Desça de volta sem deixar os ombros subirem excessivamente em direção às orelhas."
"C:\Users\bruno\Downloads\Exercicios renomeados\Desenvolvimento unilateral com halter em pé","Desenvolvimento unilateral com halter em pé","Remada alta com halteres - Variação 4","ombros-/Remada alta com halteres - Variação 4.gif","desenvolvimento_unilateral_com_halter_em_pe.gif","desenvolvimento_unilateral_com_halter_em_pe.gif","Ombros","Halteres | Academia","Posicione o halter ou os halteres na altura dos ombros. Pressione a carga acima da cabeça até quase estender os cotovelos, mantendo o abdômen firme e evitando arquear a lombar. Retorne devagar à altura dos ombros e repita."
"C:\Users\bruno\Downloads\Exercicios renomeados\Desenvolvimento unilateral com halter em pé - Variação 2","Desenvolvimento unilateral com halter em pé - Variação 2","Resistance band bent over deltoide posterior crucifixo","ombros-/Resistance band bent over deltoide posterior crucifixo.gif","desenvolvimento_unilateral_com_halter_em_pe_variacao_2.gif","desenvolvimento_unilateral_com_halter_em_pe_variacao_2.gif","Ombros","Halteres | Academia","Posicione o halter ou os halteres na altura dos ombros. Pressione a carga acima da cabeça até quase estender os cotovelos, mantendo o abdômen firme e evitando arquear a lombar. Retorne devagar à altura dos ombros e repita."
"C:\Users\bruno\Downloads\Exercicios renomeados\Desenvolvimento unilateral de ombro com elástico","Desenvolvimento unilateral de ombro com elástico","Elástico de desenvolvimento de ombros com um braço","Elástico de desenvolvimento de ombros com um braço.gif","desenvolvimento_unilateral_de_ombro_com_elastico.gif","desenvolvimento_unilateral_de_ombro_com_elastico.gif","Ombros","Elástico | Tríceps | Academia","Comece com as mãos ou a carga na altura apropriada dos ombros e mantenha o abdômen ativo. Empurre para cima até estender os braços com controle. Desça de volta sem deixar os ombros subirem excessivamente em direção às orelhas."
"C:\Users\bruno\Downloads\Exercicios renomeados\Desenvolvimento W com halteres","Desenvolvimento W com halteres","Haltere w press","Haltere w press.gif","desenvolvimento_w_com_halteres.gif","desenvolvimento_w_com_halteres.gif","Ombros","Halteres | Tríceps | Academia","Comece com as mãos ou a carga na altura apropriada dos ombros e mantenha o abdômen ativo. Empurre para cima até estender os braços com controle. Desça de volta sem deixar os ombros subirem excessivamente em direção às orelhas."
"C:\Users\bruno\Downloads\Exercicios renomeados\Deslizamento de braços na parede","Deslizamento de braços na parede","Corrediças de parede","Corrediças de parede.gif","deslizamento_de_bracos_na_parede.gif","deslizamento_de_bracos_na_parede.gif","Mobilidade","Sem aparelhos | Casa","Mantenha o tronco estável e mova os braços ou as escápulas pela amplitude mostrada, sem compensar com a lombar. Faça o movimento de forma lenta e contínua, priorizando controle e amplitude confortável."
"C:\Users\bruno\Downloads\Exercicios renomeados\Deslocamento lateral com toque no chão","Deslocamento lateral com toque no chão","Lançadeira lateral","Lançadeira lateral.gif","deslocamento_lateral_com_toque_no_chao.gif","deslocamento_lateral_com_toque_no_chao.gif","Corpo inteiro","Sem aparelhos | Casa","Assuma a posição inicial de Deslocamento lateral com toque no chão, estabilize o tronco e execute o movimento mostrado de forma coordenada. Use uma amplitude que consiga controlar, evite impulso desnecessário e retorne à posição inicial antes da repetição seguinte."
"C:\Users\bruno\Downloads\Exercicios renomeados\Devil press com halteres","Devil press com halteres","Imprensa do diabo com halteres","Imprensa do diabo com halteres.gif","devil_press_com_halteres.gif","devil_press_com_halteres.gif","Corpo inteiro","Halteres | Academia","Inicie com postura firme, abdômen ativo e a carga próxima ao corpo. Gere força com pernas e quadril e conduza a carga pela trajetória mostrada até a posição final. Estabilize o peso antes de retornar e controle cada etapa do movimento."
"C:\Users\bruno\Downloads\Exercicios renomeados\Double Leg Stretch (Pilates)","Double Leg Stretch (Pilates)","Alongamento de perna dupla","Alongamento de perna dupla.gif","double_leg_stretch_pilates.gif","double_leg_stretch_pilates.gif","Corpo inteiro","Sem aparelhos | Casa","Assuma a posição inicial de Double Leg Stretch (Pilates), estabilize o tronco e execute o movimento mostrado de forma coordenada. Use uma amplitude que consiga controlar, evite impulso desnecessário e retorne à posição inicial antes da repetição seguinte."
"C:\Users\bruno\Downloads\Exercicios renomeados\Drill em I de agilidade","Drill em I de agilidade","006_drill_em_l_de_agilidade","006_drill_em_l_de_agilidade.gif","drill_em_i_de_agilidade.gif","drill_em_i_de_agilidade.gif","Cardio","Sem aparelhos | Casa | Corpo inteiro","Mantenha o tronco ereto, olhar à frente e braços coordenados com as pernas. Execute as passadas ou deslocamentos no padrão mostrado, apoiando os pés com controle e mantendo um ritmo que permita conservar a técnica."
"C:\Users\bruno\Downloads\Exercicios renomeados\Drill pliométrico de agilidade","Drill pliométrico de agilidade","008_drill_pliometrico_de_agilidade","008_drill_pliometrico_de_agilidade.gif","drill_pliometrico_de_agilidade.gif","drill_pliometrico_de_agilidade.gif","Cardio","Sem aparelhos | Casa | Corpo inteiro","Mantenha o tronco ereto, olhar à frente e braços coordenados com as pernas. Execute as passadas ou deslocamentos no padrão mostrado, apoiando os pés com controle e mantendo um ritmo que permita conservar a técnica."
"C:\Users\bruno\Downloads\Exercicios renomeados\Elevação alternada de pernas deitado","Elevação alternada de pernas deitado","Elevação alternada da perna deitada no chão","Elevação alternada da perna deitada no chão.gif","elevacao_alternada_de_pernas_deitado.gif","elevacao_alternada_de_pernas_deitado.gif","Corpo inteiro","Sem aparelhos | Casa","Assuma a posição inicial de Elevação alternada de pernas deitado, estabilize o tronco e execute o movimento mostrado de forma coordenada. Use uma amplitude que consiga controlar, evite impulso desnecessário e retorne à posição inicial antes da repetição seguinte."
"C:\Users\bruno\Downloads\Exercicios renomeados\Elevação da ponta dos pés (dorsiflexão)","Elevação da ponta dos pés (dorsiflexão)","Dorsiflexão em pé","Dorsiflexão em pé.gif","elevacao_da_ponta_dos_pes_dorsiflexao.gif","elevacao_da_ponta_dos_pes_dorsiflexao.gif","Panturrilhas","Sem aparelhos | Casa","Apoie a parte da frente dos pés com firmeza e mantenha os tornozelos alinhados. Eleve os calcanhares o máximo que conseguir sem perder o equilíbrio. Contraia a panturrilha no topo e desça lentamente até a posição inicial."
"C:\Users\bruno\Downloads\Exercicios renomeados\Elevação de braços na parede","Elevação de braços na parede","Braço apoiado na parede levanta","Braço apoiado na parede levanta.gif","elevacao_de_bracos_na_parede.gif","elevacao_de_bracos_na_parede.gif","Mobilidade","Sem aparelhos | Casa","Mantenha o tronco estável e mova os braços ou as escápulas pela amplitude mostrada, sem compensar com a lombar. Faça o movimento de forma lenta e contínua, priorizando controle e amplitude confortável."
"C:\Users\bruno\Downloads\Exercicios renomeados\Elevação de joelhos deitado","Elevação de joelhos deitado","Deitado, joelho levantado","Deitado, joelho levantado.gif","elevacao_de_joelhos_deitado.gif","elevacao_de_joelhos_deitado.gif","Abdômen/Core","Sem aparelhos | Casa","Estabilize o tronco para executar Elevação de joelhos deitado. Mantenha o abdômen ativo durante toda a repetição e realize a trajetória mostrada sem usar balanço excessivo. Retorne à posição inicial de forma lenta e controlada."
"C:\Users\bruno\Downloads\Exercicios renomeados\Elevação de joelhos na barra fixa","Elevação de joelhos na barra fixa","Joelho pendurado levanta","abdominais/Joelho pendurado levanta.gif","elevacao_de_joelhos_na_barra_fixa.gif","elevacao_de_joelhos_na_barra_fixa.gif","Abdômen/Core","Barra fixa | Academia","Estabilize o tronco para executar Elevação de joelhos na barra fixa. Mantenha o abdômen ativo durante toda a repetição e realize a trajetória mostrada sem usar balanço excessivo. Retorne à posição inicial de forma lenta e controlada."
"C:\Users\bruno\Downloads\Exercicios renomeados\Elevação de joelhos na barra fixa - Variação 2","Elevação de joelhos na barra fixa - Variação 2","Prancha frontal ponderada","abdominais/Prancha frontal ponderada.gif","elevacao_de_joelhos_na_barra_fixa_variacao_2.gif","elevacao_de_joelhos_na_barra_fixa_variacao_2.gif","Abdômen/Core","Barra fixa | Academia","Fique suspenso na barra com a pegada firme e os ombros ativos. Contraia o abdômen e eleve os joelhos em direção ao peito sem balançar o corpo. Desça lentamente até estender novamente as pernas."
"C:\Users\bruno\Downloads\Exercicios renomeados\Elevação de joelhos suspenso","Elevação de joelhos suspenso","Joelho pendurado levanta","Joelho pendurado levanta.gif","elevacao_de_joelhos_suspenso.gif","elevacao_de_joelhos_suspenso.gif","Abdômen/Core","Barra fixa | Academia","Fique suspenso na barra com os ombros ativos e o tronco firme. Eleve os joelhos ou as pernas em direção ao peito ou à barra sem usar balanço excessivo. Desça lentamente até a posição inicial mantendo o controle abdominal."
"C:\Users\bruno\Downloads\Exercicios renomeados\Elevação de ombros em 4 direções com halteres","Elevação de ombros em 4 direções com halteres","Haltere 4 maneiras de elevação lateral","Haltere 4 maneiras de elevação lateral.gif","elevacao_de_ombros_em_4_direcoes_com_halteres.gif","elevacao_de_ombros_em_4_direcoes_com_halteres.gif","Ombros","Halteres | Academia","Mantenha os braços na posição indicada e eleve os ombros em direção às orelhas sem fazer rotação. Contraia no topo por um instante e desça lentamente, sem flexionar os cotovelos para ajudar."
"C:\Users\bruno\Downloads\Exercicios renomeados\Elevação de ombros em 6 direções com halteres","Elevação de ombros em 6 direções com halteres","Haltere 6 maneiras de levantar","Haltere 6 maneiras de levantar.gif","elevacao_de_ombros_em_6_direcoes_com_halteres.gif","elevacao_de_ombros_em_6_direcoes_com_halteres.gif","Ombros","Halteres | Academia","Mantenha os braços na posição indicada e eleve os ombros em direção às orelhas sem fazer rotação. Contraia no topo por um instante e desça lentamente, sem flexionar os cotovelos para ajudar."
"C:\Users\bruno\Downloads\Exercicios renomeados\Elevação de panturrilha unilateral no leg press 45 graus","Elevação de panturrilha unilateral no leg press 45 graus","Elevação de panturrilha unilateral no hack","panturrilha/Elevação de panturrilha unilateral no hack.gif","elevacao_de_panturrilha_unilateral_no_leg_press_45_graus.gif","elevacao_de_panturrilha_unilateral_no_leg_press_45_graus.gif","Panturrilhas","Máquina | Academia","Posicione apenas a parte da frente dos pés na borda da plataforma do leg press, mantendo os joelhos praticamente estendidos. Empurre a plataforma pela ponta dos pés, elevando os calcanhares, e contraia as panturrilhas. Retorne devagar deixando os calcanhares descerem em amplitude confortável, sem dobrar excessivamente os joelhos."
"C:\Users\bruno\Downloads\Exercicios renomeados\Elevação de panturrilhas com elástico","Elevação de panturrilhas com elástico","Panturrilha com elástico de resistência","Panturrilha com elástico de resistência.gif","elevacao_de_panturrilhas_com_elastico.gif","elevacao_de_panturrilhas_com_elastico.gif","Panturrilhas","Elástico | Academia","Apoie a parte da frente dos pés com firmeza e mantenha os tornozelos alinhados. Eleve os calcanhares o máximo que conseguir sem perder o equilíbrio. Contraia a panturrilha no topo e desça lentamente até a posição inicial."
"C:\Users\bruno\Downloads\Exercicios renomeados\Elevação de panturrilhas com halteres","Elevação de panturrilhas com halteres","Aumento de panturrilha","Aumento de panturrilha.gif","elevacao_de_panturrilhas_com_halteres.gif","elevacao_de_panturrilhas_com_halteres.gif","Panturrilhas","Halteres | Academia","Apoie a parte da frente dos pés com firmeza e mantenha os tornozelos alinhados. Eleve os calcanhares o máximo que conseguir sem perder o equilíbrio. Contraia a panturrilha no topo e desça lentamente até a posição inicial."
"C:\Users\bruno\Downloads\Exercicios renomeados\Elevação de panturrilhas donkey","Elevação de panturrilhas donkey","Elevação de panturrilha de burro","Elevação de panturrilha de burro.gif","elevacao_de_panturrilhas_donkey.gif","elevacao_de_panturrilhas_donkey.gif","Panturrilhas","Sem aparelhos | Casa","Apoie a parte da frente dos pés com firmeza e mantenha os tornozelos alinhados. Eleve os calcanhares o máximo que conseguir sem perder o equilíbrio. Contraia a panturrilha no topo e desça lentamente até a posição inicial."
"C:\Users\bruno\Downloads\Exercicios renomeados\Elevação de panturrilhas donkey com peso","Elevação de panturrilhas donkey com peso","Criação com peso de bezerro de burro","Criação com peso de bezerro de burro.gif","elevacao_de_panturrilhas_donkey_com_peso.gif","elevacao_de_panturrilhas_donkey_com_peso.gif","Panturrilhas","Sem aparelhos | Casa","Apoie a parte da frente dos pés com firmeza e mantenha os tornozelos alinhados. Eleve os calcanhares o máximo que conseguir sem perder o equilíbrio. Contraia a panturrilha no topo e desça lentamente até a posição inicial."
"C:\Users\bruno\Downloads\Exercicios renomeados\Elevação de panturrilhas donkey na máquina","Elevação de panturrilhas donkey na máquina","Elevação de panturrilha de burro na máquina","Elevação de panturrilha de burro na máquina.gif","elevacao_de_panturrilhas_donkey_na_maquina.gif","elevacao_de_panturrilhas_donkey_na_maquina.gif","Panturrilhas","Máquina | Academia","Apoie a parte da frente dos pés com firmeza e mantenha os tornozelos alinhados. Eleve os calcanhares o máximo que conseguir sem perder o equilíbrio. Contraia a panturrilha no topo e desça lentamente até a posição inicial."
"C:\Users\bruno\Downloads\Exercicios renomeados\Elevação de panturrilhas em pé","Elevação de panturrilhas em pé","Panturrilha em pé","Panturrilha em pé.gif","elevacao_de_panturrilhas_em_pe.gif","elevacao_de_panturrilhas_em_pe.gif","Panturrilhas","Sem aparelhos | Casa","Apoie a parte da frente dos pés com firmeza e mantenha os tornozelos alinhados. Eleve os calcanhares o máximo que conseguir sem perder o equilíbrio. Contraia a panturrilha no topo e desça lentamente até a posição inicial."
"C:\Users\bruno\Downloads\Exercicios renomeados\Elevação de panturrilhas em pé com barra","Elevação de panturrilhas em pé com barra","Panturrilha em pé com barra","Panturrilha em pé com barra.gif","elevacao_de_panturrilhas_em_pe_com_barra.gif","elevacao_de_panturrilhas_em_pe_com_barra.gif","Panturrilhas","Barra | Academia","Apoie a parte da frente dos pés com firmeza e mantenha os tornozelos alinhados. Eleve os calcanhares o máximo que conseguir sem perder o equilíbrio. Contraia a panturrilha no topo e desça lentamente até a posição inicial."
"C:\Users\bruno\Downloads\Exercicios renomeados\Elevação de panturrilhas em pé na máquina","Elevação de panturrilhas em pé na máquina","Máquina de supino em pé para panturrilha","Máquina de supino em pé para panturrilha.gif","elevacao_de_panturrilhas_em_pe_na_maquina.gif","elevacao_de_panturrilhas_em_pe_na_maquina.gif","Panturrilhas","Máquina | Academia","Apoie a parte da frente dos pés com firmeza e mantenha os tornozelos alinhados. Eleve os calcanhares o máximo que conseguir sem perder o equilíbrio. Contraia a panturrilha no topo e desça lentamente até a posição inicial."
"C:\Users\bruno\Downloads\Exercicios renomeados\Elevação de panturrilhas na máquina hack","Elevação de panturrilhas na máquina hack","Hackear agachamento de panturrilha","Hackear agachamento de panturrilha.gif","elevacao_de_panturrilhas_na_maquina_hack.gif","elevacao_de_panturrilhas_na_maquina_hack.gif","Panturrilhas","Máquina | Academia","Apoie a parte da frente dos pés com firmeza e mantenha os tornozelos alinhados. Eleve os calcanhares o máximo que conseguir sem perder o equilíbrio. Contraia a panturrilha no topo e desça lentamente até a posição inicial."
"C:\Users\bruno\Downloads\Exercicios renomeados\Elevação de panturrilhas no leg press 45 graus","Elevação de panturrilhas no leg press 45 graus","Elevação de panturrilhas no leg press 45 graus","panturrilha/Elevação de panturrilhas no leg press 45 graus.gif","elevacao_de_panturrilhas_no_leg_press_45_graus.gif","elevacao_de_panturrilhas_no_leg_press_45_graus.gif","Panturrilhas","Máquina | Academia","Posicione apenas a parte da frente dos pés na borda da plataforma do leg press, mantendo os joelhos praticamente estendidos. Empurre a plataforma pela ponta dos pés, elevando os calcanhares, e contraia as panturrilhas. Retorne devagar deixando os calcanhares descerem em amplitude confortável, sem dobrar excessivamente os joelhos."
"C:\Users\bruno\Downloads\Exercicios renomeados\Elevação de panturrilhas no leg press 45 graus - Variação 2","Elevação de panturrilhas no leg press 45 graus - Variação 2","Leg press panturrilha - Variação 2","perna/Leg press panturrilha - Variação 2.gif","elevacao_de_panturrilhas_no_leg_press_45_graus_variacao_2.gif","elevacao_de_panturrilhas_no_leg_press_45_graus_variacao_2.gif","Panturrilhas","Máquina | Academia","Posicione apenas a parte da frente dos pés na borda da plataforma do leg press, mantendo os joelhos praticamente estendidos. Empurre a plataforma pela ponta dos pés, elevando os calcanhares, e contraia as panturrilhas. Retorne devagar deixando os calcanhares descerem em amplitude confortável, sem dobrar excessivamente os joelhos."
"C:\Users\bruno\Downloads\Exercicios renomeados\Elevação de panturrilhas no leg press 45 graus - Variação 3","Elevação de panturrilhas no leg press 45 graus - Variação 3","Leg press panturrilha","perna/Leg press panturrilha.gif","elevacao_de_panturrilhas_no_leg_press_45_graus_variacao_3.gif","elevacao_de_panturrilhas_no_leg_press_45_graus_variacao_3.gif","Panturrilhas","Máquina | Academia","Posicione apenas a parte da frente dos pés na borda da plataforma do leg press, mantendo os joelhos praticamente estendidos. Empurre a plataforma pela ponta dos pés, elevando os calcanhares, e contraia as panturrilhas. Retorne devagar deixando os calcanhares descerem em amplitude confortável, sem dobrar excessivamente os joelhos."
"C:\Users\bruno\Downloads\Exercicios renomeados\Elevação de panturrilhas no leg press horizontal","Elevação de panturrilhas no leg press horizontal","Elevação de panturrilhas no leg press horizontal","panturrilha/Elevação de panturrilhas no leg press horizontal.gif","elevacao_de_panturrilhas_no_leg_press_horizontal.gif","elevacao_de_panturrilhas_no_leg_press_horizontal.gif","Panturrilhas","Máquina | Academia","Posicione apenas a parte da frente dos pés na borda da plataforma do leg press, mantendo os joelhos praticamente estendidos. Empurre a plataforma pela ponta dos pés, elevando os calcanhares, e contraia as panturrilhas. Retorne devagar deixando os calcanhares descerem em amplitude confortável, sem dobrar excessivamente os joelhos."
"C:\Users\bruno\Downloads\Exercicios renomeados\Elevação de panturrilhas sentado com barra","Elevação de panturrilhas sentado com barra","Panturrilha sentada com barra","Panturrilha sentada com barra.gif","elevacao_de_panturrilhas_sentado_com_barra.gif","elevacao_de_panturrilhas_sentado_com_barra.gif","Panturrilhas","Barra | Academia","Apoie a parte da frente dos pés com firmeza e mantenha os tornozelos alinhados. Eleve os calcanhares o máximo que conseguir sem perder o equilíbrio. Contraia a panturrilha no topo e desça lentamente até a posição inicial."
"C:\Users\bruno\Downloads\Exercicios renomeados\Elevação de panturrilhas sentado com peso","Elevação de panturrilhas sentado com peso","Panturrilha sentada com peso","Panturrilha sentada com peso.gif","elevacao_de_panturrilhas_sentado_com_peso.gif","elevacao_de_panturrilhas_sentado_com_peso.gif","Panturrilhas","Sem aparelhos | Casa","Apoie a parte da frente dos pés com firmeza e mantenha os tornozelos alinhados. Eleve os calcanhares o máximo que conseguir sem perder o equilíbrio. Contraia a panturrilha no topo e desça lentamente até a posição inicial."
"C:\Users\bruno\Downloads\Exercicios renomeados\Elevação de panturrilhas sentado na máquina","Elevação de panturrilhas sentado na máquina","Elevação de panturrilhas sentado","panturrilha/Elevação de panturrilhas sentado.gif","elevacao_de_panturrilhas_sentado_na_maquina.gif","elevacao_de_panturrilhas_sentado_na_maquina.gif","Panturrilhas","Máquina | Academia","Sente-se com os pés apoiados pela parte da frente e os calcanhares livres. Mantenha a carga apoiada sobre as coxas e eleve os calcanhares o máximo que conseguir, contraindo as panturrilhas. Desça lentamente até sentir alongamento e repita sem quicar a carga."
"C:\Users\bruno\Downloads\Exercicios renomeados\Elevação de perna em prancha","Elevação de perna em prancha","Levantamento de perna de prancha","Levantamento de perna de prancha.gif","elevacao_de_perna_em_prancha.gif","elevacao_de_perna_em_prancha.gif","Abdômen/Core","Sem aparelhos | Casa","Apoie mãos ou antebraços conforme a variação e mantenha cabeça, tronco e quadril alinhados. Contraia abdômen e glúteos para estabilizar a lombar. Execute o movimento adicional mostrado sem perder o alinhamento do corpo."
"C:\Users\bruno\Downloads\Exercicios renomeados\Elevação de perna em pé na máquina","Elevação de perna em pé na máquina","Máquina de elevação da perna em pé","Máquina de elevação da perna em pé.gif","elevacao_de_perna_em_pe_na_maquina.gif","elevacao_de_perna_em_pe_na_maquina.gif","Quadril","Máquina | Academia","Estabilize o tronco e a pelve e mova a perna no sentido mostrado em Elevação de perna em pé na máquina. Faça a adução, rotação ou flexão do quadril sem inclinar o corpo para ganhar amplitude e retorne lentamente à posição inicial."
"C:\Users\bruno\Downloads\Exercicios renomeados\Elevação de perna na prancha lateral","Elevação de perna na prancha lateral","Elevação de perna na prancha lateral","Elevação de perna na prancha lateral.gif","elevacao_de_perna_na_prancha_lateral.gif","elevacao_de_perna_na_prancha_lateral.gif","Abdômen/Core","Sem aparelhos | Casa","Apoie mãos ou antebraços conforme a variação e mantenha cabeça, tronco e quadril alinhados. Contraia abdômen e glúteos para estabilizar a lombar. Execute o movimento adicional mostrado sem perder o alinhamento do corpo."
"C:\Users\bruno\Downloads\Exercicios renomeados\Elevação de pernas deitado","Elevação de pernas deitado","Elevação da perna","Elevação da perna.gif","elevacao_de_pernas_deitado.gif","elevacao_de_pernas_deitado.gif","Abdômen/Core","Sem aparelhos | Casa","Deite-se ou apoie-se conforme o GIF e mantenha a lombar controlada. Eleve ou alterne as pernas sem perder a estabilidade da pelve. Desça de maneira lenta, interrompendo a amplitude antes de a lombar arquear."
"C:\Users\bruno\Downloads\Exercicios renomeados\Elevação de pernas deitado - Variação 2","Elevação de pernas deitado - Variação 2","Sentado abdominal na máquina","abdominais/Sentado abdominal na máquina.gif","elevacao_de_pernas_deitado_variacao_2.gif","elevacao_de_pernas_deitado_variacao_2.gif","Abdômen/Core","Sem aparelhos | Casa","Deite-se ou apoie-se conforme o GIF e mantenha a lombar controlada. Eleve ou alterne as pernas sem perder a estabilidade da pelve. Desça de maneira lenta, interrompendo a amplitude antes de a lombar arquear."
"C:\Users\bruno\Downloads\Exercicios renomeados\Elevação de pernas deitado na polia","Elevação de pernas deitado na polia","Torção de mina terrestre - Variação 2","abdominais/Torção de mina terrestre - Variação 2.gif","elevacao_de_pernas_deitado_na_polia.gif","elevacao_de_pernas_deitado_na_polia.gif","Abdômen/Core","Polia/Cabo | Academia","Deite-se ou apoie-se conforme o GIF e mantenha a lombar controlada. Eleve ou alterne as pernas sem perder a estabilidade da pelve. Desça de maneira lenta, interrompendo a amplitude antes de a lombar arquear."
"C:\Users\bruno\Downloads\Exercicios renomeados\Elevação de pernas e quadril no banco inclinado","Elevação de pernas e quadril no banco inclinado","Inclinação da perna elevação do quadril","Inclinação da perna elevação do quadril.gif","elevacao_de_pernas_e_quadril_no_banco_inclinado.gif","elevacao_de_pernas_e_quadril_no_banco_inclinado.gif","Abdômen/Core","Banco | Academia","Deite-se ou apoie-se conforme o GIF e mantenha a lombar controlada. Eleve ou alterne as pernas sem perder a estabilidade da pelve. Desça de maneira lenta, interrompendo a amplitude antes de a lombar arquear."
"C:\Users\bruno\Downloads\Exercicios renomeados\Elevação de pernas na barra fixa","Elevação de pernas na barra fixa","Weighted hanging knee raises","abdominais/Weighted hanging knee raises.gif","elevacao_de_pernas_na_barra_fixa.gif","elevacao_de_pernas_na_barra_fixa.gif","Abdômen/Core","Barra fixa | Academia","Deite-se ou apoie-se conforme o GIF e mantenha a lombar controlada. Eleve ou alterne as pernas sem perder a estabilidade da pelve. Desça de maneira lenta, interrompendo a amplitude antes de a lombar arquear."
"C:\Users\bruno\Downloads\Exercicios renomeados\Elevação de pernas na cadeira do capitão","Elevação de pernas na cadeira do capitão","Elevação da perna da cadeira do capitão","abdominais/Elevação da perna da cadeira do capitão.gif","elevacao_de_pernas_na_cadeira_do_capitao.gif","elevacao_de_pernas_na_cadeira_do_capitao.gif","Abdômen/Core","Sem aparelhos | Casa","Deite-se ou apoie-se conforme o GIF e mantenha a lombar controlada. Eleve ou alterne as pernas sem perder a estabilidade da pelve. Desça de maneira lenta, interrompendo a amplitude antes de a lombar arquear."
"C:\Users\bruno\Downloads\Exercicios renomeados\Elevação de pernas na cadeira romana","Elevação de pernas na cadeira romana","Elevação da perna da cadeira do capitão","Elevação da perna da cadeira do capitão.gif","elevacao_de_pernas_na_cadeira_romana.gif","elevacao_de_pernas_na_cadeira_romana.gif","Abdômen/Core","Sem aparelhos | Casa","Deite-se ou apoie-se conforme o GIF e mantenha a lombar controlada. Eleve ou alterne as pernas sem perder a estabilidade da pelve. Desça de maneira lenta, interrompendo a amplitude antes de a lombar arquear."
"C:\Users\bruno\Downloads\Exercicios renomeados\Elevação de pernas no banco com elevação de quadril","Elevação de pernas no banco com elevação de quadril","Alpinista","abdominais/Alpinista.gif","elevacao_de_pernas_no_banco_com_elevacao_de_quadril.gif","elevacao_de_pernas_no_banco_com_elevacao_de_quadril.gif","Abdômen/Core","Banco | Academia","Deite-se no banco e segure o apoio atrás da cabeça. Eleve as pernas estendidas e, ao final, tire levemente o quadril do banco levando os pés para cima. Desça o quadril primeiro e depois as pernas com controle, sem arquear a lombar."
"C:\Users\bruno\Downloads\Exercicios renomeados\Elevação de pernas no banco declinado","Elevação de pernas no banco declinado","Abdominal - Variação 3","abdominais/Abdominal - Variação 3.gif","elevacao_de_pernas_no_banco_declinado.gif","elevacao_de_pernas_no_banco_declinado.gif","Abdômen/Core","Banco | Academia","Deite-se ou apoie-se conforme o GIF e mantenha a lombar controlada. Eleve ou alterne as pernas sem perder a estabilidade da pelve. Desça de maneira lenta, interrompendo a amplitude antes de a lombar arquear."
"C:\Users\bruno\Downloads\Exercicios renomeados\Elevação de quadril com barra","Elevação de quadril com barra","Flexão de perna - Variação 2","perna/Flexão de perna - Variação 2.gif","elevacao_de_quadril_com_barra.gif","elevacao_de_quadril_com_barra.gif","Glúteos","Posterior de coxa | Barra | Academia","Deite-se com a parte superior das costas apoiada e posicione a barra sobre o quadril. Empurre o chão com os pés e eleve o quadril até alinhar joelhos, quadris e tronco. Contraia os glúteos no topo e desça de forma controlada sem hiperestender a lombar."
"C:\Users\bruno\Downloads\Exercicios renomeados\Elevação de quadril deitado com elástico","Elevação de quadril deitado com elástico","Perna deitada com elástico e elevação do quadril","Perna deitada com elástico e elevação do quadril.gif","elevacao_de_quadril_deitado_com_elastico.gif","elevacao_de_quadril_deitado_com_elastico.gif","Glúteos","Elástico | Academia","Apoie os pés com firmeza e mantenha os joelhos alinhados. Contraia o abdômen e eleve o quadril apertando os glúteos até alinhar tronco e coxas. Evite hiperestender a lombar e desça o quadril lentamente."
"C:\Users\bruno\Downloads\Exercicios renomeados\Elevação frontal ajoelhada na polia","Elevação frontal ajoelhada na polia","Remada alta com halteres - Variação 6","ombros-/Remada alta com halteres - Variação 6.gif","elevacao_frontal_ajoelhada_na_polia.gif","elevacao_frontal_ajoelhada_na_polia.gif","Ombros","Polia/Cabo | Academia","Segure o acessório da polia à frente do corpo com os braços quase estendidos. Eleve-o pela frente até aproximadamente a altura dos ombros, mantendo o tronco estável. Retorne devagar sem deixar o peso puxar os ombros para frente."
"C:\Users\bruno\Downloads\Exercicios renomeados\Elevação frontal alternada com halteres","Elevação frontal alternada com halteres","Elevação frontal alternado com halteres","Elevação frontal alternado com halteres.gif","elevacao_frontal_alternada_com_halteres.gif","elevacao_frontal_alternada_com_halteres.gif","Ombros","Halteres | Academia","Com o tronco estável e os braços quase estendidos, eleve a carga à frente ou no plano indicado até aproximadamente a altura dos ombros. Evite impulso do quadril e retorne de forma controlada."
"C:\Users\bruno\Downloads\Exercicios renomeados\Elevação frontal apoiada no banco com halteres","Elevação frontal apoiada no banco com halteres","Levantamentos frontais com halteres apoiados no peito","Levantamentos frontais com halteres apoiados no peito.gif","elevacao_frontal_apoiada_no_banco_com_halteres.gif","elevacao_frontal_apoiada_no_banco_com_halteres.gif","Ombros","Halteres | Banco | Academia","Com o tronco estável e os braços quase estendidos, eleve a carga à frente ou no plano indicado até aproximadamente a altura dos ombros. Evite impulso do quadril e retorne de forma controlada."
"C:\Users\bruno\Downloads\Exercicios renomeados\Elevação frontal com anilha","Elevação frontal com anilha","Elevação frontal da placa de peso","Elevação frontal da placa de peso.gif","elevacao_frontal_com_anilha.gif","elevacao_frontal_com_anilha.gif","Ombros","Anilhas | Academia","Com o tronco estável e os braços quase estendidos, eleve a carga à frente ou no plano indicado até aproximadamente a altura dos ombros. Evite impulso do quadril e retorne de forma controlada."
"C:\Users\bruno\Downloads\Exercicios renomeados\Elevação frontal com barra","Elevação frontal com barra","Elevação frontal com barra","Elevação frontal com barra.gif","elevacao_frontal_com_barra.gif","elevacao_frontal_com_barra.gif","Ombros","Barra | Academia","Com o tronco estável e os braços quase estendidos, eleve a carga à frente ou no plano indicado até aproximadamente a altura dos ombros. Evite impulso do quadril e retorne de forma controlada."
"C:\Users\bruno\Downloads\Exercicios renomeados\Elevação frontal com barra e rotação","Elevação frontal com barra e rotação","Torção de elevação frontal com barra","Torção de elevação frontal com barra.gif","elevacao_frontal_com_barra_e_rotacao.gif","elevacao_frontal_com_barra_e_rotacao.gif","Ombros","Barra | Academia","Com o tronco estável e os braços quase estendidos, eleve a carga à frente ou no plano indicado até aproximadamente a altura dos ombros. Evite impulso do quadril e retorne de forma controlada."
"C:\Users\bruno\Downloads\Exercicios renomeados\Elevação frontal com barra no banco inclinado","Elevação frontal com barra no banco inclinado","Elevações laterais apoiadas no peito com halteres","ombros-/Elevações laterais apoiadas no peito com halteres.gif","elevacao_frontal_com_barra_no_banco_inclinado.gif","elevacao_frontal_com_barra_no_banco_inclinado.gif","Ombros","Barra | Banco | Academia","Segure a barra com as mãos na largura indicada e mantenha os braços quase estendidos. Eleve a barra à frente até aproximadamente a altura dos ombros e retorne lentamente. Evite usar impulso ou arquear a lombar."
"C:\Users\bruno\Downloads\Exercicios renomeados\Elevação frontal com cabo de dois braços","Elevação frontal com cabo de dois braços","Elevação frontal com cabo de dois braços","Elevação frontal com cabo de dois braços.gif","elevacao_frontal_com_cabo_de_dois_bracos.gif","elevacao_frontal_com_cabo_de_dois_bracos.gif","Ombros","Polia/Cabo | Academia","Com o tronco estável e os braços quase estendidos, eleve a carga à frente ou no plano indicado até aproximadamente a altura dos ombros. Evite impulso do quadril e retorne de forma controlada."
"C:\Users\bruno\Downloads\Exercicios renomeados\Elevação frontal com cabo duplo","Elevação frontal com cabo duplo","Elevação frontal com cabo duplo","Elevação frontal com cabo duplo.gif","elevacao_frontal_com_cabo_duplo.gif","elevacao_frontal_com_cabo_duplo.gif","Ombros","Polia/Cabo | Academia","Com o tronco estável e os braços quase estendidos, eleve a carga à frente ou no plano indicado até aproximadamente a altura dos ombros. Evite impulso do quadril e retorne de forma controlada."
"C:\Users\bruno\Downloads\Exercicios renomeados\Elevação frontal com halteres","Elevação frontal com halteres","Elevação frontal com halteres","Elevação frontal com halteres.gif","elevacao_frontal_com_halteres.gif","elevacao_frontal_com_halteres.gif","Ombros","Halteres | Academia","Com o tronco estável e os braços quase estendidos, eleve a carga à frente ou no plano indicado até aproximadamente a altura dos ombros. Evite impulso do quadril e retorne de forma controlada."
"C:\Users\bruno\Downloads\Exercicios renomeados\Elevação frontal com halteres de dois braços","Elevação frontal com halteres de dois braços","Elevação frontal com halteres de dois braços","Elevação frontal com halteres de dois braços.gif","elevacao_frontal_com_halteres_de_dois_bracos.gif","elevacao_frontal_com_halteres_de_dois_bracos.gif","Ombros","Halteres | Academia","Com o tronco estável e os braços quase estendidos, eleve a carga à frente ou no plano indicado até aproximadamente a altura dos ombros. Evite impulso do quadril e retorne de forma controlada."
"C:\Users\bruno\Downloads\Exercicios renomeados\Elevação frontal com halteres sentado","Elevação frontal com halteres sentado","Elevação frontal com halteres sentado","Elevação frontal com halteres sentado.gif","elevacao_frontal_com_halteres_sentado.gif","elevacao_frontal_com_halteres_sentado.gif","Ombros","Halteres | Academia","Com o tronco estável e os braços quase estendidos, eleve a carga à frente ou no plano indicado até aproximadamente a altura dos ombros. Evite impulso do quadril e retorne de forma controlada."
"C:\Users\bruno\Downloads\Exercicios renomeados\Elevação frontal do cabo","Elevação frontal do cabo","Elevação frontal do cabo","Elevação frontal do cabo.gif","elevacao_frontal_do_cabo.gif","elevacao_frontal_do_cabo.gif","Ombros","Polia/Cabo | Academia","Com o tronco estável e os braços quase estendidos, eleve a carga à frente ou no plano indicado até aproximadamente a altura dos ombros. Evite impulso do quadril e retorne de forma controlada."
"C:\Users\bruno\Downloads\Exercicios renomeados\Elevação frontal na polia com barra reta","Elevação frontal na polia com barra reta","Remada alta com barra","ombros-/Remada alta com barra.gif","elevacao_frontal_na_polia_com_barra_reta.gif","elevacao_frontal_na_polia_com_barra_reta.gif","Ombros","Barra | Polia/Cabo | Academia","Segure o acessório da polia à frente do corpo com os braços quase estendidos. Eleve-o pela frente até aproximadamente a altura dos ombros, mantendo o tronco estável. Retorne devagar sem deixar o peso puxar os ombros para frente."
"C:\Users\bruno\Downloads\Exercicios renomeados\Elevação lateral alternada com halteres","Elevação lateral alternada com halteres","Alternate com halteres elevação lateral","ombros-/Alternate com halteres elevação lateral.gif","elevacao_lateral_alternada_com_halteres.gif","elevacao_lateral_alternada_com_halteres.gif","Ombros","Halteres | Academia","Mantenha o tronco ereto e os halteres ao lado do corpo. Com os cotovelos levemente flexionados, eleve os braços lateralmente até aproximadamente a altura dos ombros. Desça lentamente e evite usar balanço do tronco."
"C:\Users\bruno\Downloads\Exercicios renomeados\Elevação lateral alternada com halteres - Variação 2","Elevação lateral alternada com halteres - Variação 2","Remada alta com halteres - Variação 2","ombros-/Remada alta com halteres - Variação 2.gif","elevacao_lateral_alternada_com_halteres_variacao_2.gif","elevacao_lateral_alternada_com_halteres_variacao_2.gif","Ombros","Halteres | Academia","Mantenha o tronco ereto e os halteres ao lado do corpo. Com os cotovelos levemente flexionados, eleve os braços lateralmente até aproximadamente a altura dos ombros. Desça lentamente e evite usar balanço do tronco."
"C:\Users\bruno\Downloads\Exercicios renomeados\Elevação lateral com cabo de dois braços","Elevação lateral com cabo de dois braços","Elevação lateral com cabo de dois braços","Elevação lateral com cabo de dois braços.gif","elevacao_lateral_com_cabo_de_dois_bracos.gif","elevacao_lateral_com_cabo_de_dois_bracos.gif","Ombros","Polia/Cabo | Academia","Mantenha os cotovelos levemente flexionados e eleve os braços para os lados até aproximadamente a altura dos ombros. Evite usar balanço do tronco ou encolher os ombros e desça lentamente."
"C:\Users\bruno\Downloads\Exercicios renomeados\Elevação lateral com halteres","Elevação lateral com halteres","Elevação lateral com halteres","Elevação lateral com halteres.gif","elevacao_lateral_com_halteres.gif","elevacao_lateral_com_halteres.gif","Ombros","Halteres | Academia","Mantenha os cotovelos levemente flexionados e eleve os braços para os lados até aproximadamente a altura dos ombros. Evite usar balanço do tronco ou encolher os ombros e desça lentamente."
"C:\Users\bruno\Downloads\Exercicios renomeados\Elevação lateral com halteres apoiado no banco inclinado","Elevação lateral com halteres apoiado no banco inclinado","Encolher de ombros inclinado com halteres - Variação 5","trapézio-/Encolher de ombros inclinado com halteres - Variação 5.gif","elevacao_lateral_com_halteres_apoiado_no_banco_inclinado.gif","elevacao_lateral_com_halteres_apoiado_no_banco_inclinado.gif","Ombros","Halteres | Banco","Apoie o peito no banco inclinado e deixe os halteres ao lado do corpo. Eleve os braços lateralmente até aproximadamente a altura dos ombros, mantendo uma leve flexão nos cotovelos. Desça de forma controlada sem balançar o tronco."
"C:\Users\bruno\Downloads\Exercicios renomeados\Elevação lateral com halteres para frente","Elevação lateral com halteres para frente","Elevação lateral com halteres para frente","Elevação lateral com halteres para frente.gif","elevacao_lateral_com_halteres_para_frente.gif","elevacao_lateral_com_halteres_para_frente.gif","Ombros","Halteres | Academia","Mantenha os cotovelos levemente flexionados e eleve os braços para os lados até aproximadamente a altura dos ombros. Evite usar balanço do tronco ou encolher os ombros e desça lentamente."
"C:\Users\bruno\Downloads\Exercicios renomeados\Elevação lateral com halteres sentado","Elevação lateral com halteres sentado","Sentado com halteres elevação lateral","ombros-/Sentado com halteres elevação lateral.gif","elevacao_lateral_com_halteres_sentado.gif","elevacao_lateral_com_halteres_sentado.gif","Ombros","Halteres | Banco | Academia","Mantenha o tronco ereto e os halteres ao lado do corpo. Com os cotovelos levemente flexionados, eleve os braços lateralmente até aproximadamente a altura dos ombros. Desça lentamente e evite usar balanço do tronco."
"C:\Users\bruno\Downloads\Exercicios renomeados\Elevação lateral completa com halteres","Elevação lateral completa com halteres","Elevação frontal da placa de peso","ombros-/Elevação frontal da placa de peso.gif","elevacao_lateral_completa_com_halteres.gif","elevacao_lateral_completa_com_halteres.gif","Ombros","Halteres | Academia","Comece com os halteres ao lado do corpo. Eleve os braços lateralmente em arco, continuando o movimento acima da cabeça conforme o GIF, sem usar balanço. Retorne pela mesma trajetória de forma lenta e mantenha os ombros afastados das orelhas."
"C:\Users\bruno\Downloads\Exercicios renomeados\Elevação lateral curvado com halteres","Elevação lateral curvado com halteres","Curvado sobre elevação lateral","Curvado sobre elevação lateral.gif","elevacao_lateral_curvado_com_halteres.gif","elevacao_lateral_curvado_com_halteres.gif","Ombros","Halteres | Academia","Mantenha os cotovelos levemente flexionados e eleve os braços para os lados até aproximadamente a altura dos ombros. Evite usar balanço do tronco ou encolher os ombros e desça lentamente."
"C:\Users\bruno\Downloads\Exercicios renomeados\Elevação lateral de braços sem peso","Elevação lateral de braços sem peso","Braço lateral levanta","Braço lateral levanta.gif","elevacao_lateral_de_bracos_sem_peso.gif","elevacao_lateral_de_bracos_sem_peso.gif","Ombros","Sem aparelhos | Casa","Mantenha os cotovelos levemente flexionados e eleve os braços para os lados até aproximadamente a altura dos ombros. Evite usar balanço do tronco ou encolher os ombros e desça lentamente."
"C:\Users\bruno\Downloads\Exercicios renomeados\Elevação lateral de joelhos na barra fixa","Elevação lateral de joelhos na barra fixa","Hanging side knee raises","abdominais/Hanging side knee raises.gif","elevacao_lateral_de_joelhos_na_barra_fixa.gif","elevacao_lateral_de_joelhos_na_barra_fixa.gif","Ombros","Barra fixa | Academia","Mantenha os cotovelos levemente flexionados e eleve os braços para os lados até aproximadamente a altura dos ombros. Evite usar balanço do tronco ou encolher os ombros e desça lentamente."
"C:\Users\bruno\Downloads\Exercicios renomeados\Elevação lateral de landmine","Elevação lateral de landmine","Elevação lateral de landmine","Elevação lateral de landmine.gif","elevacao_lateral_de_landmine.gif","elevacao_lateral_de_landmine.gif","Ombros","Barra | Academia","Mantenha os cotovelos levemente flexionados e eleve os braços para os lados até aproximadamente a altura dos ombros. Evite usar balanço do tronco ou encolher os ombros e desça lentamente."
"C:\Users\bruno\Downloads\Exercicios renomeados\Elevação lateral deltóide traseiro com halteres","Elevação lateral deltóide traseiro com halteres","Elevação lateral deltóide traseiro com halteres","Elevação lateral deltóide traseiro com halteres.gif","elevacao_lateral_deltoide_traseiro_com_halteres.gif","elevacao_lateral_deltoide_traseiro_com_halteres.gif","Ombros","Halteres | Academia","Mantenha os cotovelos levemente flexionados e eleve os braços para os lados até aproximadamente a altura dos ombros. Evite usar balanço do tronco ou encolher os ombros e desça lentamente."
"C:\Users\bruno\Downloads\Exercicios renomeados\Elevação lateral do braço dobrado","Elevação lateral do braço dobrado","Elevação lateral do braço dobrado","Elevação lateral do braço dobrado.gif","elevacao_lateral_do_braco_dobrado.gif","elevacao_lateral_do_braco_dobrado.gif","Ombros","Sem aparelhos | Casa","Mantenha os cotovelos levemente flexionados e eleve os braços para os lados até aproximadamente a altura dos ombros. Evite usar balanço do tronco ou encolher os ombros e desça lentamente."
"C:\Users\bruno\Downloads\Exercicios renomeados\Elevação lateral do cabo","Elevação lateral do cabo","Elevação lateral do cabo","Elevação lateral do cabo.gif","elevacao_lateral_do_cabo.gif","elevacao_lateral_do_cabo.gif","Ombros","Polia/Cabo | Academia","Mantenha os cotovelos levemente flexionados e eleve os braços para os lados até aproximadamente a altura dos ombros. Evite usar balanço do tronco ou encolher os ombros e desça lentamente."
"C:\Users\bruno\Downloads\Exercicios renomeados\Elevação lateral do cabo inclinado","Elevação lateral do cabo inclinado","Elevação lateral do cabo inclinado","Elevação lateral do cabo inclinado.gif","elevacao_lateral_do_cabo_inclinado.gif","elevacao_lateral_do_cabo_inclinado.gif","Ombros","Polia/Cabo | Banco | Academia","Mantenha os cotovelos levemente flexionados e eleve os braços para os lados até aproximadamente a altura dos ombros. Evite usar balanço do tronco ou encolher os ombros e desça lentamente."
"C:\Users\bruno\Downloads\Exercicios renomeados\Elevação lateral inclinada com halteres","Elevação lateral inclinada com halteres","Inclinação lateral com halteres elevação lateral","Inclinação lateral com halteres elevação lateral.gif","elevacao_lateral_inclinada_com_halteres.gif","elevacao_lateral_inclinada_com_halteres.gif","Ombros","Halteres | Academia","Mantenha os cotovelos levemente flexionados e eleve os braços para os lados até aproximadamente a altura dos ombros. Evite usar balanço do tronco ou encolher os ombros e desça lentamente."
"C:\Users\bruno\Downloads\Exercicios renomeados\Elevação lateral inclinado com haltere de braço único","Elevação lateral inclinado com haltere de braço único","Elevação lateral inclinado com haltere de braço único","Elevação lateral inclinado com haltere de braço único.gif","elevacao_lateral_inclinado_com_haltere_de_braco_unico.gif","elevacao_lateral_inclinado_com_haltere_de_braco_unico.gif","Ombros","Halteres | Banco | Academia","Mantenha os cotovelos levemente flexionados e eleve os braços para os lados até aproximadamente a altura dos ombros. Evite usar balanço do tronco ou encolher os ombros e desça lentamente."
"C:\Users\bruno\Downloads\Exercicios renomeados\Elevação lateral na máquina","Elevação lateral na máquina","Elevação lateral na máquina","Elevação lateral na máquina.gif","elevacao_lateral_na_maquina.gif","elevacao_lateral_na_maquina.gif","Ombros","Máquina | Academia","Mantenha os cotovelos levemente flexionados e eleve os braços para os lados até aproximadamente a altura dos ombros. Evite usar balanço do tronco ou encolher os ombros e desça lentamente."
"C:\Users\bruno\Downloads\Exercicios renomeados\Elevação lateral na máquina - variação 2","Elevação lateral na máquina - variação 2","Máquina de elevação lateral","Máquina de elevação lateral.gif","elevacao_lateral_na_maquina_variacao_2.gif","elevacao_lateral_na_maquina_variacao_2.gif","Ombros","Máquina | Academia","Mantenha os cotovelos levemente flexionados e eleve os braços para os lados até aproximadamente a altura dos ombros. Evite usar balanço do tronco ou encolher os ombros e desça lentamente."
"C:\Users\bruno\Downloads\Exercicios renomeados\Elevação lateral na máquina articulada","Elevação lateral na máquina articulada","Alavanca de desenvolvimento de ombros - Variação 2","ombros-/Alavanca de desenvolvimento de ombros - Variação 2.gif","elevacao_lateral_na_maquina_articulada.gif","elevacao_lateral_na_maquina_articulada.gif","Ombros","Máquina | Academia","Sente-se e ajuste o banco para que os braços fiquem alinhados com os apoios da máquina. Mantendo o tronco firme, eleve os braços para os lados até aproximadamente a linha dos ombros. Desça devagar sem deixar o peso bater e repita sem encolher os ombros."
"C:\Users\bruno\Downloads\Exercicios renomeados\Elevação lateral traseira com halteres sentado","Elevação lateral traseira com halteres sentado","Elevação lateral traseira com halteres sentado","Elevação lateral traseira com halteres sentado.gif","elevacao_lateral_traseira_com_halteres_sentado.gif","elevacao_lateral_traseira_com_halteres_sentado.gif","Ombros","Halteres | Academia","Mantenha os cotovelos levemente flexionados e eleve os braços para os lados até aproximadamente a altura dos ombros. Evite usar balanço do tronco ou encolher os ombros e desça lentamente."
"C:\Users\bruno\Downloads\Exercicios renomeados\Elevação lateral unilateral curvado no cabo","Elevação lateral unilateral curvado no cabo","Um braço dobrado sobre o cabo elevação lateral","Um braço dobrado sobre o cabo elevação lateral.gif","elevacao_lateral_unilateral_curvado_no_cabo.gif","elevacao_lateral_unilateral_curvado_no_cabo.gif","Ombros","Polia/Cabo | Academia","Mantenha os cotovelos levemente flexionados e eleve os braços para os lados até aproximadamente a altura dos ombros. Evite usar balanço do tronco ou encolher os ombros e desça lentamente."
"C:\Users\bruno\Downloads\Exercicios renomeados\Elevação lateral unilateral deitado no banco inclinado","Elevação lateral unilateral deitado no banco inclinado","Inclinação lateral com halteres elevação lateral","ombros-/Inclinação lateral com halteres elevação lateral.gif","elevacao_lateral_unilateral_deitado_no_banco_inclinado.gif","elevacao_lateral_unilateral_deitado_no_banco_inclinado.gif","Ombros","Banco | Academia","Apoie o corpo no banco conforme mostrado e segure o halter com o braço de trabalho. Mantendo o cotovelo levemente flexionado, eleve o braço para o lado até a amplitude confortável. Desça de forma controlada sem girar o tronco."
"C:\Users\bruno\Downloads\Exercicios renomeados\Elevação lateral unilateral inclinada com halter","Elevação lateral unilateral inclinada com halter","Elevação lateral inclinado com haltere de braço único","ombros-/Elevação lateral inclinado com haltere de braço único.gif","elevacao_lateral_unilateral_inclinada_com_halter.gif","elevacao_lateral_unilateral_inclinada_com_halter.gif","Ombros","Halteres | Academia","Mantenha o tronco ereto e os halteres ao lado do corpo. Com os cotovelos levemente flexionados, eleve os braços lateralmente até aproximadamente a altura dos ombros. Desça lentamente e evite usar balanço do tronco."
"C:\Users\bruno\Downloads\Exercicios renomeados\Elevação lateral unilateral na polia","Elevação lateral unilateral na polia","Elevação frontal da placa de peso - Variação 3","ombros-/Elevação frontal da placa de peso - Variação 3.gif","elevacao_lateral_unilateral_na_polia.gif","elevacao_lateral_unilateral_na_polia.gif","Ombros","Polia/Cabo | Academia","Posicione-se ao lado da polia e segure o cabo com o braço de trabalho. Com o cotovelo levemente flexionado e o tronco estável, eleve o braço lateralmente até perto da altura do ombro. Retorne lentamente, evitando inclinar o corpo para gerar impulso."
"C:\Users\bruno\Downloads\Exercicios renomeados\Elevação no plano escapular com halteres","Elevação no plano escapular com halteres","Escapção com halteres","Escapção com halteres.gif","elevacao_no_plano_escapular_com_halteres.gif","elevacao_no_plano_escapular_com_halteres.gif","Ombros","Halteres | Academia","Com o tronco estável e os braços quase estendidos, eleve a carga à frente ou no plano indicado até aproximadamente a altura dos ombros. Evite impulso do quadril e retorne de forma controlada."
"C:\Users\bruno\Downloads\Exercicios renomeados\Elevação posterior apoiado no banco com halteres","Elevação posterior apoiado no banco com halteres","Curvado sobre o deltóide traseiro com halteres e a cabeça no banco","Curvado sobre o deltóide traseiro com halteres e a cabeça no banco.gif","elevacao_posterior_apoiado_no_banco_com_halteres.gif","elevacao_posterior_apoiado_no_banco_com_halteres.gif","Ombros","Halteres | Banco | Academia","Mantenha o tronco estável e os cotovelos levemente flexionados. Abra os braços para os lados ou para trás conforme a trajetória mostrada, contraindo a parte posterior dos ombros sem encolher o trapézio. Retorne lentamente."
"C:\Users\bruno\Downloads\Exercicios renomeados\Elevação posterior com barra","Elevação posterior com barra","Elevação para deltoide posterior com barra","Elevação para deltoide posterior com barra.gif","elevacao_posterior_com_barra.gif","elevacao_posterior_com_barra.gif","Ombros","Barra | Academia","Mantenha o tronco estável e os cotovelos levemente flexionados. Abra os braços para os lados ou para trás conforme a trajetória mostrada, contraindo a parte posterior dos ombros sem encolher o trapézio. Retorne lentamente."
"C:\Users\bruno\Downloads\Exercicios renomeados\Elevação posterior curvado com barra","Elevação posterior curvado com barra","Curvado sobre levantamento reverso com barra","Curvado sobre levantamento reverso com barra.gif","elevacao_posterior_curvado_com_barra.gif","elevacao_posterior_curvado_com_barra.gif","Ombros","Barra | Academia","Mantenha o tronco estável e os cotovelos levemente flexionados. Abra os braços para os lados ou para trás conforme a trajetória mostrada, contraindo a parte posterior dos ombros sem encolher o trapézio. Retorne lentamente."
"C:\Users\bruno\Downloads\Exercicios renomeados\Elevação posterior unilateral deitado com halter","Elevação posterior unilateral deitado com halter","Haltere deitado com um braço elevação lateral traseira","Haltere deitado com um braço elevação lateral traseira.gif","elevacao_posterior_unilateral_deitado_com_halter.gif","elevacao_posterior_unilateral_deitado_com_halter.gif","Ombros","Halteres | Academia","Mantenha o tronco estável e os cotovelos levemente flexionados. Abra os braços para os lados ou para trás conforme a trajetória mostrada, contraindo a parte posterior dos ombros sem encolher o trapézio. Retorne lentamente."
"C:\Users\bruno\Downloads\Exercicios renomeados\Elevação pélvica com barra","Elevação pélvica com barra","Elevação pélvica com barra","Elevação pélvica com barra.gif","elevacao_pelvica_com_barra.gif","elevacao_pelvica_com_barra.gif","Glúteos","Barra | Academia","Apoie os pés com firmeza e mantenha os joelhos alinhados. Contraia o abdômen e eleve o quadril apertando os glúteos até alinhar tronco e coxas. Evite hiperestender a lombar e desça o quadril lentamente."
"C:\Users\bruno\Downloads\Exercicios renomeados\Elevação pélvica com barra - variação 2","Elevação pélvica com barra - variação 2","015_elevacao_pelvica_com_barra","015_elevacao_pelvica_com_barra.gif","elevacao_pelvica_com_barra_variacao_2.gif","elevacao_pelvica_com_barra_variacao_2.gif","Glúteos","Barra | Academia","Apoie os pés com firmeza e mantenha os joelhos alinhados. Contraia o abdômen e eleve o quadril apertando os glúteos até alinhar tronco e coxas. Evite hiperestender a lombar e desça o quadril lentamente."
"C:\Users\bruno\Downloads\Exercicios renomeados\Elevação pélvica com peso corporal","Elevação pélvica com peso corporal","Elevação pélvica com peso corporal","Elevação pélvica com peso corporal.gif","elevacao_pelvica_com_peso_corporal.gif","elevacao_pelvica_com_peso_corporal.gif","Glúteos","Sem aparelhos | Casa","Apoie os pés com firmeza e mantenha os joelhos alinhados. Contraia o abdômen e eleve o quadril apertando os glúteos até alinhar tronco e coxas. Evite hiperestender a lombar e desça o quadril lentamente."
"C:\Users\bruno\Downloads\Exercicios renomeados\Elevação pélvica de perna única com barra","Elevação pélvica de perna única com barra","Elevação pélvica de perna única com barra","Elevação pélvica de perna única com barra.gif","elevacao_pelvica_de_perna_unica_com_barra.gif","elevacao_pelvica_de_perna_unica_com_barra.gif","Glúteos","Barra | Academia","Apoie os pés com firmeza e mantenha os joelhos alinhados. Contraia o abdômen e eleve o quadril apertando os glúteos até alinhar tronco e coxas. Evite hiperestender a lombar e desça o quadril lentamente."
"C:\Users\bruno\Downloads\Exercicios renomeados\Elevação pélvica na máquina","Elevação pélvica na máquina","Máquina de elevação pélvica","Máquina de elevação pélvica.gif","elevacao_pelvica_na_maquina.gif","elevacao_pelvica_na_maquina.gif","Glúteos","Máquina | Academia","Apoie os pés com firmeza e mantenha os joelhos alinhados. Contraia o abdômen e eleve o quadril apertando os glúteos até alinhar tronco e coxas. Evite hiperestender a lombar e desça o quadril lentamente."
"C:\Users\bruno\Downloads\Exercicios renomeados\Elevação pélvica na máquina extensora","Elevação pélvica na máquina extensora","Elevação pélvica na máquina de extensão de perna","Elevação pélvica na máquina de extensão de perna.gif","elevacao_pelvica_na_maquina_extensora.gif","elevacao_pelvica_na_maquina_extensora.gif","Glúteos","Máquina | Academia","Apoie os pés com firmeza e mantenha os joelhos alinhados. Contraia o abdômen e eleve o quadril apertando os glúteos até alinhar tronco e coxas. Evite hiperestender a lombar e desça o quadril lentamente."
"C:\Users\bruno\Downloads\Exercicios renomeados\Elevação T com halteres no banco inclinado","Elevação T com halteres no banco inclinado","Encolher de ombros inclinado com halteres - Variação 3","trapézio-/Encolher de ombros inclinado com halteres - Variação 3.gif","elevacao_t_com_halteres_no_banco_inclinado.gif","elevacao_t_com_halteres_no_banco_inclinado.gif","Ombros","Halteres | Banco | Costas","Mantenha o tronco apoiado ou inclinado conforme o GIF e comece com os braços à frente ou abaixo do corpo. Abra os braços para os lados até aproximadamente a linha dos ombros, aproximando as escápulas sem encolher excessivamente os ombros. Retorne lentamente à posição inicial mantendo os cotovelos levemente flexionados."
"C:\Users\bruno\Downloads\Exercicios renomeados\Elevação T inclinada com halteres","Elevação T inclinada com halteres","Inclinação do haltere t levantar","Inclinação do haltere t levantar.gif","elevacao_t_inclinada_com_halteres.gif","elevacao_t_inclinada_com_halteres.gif","Ombros","Halteres | Academia","Mantenha o tronco estável e os cotovelos levemente flexionados. Abra os braços para os lados ou para trás conforme a trajetória mostrada, contraindo a parte posterior dos ombros sem encolher o trapézio. Retorne lentamente."
"C:\Users\bruno\Downloads\Exercicios renomeados\Elevação unilateral de panturrilha com apoio","Elevação unilateral de panturrilha com apoio","Elevação de panturrilha com uma perna","Elevação de panturrilha com uma perna.gif","elevacao_unilateral_de_panturrilha_com_apoio.gif","elevacao_unilateral_de_panturrilha_com_apoio.gif","Panturrilhas","Sem aparelhos | Casa","Apoie a parte da frente dos pés com firmeza e mantenha os tornozelos alinhados. Eleve os calcanhares o máximo que conseguir sem perder o equilíbrio. Contraia a panturrilha no topo e desça lentamente até a posição inicial."
"C:\Users\bruno\Downloads\Exercicios renomeados\Elevação Y com halteres no banco inclinado","Elevação Y com halteres no banco inclinado","Encolher de ombros inclinado com halteres - Variação 2","trapézio-/Encolher de ombros inclinado com halteres - Variação 2.gif","elevacao_y_com_halteres_no_banco_inclinado.gif","elevacao_y_com_halteres_no_banco_inclinado.gif","Ombros","Halteres | Banco","Apoie o peito no banco inclinado e deixe os halteres pendentes. Eleve os braços para a frente e para fora formando um Y, mantendo os polegares orientados para cima e os ombros longe das orelhas. Desça devagar até a posição inicial sem usar impulso."
"C:\Users\bruno\Downloads\Exercicios renomeados\Elevação Y inclinada com halteres","Elevação Y inclinada com halteres","Inclinar haltere e levantar","Inclinar haltere e levantar.gif","elevacao_y_inclinada_com_halteres.gif","elevacao_y_inclinada_com_halteres.gif","Ombros","Halteres | Academia","Mantenha o tronco estável e os cotovelos levemente flexionados. Abra os braços para os lados ou para trás conforme a trajetória mostrada, contraindo a parte posterior dos ombros sem encolher o trapézio. Retorne lentamente."
"C:\Users\bruno\Downloads\Exercicios renomeados\Elevação Y na polia","Elevação Y na polia","Flexão de braços to renegade remada","peitoral/Flexão de braços to renegade remada.gif","elevacao_y_na_polia.gif","elevacao_y_na_polia.gif","Ombros","Peito | Polia/Cabo","Fique em pé entre as polias baixas e segure uma alça em cada mão. Com os braços quase estendidos, eleve-os em diagonal para cima formando um “Y”, sem encolher excessivamente os ombros. Desça lentamente até a posição inicial e mantenha o tronco estável durante todo o movimento."
"C:\Users\bruno\Downloads\Exercicios renomeados\Elevações alternadas das pernas","Elevações alternadas das pernas","Elevações alternadas das pernas","Elevações alternadas das pernas.gif","elevacoes_alternadas_das_pernas.gif","elevacoes_alternadas_das_pernas.gif","Abdômen/Core","Sem aparelhos | Casa","Deite-se ou apoie-se conforme o GIF e mantenha a lombar controlada. Eleve ou alterne as pernas sem perder a estabilidade da pelve. Desça de maneira lenta, interrompendo a amplitude antes de a lombar arquear."
"C:\Users\bruno\Downloads\Exercicios renomeados\Elevações laterais apoiadas no peito com halteres","Elevações laterais apoiadas no peito com halteres","Elevações laterais apoiadas no peito com halteres","Elevações laterais apoiadas no peito com halteres.gif","elevacoes_laterais_apoiadas_no_peito_com_halteres.gif","elevacoes_laterais_apoiadas_no_peito_com_halteres.gif","Corpo inteiro","Halteres | Academia","Assuma a posição inicial de Elevações laterais apoiadas no peito com halteres, estabilize o tronco e execute o movimento mostrado de forma coordenada. Use uma amplitude que consiga controlar, evite impulso desnecessário e retorne à posição inicial antes da repetição seguinte."
"C:\Users\bruno\Downloads\Exercicios renomeados\Elíptico","Elíptico","Máquina elíptica","Máquina elíptica.gif","eliptico.gif","eliptico.gif","Cardio","Máquina | Academia | Corpo inteiro","Apoie os pés nas plataformas e segure as alças. Empurre e puxe alternadamente braços e pernas em movimento contínuo, mantendo o tronco ereto. Use uma cadência estável e ajuste a resistência sem perder a coordenação."
"C:\Users\bruno\Downloads\Exercicios renomeados\Elíptico com braços","Elíptico com braços","Elíptico com braços","cardio/Elíptico com braços.gif","eliptico_com_bracos.gif","eliptico_com_bracos.gif","Cardio","Máquina | Academia | Corpo inteiro","Apoie os pés nas plataformas e segure as alças. Empurre e puxe alternadamente braços e pernas em movimento contínuo, mantendo o tronco ereto. Use uma cadência estável e ajuste a resistência sem perder a coordenação."
"C:\Users\bruno\Downloads\Exercicios renomeados\Em pé, alongamento do peito com um braço","Em pé, alongamento do peito com um braço","Em pé, alongamento do peito com um braço","Em pé, alongamento do peito com um braço.gif","em_pe_alongamento_do_peito_com_um_braco.gif","em_pe_alongamento_do_peito_com_um_braco.gif","Alongamento","Peito | Sem aparelhos | Casa","Apoie o braço conforme mostrado e abra o peito girando ou avançando o tronco de maneira suave. Mantenha o ombro relaxado e pare ao sentir alongamento confortável no peitoral e na frente do ombro. Retorne lentamente."
"C:\Users\bruno\Downloads\Exercicios renomeados\Encolhimento com barra acima da cabeça","Encolhimento com barra acima da cabeça","Encolhimento de ombros - Variação 2","Encolhimento de ombros - Variação 2.gif","encolhimento_com_barra_acima_da_cabeca.gif","encolhimento_com_barra_acima_da_cabeca.gif","Ombros","Barra | Academia","Mantenha os braços na posição indicada e eleve os ombros em direção às orelhas sem fazer rotação. Contraia no topo por um instante e desça lentamente, sem flexionar os cotovelos para ajudar."
"C:\Users\bruno\Downloads\Exercicios renomeados\Encolhimento de ombros com barra","Encolhimento de ombros com barra","Encolhimento de ombros com barra","Encolhimento de ombros com barra.gif","encolhimento_de_ombros_com_barra.gif","encolhimento_de_ombros_com_barra.gif","Ombros","Barra | Academia","Mantenha os braços na posição indicada e eleve os ombros em direção às orelhas sem fazer rotação. Contraia no topo por um instante e desça lentamente, sem flexionar os cotovelos para ajudar."
"C:\Users\bruno\Downloads\Exercicios renomeados\Encolhimento de ombros com halteres","Encolhimento de ombros com halteres","Encolhimento de ombros com halteres","Encolhimento de ombros com halteres.gif","encolhimento_de_ombros_com_halteres.gif","encolhimento_de_ombros_com_halteres.gif","Ombros","Halteres | Academia","Mantenha os braços na posição indicada e eleve os ombros em direção às orelhas sem fazer rotação. Contraia no topo por um instante e desça lentamente, sem flexionar os cotovelos para ajudar."
"C:\Users\bruno\Downloads\Exercicios renomeados\Encolhimento de ombros inclinado","Encolhimento de ombros inclinado","Encolhimento de ombros inclinado","Encolhimento de ombros inclinado.gif","encolhimento_de_ombros_inclinado.gif","encolhimento_de_ombros_inclinado.gif","Ombros","Banco | Academia","Mantenha os braços na posição indicada e eleve os ombros em direção às orelhas sem fazer rotação. Contraia no topo por um instante e desça lentamente, sem flexionar os cotovelos para ajudar."
"C:\Users\bruno\Downloads\Exercicios renomeados\Encolhimento de ombros inclinado com halteres","Encolhimento de ombros inclinado com halteres","Encolhimento de ombros inclinado com halteres","Encolhimento de ombros inclinado com halteres.gif","encolhimento_de_ombros_inclinado_com_halteres.gif","encolhimento_de_ombros_inclinado_com_halteres.gif","Ombros","Halteres | Banco | Academia","Mantenha os braços na posição indicada e eleve os ombros em direção às orelhas sem fazer rotação. Contraia no topo por um instante e desça lentamente, sem flexionar os cotovelos para ajudar."
"C:\Users\bruno\Downloads\Exercicios renomeados\Encolhimento de ombros na máquina Smith","Encolhimento de ombros na máquina Smith","Remada alta da barra ez - Variação 3","trapézio-/Remada alta da barra ez - Variação 3.gif","encolhimento_de_ombros_na_maquina_smith.gif","encolhimento_de_ombros_na_maquina_smith.gif","Costas","Barra | Ombros","Segure a carga com os braços estendidos ao lado do corpo. Eleve os ombros verticalmente em direção às orelhas, faça uma breve contração no alto e abaixe lentamente. Evite girar os ombros em círculos ou usar impulso com as pernas."
"C:\Users\bruno\Downloads\Exercicios renomeados\Encolhimento de ombros na polia baixa","Encolhimento de ombros na polia baixa","Encolher de ombros","trapézio-/Encolher de ombros.gif","encolhimento_de_ombros_na_polia_baixa.gif","encolhimento_de_ombros_na_polia_baixa.gif","Costas","Polia/Cabo | Ombros","Segure a carga com os braços estendidos ao lado do corpo. Eleve os ombros verticalmente em direção às orelhas, faça uma breve contração no alto e abaixe lentamente. Evite girar os ombros em círculos ou usar impulso com as pernas."
"C:\Users\bruno\Downloads\Exercicios renomeados\Encolhimento escapular nas paralelas","Encolhimento escapular nas paralelas","Dip shrugs serratus shrugs","trapézio-/Dip shrugs serratus shrugs.gif","encolhimento_escapular_nas_paralelas.gif","encolhimento_escapular_nas_paralelas.gif","Costas","Sem aparelhos | Ombros","Sustente o corpo nas barras paralelas com os cotovelos estendidos. Sem dobrar os braços, deixe os ombros subirem levemente e depois empurre as barras para baixo, afastando os ombros das orelhas e elevando o tronco. Repita apenas com o movimento das escápulas, mantendo o corpo estável."
"C:\Users\bruno\Downloads\Exercicios renomeados\Encolhimento Gittleson","Encolhimento Gittleson","Gittleson dá de ombros","Gittleson dá de ombros.gif","encolhimento_gittleson.gif","encolhimento_gittleson.gif","Ombros","Sem aparelhos | Casa","Mantenha os braços na posição indicada e eleve os ombros em direção às orelhas sem fazer rotação. Contraia no topo por um instante e desça lentamente, sem flexionar os cotovelos para ajudar."
"C:\Users\bruno\Downloads\Exercicios renomeados\Encolhimento na máquina","Encolhimento na máquina","Encolhimento de ombros - Variação 3","Encolhimento de ombros - Variação 3.gif","encolhimento_na_maquina.gif","encolhimento_na_maquina.gif","Ombros","Máquina | Academia","Mantenha os braços na posição indicada e eleve os ombros em direção às orelhas sem fazer rotação. Contraia no topo por um instante e desça lentamente, sem flexionar os cotovelos para ajudar."
"C:\Users\bruno\Downloads\Exercicios renomeados\Encolhimento na máquina sem pegada","Encolhimento na máquina sem pegada","Encolhimento de ombros sem aperto na máquina","Encolhimento de ombros sem aperto na máquina.gif","encolhimento_na_maquina_sem_pegada.gif","encolhimento_na_maquina_sem_pegada.gif","Antebraços","Máquina | Academia","Apoie ou estabilize o antebraço e mova principalmente o punho ou a pegada conforme a variação. Faça a contração sem usar impulso do braço e retorne devagar para trabalhar toda a amplitude."
"C:\Users\bruno\Downloads\Exercicios renomeados\Encolhimento no cabo","Encolhimento no cabo","Encolhimento de ombros","Encolhimento de ombros.gif","encolhimento_no_cabo.gif","encolhimento_no_cabo.gif","Ombros","Polia/Cabo | Academia","Mantenha os braços na posição indicada e eleve os ombros em direção às orelhas sem fazer rotação. Contraia no topo por um instante e desça lentamente, sem flexionar os cotovelos para ajudar."
"C:\Users\bruno\Downloads\Exercicios renomeados\Ergômetro de braços","Ergômetro de braços","Ergômetro de braços - Bicicleta de braços","cardio/Ergômetro de braços - Bicicleta de braços.gif","ergometro_de_bracos.gif","ergometro_de_bracos.gif","Corpo inteiro","Sem aparelhos | Casa","Assuma a posição inicial de Ergômetro de braços, estabilize o tronco e execute o movimento mostrado de forma coordenada. Use uma amplitude que consiga controlar, evite impulso desnecessário e retorne à posição inicial antes da repetição seguinte."
"C:\Users\bruno\Downloads\Exercicios renomeados\Escada de agilidade frontal","Escada de agilidade frontal","009_escada_de_agilidade_frontal","009_escada_de_agilidade_frontal.gif","escada_de_agilidade_frontal.gif","escada_de_agilidade_frontal.gif","Cardio","Sem aparelhos | Casa | Corpo inteiro","Mantenha o tronco ereto, olhar à frente e braços coordenados com as pernas. Execute as passadas ou deslocamentos no padrão mostrado, apoiando os pés com controle e mantendo um ritmo que permita conservar a técnica."
"C:\Users\bruno\Downloads\Exercicios renomeados\Escada de agilidade lateral","Escada de agilidade lateral","007_escada_de_agilidade_lateral","007_escada_de_agilidade_lateral.gif","escada_de_agilidade_lateral.gif","escada_de_agilidade_lateral.gif","Cardio","Sem aparelhos | Casa | Corpo inteiro","Mantenha o tronco ereto, olhar à frente e braços coordenados com as pernas. Execute as passadas ou deslocamentos no padrão mostrado, apoiando os pés com controle e mantendo um ritmo que permita conservar a técnica."
"C:\Users\bruno\Downloads\Exercicios renomeados\Escada ergométrica","Escada ergométrica","Máquina para escalar escadas","Máquina para escalar escadas.gif","escada_ergometrica.gif","escada_ergometrica.gif","Cardio","Máquina | Academia | Corpo inteiro","Suba os degraus mantendo o tronco ereto e os pés bem apoiados. Use o corrimão apenas para equilíbrio, sem descarregar o peso dos braços. Mantenha um ritmo constante e controle a passada."
"C:\Users\bruno\Downloads\Exercicios renomeados\Escalada de corda","Escalada de corda","Escalada de corda","Escalada de corda.gif","escalada_de_corda.gif","escalada_de_corda.gif","Costas","Corda | Academia","Segure a corda com as duas mãos e mantenha o corpo próximo a ela. Puxe alternando as mãos e, quando a técnica usar as pernas, prenda a corda com os pés para auxiliar a subida. Suba de forma coordenada e desça sempre sob controle."
"C:\Users\bruno\Downloads\Exercicios renomeados\Esteira","Esteira","Esteira","Esteira.gif","esteira.gif","esteira.gif","Corpo inteiro","Esteira | Academia","Assuma a posição inicial de Esteira, estabilize o tronco e execute o movimento mostrado de forma coordenada. Use uma amplitude que consiga controlar, evite impulso desnecessário e retorne à posição inicial antes da repetição seguinte."
"C:\Users\bruno\Downloads\Exercicios renomeados\Esteira - Variação 2","Esteira - Variação 2","Esteira - Variação 2","Esteira - Variação 2.gif","esteira_variacao_2.gif","esteira_variacao_2.gif","Corpo inteiro","Esteira | Academia","Assuma a posição inicial de Esteira - Variação 2, estabilize o tronco e execute o movimento mostrado de forma coordenada. Use uma amplitude que consiga controlar, evite impulso desnecessário e retorne à posição inicial antes da repetição seguinte."
"C:\Users\bruno\Downloads\Exercicios renomeados\Esteira inclinada","Esteira inclinada","Esteira inclinada","Esteira inclinada.gif","esteira_inclinada.gif","esteira_inclinada.gif","Corpo inteiro","Esteira | Academia","Assuma a posição inicial de Esteira inclinada, estabilize o tronco e execute o movimento mostrado de forma coordenada. Use uma amplitude que consiga controlar, evite impulso desnecessário e retorne à posição inicial antes da repetição seguinte."
"C:\Users\bruno\Downloads\Exercicios renomeados\Extensão cervical com arnês","Extensão cervical com arnês","Extensão de arnês de pescoço com peso","Extensão de arnês de pescoço com peso.gif","extensao_cervical_com_arnes.gif","extensao_cervical_com_arnes.gif","Pescoço","Sem aparelhos | Casa","Mantenha o tronco imóvel e mova a cabeça lentamente na direção indicada. Quando houver resistência, use carga leve e mantenha uma amplitude controlada. Retorne sem movimentos bruscos e evite compensar elevando os ombros."
"C:\Users\bruno\Downloads\Exercicios renomeados\Extensão cervical com peso deitado","Extensão cervical com peso deitado","Extensão com peso do pescoço deitado","Extensão com peso do pescoço deitado.gif","extensao_cervical_com_peso_deitado.gif","extensao_cervical_com_peso_deitado.gif","Pescoço","Sem aparelhos | Casa","Mantenha o tronco imóvel e mova a cabeça lentamente na direção indicada. Quando houver resistência, use carga leve e mantenha uma amplitude controlada. Retorne sem movimentos bruscos e evite compensar elevando os ombros."
"C:\Users\bruno\Downloads\Exercicios renomeados\Extensão cervical com peso deitado - variação 2","Extensão cervical com peso deitado - variação 2","Extensão de pescoço com peso deitada","Extensão de pescoço com peso deitada.gif","extensao_cervical_com_peso_deitado_variacao_2.gif","extensao_cervical_com_peso_deitado_variacao_2.gif","Pescoço","Sem aparelhos | Casa","Mantenha o tronco imóvel e mova a cabeça lentamente na direção indicada. Quando houver resistência, use carga leve e mantenha uma amplitude controlada. Retorne sem movimentos bruscos e evite compensar elevando os ombros."
"C:\Users\bruno\Downloads\Exercicios renomeados\Extensão cervical deitado de bruços","Extensão cervical deitado de bruços","Extensão cervical propensa","Extensão cervical propensa.gif","extensao_cervical_deitado_de_brucos.gif","extensao_cervical_deitado_de_brucos.gif","Pescoço","Sem aparelhos | Casa","Mantenha o tronco imóvel e mova a cabeça lentamente na direção indicada. Quando houver resistência, use carga leve e mantenha uma amplitude controlada. Retorne sem movimentos bruscos e evite compensar elevando os ombros."
"C:\Users\bruno\Downloads\Exercicios renomeados\Extensão cervical sentado no cabo com arnês","Extensão cervical sentado no cabo com arnês","Extensão de pescoço assentada por cabo com arnês de cabeça","Extensão de pescoço assentada por cabo com arnês de cabeça.gif","extensao_cervical_sentado_no_cabo_com_arnes.gif","extensao_cervical_sentado_no_cabo_com_arnes.gif","Pescoço","Polia/Cabo | Academia","Mantenha o tronco imóvel e mova a cabeça lentamente na direção indicada. Quando houver resistência, use carga leve e mantenha uma amplitude controlada. Retorne sem movimentos bruscos e evite compensar elevando os ombros."
"C:\Users\bruno\Downloads\Exercicios renomeados\Extensão da coluna em pé (Yoga)","Extensão da coluna em pé (Yoga)","Anuvittasana postura de backbend em pé","Anuvittasana postura de backbend em pé.gif","extensao_da_coluna_em_pe_yoga.gif","extensao_da_coluna_em_pe_yoga.gif","Alongamento","Costas | Sem aparelhos | Casa","Entre na posição de Extensão da coluna em pé (Yoga) de forma controlada. Ajuste o corpo até sentir um alongamento confortável na região trabalhada, mantenha a respiração normal e evite rebotes. Retorne lentamente e repita do outro lado quando necessário."
"C:\Users\bruno\Downloads\Exercicios renomeados\Extensão de ombro no cabo","Extensão de ombro no cabo","Acionamento traseiro por cabo","Acionamento traseiro por cabo.gif","extensao_de_ombro_no_cabo.gif","extensao_de_ombro_no_cabo.gif","Corpo inteiro","Polia/Cabo | Academia","Assuma a posição inicial de Extensão de ombro no cabo, estabilize o tronco e execute o movimento mostrado de forma coordenada. Use uma amplitude que consiga controlar, evite impulso desnecessário e retorne à posição inicial antes da repetição seguinte."
"C:\Users\bruno\Downloads\Exercicios renomeados\Extensão de pernas na máquina","Extensão de pernas na máquina","Extensão de perna","Extensão de perna.gif","extensao_de_pernas_na_maquina.gif","extensao_de_pernas_na_maquina.gif","Quadríceps","Máquina | Academia","Ajuste o equipamento para que o joelho fique alinhado ao eixo da máquina e o apoio sobre a parte inferior da perna. Estenda o joelho de forma controlada e retorne devagar sem deixar a carga despencar."
"C:\Users\bruno\Downloads\Exercicios renomeados\Extensão de pescoço na máquina com anilhas","Extensão de pescoço na máquina com anilhas","Placa de extensão do pescoço na máquina carregada","Placa de extensão do pescoço na máquina carregada.gif","extensao_de_pescoco_na_maquina_com_anilhas.gif","extensao_de_pescoco_na_maquina_com_anilhas.gif","Pescoço","Anilhas | Máquina | Academia","Mantenha o tronco imóvel e mova a cabeça lentamente na direção indicada. Quando houver resistência, use carga leve e mantenha uma amplitude controlada. Retorne sem movimentos bruscos e evite compensar elevando os ombros."
"C:\Users\bruno\Downloads\Exercicios renomeados\Extensão de quadril ajoelhado na polia","Extensão de quadril ajoelhado na polia","Resistance band hip thrusts on knees","glúteos-/Resistance band hip thrusts on knees.gif","extensao_de_quadril_ajoelhado_na_polia.gif","extensao_de_quadril_ajoelhado_na_polia.gif","Glúteos","Polia/Cabo | Academia","Ajoelhe-se de frente para a polia e mantenha o cabo posicionado para oferecer resistência ao quadril. Leve o quadril para trás e depois estenda-o até ficar ereto sobre os joelhos, contraindo os glúteos. Retorne lentamente mantendo a coluna neutra."
"C:\Users\bruno\Downloads\Exercicios renomeados\Extensão de quadril em pé","Extensão de quadril em pé","Extensão de quadril em pé","Extensão de quadril em pé.gif","extensao_de_quadril_em_pe.gif","extensao_de_quadril_em_pe.gif","Glúteos","Sem aparelhos | Casa","Estabilize o tronco e a pelve antes de mover a perna. Execute a extensão ou abertura do quadril mostrada sem girar o corpo para ganhar amplitude. Contraia o glúteo no final e retorne lentamente."
"C:\Users\bruno\Downloads\Exercicios renomeados\Extensão de quadril em pé com elástico","Extensão de quadril em pé com elástico","Extensão de quadril por cabo","glúteos-/Extensão de quadril por cabo.gif","extensao_de_quadril_em_pe_com_elastico.gif","extensao_de_quadril_em_pe_com_elastico.gif","Glúteos","Elástico | Casa","Mantenha o tronco estável e leve a perna para trás contra a resistência, estendendo o quadril até contrair o glúteo. Retorne lentamente sem arquear a lombar ou girar a pelve."
"C:\Users\bruno\Downloads\Exercicios renomeados\Extensão de quadril na máquina","Extensão de quadril na máquina","Máquina de impulso de quadril","glúteos-/Máquina de impulso de quadril.gif","extensao_de_quadril_na_maquina.gif","extensao_de_quadril_na_maquina.gif","Glúteos","Máquina | Academia","Ajuste a máquina e posicione o pé ou a perna no apoio. Empurre para trás estendendo o quadril até contrair o glúteo, mantendo a pelve voltada para a frente. Retorne devagar sem deixar a carga voltar de forma brusca."
"C:\Users\bruno\Downloads\Exercicios renomeados\Extensão de quadril no banco","Extensão de quadril no banco","Extensão de quadril no banco","Extensão de quadril no banco.gif","extensao_de_quadril_no_banco.gif","extensao_de_quadril_no_banco.gif","Glúteos","Banco | Academia","Estabilize o tronco e a pelve antes de mover a perna. Execute a extensão ou abertura do quadril mostrada sem girar o corpo para ganhar amplitude. Contraia o glúteo no final e retorne lentamente."
"C:\Users\bruno\Downloads\Exercicios renomeados\Extensão de quadril no banco romano","Extensão de quadril no banco romano","Anjaneyasana pose de avanço baixa","perna/Anjaneyasana pose de avanço baixa.gif","extensao_de_quadril_no_banco_romano.gif","extensao_de_quadril_no_banco_romano.gif","Glúteos","Posterior de coxa | Banco | Academia","Ajuste o banco para apoiar o quadril e prenda os pés com firmeza. Incline o tronco à frente mantendo a coluna neutra e depois estenda o quadril até alinhar o corpo. Contraia glúteos e posteriores no topo sem jogar a lombar para trás."
"C:\Users\bruno\Downloads\Exercicios renomeados\Extensão de quadril no cabo","Extensão de quadril no cabo","Extensão de quadril por cabo","Extensão de quadril por cabo.gif","extensao_de_quadril_no_cabo.gif","extensao_de_quadril_no_cabo.gif","Glúteos","Polia/Cabo | Academia","Estabilize o tronco e a pelve antes de mover a perna. Execute a extensão ou abertura do quadril mostrada sem girar o corpo para ganhar amplitude. Contraia o glúteo no final e retorne lentamente."
"C:\Users\bruno\Downloads\Exercicios renomeados\Extensão de tronco na máquina","Extensão de tronco na máquina","Extensão de encosto sentado","Extensão de encosto sentado.gif","extensao_de_tronco_na_maquina.gif","extensao_de_tronco_na_maquina.gif","Costas","Máquina | Academia","Mantenha o abdômen firme e eleve o tronco ou os membros conforme a variação, estendendo a coluna e o quadril sem usar impulso. Pare ao alinhar o corpo e retorne lentamente, evitando hiperextensão exagerada da lombar."
"C:\Users\bruno\Downloads\Exercicios renomeados\Extensão de tríceps acima da cabeça ajoelhado na polia","Extensão de tríceps acima da cabeça ajoelhado na polia","Extensão de tríceps com halteres de um braço sentado","tríceps/Extensão de tríceps com halteres de um braço sentado.gif","extensao_de_triceps_acima_da_cabeca_ajoelhado_na_polia.gif","extensao_de_triceps_acima_da_cabeca_ajoelhado_na_polia.gif","Tríceps","Polia/Cabo | Academia","Mantenha os ombros estáveis e controle a posição dos cotovelos. Estenda os cotovelos até contrair o tríceps e depois flexione-os lentamente para voltar. Evite usar o tronco ou os ombros para impulsionar a carga."
"C:\Users\bruno\Downloads\Exercicios renomeados\Extensão de tríceps acima da cabeça ajoelhado na polia - Variação 2","Extensão de tríceps acima da cabeça ajoelhado na polia - Variação 2","Kneeling na polia extensão de tríceps 2","tríceps/Kneeling na polia extensão de tríceps 2.gif","extensao_de_triceps_acima_da_cabeca_ajoelhado_na_polia_variacao_2.gif","extensao_de_triceps_acima_da_cabeca_ajoelhado_na_polia_variacao_2.gif","Tríceps","Polia/Cabo | Academia","Mantenha os ombros estáveis e controle a posição dos cotovelos. Estenda os cotovelos até contrair o tríceps e depois flexione-os lentamente para voltar. Evite usar o tronco ou os ombros para impulsionar a carga."
"C:\Users\bruno\Downloads\Exercicios renomeados\Extensão de tríceps acima da cabeça com barra em pé","Extensão de tríceps acima da cabeça com barra em pé","Sentado ez bar overhead extensão de tríceps","tríceps/Sentado ez bar overhead extensão de tríceps.gif","extensao_de_triceps_acima_da_cabeca_com_barra_em_pe.gif","extensao_de_triceps_acima_da_cabeca_com_barra_em_pe.gif","Tríceps","Barra | Academia","Mantenha os ombros estáveis e controle a posição dos cotovelos. Estenda os cotovelos até contrair o tríceps e depois flexione-os lentamente para voltar. Evite usar o tronco ou os ombros para impulsionar a carga."
"C:\Users\bruno\Downloads\Exercicios renomeados\Extensão de tríceps acima da cabeça com barra EZ no banco inclinado","Extensão de tríceps acima da cabeça com barra EZ no banco inclinado","Inclinado ez bar extensão de tríceps","tríceps/Inclinado ez bar extensão de tríceps.gif","extensao_de_triceps_acima_da_cabeca_com_barra_ez_no_banco_inclinado.gif","extensao_de_triceps_acima_da_cabeca_com_barra_ez_no_banco_inclinado.gif","Tríceps","Barra | Banco | Academia","Apoie as mãos no banco, cadeira ou barras conforme a variação e mantenha os ombros estáveis. Flexione os cotovelos para descer o corpo em amplitude confortável. Estenda os cotovelos para retornar, evitando balanço."
"C:\Users\bruno\Downloads\Exercicios renomeados\Extensão de tríceps acima da cabeça com halter em pé","Extensão de tríceps acima da cabeça com halter em pé","Bench dips on floor - Variação 4","tríceps/Bench dips on floor - Variação 4.gif","extensao_de_triceps_acima_da_cabeca_com_halter_em_pe.gif","extensao_de_triceps_acima_da_cabeca_com_halter_em_pe.gif","Tríceps","Halteres | Academia","Mantenha os ombros estáveis e controle a posição dos cotovelos. Estenda os cotovelos até contrair o tríceps e depois flexione-os lentamente para voltar. Evite usar o tronco ou os ombros para impulsionar a carga."
"C:\Users\bruno\Downloads\Exercicios renomeados\Extensão de tríceps acima da cabeça na polia","Extensão de tríceps acima da cabeça na polia","Extensão de tríceps acima da polia alta","Extensão de tríceps acima da polia alta.gif","extensao_de_triceps_acima_da_cabeca_na_polia.gif","extensao_de_triceps_acima_da_cabeca_na_polia.gif","Tríceps","Polia/Cabo | Academia","Mantenha os ombros estáveis e controle a posição dos cotovelos. Estenda os cotovelos até contrair o tríceps e depois flexione-os lentamente para voltar. Evite usar o tronco ou os ombros para impulsionar a carga."
"C:\Users\bruno\Downloads\Exercicios renomeados\Extensão de tríceps acima da cabeça sentado com halter","Extensão de tríceps acima da cabeça sentado com halter","Unilateral single leg bench dips","tríceps/Unilateral single leg bench dips.gif","extensao_de_triceps_acima_da_cabeca_sentado_com_halter.gif","extensao_de_triceps_acima_da_cabeca_sentado_com_halter.gif","Tríceps","Halteres | Academia","Mantenha os ombros estáveis e controle a posição dos cotovelos. Estenda os cotovelos até contrair o tríceps e depois flexione-os lentamente para voltar. Evite usar o tronco ou os ombros para impulsionar a carga."
"C:\Users\bruno\Downloads\Exercicios renomeados\Extensão de tríceps na máquina","Extensão de tríceps na máquina","Extensão de tríceps na máquina - Variação 2","tríceps/Extensão de tríceps na máquina - Variação 2.gif","extensao_de_triceps_na_maquina.gif","extensao_de_triceps_na_maquina.gif","Tríceps","Máquina | Academia","Mantenha os ombros estáveis e controle a posição dos cotovelos. Estenda os cotovelos até contrair o tríceps e depois flexione-os lentamente para voltar. Evite usar o tronco ou os ombros para impulsionar a carga."
"C:\Users\bruno\Downloads\Exercicios renomeados\Extensão de tríceps na máquina sentado","Extensão de tríceps na máquina sentado","Lever extensão de tríceps","tríceps/Lever extensão de tríceps.gif","extensao_de_triceps_na_maquina_sentado.gif","extensao_de_triceps_na_maquina_sentado.gif","Tríceps","Máquina | Academia","Mantenha os ombros estáveis e controle a posição dos cotovelos. Estenda os cotovelos até contrair o tríceps e depois flexione-os lentamente para voltar. Evite usar o tronco ou os ombros para impulsionar a carga."
"C:\Users\bruno\Downloads\Exercicios renomeados\Extensão de tríceps na polia sentado inclinado","Extensão de tríceps na polia sentado inclinado","Na polia inclinado extensão de tríceps","tríceps/Na polia inclinado extensão de tríceps.gif","extensao_de_triceps_na_polia_sentado_inclinado.gif","extensao_de_triceps_na_polia_sentado_inclinado.gif","Tríceps","Polia/Cabo | Banco | Academia","Mantenha os ombros estáveis e controle a posição dos cotovelos. Estenda os cotovelos até contrair o tríceps e depois flexione-os lentamente para voltar. Evite usar o tronco ou os ombros para impulsionar a carga."
"C:\Users\bruno\Downloads\Exercicios renomeados\Extensão de tríceps unilateral com halter sentado","Extensão de tríceps unilateral com halter sentado","Extensão de tríceps com halteres de um braço sentado","Extensão de tríceps com halteres de um braço sentado.gif","extensao_de_triceps_unilateral_com_halter_sentado.gif","extensao_de_triceps_unilateral_com_halter_sentado.gif","Tríceps","Halteres | Academia","Mantenha os ombros estáveis e controle a posição dos cotovelos. Estenda os cotovelos até contrair o tríceps e depois flexione-os lentamente para voltar. Evite usar o tronco ou os ombros para impulsionar a carga."
"C:\Users\bruno\Downloads\Exercicios renomeados\Extensão e recolhimento de pernas deitado","Extensão e recolhimento de pernas deitado","Abdominal - Variação 4","abdominais/Abdominal - Variação 4.gif","extensao_e_recolhimento_de_pernas_deitado.gif","extensao_e_recolhimento_de_pernas_deitado.gif","Corpo inteiro","Sem aparelhos | Casa","Assuma a posição inicial de Extensão e recolhimento de pernas deitado, estabilize o tronco e execute o movimento mostrado de forma coordenada. Use uma amplitude que consiga controlar, evite impulso desnecessário e retorne à posição inicial antes da repetição seguinte."
"C:\Users\bruno\Downloads\Exercicios renomeados\Extensão unilateral de perna","Extensão unilateral de perna","Extensão de perna única","Extensão de perna única.gif","extensao_unilateral_de_perna.gif","extensao_unilateral_de_perna.gif","Quadríceps","Sem aparelhos | Casa","Ajuste o equipamento para que o joelho fique alinhado ao eixo da máquina e o apoio sobre a parte inferior da perna. Estenda o joelho de forma controlada e retorne devagar sem deixar a carga despencar."
"C:\Users\bruno\Downloads\Exercicios renomeados\Extensão unilateral de tríceps acima da cabeça sentado com halter","Extensão unilateral de tríceps acima da cabeça sentado com halter","Unilateral single leg bench dips - Variação 3","tríceps/Unilateral single leg bench dips - Variação 3.gif","extensao_unilateral_de_triceps_acima_da_cabeca_sentado_com_halter.gif","extensao_unilateral_de_triceps_acima_da_cabeca_sentado_com_halter.gif","Tríceps","Halteres | Academia","Mantenha os ombros estáveis e controle a posição dos cotovelos. Estenda os cotovelos até contrair o tríceps e depois flexione-os lentamente para voltar. Evite usar o tronco ou os ombros para impulsionar a carga."
"C:\Users\bruno\Downloads\Exercicios renomeados\Extensão unilateral de tríceps na polia","Extensão unilateral de tríceps na polia","Com halteres tate press","tríceps/Com halteres tate press.gif","extensao_unilateral_de_triceps_na_polia.gif","extensao_unilateral_de_triceps_na_polia.gif","Tríceps","Polia/Cabo | Academia","Mantenha os ombros estáveis e controle a posição dos cotovelos. Estenda os cotovelos até contrair o tríceps e depois flexione-os lentamente para voltar. Evite usar o tronco ou os ombros para impulsionar a carga."
"C:\Users\bruno\Downloads\Exercicios renomeados\Extensão unilateral de tríceps na polia com braço elevado","Extensão unilateral de tríceps na polia com braço elevado","Bent over triceps kick back - Variação 3","tríceps/Bent over triceps kick back - Variação 3.gif","extensao_unilateral_de_triceps_na_polia_com_braco_elevado.gif","extensao_unilateral_de_triceps_na_polia_com_braco_elevado.gif","Tríceps","Polia/Cabo | Academia","Mantenha os ombros estáveis e controle a posição dos cotovelos. Estenda os cotovelos até contrair o tríceps e depois flexione-os lentamente para voltar. Evite usar o tronco ou os ombros para impulsionar a carga."
"C:\Users\bruno\Downloads\Exercicios renomeados\Face pull","Face pull","Puxar o rosto","Puxar o rosto.gif","face_pull.gif","face_pull.gif","Costas","Polia/Cabo | Academia","Mantenha o tronco firme e inicie puxando os cotovelos para trás. Traga a carga ou o pegador em direção ao tronco sem elevar os ombros, aproximando as escápulas no final. Retorne lentamente até os braços se estenderem."
"C:\Users\bruno\Downloads\Exercicios renomeados\Face pull na polia","Face pull na polia","Puxar o rosto","trapézio-/Puxar o rosto.gif","face_pull_na_polia.gif","face_pull_na_polia.gif","Ombros","Polia/Cabo | Costas","Ajuste a polia na altura do rosto e segure o pegador. Puxe em direção ao rosto levando os cotovelos para fora e para trás, terminando com as mãos próximas às laterais da cabeça. Retorne devagar até estender os braços, mantendo o tronco firme e evitando elevar os ombros."
"C:\Users\bruno\Downloads\Exercicios renomeados\Face pull na polia com corda","Face pull na polia com corda","Encolher de ombros inclinado","trapézio-/Encolher de ombros inclinado.gif","face_pull_na_polia_com_corda.gif","face_pull_na_polia_com_corda.gif","Ombros","Polia/Cabo | Costas","Ajuste a polia na altura do rosto e segure o pegador. Puxe em direção ao rosto levando os cotovelos para fora e para trás, terminando com as mãos próximas às laterais da cabeça. Retorne devagar até estender os braços, mantendo o tronco firme e evitando elevar os ombros."
"C:\Users\bruno\Downloads\Exercicios renomeados\Fire hydrant","Fire hydrant","Hidrante","Hidrante.gif","fire_hydrant.gif","fire_hydrant.gif","Glúteos","Sem aparelhos | Casa","Estabilize o tronco e a pelve antes de mover a perna. Execute a extensão ou abertura do quadril mostrada sem girar o corpo para ganhar amplitude. Contraia o glúteo no final e retorne lentamente."
"C:\Users\bruno\Downloads\Exercicios renomeados\Fire hydrant com elástico","Fire hydrant com elástico","Hidrante em elástico","Hidrante em elástico.gif","fire_hydrant_com_elastico.gif","fire_hydrant_com_elastico.gif","Glúteos","Elástico | Academia","Estabilize o tronco e a pelve antes de mover a perna. Execute a extensão ou abertura do quadril mostrada sem girar o corpo para ganhar amplitude. Contraia o glúteo no final e retorne lentamente."
"C:\Users\bruno\Downloads\Exercicios renomeados\Flexão alternada de ombros na parede","Flexão alternada de ombros na parede","Costas contra a parede flexão alternada dos ombros","Costas contra a parede flexão alternada dos ombros.gif","flexao_alternada_de_ombros_na_parede.gif","flexao_alternada_de_ombros_na_parede.gif","Corpo inteiro","Sem aparelhos | Casa","Assuma a posição inicial de Flexão alternada de ombros na parede, estabilize o tronco e execute o movimento mostrado de forma coordenada. Use uma amplitude que consiga controlar, evite impulso desnecessário e retorne à posição inicial antes da repetição seguinte."
"C:\Users\bruno\Downloads\Exercicios renomeados\Flexão cervical deitado com peso","Flexão cervical deitado com peso","Flexão com peso do pescoço deitado","Flexão com peso do pescoço deitado.gif","flexao_cervical_deitado_com_peso.gif","flexao_cervical_deitado_com_peso.gif","Pescoço","Sem aparelhos | Casa","Mantenha o tronco imóvel e mova a cabeça lentamente na direção indicada. Quando houver resistência, use carga leve e mantenha uma amplitude controlada. Retorne sem movimentos bruscos e evite compensar elevando os ombros."
"C:\Users\bruno\Downloads\Exercicios renomeados\Flexão cervical deitado com peso - variação 2","Flexão cervical deitado com peso - variação 2","Flexão com peso do pescoço deitado - Variação 2","Flexão com peso do pescoço deitado - Variação 2.gif","flexao_cervical_deitado_com_peso_variacao_2.gif","flexao_cervical_deitado_com_peso_variacao_2.gif","Pescoço","Sem aparelhos | Casa","Mantenha o tronco imóvel e mova a cabeça lentamente na direção indicada. Quando houver resistência, use carga leve e mantenha uma amplitude controlada. Retorne sem movimentos bruscos e evite compensar elevando os ombros."
"C:\Users\bruno\Downloads\Exercicios renomeados\Flexão cervical sentado no cabo com arnês","Flexão cervical sentado no cabo com arnês","Flexão do pescoço sentado no cabo com arnês de cabeça","Flexão do pescoço sentado no cabo com arnês de cabeça.gif","flexao_cervical_sentado_no_cabo_com_arnes.gif","flexao_cervical_sentado_no_cabo_com_arnes.gif","Pescoço","Polia/Cabo | Academia","Mantenha o tronco imóvel e mova a cabeça lentamente na direção indicada. Quando houver resistência, use carga leve e mantenha uma amplitude controlada. Retorne sem movimentos bruscos e evite compensar elevando os ombros."
"C:\Users\bruno\Downloads\Exercicios renomeados\Flexão com barras de apoio","Flexão com barras de apoio","Push up com barras push-up","Push up com barras push-up.gif","flexao_com_barras_de_apoio.gif","flexao_com_barras_de_apoio.gif","Peito","Barra | Tríceps | Academia","Apoie as mãos conforme a variação e mantenha cabeça, tronco e quadril alinhados. Flexione os cotovelos para aproximar o peito do apoio, mantendo o abdômen ativo. Empurre o chão para voltar sem deixar a lombar afundar."
"C:\Users\bruno\Downloads\Exercicios renomeados\Flexão com bola medicinal","Flexão com bola medicinal","Empurre a bola medicinal","Empurre a bola medicinal.gif","flexao_com_bola_medicinal.gif","flexao_com_bola_medicinal.gif","Peito","Bola | Tríceps | Academia","Apoie as mãos conforme a variação e mantenha cabeça, tronco e quadril alinhados. Flexione os cotovelos para aproximar o peito do apoio, mantendo o abdômen ativo. Empurre o chão para voltar sem deixar a lombar afundar."
"C:\Users\bruno\Downloads\Exercicios renomeados\Flexão com joelhos apoiados","Flexão com joelhos apoiados","Flexão de joelho para cima","Flexão de joelho para cima.gif","flexao_com_joelhos_apoiados.gif","flexao_com_joelhos_apoiados.gif","Corpo inteiro","Sem aparelhos | Casa","Assuma a posição inicial de Flexão com joelhos apoiados, estabilize o tronco e execute o movimento mostrado de forma coordenada. Use uma amplitude que consiga controlar, evite impulso desnecessário e retorne à posição inicial antes da repetição seguinte."
"C:\Users\bruno\Downloads\Exercicios renomeados\Flexão com palmas","Flexão com palmas","Bater palmas, empurrar para cima","Bater palmas, empurrar para cima.gif","flexao_com_palmas.gif","flexao_com_palmas.gif","Peito","Tríceps | Sem aparelhos | Casa","Apoie as mãos conforme a variação e mantenha cabeça, tronco e quadril alinhados. Flexione os cotovelos para aproximar o peito do apoio, mantendo o abdômen ativo. Empurre o chão para voltar sem deixar a lombar afundar."
"C:\Users\bruno\Downloads\Exercicios renomeados\Flexão com rotação para prancha lateral","Flexão com rotação para prancha lateral","Bent over triceps kick back - Variação 4","tríceps/Bent over triceps kick back - Variação 4.gif","flexao_com_rotacao_para_prancha_lateral.gif","flexao_com_rotacao_para_prancha_lateral.gif","Peito","Sem aparelhos | Casa | Tríceps","Comece em posição de flexão com o corpo alinhado. Desça o peito com controle e, ao subir, gire o tronco abrindo um braço para cima até entrar em uma prancha lateral. Volte a mão ao chão, faça a próxima flexão e alterne o lado."
"C:\Users\bruno\Downloads\Exercicios renomeados\Flexão com toque no peito","Flexão com toque no peito","Toque no peito push up","Toque no peito push up.gif","flexao_com_toque_no_peito.gif","flexao_com_toque_no_peito.gif","Peito","Tríceps | Sem aparelhos | Casa","Apoie as mãos conforme a variação e mantenha cabeça, tronco e quadril alinhados. Flexione os cotovelos para aproximar o peito do apoio, mantendo o abdômen ativo. Empurre o chão para voltar sem deixar a lombar afundar."
"C:\Users\bruno\Downloads\Exercicios renomeados\Flexão com toque no pé","Flexão com toque no pé","Empurrar para cima o toque do dedo do pé","Empurrar para cima o toque do dedo do pé.gif","flexao_com_toque_no_pe.gif","flexao_com_toque_no_pe.gif","Peito","Tríceps | Sem aparelhos | Casa","Apoie as mãos conforme a variação e mantenha cabeça, tronco e quadril alinhados. Flexione os cotovelos para aproximar o peito do apoio, mantendo o abdômen ativo. Empurre o chão para voltar sem deixar a lombar afundar."
"C:\Users\bruno\Downloads\Exercicios renomeados\Flexão cruzada","Flexão cruzada","Flexão de corpo cruzado","Flexão de corpo cruzado.gif","flexao_cruzada.gif","flexao_cruzada.gif","Peito","Tríceps | Sem aparelhos | Casa","Apoie as mãos conforme a variação e mantenha cabeça, tronco e quadril alinhados. Flexione os cotovelos para aproximar o peito do apoio, mantendo o abdômen ativo. Empurre o chão para voltar sem deixar a lombar afundar."
"C:\Users\bruno\Downloads\Exercicios renomeados\Flexão de braços","Flexão de braços","Empurrar para cima","Empurrar para cima.gif","flexao_de_bracos.gif","flexao_de_bracos.gif","Peito","Tríceps | Sem aparelhos | Casa","Apoie as mãos conforme a variação e mantenha cabeça, tronco e quadril alinhados. Flexione os cotovelos para aproximar o peito do apoio, mantendo o abdômen ativo. Empurre o chão para voltar sem deixar a lombar afundar."
"C:\Users\bruno\Downloads\Exercicios renomeados\Flexão de braços na bola suíça","Flexão de braços na bola suíça","Flexão de bola suíça","Flexão de bola suíça.gif","flexao_de_bracos_na_bola_suica.gif","flexao_de_bracos_na_bola_suica.gif","Peito","Bola | Tríceps | Academia","Apoie as mãos conforme a variação e mantenha cabeça, tronco e quadril alinhados. Flexione os cotovelos para aproximar o peito do apoio, mantendo o abdômen ativo. Empurre o chão para voltar sem deixar a lombar afundar."
"C:\Users\bruno\Downloads\Exercicios renomeados\Flexão de joelho com deslizamento do calcanhar","Flexão de joelho com deslizamento do calcanhar","Slide do inferno","Slide do inferno.gif","flexao_de_joelho_com_deslizamento_do_calcanhar.gif","flexao_de_joelho_com_deslizamento_do_calcanhar.gif","Posterior de coxa","Sem aparelhos | Casa","Mantenha quadril e tronco estáveis e flexione os joelhos aproximando os calcanhares dos glúteos conforme a variação. Controle a volta até quase estender os joelhos, sem deixar o quadril perder a posição."
"C:\Users\bruno\Downloads\Exercicios renomeados\Flexão de joelhos ajoelhado na máquina","Flexão de joelhos ajoelhado na máquina","Máquina ajoelhada flexão de perna","Máquina ajoelhada flexão de perna.gif","flexao_de_joelhos_ajoelhado_na_maquina.gif","flexao_de_joelhos_ajoelhado_na_maquina.gif","Posterior de coxa","Máquina | Academia","Mantenha quadril e tronco estáveis e flexione os joelhos aproximando os calcanhares dos glúteos conforme a variação. Controle a volta até quase estender os joelhos, sem deixar o quadril perder a posição."
"C:\Users\bruno\Downloads\Exercicios renomeados\Flexão de joelhos com toalha","Flexão de joelhos com toalha","Enrolamento de perna de toalha","Enrolamento de perna de toalha.gif","flexao_de_joelhos_com_toalha.gif","flexao_de_joelhos_com_toalha.gif","Posterior de coxa","Sem aparelhos | Casa","Mantenha quadril e tronco estáveis e flexione os joelhos aproximando os calcanhares dos glúteos conforme a variação. Controle a volta até quase estender os joelhos, sem deixar o quadril perder a posição."
"C:\Users\bruno\Downloads\Exercicios renomeados\Flexão de joelhos declinada com halter","Flexão de joelhos declinada com halter","Recusar flexão de perna com halteres","Recusar flexão de perna com halteres.gif","flexao_de_joelhos_declinada_com_halter.gif","flexao_de_joelhos_declinada_com_halter.gif","Posterior de coxa","Halteres | Academia","Mantenha quadril e tronco estáveis e flexione os joelhos aproximando os calcanhares dos glúteos conforme a variação. Controle a volta até quase estender os joelhos, sem deixar o quadril perder a posição."
"C:\Users\bruno\Downloads\Exercicios renomeados\Flexão de joelhos deitado com halter","Flexão de joelhos deitado com halter","Flexão de perna com halteres deitado","Flexão de perna com halteres deitado.gif","flexao_de_joelhos_deitado_com_halter.gif","flexao_de_joelhos_deitado_com_halter.gif","Posterior de coxa","Halteres | Academia","Mantenha quadril e tronco estáveis e flexione os joelhos aproximando os calcanhares dos glúteos conforme a variação. Controle a volta até quase estender os joelhos, sem deixar o quadril perder a posição."
"C:\Users\bruno\Downloads\Exercicios renomeados\Flexão de joelhos deitado na máquina","Flexão de joelhos deitado na máquina","Flexão de perna","Flexão de perna.gif","flexao_de_joelhos_deitado_na_maquina.gif","flexao_de_joelhos_deitado_na_maquina.gif","Posterior de coxa","Máquina | Academia","Mantenha quadril e tronco estáveis e flexione os joelhos aproximando os calcanhares dos glúteos conforme a variação. Controle a volta até quase estender os joelhos, sem deixar o quadril perder a posição."
"C:\Users\bruno\Downloads\Exercicios renomeados\Flexão de joelhos na bola suíça","Flexão de joelhos na bola suíça","Flexão de perna na bola suíça","Flexão de perna na bola suíça.gif","flexao_de_joelhos_na_bola_suica.gif","flexao_de_joelhos_na_bola_suica.gif","Posterior de coxa","Bola | Academia","Mantenha quadril e tronco estáveis e flexione os joelhos aproximando os calcanhares dos glúteos conforme a variação. Controle a volta até quase estender os joelhos, sem deixar o quadril perder a posição."
"C:\Users\bruno\Downloads\Exercicios renomeados\Flexão de joelhos sentado na máquina","Flexão de joelhos sentado na máquina","Flexão de perna sentada","Flexão de perna sentada.gif","flexao_de_joelhos_sentado_na_maquina.gif","flexao_de_joelhos_sentado_na_maquina.gif","Posterior de coxa","Máquina | Academia","Mantenha quadril e tronco estáveis e flexione os joelhos aproximando os calcanhares dos glúteos conforme a variação. Controle a volta até quase estender os joelhos, sem deixar o quadril perder a posição."
"C:\Users\bruno\Downloads\Exercicios renomeados\Flexão de joelhos unilateral deitado na máquina","Flexão de joelhos unilateral deitado na máquina","Flexão de perna única com alavanca - Variação 2","perna/Flexão de perna única com alavanca - Variação 2.gif","flexao_de_joelhos_unilateral_deitado_na_maquina.gif","flexao_de_joelhos_unilateral_deitado_na_maquina.gif","Posterior de coxa","Máquina | Academia","Deite-se na máquina com os joelhos alinhados ao eixo e o rolo apoiado próximo aos tornozelos. Flexione os joelhos levando os calcanhares em direção aos glúteos e contraia os posteriores da coxa. Retorne lentamente até quase estender as pernas."
"C:\Users\bruno\Downloads\Exercicios renomeados\Flexão de joelhos unilateral em pé na máquina","Flexão de joelhos unilateral em pé na máquina","Leg press panturrilha - Variação 3","perna/Leg press panturrilha - Variação 3.gif","flexao_de_joelhos_unilateral_em_pe_na_maquina.gif","flexao_de_joelhos_unilateral_em_pe_na_maquina.gif","Posterior de coxa","Máquina | Academia","Fique em pé na máquina, estabilize o tronco e mantenha o joelho de trabalho alinhado ao eixo. Dobre o joelho levando o calcanhar para trás contra a resistência. Desça lentamente até quase estender a perna, sem movimentar o quadril."
"C:\Users\bruno\Downloads\Exercicios renomeados\Flexão de joelhos unilateral em pé na máquina - Variação 2","Flexão de joelhos unilateral em pé na máquina - Variação 2","Pistol agachamento to box","perna/Pistol agachamento to box.gif","flexao_de_joelhos_unilateral_em_pe_na_maquina_variacao_2.gif","flexao_de_joelhos_unilateral_em_pe_na_maquina_variacao_2.gif","Posterior de coxa","Máquina | Academia","Fique em pé na máquina, estabilize o tronco e mantenha o joelho de trabalho alinhado ao eixo. Dobre o joelho levando o calcanhar para trás contra a resistência. Desça lentamente até quase estender a perna, sem movimentar o quadril."
"C:\Users\bruno\Downloads\Exercicios renomeados\Flexão de ombro ajoelhado no cabo","Flexão de ombro ajoelhado no cabo","Flexão de ombro com cabo ajoelhado","Flexão de ombro com cabo ajoelhado.gif","flexao_de_ombro_ajoelhado_no_cabo.gif","flexao_de_ombro_ajoelhado_no_cabo.gif","Ombros","Polia/Cabo | Academia","Mantenha o tronco firme e execute Flexão de ombro ajoelhado no cabo movendo os braços pela trajetória mostrada. Evite balanço e elevação excessiva dos ombros e controle a fase de retorno."
"C:\Users\bruno\Downloads\Exercicios renomeados\Flexão declinada","Flexão declinada","Recusar empurrar para cima","Recusar empurrar para cima.gif","flexao_declinada.gif","flexao_declinada.gif","Peito","Tríceps | Sem aparelhos | Casa","Apoie as mãos conforme a variação e mantenha cabeça, tronco e quadril alinhados. Flexione os cotovelos para aproximar o peito do apoio, mantendo o abdômen ativo. Empurre o chão para voltar sem deixar a lombar afundar."
"C:\Users\bruno\Downloads\Exercicios renomeados\Flexão declinada na bola suíça","Flexão declinada na bola suíça","Flexão de declínio de bola suíça","Flexão de declínio de bola suíça.gif","flexao_declinada_na_bola_suica.gif","flexao_declinada_na_bola_suica.gif","Peito","Bola | Tríceps | Academia","Apoie as mãos conforme a variação e mantenha cabeça, tronco e quadril alinhados. Flexione os cotovelos para aproximar o peito do apoio, mantendo o abdômen ativo. Empurre o chão para voltar sem deixar a lombar afundar."
"C:\Users\bruno\Downloads\Exercicios renomeados\Flexão diamante","Flexão diamante","Flexão de diamante","Flexão de diamante.gif","flexao_diamante.gif","flexao_diamante.gif","Peito","Tríceps | Sem aparelhos | Casa","Apoie as mãos conforme a variação e mantenha cabeça, tronco e quadril alinhados. Flexione os cotovelos para aproximar o peito do apoio, mantendo o abdômen ativo. Empurre o chão para voltar sem deixar a lombar afundar."
"C:\Users\bruno\Downloads\Exercicios renomeados\Flexão hindu","Flexão hindu","Flexões hindus","Flexões hindus.gif","flexao_hindu.gif","flexao_hindu.gif","Peito","Tríceps | Sem aparelhos | Casa","Apoie as mãos conforme a variação e mantenha cabeça, tronco e quadril alinhados. Flexione os cotovelos para aproximar o peito do apoio, mantendo o abdômen ativo. Empurre o chão para voltar sem deixar a lombar afundar."
"C:\Users\bruno\Downloads\Exercicios renomeados\Flexão inclinada","Flexão inclinada","Flexão inclinada","Flexão inclinada.gif","flexao_inclinada.gif","flexao_inclinada.gif","Peito","Tríceps | Sem aparelhos | Casa","Apoie as mãos conforme a variação e mantenha cabeça, tronco e quadril alinhados. Flexione os cotovelos para aproximar o peito do apoio, mantendo o abdômen ativo. Empurre o chão para voltar sem deixar a lombar afundar."
"C:\Users\bruno\Downloads\Exercicios renomeados\Flexão lateral de pescoço na máquina com anilhas","Flexão lateral de pescoço na máquina com anilhas","Placa de flexão do lado direito do pescoço na máquina carregada","Placa de flexão do lado direito do pescoço na máquina carregada.gif","flexao_lateral_de_pescoco_na_maquina_com_anilhas.gif","flexao_lateral_de_pescoco_na_maquina_com_anilhas.gif","Pescoço","Anilhas | Máquina | Academia","Mantenha o tronco imóvel e mova a cabeça lentamente na direção indicada. Quando houver resistência, use carga leve e mantenha uma amplitude controlada. Retorne sem movimentos bruscos e evite compensar elevando os ombros."
"C:\Users\bruno\Downloads\Exercicios renomeados\Flexão lateral do pescoço com peso","Flexão lateral do pescoço com peso","Flexão lateral com peso do pescoço deitado","Flexão lateral com peso do pescoço deitado.gif","flexao_lateral_do_pescoco_com_peso.gif","flexao_lateral_do_pescoco_com_peso.gif","Pescoço","Sem aparelhos | Casa","Mantenha o tronco imóvel e mova a cabeça lentamente na direção indicada. Quando houver resistência, use carga leve e mantenha uma amplitude controlada. Retorne sem movimentos bruscos e evite compensar elevando os ombros."
"C:\Users\bruno\Downloads\Exercicios renomeados\Flexão lateral do tronco com elástico","Flexão lateral do tronco com elástico","Jab boxing - Variação 2","abdominais/Jab boxing - Variação 2.gif","flexao_lateral_do_tronco_com_elastico.gif","flexao_lateral_do_tronco_com_elastico.gif","Abdômen/Core","Elástico | Academia","Mantenha a pelve estável e incline o tronco lateralmente no sentido mostrado, aproximando costelas e quadril do mesmo lado. Volte à posição neutra com controle, evitando girar o tronco ou usar impulso."
"C:\Users\bruno\Downloads\Exercicios renomeados\Flexão lateral do tronco com halter","Flexão lateral do tronco com halter","Flexão lateral com halteres","Flexão lateral com halteres.gif","flexao_lateral_do_tronco_com_halter.gif","flexao_lateral_do_tronco_com_halter.gif","Abdômen/Core","Halteres | Academia","Mantenha a pelve estável e incline o tronco lateralmente no sentido mostrado, aproximando costelas e quadril do mesmo lado. Volte à posição neutra com controle, evitando girar o tronco ou usar impulso."
"C:\Users\bruno\Downloads\Exercicios renomeados\Flexão lateral do tronco com halter acima da cabeça","Flexão lateral do tronco com halter acima da cabeça","Sentado na polia twist - Variação 3","abdominais/Sentado na polia twist - Variação 3.gif","flexao_lateral_do_tronco_com_halter_acima_da_cabeca.gif","flexao_lateral_do_tronco_com_halter_acima_da_cabeca.gif","Abdômen/Core","Halteres | Academia","Mantenha a pelve estável e incline o tronco lateralmente no sentido mostrado, aproximando costelas e quadril do mesmo lado. Volte à posição neutra com controle, evitando girar o tronco ou usar impulso."
"C:\Users\bruno\Downloads\Exercicios renomeados\Flexão lateral do tronco em pé","Flexão lateral do tronco em pé","Flexão lateral em pé","Flexão lateral em pé.gif","flexao_lateral_do_tronco_em_pe.gif","flexao_lateral_do_tronco_em_pe.gif","Abdômen/Core","Sem aparelhos | Casa","Mantenha a pelve estável e incline o tronco lateralmente no sentido mostrado, aproximando costelas e quadril do mesmo lado. Volte à posição neutra com controle, evitando girar o tronco ou usar impulso."
"C:\Users\bruno\Downloads\Exercicios renomeados\Flexão lateral do tronco no banco","Flexão lateral do tronco no banco","Deitado, joelho levantado","abdominais/Deitado, joelho levantado.gif","flexao_lateral_do_tronco_no_banco.gif","flexao_lateral_do_tronco_no_banco.gif","Abdômen/Core","Banco | Academia","Mantenha a pelve estável e incline o tronco lateralmente no sentido mostrado, aproximando costelas e quadril do mesmo lado. Volte à posição neutra com controle, evitando girar o tronco ou usar impulso."
"C:\Users\bruno\Downloads\Exercicios renomeados\Flexão lateral do tronco no banco romano","Flexão lateral do tronco no banco romano","Flexão lateral do banco","Flexão lateral do banco.gif","flexao_lateral_do_tronco_no_banco_romano.gif","flexao_lateral_do_tronco_no_banco_romano.gif","Abdômen/Core","Banco | Academia","Mantenha a pelve estável e incline o tronco lateralmente no sentido mostrado, aproximando costelas e quadril do mesmo lado. Volte à posição neutra com controle, evitando girar o tronco ou usar impulso."
"C:\Users\bruno\Downloads\Exercicios renomeados\Flexão na parada de mão","Flexão na parada de mão","Adho mukha vrksasana ioga postura de parada de mão - Flexão de mão para cima","Adho mukha vrksasana ioga postura de parada de mão - Flexão de mão para cima.gif","flexao_na_parada_de_mao.gif","flexao_na_parada_de_mao.gif","Ombros","Sem aparelhos | Casa","Fique em parada de mão com as mãos firmes no chão e o corpo alinhado; use a parede como apoio quando a variação mostrada exigir. Flexione os cotovelos para aproximar a cabeça do chão com controle e depois empurre o chão para estender os braços e retornar à posição inicial."
"C:\Users\bruno\Downloads\Exercicios renomeados\Flexão na parede","Flexão na parede","Parede empurrar para cima","Parede empurrar para cima.gif","flexao_na_parede.gif","flexao_na_parede.gif","Peito","Tríceps | Sem aparelhos | Casa","Apoie as mãos conforme a variação e mantenha cabeça, tronco e quadril alinhados. Flexione os cotovelos para aproximar o peito do apoio, mantendo o abdômen ativo. Empurre o chão para voltar sem deixar a lombar afundar."
"C:\Users\bruno\Downloads\Exercicios renomeados\Flexão nórdica","Flexão nórdica","Flexão nórdica dos isquiotibiais","Flexão nórdica dos isquiotibiais.gif","flexao_nordica.gif","flexao_nordica.gif","Posterior de coxa","Sem aparelhos | Casa","Mantenha quadril e tronco estáveis e flexione os joelhos aproximando os calcanhares dos glúteos conforme a variação. Controle a volta até quase estender os joelhos, sem deixar o quadril perder a posição."
"C:\Users\bruno\Downloads\Exercicios renomeados\Flexão nórdica dos isquiotibiais assistida na máquina","Flexão nórdica dos isquiotibiais assistida na máquina","Flexão nórdica dos isquiotibiais","perna/Flexão nórdica dos isquiotibiais.gif","flexao_nordica_dos_isquiotibiais_assistida_na_maquina.gif","flexao_nordica_dos_isquiotibiais_assistida_na_maquina.gif","Posterior de coxa","Máquina | Academia | Avançado","Ajoelhe-se com os tornozelos firmemente presos e mantenha quadris e tronco alinhados. Incline o corpo inteiro para a frente o mais devagar possível, resistindo com os posteriores da coxa. Use o auxílio da máquina para retornar e evite dobrar excessivamente o quadril."
"C:\Users\bruno\Downloads\Exercicios renomeados\Flexão pike","Flexão pike","Pique push up","Pique push up.gif","flexao_pike.gif","flexao_pike.gif","Ombros","Sem aparelhos | Casa","Comece com mãos e pés apoiados e o quadril elevado, formando um V invertido. Flexione os cotovelos levando a cabeça em direção ao chão ou ao apoio entre as mãos. Empurre o chão para estender os braços e retornar, mantendo o quadril alto durante o movimento."
"C:\Users\bruno\Downloads\Exercicios renomeados\Flexão pike no banco","Flexão pike no banco","Flexão de pique no banco","Flexão de pique no banco.gif","flexao_pike_no_banco.gif","flexao_pike_no_banco.gif","Ombros","Banco | Academia","Comece com mãos e pés apoiados e o quadril elevado, formando um V invertido. Flexione os cotovelos levando a cabeça em direção ao chão ou ao apoio entre as mãos. Empurre o chão para estender os braços e retornar, mantendo o quadril alto durante o movimento."
"C:\Users\bruno\Downloads\Exercicios renomeados\Flexão pliométrica com queda entre bancos","Flexão pliométrica com queda entre bancos","Soltar flexão para cima","Soltar flexão para cima.gif","flexao_pliometrica_com_queda_entre_bancos.gif","flexao_pliometrica_com_queda_entre_bancos.gif","Peito","Banco | Tríceps | Academia","Apoie as mãos conforme a variação e mantenha cabeça, tronco e quadril alinhados. Flexione os cotovelos para aproximar o peito do apoio, mantendo o abdômen ativo. Empurre o chão para voltar sem deixar a lombar afundar."
"C:\Users\bruno\Downloads\Exercicios renomeados\Flexão plus","Flexão plus","Empurre para cima mais","Empurre para cima mais.gif","flexao_plus.gif","flexao_plus.gif","Peito","Tríceps | Sem aparelhos | Casa","Apoie as mãos conforme a variação e mantenha cabeça, tronco e quadril alinhados. Flexione os cotovelos para aproximar o peito do apoio, mantendo o abdômen ativo. Empurre o chão para voltar sem deixar a lombar afundar."
"C:\Users\bruno\Downloads\Exercicios renomeados\Flexão reversa","Flexão reversa","Flexão reversa","Flexão reversa.gif","flexao_reversa.gif","flexao_reversa.gif","Peito","Tríceps | Sem aparelhos | Casa","Apoie as mãos conforme a variação e mantenha cabeça, tronco e quadril alinhados. Flexione os cotovelos para aproximar o peito do apoio, mantendo o abdômen ativo. Empurre o chão para voltar sem deixar a lombar afundar."
"C:\Users\bruno\Downloads\Exercicios renomeados\Flexão unilateral","Flexão unilateral","Flexão de braço único","Flexão de braço único.gif","flexao_unilateral.gif","flexao_unilateral.gif","Peito","Tríceps | Sem aparelhos | Casa","Apoie as mãos conforme a variação e mantenha cabeça, tronco e quadril alinhados. Flexione os cotovelos para aproximar o peito do apoio, mantendo o abdômen ativo. Empurre o chão para voltar sem deixar a lombar afundar."
"C:\Users\bruno\Downloads\Exercicios renomeados\Flexão unilateral com apoio","Flexão unilateral com apoio","Flexões de um braço com apoio","Flexões de um braço com apoio.gif","flexao_unilateral_com_apoio.gif","flexao_unilateral_com_apoio.gif","Peito","Tríceps | Sem aparelhos | Casa","Apoie as mãos conforme a variação e mantenha cabeça, tronco e quadril alinhados. Flexione os cotovelos para aproximar o peito do apoio, mantendo o abdômen ativo. Empurre o chão para voltar sem deixar a lombar afundar."
"C:\Users\bruno\Downloads\Exercicios renomeados\Flexão unilateral com bola medicinal","Flexão unilateral com bola medicinal","Flexão de braço único na bola medicinal","Flexão de braço único na bola medicinal.gif","flexao_unilateral_com_bola_medicinal.gif","flexao_unilateral_com_bola_medicinal.gif","Peito","Bola | Tríceps | Academia","Apoie as mãos conforme a variação e mantenha cabeça, tronco e quadril alinhados. Flexione os cotovelos para aproximar o peito do apoio, mantendo o abdômen ativo. Empurre o chão para voltar sem deixar a lombar afundar."
"C:\Users\bruno\Downloads\Exercicios renomeados\Flexão unilateral de joelhos na máquina","Flexão unilateral de joelhos na máquina","Flexão de perna única na máquina","Flexão de perna única na máquina.gif","flexao_unilateral_de_joelhos_na_maquina.gif","flexao_unilateral_de_joelhos_na_maquina.gif","Peito","Máquina | Tríceps | Academia","Apoie as mãos conforme a variação e mantenha cabeça, tronco e quadril alinhados. Flexione os cotovelos para aproximar o peito do apoio, mantendo o abdômen ativo. Empurre o chão para voltar sem deixar a lombar afundar."
"C:\Users\bruno\Downloads\Exercicios renomeados\Fortalecimento de pegada com hand grip","Fortalecimento de pegada com hand grip","Pinça de mão","Pinça de mão.gif","fortalecimento_de_pegada_com_hand_grip.gif","fortalecimento_de_pegada_com_hand_grip.gif","Antebraços","Sem aparelhos | Casa","Apoie ou estabilize o antebraço e mova principalmente o punho ou a pegada conforme a variação. Faça a contração sem usar impulso do braço e retorne devagar para trabalhar toda a amplitude."
"C:\Users\bruno\Downloads\Exercicios renomeados\Gato-vaca","Gato-vaca","Postura da vaca de gato","Postura da vaca de gato.gif","gato_vaca.gif","gato_vaca.gif","Alongamento","Sem aparelhos | Casa","Entre na posição de Gato-vaca de forma controlada. Ajuste o corpo até sentir um alongamento confortável na região trabalhada, mantenha a respiração normal e evite rebotes. Retorne lentamente e repita do outro lado quando necessário."
"C:\Users\bruno\Downloads\Exercicios renomeados\Good morning com barra","Good morning com barra","Agachamento, sustentação, panturrilha","perna/Agachamento, sustentação, panturrilha.gif","good_morning_com_barra.gif","good_morning_com_barra.gif","Posterior de coxa","Glúteos | Barra | Academia","Posicione a barra sobre a parte alta das costas, mantenha os joelhos levemente flexionados e o abdômen firme. Leve o quadril para trás inclinando o tronco com a coluna neutra até sentir os posteriores alongarem. Empurre o quadril para a frente para voltar à posição ereta."
"C:\Users\bruno\Downloads\Exercicios renomeados\Good morning com barra - Variação 2","Good morning com barra - Variação 2","Pendulum avanço","perna/Pendulum avanço.gif","good_morning_com_barra_variacao_2.gif","good_morning_com_barra_variacao_2.gif","Posterior de coxa","Glúteos | Barra | Academia","Posicione a barra sobre a parte alta das costas, mantenha os joelhos levemente flexionados e o abdômen firme. Leve o quadril para trás inclinando o tronco com a coluna neutra até sentir os posteriores alongarem. Empurre o quadril para a frente para voltar à posição ereta."
"C:\Users\bruno\Downloads\Exercicios renomeados\Guerreiro I","Guerreiro I","Postura de guerreiro 1","Postura de guerreiro 1.gif","guerreiro_i.gif","guerreiro_i.gif","Alongamento","Sem aparelhos | Casa","Entre na posição de Guerreiro I de forma controlada. Ajuste o corpo até sentir um alongamento confortável na região trabalhada, mantenha a respiração normal e evite rebotes. Retorne lentamente e repita do outro lado quando necessário."
"C:\Users\bruno\Downloads\Exercicios renomeados\Halo com anilha","Halo com anilha","Braço redondo pesado","Braço redondo pesado.gif","halo_com_anilha.gif","halo_com_anilha.gif","Ombros","Anilhas | Academia","Mantenha o tronco firme e execute Halo com anilha movendo os braços pela trajetória mostrada. Evite balanço e elevação excessiva dos ombros e controle a fase de retorno."
"C:\Users\bruno\Downloads\Exercicios renomeados\Hang clean com barra","Hang clean com barra","Hang clean com barra","Hang clean com barra.gif","hang_clean_com_barra.gif","hang_clean_com_barra.gif","Corpo inteiro","Barra | Academia","Inicie com postura firme, abdômen ativo e a carga próxima ao corpo. Gere força com pernas e quadril e conduza a carga pela trajetória mostrada até a posição final. Estabilize o peso antes de retornar e controle cada etapa do movimento."
"C:\Users\bruno\Downloads\Exercicios renomeados\Hang clean com kettlebell","Hang clean com kettlebell","Kettlebell pendurado limpo","Kettlebell pendurado limpo.gif","hang_clean_com_kettlebell.gif","hang_clean_com_kettlebell.gif","Corpo inteiro","Kettlebell | Academia","Inicie com postura firme, abdômen ativo e a carga próxima ao corpo. Gere força com pernas e quadril e conduza a carga pela trajetória mostrada até a posição final. Estabilize o peso antes de retornar e controle cada etapa do movimento."
"C:\Users\bruno\Downloads\Exercicios renomeados\Hip thrust com barra","Hip thrust com barra","Abdução de quadril sentado com faixa","glúteos-/Abdução de quadril sentado com faixa.gif","hip_thrust_com_barra.gif","hip_thrust_com_barra.gif","Glúteos","Barra | Banco | Academia","Apoie a parte superior das costas no banco e posicione a carga sobre o quadril. Com os pés firmes no chão, empurre o quadril para cima até alinhar tronco e coxas, contraindo os glúteos. Desça controladamente sem hiperestender a lombar."
"C:\Users\bruno\Downloads\Exercicios renomeados\Hip thrust com barra - Variação 2","Hip thrust com barra - Variação 2","Impulsos de quadril com barra","glúteos-/Impulsos de quadril com barra.gif","hip_thrust_com_barra_variacao_2.gif","hip_thrust_com_barra_variacao_2.gif","Glúteos","Barra | Banco | Academia","Apoie a parte superior das costas no banco e posicione a carga sobre o quadril. Com os pés firmes no chão, empurre o quadril para cima até alinhar tronco e coxas, contraindo os glúteos. Desça controladamente sem hiperestender a lombar."
"C:\Users\bruno\Downloads\Exercicios renomeados\Hip thrust na máquina Smith","Hip thrust na máquina Smith","Smith na máquina elevação pélvica","glúteos-/Smith na máquina elevação pélvica.gif","hip_thrust_na_maquina_smith.gif","hip_thrust_na_maquina_smith.gif","Glúteos","Barra | Banco | Máquina","Apoie a parte superior das costas no banco e posicione a carga sobre o quadril. Com os pés firmes no chão, empurre o quadril para cima até alinhar tronco e coxas, contraindo os glúteos. Desça controladamente sem hiperestender a lombar."
"C:\Users\bruno\Downloads\Exercicios renomeados\Hiperextensão com peso","Hiperextensão com peso","Extensão traseira com peso","Extensão traseira com peso.gif","hiperextensao_com_peso.gif","hiperextensao_com_peso.gif","Costas","Sem aparelhos | Casa","Mantenha o abdômen firme e eleve o tronco ou os membros conforme a variação, estendendo a coluna e o quadril sem usar impulso. Pare ao alinhar o corpo e retorne lentamente, evitando hiperextensão exagerada da lombar."
"C:\Users\bruno\Downloads\Exercicios renomeados\Hiperextensão no banco 45°","Hiperextensão no banco 45°","Hiperextensão","Hiperextensão.gif","hiperextensao_no_banco_45.gif","hiperextensao_no_banco_45.gif","Costas","Banco | Academia","Mantenha o abdômen firme e eleve o tronco ou os membros conforme a variação, estendendo a coluna e o quadril sem usar impulso. Pare ao alinhar o corpo e retorne lentamente, evitando hiperextensão exagerada da lombar."
"C:\Users\bruno\Downloads\Exercicios renomeados\Hiperextensão no banco plano","Hiperextensão no banco plano","Hiperextensão em banco plano","Hiperextensão em banco plano.gif","hiperextensao_no_banco_plano.gif","hiperextensao_no_banco_plano.gif","Costas","Banco | Academia","Mantenha o abdômen firme e eleve o tronco ou os membros conforme a variação, estendendo a coluna e o quadril sem usar impulso. Pare ao alinhar o corpo e retorne lentamente, evitando hiperextensão exagerada da lombar."
"C:\Users\bruno\Downloads\Exercicios renomeados\Hiperextensão no chão (Superman)","Hiperextensão no chão (Superman)","Hiperextensão do chão - Postura de crocodilo makarasana","Hiperextensão do chão - Postura de crocodilo makarasana.gif","hiperextensao_no_chao_superman.gif","hiperextensao_no_chao_superman.gif","Costas","Sem aparelhos | Casa","Mantenha o abdômen firme e eleve o tronco ou os membros conforme a variação, estendendo a coluna e o quadril sem usar impulso. Pare ao alinhar o corpo e retorne lentamente, evitando hiperextensão exagerada da lombar."
"C:\Users\bruno\Downloads\Exercicios renomeados\Hiperextensão reversa com elástico","Hiperextensão reversa com elástico","Elástico de resistência hiperextensão reversa","Elástico de resistência hiperextensão reversa.gif","hiperextensao_reversa_com_elastico.gif","hiperextensao_reversa_com_elastico.gif","Costas","Elástico | Academia","Mantenha o abdômen firme e eleve o tronco ou os membros conforme a variação, estendendo a coluna e o quadril sem usar impulso. Pare ao alinhar o corpo e retorne lentamente, evitando hiperextensão exagerada da lombar."
"C:\Users\bruno\Downloads\Exercicios renomeados\Hiperextensão reversa na máquina","Hiperextensão reversa na máquina","Máquina de hiperextensão reversa","Máquina de hiperextensão reversa.gif","hiperextensao_reversa_na_maquina.gif","hiperextensao_reversa_na_maquina.gif","Costas","Máquina | Academia","Mantenha o abdômen firme e eleve o tronco ou os membros conforme a variação, estendendo a coluna e o quadril sem usar impulso. Pare ao alinhar o corpo e retorne lentamente, evitando hiperextensão exagerada da lombar."
"C:\Users\bruno\Downloads\Exercicios renomeados\Hiperextensão reversa no banco","Hiperextensão reversa no banco","Hiperextensões reversas","Hiperextensões reversas.gif","hiperextensao_reversa_no_banco.gif","hiperextensao_reversa_no_banco.gif","Costas","Banco | Academia","Mantenha o abdômen firme e eleve o tronco ou os membros conforme a variação, estendendo a coluna e o quadril sem usar impulso. Pare ao alinhar o corpo e retorne lentamente, evitando hiperextensão exagerada da lombar."
"C:\Users\bruno\Downloads\Exercicios renomeados\Inclinação lateral do tronco com barra","Inclinação lateral do tronco com barra","Twist down up with resistance band - Variação 2","abdominais/Twist down up with resistance band - Variação 2.gif","inclinacao_lateral_do_tronco_com_barra.gif","inclinacao_lateral_do_tronco_com_barra.gif","Corpo inteiro","Barra | Academia","Assuma a posição inicial de Inclinação lateral do tronco com barra, estabilize o tronco e execute o movimento mostrado de forma coordenada. Use uma amplitude que consiga controlar, evite impulso desnecessário e retorne à posição inicial antes da repetição seguinte."
"C:\Users\bruno\Downloads\Exercicios renomeados\Inclinação pélvica","Inclinação pélvica","Inclinação pélvica","Inclinação pélvica.gif","inclinacao_pelvica.gif","inclinacao_pelvica.gif","Abdômen/Core","Sem aparelhos | Casa","Deite-se com joelhos flexionados e pés apoiados. Contraia suavemente o abdômen para inclinar a pelve e aproximar a lombar do apoio. Relaxe até a posição neutra e repita sem levantar o quadril do chão."
"C:\Users\bruno\Downloads\Exercicios renomeados\Joelho único ao peito (alongamento)","Joelho único ao peito (alongamento)","Único joelho no peito","Único joelho no peito.gif","joelho_unico_ao_peito_alongamento.gif","joelho_unico_ao_peito_alongamento.gif","Alongamento","Peito | Sem aparelhos | Casa","Apoie o braço conforme mostrado e abra o peito girando ou avançando o tronco de maneira suave. Mantenha o ombro relaxado e pare ao sentir alongamento confortável no peitoral e na frente do ombro. Retorne lentamente."
"C:\Users\bruno\Downloads\Exercicios renomeados\L-sit","L-sit","L sit","abdominais/L sit.gif","l_sit.gif","l_sit.gif","Corpo inteiro","Sem aparelhos | Casa","Assuma a posição inicial de L-sit, estabilize o tronco e execute o movimento mostrado de forma coordenada. Use uma amplitude que consiga controlar, evite impulso desnecessário e retorne à posição inicial antes da repetição seguinte."
"C:\Users\bruno\Downloads\Exercicios renomeados\Lagarta","Lagarta","Lagarta","Lagarta.gif","lagarta.gif","lagarta.gif","Corpo inteiro","Sem aparelhos | Casa","Assuma a posição inicial mostrada e execute o movimento de forma coordenada, mantendo o abdômen ativo e joelhos alinhados. Quando houver salto, aterrisse suavemente; quando houver deslocamento ou carga, mantenha o tronco estável durante toda a repetição."
"C:\Users\bruno\Downloads\Exercicios renomeados\Lançamento de bola de reação","Lançamento de bola de reação","Lançamento de bola de reação","Lançamento de bola de reação.gif","lancamento_de_bola_de_reacao.gif","lancamento_de_bola_de_reacao.gif","Corpo inteiro","Bola | Academia","Segure a bola com firmeza e use pernas, quadril e tronco para gerar força na direção mostrada. Lance ou bata a bola seguindo a trajetória do GIF. Recupere a posição de forma controlada antes da próxima repetição."
"C:\Users\bruno\Downloads\Exercicios renomeados\Leg press 45°","Leg press 45°","Leg press","Leg press.gif","leg_press_45.gif","leg_press_45.gif","Quadríceps","Máquina | Academia","Apoie o pé ou os pés na plataforma e mantenha quadril e lombar firmes no encosto. Flexione os joelhos com controle sem deixar a pelve arredondar. Empurre a plataforma até quase estender as pernas e retorne lentamente."
"C:\Users\bruno\Downloads\Exercicios renomeados\Leg press horizontal","Leg press horizontal","Leg press horizontal","Leg press horizontal.gif","leg_press_horizontal.gif","leg_press_horizontal.gif","Quadríceps","Máquina | Academia","Apoie o pé ou os pés na plataforma e mantenha quadril e lombar firmes no encosto. Flexione os joelhos com controle sem deixar a pelve arredondar. Empurre a plataforma até quase estender as pernas e retorne lentamente."
"C:\Users\bruno\Downloads\Exercicios renomeados\Leg press unilateral","Leg press unilateral","Prensa de perna única","Prensa de perna única.gif","leg_press_unilateral.gif","leg_press_unilateral.gif","Quadríceps","Máquina | Academia","Apoie o pé ou os pés na plataforma e mantenha quadril e lombar firmes no encosto. Flexione os joelhos com controle sem deixar a pelve arredondar. Empurre a plataforma até quase estender as pernas e retorne lentamente."
"C:\Users\bruno\Downloads\Exercicios renomeados\Leg press unilateral assistido na máquina","Leg press unilateral assistido na máquina","Prensa de perna única assistida por máquina","Prensa de perna única assistida por máquina.gif","leg_press_unilateral_assistido_na_maquina.gif","leg_press_unilateral_assistido_na_maquina.gif","Quadríceps","Máquina | Academia","Apoie o pé ou os pés na plataforma e mantenha quadril e lombar firmes no encosto. Flexione os joelhos com controle sem deixar a pelve arredondar. Empurre a plataforma até quase estender as pernas e retorne lentamente."
"C:\Users\bruno\Downloads\Exercicios renomeados\Leg press unilateral em pé na máquina","Leg press unilateral em pé na máquina","Prensa de perna única assistida por alavanca","perna/Prensa de perna única assistida por alavanca.gif","leg_press_unilateral_em_pe_na_maquina.gif","leg_press_unilateral_em_pe_na_maquina.gif","Quadríceps","Glúteos | Máquina | Academia","Apoie uma perna na plataforma da máquina e mantenha o tronco estabilizado pelos apoios. Empurre a plataforma para baixo até estender a perna de trabalho sem travar o joelho. Retorne devagar até a flexão confortável e repita antes de trocar o lado."
"C:\Users\bruno\Downloads\Exercicios renomeados\Leg press vertical no Smith","Leg press vertical no Smith","Com barra curtsey avanço","perna/Com barra curtsey avanço.gif","leg_press_vertical_no_smith.gif","leg_press_vertical_no_smith.gif","Quadríceps","Glúteos | Máquina | Academia","Deite-se sob a barra do Smith e posicione os pés de forma segura na barra, mantendo a lombar apoiada. Flexione joelhos e quadris para aproximar a carga do corpo e depois empurre até quase estender as pernas. Faça o movimento com amplitude confortável e sem travar os joelhos."
"C:\Users\bruno\Downloads\Exercicios renomeados\Levantada turca","Levantada turca","Turco levante-se","Turco levante-se.gif","levantada_turca.gif","levantada_turca.gif","Corpo inteiro","Sem aparelhos | Casa","Inicie com postura firme, abdômen ativo e a carga próxima ao corpo. Gere força com pernas e quadril e conduza a carga pela trajetória mostrada até a posição final. Estabilize o peso antes de retornar e controle cada etapa do movimento."
"C:\Users\bruno\Downloads\Exercicios renomeados\Levantamento de bola medicinal acima da cabeça","Levantamento de bola medicinal acima da cabeça","025_levantamento_de_bola_medicinal_acima_da_cabeca","025_levantamento_de_bola_medicinal_acima_da_cabeca.gif","levantamento_de_bola_medicinal_acima_da_cabeca.gif","levantamento_de_bola_medicinal_acima_da_cabeca.gif","Corpo inteiro","Bola | Academia","Assuma a posição inicial de Levantamento de bola medicinal acima da cabeça, estabilize o tronco e execute o movimento mostrado de forma coordenada. Use uma amplitude que consiga controlar, evite impulso desnecessário e retorne à posição inicial antes da repetição seguinte."
"C:\Users\bruno\Downloads\Exercicios renomeados\Levantamento de tronco (log lift)","Levantamento de tronco (log lift)","Levantamento de toras","Levantamento de toras.gif","levantamento_de_tronco_log_lift.gif","levantamento_de_tronco_log_lift.gif","Corpo inteiro","Sem aparelhos | Casa","Inicie com postura firme, abdômen ativo e a carga próxima ao corpo. Gere força com pernas e quadril e conduza a carga pela trajetória mostrada até a posição final. Estabilize o peso antes de retornar e controle cada etapa do movimento."
"C:\Users\bruno\Downloads\Exercicios renomeados\Levantamento terra","Levantamento terra","Levantamento terra","costas-/Levantamento terra.gif","levantamento_terra.gif","levantamento_terra.gif","Corpo inteiro","Barra | Posterior de coxa | Glúteos","Posicione a barra sobre o meio dos pés, flexione quadris e joelhos e segure a barra mantendo a coluna neutra. Empurre o chão com os pés e estenda quadris e joelhos até ficar em pé com a barra próxima ao corpo. Retorne levando o quadril para trás e flexionando os joelhos de forma controlada."
"C:\Users\bruno\Downloads\Exercicios renomeados\Levantamento terra com barra","Levantamento terra com barra","030_levantamento_terra","030_levantamento_terra.gif","levantamento_terra_com_barra.gif","levantamento_terra_com_barra.gif","Posterior de coxa","Barra | Glúteos | Academia","Comece com os pés firmes e o abdômen ativo. Leve o quadril para trás mantendo a coluna neutra e a carga próxima ao corpo. Desça até sentir tensão nos posteriores sem perder a postura e volte estendendo o quadril de forma controlada."
"C:\Users\bruno\Downloads\Exercicios renomeados\Levantamento terra com barra - variação 2","Levantamento terra com barra - variação 2","Levantamento terra","Levantamento terra.gif","levantamento_terra_com_barra_variacao_2.gif","levantamento_terra_com_barra_variacao_2.gif","Posterior de coxa","Barra | Glúteos | Academia","Comece com os pés firmes e o abdômen ativo. Leve o quadril para trás mantendo a coluna neutra e a carga próxima ao corpo. Desça até sentir tensão nos posteriores sem perder a postura e volte estendendo o quadril de forma controlada."
"C:\Users\bruno\Downloads\Exercicios renomeados\Levantamento terra com kettlebell","Levantamento terra com kettlebell","Levantamento terra com kettlebell","Levantamento terra com kettlebell.gif","levantamento_terra_com_kettlebell.gif","levantamento_terra_com_kettlebell.gif","Posterior de coxa","Kettlebell | Glúteos | Academia","Comece com os pés firmes e o abdômen ativo. Leve o quadril para trás mantendo a coluna neutra e a carga próxima ao corpo. Desça até sentir tensão nos posteriores sem perder a postura e volte estendendo o quadril de forma controlada."
"C:\Users\bruno\Downloads\Exercicios renomeados\Levantamento terra com trap bar","Levantamento terra com trap bar","Levantamento terra com barra de armadilha","Levantamento terra com barra de armadilha.gif","levantamento_terra_com_trap_bar.gif","levantamento_terra_com_trap_bar.gif","Posterior de coxa","Barra | Glúteos | Academia","Comece com os pés firmes e o abdômen ativo. Leve o quadril para trás mantendo a coluna neutra e a carga próxima ao corpo. Desça até sentir tensão nos posteriores sem perder a postura e volte estendendo o quadril de forma controlada."
"C:\Users\bruno\Downloads\Exercicios renomeados\Levantamento terra na máquina","Levantamento terra na máquina","Levantamento terra na máquina","Levantamento terra na máquina.gif","levantamento_terra_na_maquina.gif","levantamento_terra_na_maquina.gif","Posterior de coxa","Máquina | Glúteos | Academia","Comece com os pés firmes e o abdômen ativo. Leve o quadril para trás mantendo a coluna neutra e a carga próxima ao corpo. Desça até sentir tensão nos posteriores sem perder a postura e volte estendendo o quadril de forma controlada."
"C:\Users\bruno\Downloads\Exercicios renomeados\Levantamento terra romeno com barra","Levantamento terra romeno com barra","Levantamento terra romeno","Levantamento terra romeno.gif","levantamento_terra_romeno_com_barra.gif","levantamento_terra_romeno_com_barra.gif","Posterior de coxa","Barra | Glúteos | Academia","Comece com os pés firmes e o abdômen ativo. Leve o quadril para trás mantendo a coluna neutra e a carga próxima ao corpo. Desça até sentir tensão nos posteriores sem perder a postura e volte estendendo o quadril de forma controlada."
"C:\Users\bruno\Downloads\Exercicios renomeados\Levantamento terra romeno com halteres","Levantamento terra romeno com halteres","Levantamento terra romeno com halteres","Levantamento terra romeno com halteres.gif","levantamento_terra_romeno_com_halteres.gif","levantamento_terra_romeno_com_halteres.gif","Posterior de coxa","Halteres | Glúteos | Academia","Comece com os pés firmes e o abdômen ativo. Leve o quadril para trás mantendo a coluna neutra e a carga próxima ao corpo. Desça até sentir tensão nos posteriores sem perder a postura e volte estendendo o quadril de forma controlada."
"C:\Users\bruno\Downloads\Exercicios renomeados\Levantamento terra romeno unilateral com barra","Levantamento terra romeno unilateral com barra","Na polia avanço","perna/Na polia avanço.gif","levantamento_terra_romeno_unilateral_com_barra.gif","levantamento_terra_romeno_unilateral_com_barra.gif","Posterior de coxa","Glúteos | Barra | Academia","Fique apoiado em uma perna, mantenha o joelho levemente flexionado e a carga próxima ao corpo. Leve o quadril para trás enquanto a outra perna se estende para trás, inclinando o tronco com a coluna neutra. Retorne contraindo glúteos e posteriores sem girar a pelve."
"C:\Users\bruno\Downloads\Exercicios renomeados\Levantamento terra romeno unilateral com halteres","Levantamento terra romeno unilateral com halteres","Avanço com halteres","perna/Avanço com halteres.gif","levantamento_terra_romeno_unilateral_com_halteres.gif","levantamento_terra_romeno_unilateral_com_halteres.gif","Posterior de coxa","Glúteos | Halteres | Academia","Fique apoiado em uma perna, mantenha o joelho levemente flexionado e a carga próxima ao corpo. Leve o quadril para trás enquanto a outra perna se estende para trás, inclinando o tronco com a coluna neutra. Retorne contraindo glúteos e posteriores sem girar a pelve."
"C:\Users\bruno\Downloads\Exercicios renomeados\Levantamento terra sumô","Levantamento terra sumô","Levantamento terra de sumô","Levantamento terra de sumô.gif","levantamento_terra_sumo.gif","levantamento_terra_sumo.gif","Posterior de coxa","Glúteos | Sem aparelhos | Casa","Comece com os pés firmes e o abdômen ativo. Leve o quadril para trás mantendo a coluna neutra e a carga próxima ao corpo. Desça até sentir tensão nos posteriores sem perder a postura e volte estendendo o quadril de forma controlada."
"C:\Users\bruno\Downloads\Exercicios renomeados\Levantamento terra sumô com barra","Levantamento terra sumô com barra","Anjaneyasana pose de avanço baixa - Variação 2","perna/Anjaneyasana pose de avanço baixa - Variação 2.gif","levantamento_terra_sumo_com_barra.gif","levantamento_terra_sumo_com_barra.gif","Posterior de coxa","Glúteos | Adutores | Barra","Abra os pés além da largura dos ombros e aponte as pontas levemente para fora. Segure a barra entre as pernas, mantenha o peito aberto e empurre o chão para estender joelhos e quadris. Finalize em pé sem inclinar o tronco para trás e retorne a barra ao chão com controle."
"C:\Users\bruno\Downloads\Exercicios renomeados\Levantamento terra unilateral com kettlebell","Levantamento terra unilateral com kettlebell","Levantamento terra unipodal com kettlebell","Levantamento terra unipodal com kettlebell.gif","levantamento_terra_unilateral_com_kettlebell.gif","levantamento_terra_unilateral_com_kettlebell.gif","Posterior de coxa","Kettlebell | Glúteos | Academia","Comece com os pés firmes e o abdômen ativo. Leve o quadril para trás mantendo a coluna neutra e a carga próxima ao corpo. Desça até sentir tensão nos posteriores sem perder a postura e volte estendendo o quadril de forma controlada."
"C:\Users\bruno\Downloads\Exercicios renomeados\Levantamento terra unilateral sem peso","Levantamento terra unilateral sem peso","Levantamento terra de perna única com peso corporal","Levantamento terra de perna única com peso corporal.gif","levantamento_terra_unilateral_sem_peso.gif","levantamento_terra_unilateral_sem_peso.gif","Posterior de coxa","Glúteos | Sem aparelhos | Casa","Comece com os pés firmes e o abdômen ativo. Leve o quadril para trás mantendo a coluna neutra e a carga próxima ao corpo. Desça até sentir tensão nos posteriores sem perder a postura e volte estendendo o quadril de forma controlada."
"C:\Users\bruno\Downloads\Exercicios renomeados\Liberação da banda iliotibial com rolo de espuma","Liberação da banda iliotibial com rolo de espuma","Rolo de espuma para alongamento da elástico iliotibial","Rolo de espuma para alongamento da elástico iliotibial.gif","liberacao_da_banda_iliotibial_com_rolo_de_espuma.gif","liberacao_da_banda_iliotibial_com_rolo_de_espuma.gif","Mobilidade","Rolo de espuma | Academia","Posicione o rolo de espuma sob a região indicada e sustente o peso do corpo com os apoios mostrados. Deslize lentamente sobre uma pequena faixa do músculo, procurando pontos de maior tensão sem pressionar articulações ou ossos. Faça movimentos curtos e controlados."
"C:\Users\bruno\Downloads\Exercicios renomeados\Liberação da parte superior das costas com rolo de espuma","Liberação da parte superior das costas com rolo de espuma","Alongamento traseiro do rolo de espuma","Alongamento traseiro do rolo de espuma.gif","liberacao_da_parte_superior_das_costas_com_rolo_de_espuma.gif","liberacao_da_parte_superior_das_costas_com_rolo_de_espuma.gif","Mobilidade","Rolo de espuma | Academia","Posicione o rolo de espuma sob a região indicada e sustente o peso do corpo com os apoios mostrados. Deslize lentamente sobre uma pequena faixa do músculo, procurando pontos de maior tensão sem pressionar articulações ou ossos. Faça movimentos curtos e controlados."
"C:\Users\bruno\Downloads\Exercicios renomeados\Liberação de panturrilhas com rolo de espuma","Liberação de panturrilhas com rolo de espuma","Bezerros de rolo de espuma","Bezerros de rolo de espuma.gif","liberacao_de_panturrilhas_com_rolo_de_espuma.gif","liberacao_de_panturrilhas_com_rolo_de_espuma.gif","Mobilidade","Rolo de espuma | Academia","Posicione o rolo de espuma sob a região indicada e sustente o peso do corpo com os apoios mostrados. Deslize lentamente sobre uma pequena faixa do músculo, procurando pontos de maior tensão sem pressionar articulações ou ossos. Faça movimentos curtos e controlados."
"C:\Users\bruno\Downloads\Exercicios renomeados\Liberação de peitoral e ombro com rolo de espuma","Liberação de peitoral e ombro com rolo de espuma","Rolo de espuma na frente do ombro e no peito","Rolo de espuma na frente do ombro e no peito.gif","liberacao_de_peitoral_e_ombro_com_rolo_de_espuma.gif","liberacao_de_peitoral_e_ombro_com_rolo_de_espuma.gif","Mobilidade","Rolo de espuma | Academia","Posicione o rolo de espuma sob a região indicada e sustente o peso do corpo com os apoios mostrados. Deslize lentamente sobre uma pequena faixa do músculo, procurando pontos de maior tensão sem pressionar articulações ou ossos. Faça movimentos curtos e controlados."
"C:\Users\bruno\Downloads\Exercicios renomeados\Liberação de posteriores da coxa com rolo de espuma","Liberação de posteriores da coxa com rolo de espuma","Isquiotibiais de rolo de espuma","Isquiotibiais de rolo de espuma.gif","liberacao_de_posteriores_da_coxa_com_rolo_de_espuma.gif","liberacao_de_posteriores_da_coxa_com_rolo_de_espuma.gif","Mobilidade","Rolo de espuma | Academia","Posicione o rolo de espuma sob a região indicada e sustente o peso do corpo com os apoios mostrados. Deslize lentamente sobre uma pequena faixa do músculo, procurando pontos de maior tensão sem pressionar articulações ou ossos. Faça movimentos curtos e controlados."
"C:\Users\bruno\Downloads\Exercicios renomeados\Liberação de quadríceps com rolo de espuma","Liberação de quadríceps com rolo de espuma","Quads de rolo de espuma","Quads de rolo de espuma.gif","liberacao_de_quadriceps_com_rolo_de_espuma.gif","liberacao_de_quadriceps_com_rolo_de_espuma.gif","Mobilidade","Rolo de espuma | Academia","Posicione o rolo de espuma sob a região indicada e sustente o peso do corpo com os apoios mostrados. Deslize lentamente sobre uma pequena faixa do músculo, procurando pontos de maior tensão sem pressionar articulações ou ossos. Faça movimentos curtos e controlados."
"C:\Users\bruno\Downloads\Exercicios renomeados\Limpador de para-brisa na barra fixa","Limpador de para-brisa na barra fixa","Limpador de pára-brisa suspenso","Limpador de pára-brisa suspenso.gif","limpador_de_para_brisa_na_barra_fixa.gif","limpador_de_para_brisa_na_barra_fixa.gif","Abdômen/Core","Barra fixa | Academia","Fique suspenso na barra com a pegada firme e eleve as pernas à frente. Mantendo o abdômen contraído, leve as pernas de um lado para o outro em arco, controlando o balanço do corpo. Retorne pelo centro antes de alternar o lado."
"C:\Users\bruno\Downloads\Exercicios renomeados\Limpador de para-brisa no chão com halteres","Limpador de para-brisa no chão com halteres","Limpadores de chão com halteres","Limpadores de chão com halteres.gif","limpador_de_para_brisa_no_chao_com_halteres.gif","limpador_de_para_brisa_no_chao_com_halteres.gif","Abdômen/Core","Halteres | Academia","Deite-se de costas e mantenha os braços apoiados para estabilizar o tronco. Eleve as pernas e leve-as juntas de um lado para o outro em arco, sem tirar os ombros do chão. Use o abdômen para frear a descida e retornar ao centro."
"C:\Users\bruno\Downloads\Exercicios renomeados\Marcha com joelhos altos","Marcha com joelhos altos","Alongamento dinâmico do peito","tríceps/Alongamento dinâmico do peito.gif","marcha_com_joelhos_altos.gif","marcha_com_joelhos_altos.gif","Cardio","Sem aparelhos | Casa | Corpo inteiro","Fique em pé com o tronco ereto. Eleve um joelho de cada vez em direção à altura do quadril enquanto alterna os braços de forma natural. Mantenha ritmo contínuo, aterrisse suavemente e evite inclinar o tronco para trás."
"C:\Users\bruno\Downloads\Exercicios renomeados\Marretada no pneu","Marretada no pneu","Marreta de pneu","Marreta de pneu.gif","marretada_no_pneu.gif","marretada_no_pneu.gif","Corpo inteiro","Cardio | Sem aparelhos | Casa","Assuma a posição inicial mostrada e execute o movimento de forma coordenada, mantendo o abdômen ativo e joelhos alinhados. Quando houver salto, aterrisse suavemente; quando houver deslocamento ou carga, mantenha o tronco estável durante toda a repetição."
"C:\Users\bruno\Downloads\Exercicios renomeados\Meia flexão do tronco à frente (Yoga)","Meia flexão do tronco à frente (Yoga)","Ardha uttanasana em pé meio curvado para frente","Ardha uttanasana em pé meio curvado para frente.gif","meia_flexao_do_tronco_a_frente_yoga.gif","meia_flexao_do_tronco_a_frente_yoga.gif","Alongamento","Sem aparelhos | Casa","Entre na posição de Meia flexão do tronco à frente (Yoga) de forma controlada. Ajuste o corpo até sentir um alongamento confortável na região trabalhada, mantenha a respiração normal e evite rebotes. Retorne lentamente e repita do outro lado quando necessário."
"C:\Users\bruno\Downloads\Exercicios renomeados\Meio limpador de para-brisa","Meio limpador de para-brisa","Meio limpador","Meio limpador.gif","meio_limpador_de_para_brisa.gif","meio_limpador_de_para_brisa.gif","Abdômen/Core","Sem aparelhos | Casa","Deite-se de costas e mantenha os braços apoiados para estabilizar o tronco. Eleve as pernas e leve-as juntas de um lado para o outro em arco, sem tirar os ombros do chão. Use o abdômen para frear a descida e retornar ao centro."
"C:\Users\bruno\Downloads\Exercicios renomeados\Meio sapo","Meio sapo","Postura de meio sapo","Postura de meio sapo.gif","meio_sapo.gif","meio_sapo.gif","Alongamento","Sem aparelhos | Casa","Assuma a posição mostrada e desloque o quadril lentamente até sentir a região do quadril ou a parte interna da coxa alongar. Mantenha a coluna organizada, evite rebotes e respeite uma amplitude confortável. Retorne com controle."
"C:\Users\bruno\Downloads\Exercicios renomeados\Mergulho coreano","Mergulho coreano","Molhos coreanos","Molhos coreanos.gif","mergulho_coreano.gif","mergulho_coreano.gif","Tríceps","Sem aparelhos | Casa","Apoie as mãos no banco, cadeira ou barras conforme a variação e mantenha os ombros estáveis. Flexione os cotovelos para descer o corpo em amplitude confortável. Estenda os cotovelos para retornar, evitando balanço."
"C:\Users\bruno\Downloads\Exercicios renomeados\Mergulho de tríceps assistido na máquina","Mergulho de tríceps assistido na máquina","Asisted triceps dips","tríceps/Asisted triceps dips.gif","mergulho_de_triceps_assistido_na_maquina.gif","mergulho_de_triceps_assistido_na_maquina.gif","Tríceps","Máquina | Academia","Apoie as mãos no banco, cadeira ou barras conforme a variação e mantenha os ombros estáveis. Flexione os cotovelos para descer o corpo em amplitude confortável. Estenda os cotovelos para retornar, evitando balanço."
"C:\Users\bruno\Downloads\Exercicios renomeados\Mergulho de tríceps entre bancos","Mergulho de tríceps entre bancos","Mergulhos de bancada","tríceps/Mergulhos de bancada.gif","mergulho_de_triceps_entre_bancos.gif","mergulho_de_triceps_entre_bancos.gif","Tríceps","Banco | Academia","Apoie as mãos no banco, cadeira ou barras conforme a variação e mantenha os ombros estáveis. Flexione os cotovelos para descer o corpo em amplitude confortável. Estenda os cotovelos para retornar, evitando balanço."
"C:\Users\bruno\Downloads\Exercicios renomeados\Mergulho de tríceps na máquina","Mergulho de tríceps na máquina","Crucifixo de cabo com declínio de um braço","peitoral/Crucifixo de cabo com declínio de um braço.gif","mergulho_de_triceps_na_maquina.gif","mergulho_de_triceps_na_maquina.gif","Tríceps","Peito | Máquina","Sente-se na máquina com o tronco apoiado e segure as alças ao lado do corpo. Comece com os cotovelos flexionados e pressione as alças para baixo até quase estender os braços, mantendo os ombros estáveis. Retorne devagar até a posição inicial sem deixar o peso bater."
"C:\Users\bruno\Downloads\Exercicios renomeados\Mergulho de tríceps nas paralelas","Mergulho de tríceps nas paralelas","Mergulhos de tríceps","Mergulhos de tríceps.gif","mergulho_de_triceps_nas_paralelas.gif","mergulho_de_triceps_nas_paralelas.gif","Tríceps","Sem aparelhos | Casa","Apoie as mãos no banco, cadeira ou barras conforme a variação e mantenha os ombros estáveis. Flexione os cotovelos para descer o corpo em amplitude confortável. Estenda os cotovelos para retornar, evitando balanço."
"C:\Users\bruno\Downloads\Exercicios renomeados\Mergulho de tríceps no banco","Mergulho de tríceps no banco","Bench dips on floor - Variação 2","tríceps/Bench dips on floor - Variação 2.gif","mergulho_de_triceps_no_banco.gif","mergulho_de_triceps_no_banco.gif","Tríceps","Banco | Academia","Apoie as mãos no banco, cadeira ou barras conforme a variação e mantenha os ombros estáveis. Flexione os cotovelos para descer o corpo em amplitude confortável. Estenda os cotovelos para retornar, evitando balanço."
"C:\Users\bruno\Downloads\Exercicios renomeados\Mergulho entre cadeiras","Mergulho entre cadeiras","Mergulha entre cadeiras","Mergulha entre cadeiras.gif","mergulho_entre_cadeiras.gif","mergulho_entre_cadeiras.gif","Tríceps","Sem aparelhos | Casa","Apoie as mãos no banco, cadeira ou barras conforme a variação e mantenha os ombros estáveis. Flexione os cotovelos para descer o corpo em amplitude confortável. Estenda os cotovelos para retornar, evitando balanço."
"C:\Users\bruno\Downloads\Exercicios renomeados\Mergulho escapular no banco","Mergulho escapular no banco","Mergulhos da escápula","Mergulhos da escápula.gif","mergulho_escapular_no_banco.gif","mergulho_escapular_no_banco.gif","Tríceps","Banco | Academia","Apoie as mãos no banco, cadeira ou barras conforme a variação e mantenha os ombros estáveis. Flexione os cotovelos para descer o corpo em amplitude confortável. Estenda os cotovelos para retornar, evitando balanço."
"C:\Users\bruno\Downloads\Exercicios renomeados\Mergulho na barra reta","Mergulho na barra reta","Mergulho em barra reta","Mergulho em barra reta.gif","mergulho_na_barra_reta.gif","mergulho_na_barra_reta.gif","Tríceps","Sem aparelhos | Casa","Apoie as mãos no banco, cadeira ou barras conforme a variação e mantenha os ombros estáveis. Flexione os cotovelos para descer o corpo em amplitude confortável. Estenda os cotovelos para retornar, evitando balanço."
"C:\Users\bruno\Downloads\Exercicios renomeados\Mergulho na cadeira","Mergulho na cadeira","Mergulhos na cadeira","Mergulhos na cadeira.gif","mergulho_na_cadeira.gif","mergulho_na_cadeira.gif","Tríceps","Sem aparelhos | Casa","Apoie as mãos no banco, cadeira ou barras conforme a variação e mantenha os ombros estáveis. Flexione os cotovelos para descer o corpo em amplitude confortável. Estenda os cotovelos para retornar, evitando balanço."
"C:\Users\bruno\Downloads\Exercicios renomeados\Mergulho no banco","Mergulho no banco","Mergulhos de bancada","Mergulhos de bancada.gif","mergulho_no_banco.gif","mergulho_no_banco.gif","Tríceps","Banco | Academia","Apoie as mãos no banco, cadeira ou barras conforme a variação e mantenha os ombros estáveis. Flexione os cotovelos para descer o corpo em amplitude confortável. Estenda os cotovelos para retornar, evitando balanço."
"C:\Users\bruno\Downloads\Exercicios renomeados\Mobilidade de ombros sentado","Mobilidade de ombros sentado","Exercício de bailarina sentada","Exercício de bailarina sentada.gif","mobilidade_de_ombros_sentado.gif","mobilidade_de_ombros_sentado.gif","Mobilidade","Sem aparelhos | Casa","Mantenha o tronco estável e mova os braços ou as escápulas pela amplitude mostrada, sem compensar com a lombar. Faça o movimento de forma lenta e contínua, priorizando controle e amplitude confortável."
"C:\Users\bruno\Downloads\Exercicios renomeados\Moinho de vento com barra","Moinho de vento com barra","Abdominal","abdominais/Abdominal.gif","moinho_de_vento_com_barra.gif","moinho_de_vento_com_barra.gif","Abdômen/Core","Barra | Academia","Estabilize o tronco para executar Moinho de vento com barra. Mantenha o abdômen ativo durante toda a repetição e realize a trajetória mostrada sem usar balanço excessivo. Retorne à posição inicial de forma lenta e controlada."
"C:\Users\bruno\Downloads\Exercicios renomeados\Moinho de vento com kettlebell","Moinho de vento com kettlebell","Moinho de vento com kettlebell","Moinho de vento com kettlebell.gif","moinho_de_vento_com_kettlebell.gif","moinho_de_vento_com_kettlebell.gif","Abdômen/Core","Kettlebell | Academia","Estabilize o tronco para executar Moinho de vento com kettlebell. Mantenha o abdômen ativo durante toda a repetição e realize a trajetória mostrada sem usar balanço excessivo. Retorne à posição inicial de forma lenta e controlada."
"C:\Users\bruno\Downloads\Exercicios renomeados\Moinho de vento sem peso","Moinho de vento sem peso","Moinho de vento de peso corporal","Moinho de vento de peso corporal.gif","moinho_de_vento_sem_peso.gif","moinho_de_vento_sem_peso.gif","Abdômen/Core","Sem aparelhos | Casa","Estabilize o tronco para executar Moinho de vento sem peso. Mantenha o abdômen ativo durante toda a repetição e realize a trajetória mostrada sem usar balanço excessivo. Retorne à posição inicial de forma lenta e controlada."
"C:\Users\bruno\Downloads\Exercicios renomeados\Muscle snatch","Muscle snatch","Snatch muscular","Snatch muscular.gif","muscle_snatch.gif","muscle_snatch.gif","Corpo inteiro","Sem aparelhos | Casa","Inicie com postura firme, abdômen ativo e a carga próxima ao corpo. Gere força com pernas e quadril e conduza a carga pela trajetória mostrada até a posição final. Estabilize o peso antes de retornar e controle cada etapa do movimento."
"C:\Users\bruno\Downloads\Exercicios renomeados\Muscle-up","Muscle-up","Músculo para cima","Músculo para cima.gif","muscle_up.gif","muscle_up.gif","Costas","Barra fixa | Academia","Comece com a pegada firme e os ombros ativos. Puxe levando os cotovelos para baixo e para trás, elevando o corpo ou aproximando o pegador do tronco conforme a variação. Retorne com controle e evite balanço excessivo."
"C:\Users\bruno\Downloads\Exercicios renomeados\Natação","Natação","Natação","Natação.gif","natacao.gif","natacao.gif","Cardio","Sem aparelhos | Ao ar livre | Corpo inteiro","Realize Natação em ritmo contínuo, mantendo postura estável e respiração regular. Ajuste a velocidade para conseguir repetir o movimento com boa coordenação durante toda a série."
"C:\Users\bruno\Downloads\Exercicios renomeados\Natação no chão (swimmer)","Natação no chão (swimmer)","Sentado flutter kick - Variação 2","abdominais/Sentado flutter kick - Variação 2.gif","natacao_no_chao_swimmer.gif","natacao_no_chao_swimmer.gif","Costas","Sem aparelhos | Ao ar livre | Corpo inteiro","Execute Natação no chão (swimmer) mantendo o tronco estável e iniciando o movimento pelas escápulas e cotovelos. Contraia as costas na fase de puxada e retorne lentamente à posição inicial."
"C:\Users\bruno\Downloads\Exercicios renomeados\Pallof press meio ajoelhado","Pallof press meio ajoelhado","Cabo meio ajoelhado pallof press","Cabo meio ajoelhado pallof press.gif","pallof_press_meio_ajoelhado.gif","pallof_press_meio_ajoelhado.gif","Abdômen/Core","Sem aparelhos | Casa","Mantenha o abdômen ativo e a pelve estável. Execute a rotação — ou resista a ela, no caso do Pallof press — conduzindo os braços pela trajetória mostrada. Retorne lentamente sem deixar a lombar assumir todo o movimento."
"C:\Users\bruno\Downloads\Exercicios renomeados\Panturrilha no leg press","Panturrilha no leg press","Leg press panturrilha","Leg press panturrilha.gif","panturrilha_no_leg_press.gif","panturrilha_no_leg_press.gif","Panturrilhas","Máquina | Academia","Apoie a parte da frente dos pés com firmeza e mantenha os tornozelos alinhados. Eleve os calcanhares o máximo que conseguir sem perder o equilíbrio. Contraia a panturrilha no topo e desça lentamente até a posição inicial."
"C:\Users\bruno\Downloads\Exercicios renomeados\Panturrilha sentada na máquina","Panturrilha sentada na máquina","Elevação de panturrilha sentada por máquina","Elevação de panturrilha sentada por máquina.gif","panturrilha_sentada_na_maquina.gif","panturrilha_sentada_na_maquina.gif","Panturrilhas","Máquina | Academia","Apoie a parte da frente dos pés com firmeza e mantenha os tornozelos alinhados. Eleve os calcanhares o máximo que conseguir sem perder o equilíbrio. Contraia a panturrilha no topo e desça lentamente até a posição inicial."
"C:\Users\bruno\Downloads\Exercicios renomeados\Panturrilha sentada no leg press","Panturrilha sentada no leg press","Panturrilha sentada na máquina de leg press","Panturrilha sentada na máquina de leg press.gif","panturrilha_sentada_no_leg_press.gif","panturrilha_sentada_no_leg_press.gif","Panturrilhas","Máquina | Academia","Apoie a parte da frente dos pés com firmeza e mantenha os tornozelos alinhados. Eleve os calcanhares o máximo que conseguir sem perder o equilíbrio. Contraia a panturrilha no topo e desça lentamente até a posição inicial."
"C:\Users\bruno\Downloads\Exercicios renomeados\Panturrilha unilateral na máquina hack","Panturrilha unilateral na máquina hack","Hackear máquina de elevação de panturrilha com uma perna","Hackear máquina de elevação de panturrilha com uma perna.gif","panturrilha_unilateral_na_maquina_hack.gif","panturrilha_unilateral_na_maquina_hack.gif","Panturrilhas","Máquina | Academia","Apoie a parte da frente dos pés com firmeza e mantenha os tornozelos alinhados. Eleve os calcanhares o máximo que conseguir sem perder o equilíbrio. Contraia a panturrilha no topo e desça lentamente até a posição inicial."
"C:\Users\bruno\Downloads\Exercicios renomeados\Panturrilha unilateral no leg press","Panturrilha unilateral no leg press","Elevação de panturrilha única na máquina leg press","Elevação de panturrilha única na máquina leg press.gif","panturrilha_unilateral_no_leg_press.gif","panturrilha_unilateral_no_leg_press.gif","Panturrilhas","Máquina | Academia","Apoie a parte da frente dos pés com firmeza e mantenha os tornozelos alinhados. Eleve os calcanhares o máximo que conseguir sem perder o equilíbrio. Contraia a panturrilha no topo e desça lentamente até a posição inicial."
"C:\Users\bruno\Downloads\Exercicios renomeados\Paralelas assistidas para peitoral","Paralelas assistidas para peitoral","Paralelas para peitoral assistido","Paralelas para peitoral assistido.gif","paralelas_assistidas_para_peitoral.gif","paralelas_assistidas_para_peitoral.gif","Peito","Sem aparelhos | Casa","Apoie-se nas barras e incline levemente o tronco à frente. Desça flexionando os cotovelos até uma amplitude confortável para os ombros. Empurre as barras para retornar, mantendo o peito ativo e evitando balanço."
"C:\Users\bruno\Downloads\Exercicios renomeados\Paralelas assistidas para peitoral - variação 2","Paralelas assistidas para peitoral - variação 2","Quedas no peito","Quedas no peito.gif","paralelas_assistidas_para_peitoral_variacao_2.gif","paralelas_assistidas_para_peitoral_variacao_2.gif","Peito","Sem aparelhos | Casa","Apoie-se nas barras e incline levemente o tronco à frente. Desça flexionando os cotovelos até uma amplitude confortável para os ombros. Empurre as barras para retornar, mantendo o peito ativo e evitando balanço."
"C:\Users\bruno\Downloads\Exercicios renomeados\Paralelas para peitoral","Paralelas para peitoral","Paralelas para peitoral na máquina","peitoral/Paralelas para peitoral na máquina.gif","paralelas_para_peitoral.gif","paralelas_para_peitoral.gif","Peito","Tríceps | Academia","Apoie-se nas barras paralelas com os braços estendidos e incline levemente o tronco à frente. Flexione os cotovelos para descer até uma amplitude confortável, mantendo o peito aberto. Empurre as barras para subir novamente sem deixar os ombros avançarem excessivamente."
"C:\Users\bruno\Downloads\Exercicios renomeados\Paralelas para peitoral assistida","Paralelas para peitoral assistida","Paralelas para peitoral assistida","peitoral/Paralelas para peitoral assistida.gif","paralelas_para_peitoral_assistida.gif","paralelas_para_peitoral_assistida.gif","Peito","Tríceps | Máquina | Academia","Ajoelhe-se ou apoie-se na plataforma de assistência e segure as barras paralelas. Incline levemente o tronco à frente, flexione os cotovelos e desça o corpo de forma controlada. Empurre as barras para voltar à posição inicial, mantendo ombros e escápulas estáveis."
"C:\Users\bruno\Downloads\Exercicios renomeados\Passo lateral rápido","Passo lateral rápido","Passo de velocidade lateral","Passo de velocidade lateral.gif","passo_lateral_rapido.gif","passo_lateral_rapido.gif","Cardio","Sem aparelhos | Casa | Corpo inteiro","Mantenha o tronco ereto, olhar à frente e braços coordenados com as pernas. Execute as passadas ou deslocamentos no padrão mostrado, apoiando os pés com controle e mantendo um ritmo que permita conservar a técnica."
"C:\Users\bruno\Downloads\Exercicios renomeados\Patinador","Patinador","Patinador","Patinador.gif","patinador.gif","patinador.gif","Cardio","Sem aparelhos | Casa | Corpo inteiro","Realize Patinador em ritmo contínuo, mantendo postura estável e respiração regular. Ajuste a velocidade para conseguir repetir o movimento com boa coordenação durante toda a série."
"C:\Users\bruno\Downloads\Exercicios renomeados\Pilates Teaser","Pilates Teaser","Pilates teaser","Pilates teaser.gif","pilates_teaser.gif","pilates_teaser.gif","Abdômen/Core","Sem aparelhos | Casa","Mantenha o abdômen contraído e a lombar controlada. Aproxime tronco e pernas conforme a variação mostrada, soltando o ar na fase de maior contração. Retorne lentamente, sem usar impulso do pescoço ou dos braços."
"C:\Users\bruno\Downloads\Exercicios renomeados\Polichinelo","Polichinelo","Macaco de salto","Macaco de salto.gif","polichinelo.gif","polichinelo.gif","Cardio","Sem aparelhos | Casa | Corpo inteiro","Comece em pé com pés juntos e braços ao lado do corpo. Salte abrindo as pernas enquanto eleva ou abre os braços conforme a variação mostrada. Salte novamente para retornar, aterrissando de forma suave e mantendo ritmo contínuo."
"C:\Users\bruno\Downloads\Exercicios renomeados\Polichinelo com braços na lateral","Polichinelo com braços na lateral","Montado em saltos","Montado em saltos.gif","polichinelo_com_bracos_na_lateral.gif","polichinelo_com_bracos_na_lateral.gif","Cardio","Sem aparelhos | Casa | Corpo inteiro","Comece em pé com pés juntos e braços ao lado do corpo. Salte abrindo as pernas enquanto eleva ou abre os braços conforme a variação mostrada. Salte novamente para retornar, aterrissando de forma suave e mantendo ritmo contínuo."
"C:\Users\bruno\Downloads\Exercicios renomeados\Polichinelo em passada","Polichinelo em passada","Tomadas divididas","Tomadas divididas.gif","polichinelo_em_passada.gif","polichinelo_em_passada.gif","Cardio","Sem aparelhos | Casa | Corpo inteiro","Comece em pé com pés juntos e braços ao lado do corpo. Salte abrindo as pernas enquanto eleva ou abre os braços conforme a variação mostrada. Salte novamente para retornar, aterrissando de forma suave e mantendo ritmo contínuo."
"C:\Users\bruno\Downloads\Exercicios renomeados\Polichinelo pliométrico","Polichinelo pliométrico","Macacos plyo","Macacos plyo.gif","polichinelo_pliometrico.gif","polichinelo_pliometrico.gif","Cardio","Sem aparelhos | Casa | Corpo inteiro","Comece em pé com pés juntos e braços ao lado do corpo. Salte abrindo as pernas enquanto eleva ou abre os braços conforme a variação mostrada. Salte novamente para retornar, aterrissando de forma suave e mantendo ritmo contínuo."
"C:\Users\bruno\Downloads\Exercicios renomeados\Ponte de glúteos","Ponte de glúteos","Ponte de glúteos","Ponte de glúteos.gif","ponte_de_gluteos.gif","ponte_de_gluteos.gif","Glúteos","Sem aparelhos | Casa","Apoie os pés com firmeza e mantenha os joelhos alinhados. Contraia o abdômen e eleve o quadril apertando os glúteos até alinhar tronco e coxas. Evite hiperestender a lombar e desça o quadril lentamente."
"C:\Users\bruno\Downloads\Exercicios renomeados\Ponte de glúteos com abdução","Ponte de glúteos com abdução","Ponte de abdução do quadril","Ponte de abdução do quadril.gif","ponte_de_gluteos_com_abducao.gif","ponte_de_gluteos_com_abducao.gif","Glúteos","Quadril | Sem aparelhos | Casa","Apoie os pés com firmeza e mantenha os joelhos alinhados. Contraia o abdômen e eleve o quadril apertando os glúteos até alinhar tronco e coxas. Evite hiperestender a lombar e desça o quadril lentamente."
"C:\Users\bruno\Downloads\Exercicios renomeados\Ponte de glúteos com barra","Ponte de glúteos com barra","Ponte de glúteos com barra","Ponte de glúteos com barra.gif","ponte_de_gluteos_com_barra.gif","ponte_de_gluteos_com_barra.gif","Glúteos","Barra | Academia","Apoie os pés com firmeza e mantenha os joelhos alinhados. Contraia o abdômen e eleve o quadril apertando os glúteos até alinhar tronco e coxas. Evite hiperestender a lombar e desça o quadril lentamente."
"C:\Users\bruno\Downloads\Exercicios renomeados\Ponte de glúteos com elástico","Ponte de glúteos com elástico","Ponte de glúteos com elástico","Ponte de glúteos com elástico.gif","ponte_de_gluteos_com_elastico.gif","ponte_de_gluteos_com_elastico.gif","Glúteos","Elástico | Academia","Apoie os pés com firmeza e mantenha os joelhos alinhados. Contraia o abdômen e eleve o quadril apertando os glúteos até alinhar tronco e coxas. Evite hiperestender a lombar e desça o quadril lentamente."
"C:\Users\bruno\Downloads\Exercicios renomeados\Ponte de glúteos com halteres","Ponte de glúteos com halteres","Ponte de glúteos com halteres","Ponte de glúteos com halteres.gif","ponte_de_gluteos_com_halteres.gif","ponte_de_gluteos_com_halteres.gif","Glúteos","Halteres | Academia","Apoie os pés com firmeza e mantenha os joelhos alinhados. Contraia o abdômen e eleve o quadril apertando os glúteos até alinhar tronco e coxas. Evite hiperestender a lombar e desça o quadril lentamente."
"C:\Users\bruno\Downloads\Exercicios renomeados\Ponte de glúteos com peso","Ponte de glúteos com peso","Resistance band elevação pélvica","glúteos-/Resistance band elevação pélvica.gif","ponte_de_gluteos_com_peso.gif","ponte_de_gluteos_com_peso.gif","Glúteos","Academia","Deite-se de costas com os joelhos flexionados e os pés apoiados. Empurre o chão com os pés e eleve o quadril até alinhar joelhos, quadris e tronco, contraindo os glúteos. Desça lentamente até perto do chão e repita sem arquear a lombar."
"C:\Users\bruno\Downloads\Exercicios renomeados\Ponte de glúteos com pés no banco","Ponte de glúteos com pés no banco","Ponte de glúteos no banco","Ponte de glúteos no banco.gif","ponte_de_gluteos_com_pes_no_banco.gif","ponte_de_gluteos_com_pes_no_banco.gif","Glúteos","Banco | Academia","Apoie os pés com firmeza e mantenha os joelhos alinhados. Contraia o abdômen e eleve o quadril apertando os glúteos até alinhar tronco e coxas. Evite hiperestender a lombar e desça o quadril lentamente."
"C:\Users\bruno\Downloads\Exercicios renomeados\Ponte de glúteos no chão","Ponte de glúteos no chão","Low na polia tricep kickback","glúteos-/Low na polia tricep kickback.gif","ponte_de_gluteos_no_chao.gif","ponte_de_gluteos_no_chao.gif","Glúteos","Casa | Sem aparelhos","Deite-se de costas com os joelhos flexionados e os pés apoiados. Empurre o chão com os pés e eleve o quadril até alinhar joelhos, quadris e tronco, contraindo os glúteos. Desça lentamente até perto do chão e repita sem arquear a lombar."
"C:\Users\bruno\Downloads\Exercicios renomeados\Ponte lateral","Ponte lateral","Ponte lateral","Ponte lateral.gif","ponte_lateral.gif","ponte_lateral.gif","Abdômen/Core","Sem aparelhos | Casa","Apoie mãos ou antebraços conforme a variação e mantenha cabeça, tronco e quadril alinhados. Contraia abdômen e glúteos para estabilizar a lombar. Execute o movimento adicional mostrado sem perder o alinhamento do corpo."
"C:\Users\bruno\Downloads\Exercicios renomeados\Ponte lateral com abdução de quadril","Ponte lateral com abdução de quadril","Ponte lateral abdução do quadril","Ponte lateral abdução do quadril.gif","ponte_lateral_com_abducao_de_quadril.gif","ponte_lateral_com_abducao_de_quadril.gif","Abdômen/Core","Sem aparelhos | Casa","Apoie mãos ou antebraços conforme a variação e mantenha cabeça, tronco e quadril alinhados. Contraia abdômen e glúteos para estabilizar a lombar. Execute o movimento adicional mostrado sem perder o alinhamento do corpo."
"C:\Users\bruno\Downloads\Exercicios renomeados\Ponte reversa com elevação de perna","Ponte reversa com elevação de perna","Em pé twist na máquina - Variação 2","abdominais/Em pé twist na máquina - Variação 2.gif","ponte_reversa_com_elevacao_de_perna.gif","ponte_reversa_com_elevacao_de_perna.gif","Abdômen/Core","Sem aparelhos | Casa","Estabilize o tronco para executar Ponte reversa com elevação de perna. Mantenha o abdômen ativo durante toda a repetição e realize a trajetória mostrada sem usar balanço excessivo. Retorne à posição inicial de forma lenta e controlada."
"C:\Users\bruno\Downloads\Exercicios renomeados\Ponte unilateral","Ponte unilateral","Ponte de perna única","Ponte de perna única.gif","ponte_unilateral.gif","ponte_unilateral.gif","Glúteos","Sem aparelhos | Casa","Apoie os pés com firmeza e mantenha os joelhos alinhados. Contraia o abdômen e eleve o quadril apertando os glúteos até alinhar tronco e coxas. Evite hiperestender a lombar e desça o quadril lentamente."
"C:\Users\bruno\Downloads\Exercicios renomeados\Ponte unilateral (Yoga)","Ponte unilateral (Yoga)","Eka pada setu bandha sarvangasana","Eka pada setu bandha sarvangasana.gif","ponte_unilateral_yoga.gif","ponte_unilateral_yoga.gif","Alongamento","Sem aparelhos | Casa","Entre na posição de Ponte unilateral (Yoga) de forma controlada. Ajuste o corpo até sentir um alongamento confortável na região trabalhada, mantenha a respiração normal e evite rebotes. Retorne lentamente e repita do outro lado quando necessário."
"C:\Users\bruno\Downloads\Exercicios renomeados\Ponte unilateral com elástico","Ponte unilateral com elástico","Ponte de glúteo de perna única com elástico","Ponte de glúteo de perna única com elástico.gif","ponte_unilateral_com_elastico.gif","ponte_unilateral_com_elastico.gif","Glúteos","Elástico | Academia","Apoie os pés com firmeza e mantenha os joelhos alinhados. Contraia o abdômen e eleve o quadril apertando os glúteos até alinhar tronco e coxas. Evite hiperestender a lombar e desça o quadril lentamente."
"C:\Users\bruno\Downloads\Exercicios renomeados\Ponte unilateral com perna estendida","Ponte unilateral com perna estendida","Ponte unilateral","Ponte unilateral.gif","ponte_unilateral_com_perna_estendida.gif","ponte_unilateral_com_perna_estendida.gif","Glúteos","Sem aparelhos | Casa","Apoie os pés com firmeza e mantenha os joelhos alinhados. Contraia o abdômen e eleve o quadril apertando os glúteos até alinhar tronco e coxas. Evite hiperestender a lombar e desça o quadril lentamente."
"C:\Users\bruno\Downloads\Exercicios renomeados\Ponte unilateral com pé no banco","Ponte unilateral com pé no banco","Ponte de glúteos uma perna no banco","Ponte de glúteos uma perna no banco.gif","ponte_unilateral_com_pe_no_banco.gif","ponte_unilateral_com_pe_no_banco.gif","Glúteos","Banco | Academia","Apoie os pés com firmeza e mantenha os joelhos alinhados. Contraia o abdômen e eleve o quadril apertando os glúteos até alinhar tronco e coxas. Evite hiperestender a lombar e desça o quadril lentamente."
"C:\Users\bruno\Downloads\Exercicios renomeados\Postura da borboleta","Postura da borboleta","Postura da borboleta badhakonasana","Postura da borboleta badhakonasana.gif","postura_da_borboleta.gif","postura_da_borboleta.gif","Alongamento","Sem aparelhos | Casa","Assuma a posição mostrada e desloque o quadril lentamente até sentir a região do quadril ou a parte interna da coxa alongar. Mantenha a coluna organizada, evite rebotes e respeite uma amplitude confortável. Retorne com controle."
"C:\Users\bruno\Downloads\Exercicios renomeados\Postura da criança","Postura da criança","Postura da criança balasana","Postura da criança balasana.gif","postura_da_crianca.gif","postura_da_crianca.gif","Alongamento","Sem aparelhos | Casa","Entre na posição de Postura da criança de forma controlada. Ajuste o corpo até sentir um alongamento confortável na região trabalhada, mantenha a respiração normal e evite rebotes. Retorne lentamente e repita do outro lado quando necessário."
"C:\Users\bruno\Downloads\Exercicios renomeados\Postura da criança para cobra","Postura da criança para cobra","Postura da criança para postura de cobra","Postura da criança para postura de cobra.gif","postura_da_crianca_para_cobra.gif","postura_da_crianca_para_cobra.gif","Alongamento","Costas | Sem aparelhos | Casa","Deite-se de bruços e apoie as mãos ou os antebraços no chão. Eleve o peito gradualmente, mantendo a pelve apoiada e os ombros afastados das orelhas. Sustente uma amplitude confortável e retorne devagar."
"C:\Users\bruno\Downloads\Exercicios renomeados\Postura da ponte","Postura da ponte","Postura da ponte","Postura da ponte.gif","postura_da_ponte.gif","postura_da_ponte.gif","Alongamento","Sem aparelhos | Casa","Entre na posição de Postura da ponte de forma controlada. Ajuste o corpo até sentir um alongamento confortável na região trabalhada, mantenha a respiração normal e evite rebotes. Retorne lentamente e repita do outro lado quando necessário."
"C:\Users\bruno\Downloads\Exercicios renomeados\Postura da roda","Postura da roda","Postura da roda urdhva dhanurasana","Postura da roda urdhva dhanurasana.gif","postura_da_roda.gif","postura_da_roda.gif","Alongamento","Sem aparelhos | Casa","Entre na posição de Postura da roda de forma controlada. Ajuste o corpo até sentir um alongamento confortável na região trabalhada, mantenha a respiração normal e evite rebotes. Retorne lentamente e repita do outro lado quando necessário."
"C:\Users\bruno\Downloads\Exercicios renomeados\Postura da vaca","Postura da vaca","Postura da vaca bitilasana","Postura da vaca bitilasana.gif","postura_da_vaca.gif","postura_da_vaca.gif","Alongamento","Sem aparelhos | Casa","Entre na posição de Postura da vaca de forma controlada. Ajuste o corpo até sentir um alongamento confortável na região trabalhada, mantenha a respiração normal e evite rebotes. Retorne lentamente e repita do outro lado quando necessário."
"C:\Users\bruno\Downloads\Exercicios renomeados\Postura da águia","Postura da águia","Postura de águia garudasana","Postura de águia garudasana.gif","postura_da_aguia.gif","postura_da_aguia.gif","Alongamento","Sem aparelhos | Casa","Entre na posição de Postura da águia de forma controlada. Ajuste o corpo até sentir um alongamento confortável na região trabalhada, mantenha a respiração normal e evite rebotes. Retorne lentamente e repita do outro lado quando necessário."
"C:\Users\bruno\Downloads\Exercicios renomeados\Postura de mesa em equilíbrio","Postura de mesa em equilíbrio","Dandayamana bharmanasana postura de mesa de equilíbrio","Dandayamana bharmanasana postura de mesa de equilíbrio.gif","postura_de_mesa_em_equilibrio.gif","postura_de_mesa_em_equilibrio.gif","Alongamento","Sem aparelhos | Casa","Entre na posição de Postura de mesa em equilíbrio de forma controlada. Ajuste o corpo até sentir um alongamento confortável na região trabalhada, mantenha a respiração normal e evite rebotes. Retorne lentamente e repita do outro lado quando necessário."
"C:\Users\bruno\Downloads\Exercicios renomeados\Postura do arco","Postura do arco","Postura de arco","Postura de arco.gif","postura_do_arco.gif","postura_do_arco.gif","Alongamento","Sem aparelhos | Casa","Entre na posição de Postura do arco de forma controlada. Ajuste o corpo até sentir um alongamento confortável na região trabalhada, mantenha a respiração normal e evite rebotes. Retorne lentamente e repita do outro lado quando necessário."
"C:\Users\bruno\Downloads\Exercicios renomeados\Postura do peixe","Postura do peixe","Postura de peixe","Postura de peixe.gif","postura_do_peixe.gif","postura_do_peixe.gif","Alongamento","Sem aparelhos | Casa","Entre na posição de Postura do peixe de forma controlada. Ajuste o corpo até sentir um alongamento confortável na região trabalhada, mantenha a respiração normal e evite rebotes. Retorne lentamente e repita do outro lado quando necessário."
"C:\Users\bruno\Downloads\Exercicios renomeados\Postura do sapo para arco","Postura do sapo para arco","Postura do sapo bhekasana - Postura de arco de balanço dhanurasana","Postura do sapo bhekasana - Postura de arco de balanço dhanurasana.gif","postura_do_sapo_para_arco.gif","postura_do_sapo_para_arco.gif","Alongamento","Sem aparelhos | Casa","Assuma a posição mostrada e desloque o quadril lentamente até sentir a região do quadril ou a parte interna da coxa alongar. Mantenha a coluna organizada, evite rebotes e respeite uma amplitude confortável. Retorne com controle."
"C:\Users\bruno\Downloads\Exercicios renomeados\Postura do sapo para arco - variação 2","Postura do sapo para arco - variação 2","Postura do sapo bhekasana - Postura de arco de balanço dhanurasana - Variação 2","Postura do sapo bhekasana - Postura de arco de balanço dhanurasana - Variação 2.gif","postura_do_sapo_para_arco_variacao_2.gif","postura_do_sapo_para_arco_variacao_2.gif","Alongamento","Sem aparelhos | Casa","Assuma a posição mostrada e desloque o quadril lentamente até sentir a região do quadril ou a parte interna da coxa alongar. Mantenha a coluna organizada, evite rebotes e respeite uma amplitude confortável. Retorne com controle."
"C:\Users\bruno\Downloads\Exercicios renomeados\Postura do tigre","Postura do tigre","Postura de ioga do tigre","Postura de ioga do tigre.gif","postura_do_tigre.gif","postura_do_tigre.gif","Alongamento","Sem aparelhos | Casa","Entre na posição de Postura do tigre de forma controlada. Ajuste o corpo até sentir um alongamento confortável na região trabalhada, mantenha a respiração normal e evite rebotes. Retorne lentamente e repita do outro lado quando necessário."
"C:\Users\bruno\Downloads\Exercicios renomeados\Postura do ângulo reto","Postura do ângulo reto","Postura de ângulo reto samakonasana","Postura de ângulo reto samakonasana.gif","postura_do_angulo_reto.gif","postura_do_angulo_reto.gif","Alongamento","Sem aparelhos | Casa","Entre na posição de Postura do ângulo reto de forma controlada. Ajuste o corpo até sentir um alongamento confortável na região trabalhada, mantenha a respiração normal e evite rebotes. Retorne lentamente e repita do outro lado quando necessário."
"C:\Users\bruno\Downloads\Exercicios renomeados\Power clean com barra","Power clean com barra","Power clean","Power clean.gif","power_clean_com_barra.gif","power_clean_com_barra.gif","Corpo inteiro","Barra | Academia","Inicie com postura firme, abdômen ativo e a carga próxima ao corpo. Gere força com pernas e quadril e conduza a carga pela trajetória mostrada até a posição final. Estabilize o peso antes de retornar e controle cada etapa do movimento."
"C:\Users\bruno\Downloads\Exercicios renomeados\Power clean com halteres","Power clean com halteres","Power clean com halteres","Power clean com halteres.gif","power_clean_com_halteres.gif","power_clean_com_halteres.gif","Corpo inteiro","Halteres | Academia","Inicie com postura firme, abdômen ativo e a carga próxima ao corpo. Gere força com pernas e quadril e conduza a carga pela trajetória mostrada até a posição final. Estabilize o peso antes de retornar e controle cada etapa do movimento."
"C:\Users\bruno\Downloads\Exercicios renomeados\Power snatch","Power snatch","Snatch de poder","Snatch de poder.gif","power_snatch.gif","power_snatch.gif","Corpo inteiro","Sem aparelhos | Casa","Inicie com postura firme, abdômen ativo e a carga próxima ao corpo. Gere força com pernas e quadril e conduza a carga pela trajetória mostrada até a posição final. Estabilize o peso antes de retornar e controle cada etapa do movimento."
"C:\Users\bruno\Downloads\Exercicios renomeados\Prancha","Prancha","Prancha","Prancha.gif","prancha.gif","prancha.gif","Abdômen/Core","Sem aparelhos | Casa","Apoie mãos ou antebraços conforme a variação e mantenha cabeça, tronco e quadril alinhados. Contraia abdômen e glúteos para estabilizar a lombar. Execute o movimento adicional mostrado sem perder o alinhamento do corpo."
"C:\Users\bruno\Downloads\Exercicios renomeados\Prancha alta com elevação de perna","Prancha alta com elevação de perna","Pose de caranguejo - Variação 3","abdominais/Pose de caranguejo - Variação 3.gif","prancha_alta_com_elevacao_de_perna.gif","prancha_alta_com_elevacao_de_perna.gif","Abdômen/Core","Sem aparelhos | Casa","Apoie mãos ou antebraços conforme a variação e mantenha cabeça, tronco e quadril alinhados. Contraia abdômen e glúteos para estabilizar a lombar. Execute o movimento adicional mostrado sem perder o alinhamento do corpo."
"C:\Users\bruno\Downloads\Exercicios renomeados\Prancha aranha","Prancha aranha","Prancha joelho a cotovelo - Prancha de aranha","Prancha joelho a cotovelo - Prancha de aranha.gif","prancha_aranha.gif","prancha_aranha.gif","Abdômen/Core","Sem aparelhos | Casa","Apoie mãos ou antebraços conforme a variação e mantenha cabeça, tronco e quadril alinhados. Contraia abdômen e glúteos para estabilizar a lombar. Execute o movimento adicional mostrado sem perder o alinhamento do corpo."
"C:\Users\bruno\Downloads\Exercicios renomeados\Prancha baixa","Prancha baixa","Sentado flutter kick","abdominais/Sentado flutter kick.gif","prancha_baixa.gif","prancha_baixa.gif","Abdômen/Core","Sem aparelhos | Casa","Apoie mãos ou antebraços conforme a variação e mantenha cabeça, tronco e quadril alinhados. Contraia abdômen e glúteos para estabilizar a lombar. Execute o movimento adicional mostrado sem perder o alinhamento do corpo."
"C:\Users\bruno\Downloads\Exercicios renomeados\Prancha baixa (Chaturanga)","Prancha baixa (Chaturanga)","Chaturanga dandasana postura de prancha baixa","Chaturanga dandasana postura de prancha baixa.gif","prancha_baixa_chaturanga.gif","prancha_baixa_chaturanga.gif","Abdômen/Core","Sem aparelhos | Casa","Apoie mãos ou antebraços conforme a variação e mantenha cabeça, tronco e quadril alinhados. Contraia abdômen e glúteos para estabilizar a lombar. Execute o movimento adicional mostrado sem perder o alinhamento do corpo."
"C:\Users\bruno\Downloads\Exercicios renomeados\Prancha baixa nos antebraços","Prancha baixa nos antebraços","Abdominal - Variação 2","abdominais/Abdominal - Variação 2.gif","prancha_baixa_nos_antebracos.gif","prancha_baixa_nos_antebracos.gif","Abdômen/Core","Sem aparelhos | Casa","Apoie mãos ou antebraços conforme a variação e mantenha cabeça, tronco e quadril alinhados. Contraia abdômen e glúteos para estabilizar a lombar. Execute o movimento adicional mostrado sem perder o alinhamento do corpo."
"C:\Users\bruno\Downloads\Exercicios renomeados\Prancha com abertura de pernas","Prancha com abertura de pernas","Macacos de prancha com perna estendida","Macacos de prancha com perna estendida.gif","prancha_com_abertura_de_pernas.gif","prancha_com_abertura_de_pernas.gif","Abdômen/Core","Sem aparelhos | Casa","Apoie mãos ou antebraços conforme a variação e mantenha cabeça, tronco e quadril alinhados. Contraia abdômen e glúteos para estabilizar a lombar. Execute o movimento adicional mostrado sem perder o alinhamento do corpo."
"C:\Users\bruno\Downloads\Exercicios renomeados\Prancha com elevação alternada de braço e perna","Prancha com elevação alternada de braço e perna","Prancha frontal com elevação de braços e pernas","Prancha frontal com elevação de braços e pernas.gif","prancha_com_elevacao_alternada_de_braco_e_perna.gif","prancha_com_elevacao_alternada_de_braco_e_perna.gif","Abdômen/Core","Sem aparelhos | Casa","Apoie mãos ou antebraços conforme a variação e mantenha cabeça, tronco e quadril alinhados. Contraia abdômen e glúteos para estabilizar a lombar. Execute o movimento adicional mostrado sem perder o alinhamento do corpo."
"C:\Users\bruno\Downloads\Exercicios renomeados\Prancha com elevação alternada de perna","Prancha com elevação alternada de perna","Pose de caranguejo - Variação 2","abdominais/Pose de caranguejo - Variação 2.gif","prancha_com_elevacao_alternada_de_perna.gif","prancha_com_elevacao_alternada_de_perna.gif","Abdômen/Core","Sem aparelhos | Casa","Apoie mãos ou antebraços conforme a variação e mantenha cabeça, tronco e quadril alinhados. Contraia abdômen e glúteos para estabilizar a lombar. Execute o movimento adicional mostrado sem perder o alinhamento do corpo."
"C:\Users\bruno\Downloads\Exercicios renomeados\Prancha com elevação de braço","Prancha com elevação de braço","Prancha frontal com elevação de braço","Prancha frontal com elevação de braço.gif","prancha_com_elevacao_de_braco.gif","prancha_com_elevacao_de_braco.gif","Abdômen/Core","Sem aparelhos | Casa","Apoie mãos ou antebraços conforme a variação e mantenha cabeça, tronco e quadril alinhados. Contraia abdômen e glúteos para estabilizar a lombar. Execute o movimento adicional mostrado sem perder o alinhamento do corpo."
"C:\Users\bruno\Downloads\Exercicios renomeados\Prancha com elevação de braço e perna","Prancha com elevação de braço e perna","Prancha com elevação de braços e pernas","Prancha com elevação de braços e pernas.gif","prancha_com_elevacao_de_braco_e_perna.gif","prancha_com_elevacao_de_braco_e_perna.gif","Abdômen/Core","Sem aparelhos | Casa","Apoie mãos ou antebraços conforme a variação e mantenha cabeça, tronco e quadril alinhados. Contraia abdômen e glúteos para estabilizar a lombar. Execute o movimento adicional mostrado sem perder o alinhamento do corpo."
"C:\Users\bruno\Downloads\Exercicios renomeados\Prancha com joelho ao cotovelo","Prancha com joelho ao cotovelo","Abdominal ponderada - Variação 5","abdominais/Abdominal ponderada - Variação 5.gif","prancha_com_joelho_ao_cotovelo.gif","prancha_com_joelho_ao_cotovelo.gif","Abdômen/Core","Sem aparelhos | Casa","Apoie mãos ou antebraços conforme a variação e mantenha cabeça, tronco e quadril alinhados. Contraia abdômen e glúteos para estabilizar a lombar. Execute o movimento adicional mostrado sem perder o alinhamento do corpo."
"C:\Users\bruno\Downloads\Exercicios renomeados\Prancha com joelhos na bola suíça","Prancha com joelhos na bola suíça","Na polia twisting em pé high remada","abdominais/Na polia twisting em pé high remada.gif","prancha_com_joelhos_na_bola_suica.gif","prancha_com_joelhos_na_bola_suica.gif","Abdômen/Core","Bola | Academia","Apoie mãos ou antebraços conforme a variação e mantenha cabeça, tronco e quadril alinhados. Contraia abdômen e glúteos para estabilizar a lombar. Execute o movimento adicional mostrado sem perder o alinhamento do corpo."
"C:\Users\bruno\Downloads\Exercicios renomeados\Prancha com peso","Prancha com peso","Prancha frontal com peso","Prancha frontal com peso.gif","prancha_com_peso.gif","prancha_com_peso.gif","Abdômen/Core","Sem aparelhos | Casa","Apoie mãos ou antebraços conforme a variação e mantenha cabeça, tronco e quadril alinhados. Contraia abdômen e glúteos para estabilizar a lombar. Execute o movimento adicional mostrado sem perder o alinhamento do corpo."
"C:\Users\bruno\Downloads\Exercicios renomeados\Prancha com toque no ombro","Prancha com toque no ombro","Abdominal ponderada - Variação 4","abdominais/Abdominal ponderada - Variação 4.gif","prancha_com_toque_no_ombro.gif","prancha_com_toque_no_ombro.gif","Abdômen/Core","Sem aparelhos | Casa","Apoie mãos ou antebraços conforme a variação e mantenha cabeça, tronco e quadril alinhados. Contraia abdômen e glúteos para estabilizar a lombar. Execute o movimento adicional mostrado sem perder o alinhamento do corpo."
"C:\Users\bruno\Downloads\Exercicios renomeados\Prancha frontal para lateral","Prancha frontal para lateral","Prancha da frente para o lado","Prancha da frente para o lado.gif","prancha_frontal_para_lateral.gif","prancha_frontal_para_lateral.gif","Abdômen/Core","Sem aparelhos | Casa","Apoie mãos ou antebraços conforme a variação e mantenha cabeça, tronco e quadril alinhados. Contraia abdômen e glúteos para estabilizar a lombar. Execute o movimento adicional mostrado sem perder o alinhamento do corpo."
"C:\Users\bruno\Downloads\Exercicios renomeados\Prancha lateral","Prancha lateral","High prancha","abdominais/High prancha.gif","prancha_lateral.gif","prancha_lateral.gif","Abdômen/Core","Sem aparelhos | Casa","Apoie mãos ou antebraços conforme a variação e mantenha cabeça, tronco e quadril alinhados. Contraia abdômen e glúteos para estabilizar a lombar. Execute o movimento adicional mostrado sem perder o alinhamento do corpo."
"C:\Users\bruno\Downloads\Exercicios renomeados\Prancha lateral com elevação de perna","Prancha lateral com elevação de perna","Abdominal - Variação 7","abdominais/Abdominal - Variação 7.gif","prancha_lateral_com_elevacao_de_perna.gif","prancha_lateral_com_elevacao_de_perna.gif","Abdômen/Core","Sem aparelhos | Casa","Apoie mãos ou antebraços conforme a variação e mantenha cabeça, tronco e quadril alinhados. Contraia abdômen e glúteos para estabilizar a lombar. Execute o movimento adicional mostrado sem perder o alinhamento do corpo."
"C:\Users\bruno\Downloads\Exercicios renomeados\Prancha lateral com elevação de quadril","Prancha lateral com elevação de quadril","High prancha - Variação 2","abdominais/High prancha - Variação 2.gif","prancha_lateral_com_elevacao_de_quadril.gif","prancha_lateral_com_elevacao_de_quadril.gif","Abdômen/Core","Sem aparelhos | Casa","Apoie mãos ou antebraços conforme a variação e mantenha cabeça, tronco e quadril alinhados. Contraia abdômen e glúteos para estabilizar a lombar. Execute o movimento adicional mostrado sem perder o alinhamento do corpo."
"C:\Users\bruno\Downloads\Exercicios renomeados\Prancha lateral com joelho ao cotovelo","Prancha lateral com joelho ao cotovelo","High prancha - Variação 3","abdominais/High prancha - Variação 3.gif","prancha_lateral_com_joelho_ao_cotovelo.gif","prancha_lateral_com_joelho_ao_cotovelo.gif","Abdômen/Core","Sem aparelhos | Casa","Apoie mãos ou antebraços conforme a variação e mantenha cabeça, tronco e quadril alinhados. Contraia abdômen e glúteos para estabilizar a lombar. Execute o movimento adicional mostrado sem perder o alinhamento do corpo."
"C:\Users\bruno\Downloads\Exercicios renomeados\Prancha lateral com rotação","Prancha lateral com rotação","Abdominal ponderada - Variação 6","abdominais/Abdominal ponderada - Variação 6.gif","prancha_lateral_com_rotacao.gif","prancha_lateral_com_rotacao.gif","Abdômen/Core","Sem aparelhos | Casa","Apoie mãos ou antebraços conforme a variação e mantenha cabeça, tronco e quadril alinhados. Contraia abdômen e glúteos para estabilizar a lombar. Execute o movimento adicional mostrado sem perder o alinhamento do corpo."
"C:\Users\bruno\Downloads\Exercicios renomeados\Prancha reversa","Prancha reversa","004_prancha_invertida","004_prancha_invertida.gif","prancha_reversa.gif","prancha_reversa.gif","Abdômen/Core","Sem aparelhos | Casa","Apoie mãos ou antebraços conforme a variação e mantenha cabeça, tronco e quadril alinhados. Contraia abdômen e glúteos para estabilizar a lombar. Execute o movimento adicional mostrado sem perder o alinhamento do corpo."
"C:\Users\bruno\Downloads\Exercicios renomeados\Prancha reversa - variação 2","Prancha reversa - variação 2","Prancha reversa","Prancha reversa.gif","prancha_reversa_variacao_2.gif","prancha_reversa_variacao_2.gif","Abdômen/Core","Sem aparelhos | Casa","Apoie mãos ou antebraços conforme a variação e mantenha cabeça, tronco e quadril alinhados. Contraia abdômen e glúteos para estabilizar a lombar. Execute o movimento adicional mostrado sem perder o alinhamento do corpo."
"C:\Users\bruno\Downloads\Exercicios renomeados\Pressão frontal com anilha","Pressão frontal com anilha","Imprensa","Imprensa.gif","pressao_frontal_com_anilha.gif","pressao_frontal_com_anilha.gif","Peito","Anilhas | Academia","Execute Pressão frontal com anilha mantendo as escápulas estáveis e o peito ativo. Movimente os braços pela trajetória mostrada, controlando a carga na ida e na volta."
"C:\Users\bruno\Downloads\Exercicios renomeados\Protração e retração escapular","Protração e retração escapular","Protração e retração escapular","Protração e retração escapular.gif","protracao_e_retracao_escapular.gif","protracao_e_retracao_escapular.gif","Mobilidade","Sem aparelhos | Casa","Mantenha o tronco estável e mova os braços ou as escápulas pela amplitude mostrada, sem compensar com a lombar. Faça o movimento de forma lenta e contínua, priorizando controle e amplitude confortável."
"C:\Users\bruno\Downloads\Exercicios renomeados\Pular corda","Pular corda","012_pular_corda","012_pular_corda.gif","pular_corda.gif","pular_corda.gif","Cardio","Corda | Academia | Corpo inteiro","Segure a corda ao lado do corpo e faça a rotação principalmente pelos punhos. Realize saltos baixos, aterrissando suavemente na parte anterior dos pés. Mantenha cotovelos próximos ao corpo e ritmo constante."
"C:\Users\bruno\Downloads\Exercicios renomeados\Pull-through no cabo","Pull-through no cabo","Passagem de cabo","Passagem de cabo.gif","pull_through_no_cabo.gif","pull_through_no_cabo.gif","Glúteos","Polia/Cabo | Academia","Fique de costas para a polia, segurando o cabo entre as pernas. Leve o quadril para trás com a coluna neutra e depois estenda-o, contraindo os glúteos. Mantenha os braços apenas como conexão com a carga e retorne com controle."
"C:\Users\bruno\Downloads\Exercicios renomeados\Pulldown com braços estendidos na polia","Pulldown com braços estendidos na polia","Inclinado na polia remada","costas-/Inclinado na polia remada.gif","pulldown_com_bracos_estendidos_na_polia.gif","pulldown_com_bracos_estendidos_na_polia.gif","Costas","Polia/Cabo","Fique de frente para a polia com o tronco levemente inclinado e os braços quase estendidos. Sem dobrar muito os cotovelos, puxe o pegador para baixo em direção às coxas, levando os ombros para baixo e para trás. Retorne devagar até os braços subirem novamente, mantendo o abdômen firme."
"C:\Users\bruno\Downloads\Exercicios renomeados\Pulldown com braços estendidos na polia com corda","Pulldown com braços estendidos na polia com corda","Rope straight arm puxada","costas-/Rope straight arm puxada.gif","pulldown_com_bracos_estendidos_na_polia_com_corda.gif","pulldown_com_bracos_estendidos_na_polia_com_corda.gif","Costas","Polia/Cabo","Fique de frente para a polia com o tronco levemente inclinado e os braços quase estendidos. Sem dobrar muito os cotovelos, puxe o pegador para baixo em direção às coxas, levando os ombros para baixo e para trás. Retorne devagar até os braços subirem novamente, mantendo o abdômen firme."
"C:\Users\bruno\Downloads\Exercicios renomeados\Pulldown unilateral com braço estendido na polia","Pulldown unilateral com braço estendido na polia","Na polia twisting em pé high remada - Variação 2","costas-/Na polia twisting em pé high remada - Variação 2.gif","pulldown_unilateral_com_braco_estendido_na_polia.gif","pulldown_unilateral_com_braco_estendido_na_polia.gif","Costas","Polia/Cabo","Fique de frente para a polia com o tronco levemente inclinado e os braços quase estendidos. Sem dobrar muito os cotovelos, puxe o pegador para baixo em direção às coxas, levando os ombros para baixo e para trás. Retorne devagar até os braços subirem novamente, mantendo o abdômen firme."
"C:\Users\bruno\Downloads\Exercicios renomeados\Pullover com barra no banco","Pullover com barra no banco","Remada da barra t - Variação 3","costas-/Remada da barra t - Variação 3.gif","pullover_com_barra_no_banco.gif","pullover_com_barra_no_banco.gif","Costas","Barra | Banco","Deite-se no banco e segure a barra acima do peito com os braços quase estendidos. Abaixe a barra em arco para trás da cabeça até uma amplitude confortável, mantendo os cotovelos apenas levemente flexionados. Use as costas para trazer a barra novamente à posição inicial, sem arquear excessivamente a lombar."
"C:\Users\bruno\Downloads\Exercicios renomeados\Pullover com barra no banco declinado","Pullover com barra no banco declinado","Remada da barra t - Variação 4","costas-/Remada da barra t - Variação 4.gif","pullover_com_barra_no_banco_declinado.gif","pullover_com_barra_no_banco_declinado.gif","Costas","Barra | Banco","Deite-se no banco e segure a barra acima do peito com os braços quase estendidos. Abaixe a barra em arco para trás da cabeça até uma amplitude confortável, mantendo os cotovelos apenas levemente flexionados. Use as costas para trazer a barra novamente à posição inicial, sem arquear excessivamente a lombar."
"C:\Users\bruno\Downloads\Exercicios renomeados\Pullover com halter no banco","Pullover com halter no banco","Com halteres seal remada","costas-/Com halteres seal remada.gif","pullover_com_halter_no_banco.gif","pullover_com_halter_no_banco.gif","Costas","Halteres | Banco","Deite-se no banco e segure o halter acima do peito com os cotovelos levemente flexionados. Leve o peso para trás da cabeça em arco até uma amplitude confortável, mantendo o tronco estável. Contraia as costas para trazer o halter novamente sobre o peito sem transformar o movimento em uma extensão de tríceps."
"C:\Users\bruno\Downloads\Exercicios renomeados\Pullover com halteres","Pullover com halteres","Pulôver com halteres","Pulôver com halteres.gif","pullover_com_halteres.gif","pullover_com_halteres.gif","Costas","Halteres | Academia","Mantenha o tronco estável e os braços levemente flexionados. Leve a carga para trás da cabeça com controle e depois puxe-a de volta, usando principalmente dorsais e cintura escapular. Evite arquear excessivamente a lombar."
"C:\Users\bruno\Downloads\Exercicios renomeados\Pullover com halteres na bola suíça","Pullover com halteres na bola suíça","Pulôver com halteres na bola suíça","Pulôver com halteres na bola suíça.gif","pullover_com_halteres_na_bola_suica.gif","pullover_com_halteres_na_bola_suica.gif","Costas","Halteres | Bola | Academia","Mantenha o tronco estável e os braços levemente flexionados. Leve a carga para trás da cabeça com controle e depois puxe-a de volta, usando principalmente dorsais e cintura escapular. Evite arquear excessivamente a lombar."
"C:\Users\bruno\Downloads\Exercicios renomeados\Pullover na polia deitado no banco","Pullover na polia deitado no banco","Inclinado com barra remada - Variação 2","costas-/Inclinado com barra remada - Variação 2.gif","pullover_na_polia_deitado_no_banco.gif","pullover_na_polia_deitado_no_banco.gif","Costas","Polia/Cabo | Banco","Deite-se no banco com a cabeça voltada para a polia e segure a barra ou pegador acima da cabeça. Mantendo os cotovelos quase estendidos, puxe o cabo em arco até a linha do peito ou quadril, conforme o GIF. Retorne lentamente até alongar as costas sem perder a estabilidade do tronco."
"C:\Users\bruno\Downloads\Exercicios renomeados\Push press com barra","Push press com barra","Pressione","Pressione.gif","push_press_com_barra.gif","push_press_com_barra.gif","Ombros","Barra | Tríceps | Academia","Comece com as mãos ou a carga na altura apropriada dos ombros e mantenha o abdômen ativo. Empurre para cima até estender os braços com controle. Desça de volta sem deixar os ombros subirem excessivamente em direção às orelhas."
"C:\Users\bruno\Downloads\Exercicios renomeados\Puxada alta meio ajoelhado","Puxada alta meio ajoelhado","Pulldown lat meio ajoelhado","Pulldown lat meio ajoelhado.gif","puxada_alta_meio_ajoelhado.gif","puxada_alta_meio_ajoelhado.gif","Costas","Bíceps | Sem aparelhos | Casa","Comece com a pegada firme e os ombros ativos. Puxe levando os cotovelos para baixo e para trás, elevando o corpo ou aproximando o pegador do tronco conforme a variação. Retorne com controle e evite balanço excessivo."
"C:\Users\bruno\Downloads\Exercicios renomeados\Puxada alta na polia","Puxada alta na polia","Lat pulldown","Lat pulldown.gif","puxada_alta_na_polia.gif","puxada_alta_na_polia.gif","Costas","Polia/Cabo | Bíceps | Academia","Comece com a pegada firme e os ombros ativos. Puxe levando os cotovelos para baixo e para trás, elevando o corpo ou aproximando o pegador do tronco conforme a variação. Retorne com controle e evite balanço excessivo."
"C:\Users\bruno\Downloads\Exercicios renomeados\Puxada cruzada na polia alta","Puxada cruzada na polia alta","Lever t bar remada","costas-/Lever t bar remada.gif","puxada_cruzada_na_polia_alta.gif","puxada_cruzada_na_polia_alta.gif","Costas","Polia/Cabo | Bíceps","Fique centralizado entre as polias altas e segure uma alça de cada lado, com os braços elevados e cruzados. Puxe os cotovelos para baixo e para trás até as mãos se aproximarem da linha dos ombros. Retorne lentamente à posição inicial mantendo o tronco estável e evitando usar impulso."
"C:\Users\bruno\Downloads\Exercicios renomeados\Puxada frontal cruzada no cabo","Puxada frontal cruzada no cabo","Tração frontal do cabo cruzado","Tração frontal do cabo cruzado.gif","puxada_frontal_cruzada_no_cabo.gif","puxada_frontal_cruzada_no_cabo.gif","Costas","Polia/Cabo | Bíceps | Academia","Comece com a pegada firme e os ombros ativos. Puxe levando os cotovelos para baixo e para trás, elevando o corpo ou aproximando o pegador do tronco conforme a variação. Retorne com controle e evite balanço excessivo."
"C:\Users\bruno\Downloads\Exercicios renomeados\Puxada frontal na máquina","Puxada frontal na máquina","Lever front puxada","costas-/Lever front puxada.gif","puxada_frontal_na_maquina.gif","puxada_frontal_na_maquina.gif","Costas","Máquina | Bíceps","Sente-se ou posicione-se firme diante da polia/máquina e segure o pegador com a pegada indicada. Puxe os cotovelos para baixo e para trás, trazendo o pegador em direção à parte superior do peito. Retorne lentamente até estender os braços, mantendo o peito aberto e evitando balanço do tronco."
"C:\Users\bruno\Downloads\Exercicios renomeados\Puxada frontal na polia com pegada fechada","Puxada frontal na polia com pegada fechada","Close grip lat puxada","costas-/Close grip lat puxada.gif","puxada_frontal_na_polia_com_pegada_fechada.gif","puxada_frontal_na_polia_com_pegada_fechada.gif","Costas","Polia/Cabo | Bíceps","Sente-se ou posicione-se firme diante da polia/máquina e segure o pegador com a pegada indicada. Puxe os cotovelos para baixo e para trás, trazendo o pegador em direção à parte superior do peito. Retorne lentamente até estender os braços, mantendo o peito aberto e evitando balanço do tronco."
"C:\Users\bruno\Downloads\Exercicios renomeados\Puxada frontal na polia com pegada supinada","Puxada frontal na polia com pegada supinada","Inverso lat puxada","costas-/Inverso lat puxada.gif","puxada_frontal_na_polia_com_pegada_supinada.gif","puxada_frontal_na_polia_com_pegada_supinada.gif","Costas","Polia/Cabo | Bíceps","Sente-se ou posicione-se firme diante da polia/máquina e segure o pegador com a pegada indicada. Puxe os cotovelos para baixo e para trás, trazendo o pegador em direção à parte superior do peito. Retorne lentamente até estender os braços, mantendo o peito aberto e evitando balanço do tronco."
"C:\Users\bruno\Downloads\Exercicios renomeados\Puxada na frente com pegada fechada","Puxada na frente com pegada fechada","Close grip lat puxada","exercícios-de-costas-/Close grip lat puxada.gif","puxada_na_frente_com_pegada_fechada.gif","puxada_na_frente_com_pegada_fechada.gif","Costas","Polia/Cabo | Academia","Sente-se na polia alta e segure o acessório com pegada fechada. Puxe-o em direção à parte superior do peito, levando os cotovelos para baixo e para trás. Retorne lentamente até estender os braços sem perder a posição do tronco."
"C:\Users\bruno\Downloads\Exercicios renomeados\Puxada por trás da cabeça na máquina","Puxada por trás da cabeça na máquina","Lever na polia rear puxada - Variação 2","costas-/Lever na polia rear puxada - Variação 2.gif","puxada_por_tras_da_cabeca_na_maquina.gif","puxada_por_tras_da_cabeca_na_maquina.gif","Costas","Máquina | Bíceps","Sente-se com o tronco ereto e segure a barra com a pegada indicada. Puxe a barra para baixo atrás da cabeça apenas até uma amplitude confortável, aproximando as escápulas e mantendo o movimento controlado. Suba a barra lentamente até estender os braços novamente; não force a posição dos ombros ou do pescoço."
"C:\Users\bruno\Downloads\Exercicios renomeados\Puxada por trás da cabeça na polia","Puxada por trás da cabeça na polia","Lever na polia rear puxada","costas-/Lever na polia rear puxada.gif","puxada_por_tras_da_cabeca_na_polia.gif","puxada_por_tras_da_cabeca_na_polia.gif","Costas","Polia/Cabo | Bíceps","Sente-se com o tronco ereto e segure a barra com a pegada indicada. Puxe a barra para baixo atrás da cabeça apenas até uma amplitude confortável, aproximando as escápulas e mantendo o movimento controlado. Suba a barra lentamente até estender os braços novamente; não force a posição dos ombros ou do pescoço."
"C:\Users\bruno\Downloads\Exercicios renomeados\Puxada por trás da cabeça na polia - Variação 2","Puxada por trás da cabeça na polia - Variação 2","Na polia rear puxada","costas-/Na polia rear puxada.gif","puxada_por_tras_da_cabeca_na_polia_variacao_2.gif","puxada_por_tras_da_cabeca_na_polia_variacao_2.gif","Costas","Polia/Cabo | Bíceps","Sente-se com o tronco ereto e segure a barra com a pegada indicada. Puxe a barra para baixo atrás da cabeça apenas até uma amplitude confortável, aproximando as escápulas e mantendo o movimento controlado. Suba a barra lentamente até estender os braços novamente; não force a posição dos ombros ou do pescoço."
"C:\Users\bruno\Downloads\Exercicios renomeados\Puxada por trás da cabeça na polia com pegada aberta","Puxada por trás da cabeça na polia com pegada aberta","Na polia rear puxada - Variação 2","costas-/Na polia rear puxada - Variação 2.gif","puxada_por_tras_da_cabeca_na_polia_com_pegada_aberta.gif","puxada_por_tras_da_cabeca_na_polia_com_pegada_aberta.gif","Costas","Polia/Cabo | Bíceps","Sente-se com o tronco ereto e segure a barra com a pegada indicada. Puxe a barra para baixo atrás da cabeça apenas até uma amplitude confortável, aproximando as escápulas e mantendo o movimento controlado. Suba a barra lentamente até estender os braços novamente; não force a posição dos ombros ou do pescoço."
"C:\Users\bruno\Downloads\Exercicios renomeados\Puxada unilateral ajoelhada na polia alta","Puxada unilateral ajoelhada na polia alta","Fileira de cabos sentado - Variação 5","costas-/Fileira de cabos sentado - Variação 5.gif","puxada_unilateral_ajoelhada_na_polia_alta.gif","puxada_unilateral_ajoelhada_na_polia_alta.gif","Costas","Polia/Cabo | Bíceps","Posicione-se conforme o GIF e segure uma alça da polia alta com o braço estendido. Mantendo o tronco firme, puxe o cotovelo para baixo em direção às costelas até contrair bem as costas. Retorne devagar até o braço estender novamente, sem elevar o ombro ou girar o corpo de forma excessiva."
"C:\Users\bruno\Downloads\Exercicios renomeados\Puxada unilateral meio ajoelhado na polia alta","Puxada unilateral meio ajoelhado na polia alta","Pulldown lat meio ajoelhado","costas-/Pulldown lat meio ajoelhado.gif","puxada_unilateral_meio_ajoelhado_na_polia_alta.gif","puxada_unilateral_meio_ajoelhado_na_polia_alta.gif","Costas","Polia/Cabo | Bíceps","Posicione-se conforme o GIF e segure uma alça da polia alta com o braço estendido. Mantendo o tronco firme, puxe o cotovelo para baixo em direção às costelas até contrair bem as costas. Retorne devagar até o braço estender novamente, sem elevar o ombro ou girar o corpo de forma excessiva."
"C:\Users\bruno\Downloads\Exercicios renomeados\Puxada unilateral na polia alta","Puxada unilateral na polia alta","Cabo um braço pulldown lat","Cabo um braço pulldown lat.gif","puxada_unilateral_na_polia_alta.gif","puxada_unilateral_na_polia_alta.gif","Costas","Polia/Cabo | Bíceps | Academia","Comece com a pegada firme e os ombros ativos. Puxe levando os cotovelos para baixo e para trás, elevando o corpo ou aproximando o pegador do tronco conforme a variação. Retorne com controle e evite balanço excessivo."
"C:\Users\bruno\Downloads\Exercicios renomeados\Puxada unilateral na polia alta - Variação 2","Puxada unilateral na polia alta - Variação 2","Cabo um braço pulldown lat - Variação 2","costas-/Cabo um braço pulldown lat - Variação 2.gif","puxada_unilateral_na_polia_alta_variacao_2.gif","puxada_unilateral_na_polia_alta_variacao_2.gif","Costas","Polia/Cabo | Bíceps","Posicione-se conforme o GIF e segure uma alça da polia alta com o braço estendido. Mantendo o tronco firme, puxe o cotovelo para baixo em direção às costelas até contrair bem as costas. Retorne devagar até o braço estender novamente, sem elevar o ombro ou girar o corpo de forma excessiva."
"C:\Users\bruno\Downloads\Exercicios renomeados\Puxada unilateral no cabo","Puxada unilateral no cabo","Cabo pulldown de um braço","Cabo pulldown de um braço.gif","puxada_unilateral_no_cabo.gif","puxada_unilateral_no_cabo.gif","Costas","Polia/Cabo | Bíceps | Academia","Comece com a pegada firme e os ombros ativos. Puxe levando os cotovelos para baixo e para trás, elevando o corpo ou aproximando o pegador do tronco conforme a variação. Retorne com controle e evite balanço excessivo."
"C:\Users\bruno\Downloads\Exercicios renomeados\Pêndulo de ombro","Pêndulo de ombro","Pêndulo de ombro","Pêndulo de ombro.gif","pendulo_de_ombro.gif","pendulo_de_ombro.gif","Mobilidade","Sem aparelhos | Casa","Mantenha o tronco estável e mova os braços ou as escápulas pela amplitude mostrada, sem compensar com a lombar. Faça o movimento de forma lenta e contínua, priorizando controle e amplitude confortável."
"C:\Users\bruno\Downloads\Exercicios renomeados\Remada ajoelhada na polia alta","Remada ajoelhada na polia alta","Remada de polia alta ajoelhada","Remada de polia alta ajoelhada.gif","remada_ajoelhada_na_polia_alta.gif","remada_ajoelhada_na_polia_alta.gif","Costas","Polia/Cabo | Bíceps | Academia","Mantenha o tronco firme e inicie puxando os cotovelos para trás. Traga a carga ou o pegador em direção ao tronco sem elevar os ombros, aproximando as escápulas no final. Retorne lentamente até os braços se estenderem."
"C:\Users\bruno\Downloads\Exercicios renomeados\Remada alta ajoelhada na polia com corda","Remada alta ajoelhada na polia com corda","Corda de remada de cabo alto meio ajoelhada","Corda de remada de cabo alto meio ajoelhada.gif","remada_alta_ajoelhada_na_polia_com_corda.gif","remada_alta_ajoelhada_na_polia_com_corda.gif","Ombros","Polia/Cabo | Academia","Mantenha o tronco firme e execute Remada alta ajoelhada na polia com corda movendo os braços pela trajetória mostrada. Evite balanço e elevação excessiva dos ombros e controle a fase de retorno."
"C:\Users\bruno\Downloads\Exercicios renomeados\Remada alta com barra","Remada alta com barra","Remada alta com barra","Remada alta com barra.gif","remada_alta_com_barra.gif","remada_alta_com_barra.gif","Ombros","Barra | Academia","Mantenha o tronco firme e execute Remada alta com barra movendo os braços pela trajetória mostrada. Evite balanço e elevação excessiva dos ombros e controle a fase de retorno."
"C:\Users\bruno\Downloads\Exercicios renomeados\Remada alta com barra EZ","Remada alta com barra EZ","Remada alta da barra ez","Remada alta da barra ez.gif","remada_alta_com_barra_ez.gif","remada_alta_com_barra_ez.gif","Ombros","Barra | Academia","Mantenha o tronco firme e execute Remada alta com barra EZ movendo os braços pela trajetória mostrada. Evite balanço e elevação excessiva dos ombros e controle a fase de retorno."
"C:\Users\bruno\Downloads\Exercicios renomeados\Remada alta com halteres","Remada alta com halteres","Levantamento de halteres","Levantamento de halteres.gif","remada_alta_com_halteres.gif","remada_alta_com_halteres.gif","Ombros","Halteres | Academia","Mantenha o tronco firme e execute Remada alta com halteres movendo os braços pela trajetória mostrada. Evite balanço e elevação excessiva dos ombros e controle a fase de retorno."
"C:\Users\bruno\Downloads\Exercicios renomeados\Remada alta com halteres - variação 2","Remada alta com halteres - variação 2","Remada alta com halteres","Remada alta com halteres.gif","remada_alta_com_halteres_variacao_2.gif","remada_alta_com_halteres_variacao_2.gif","Ombros","Halteres | Academia","Mantenha o tronco firme e execute Remada alta com halteres movendo os braços pela trajetória mostrada. Evite balanço e elevação excessiva dos ombros e controle a fase de retorno."
"C:\Users\bruno\Downloads\Exercicios renomeados\Remada alta com halteres - Variação 3","Remada alta com halteres - Variação 3","Remada alta da barra ez","trapézio-/Remada alta da barra ez.gif","remada_alta_com_halteres_variacao_3.gif","remada_alta_com_halteres_variacao_3.gif","Ombros","Halteres | Costas","Mantenha a coluna neutra e o tronco estável na posição mostrada. Puxe a carga em direção ao abdômen ou às costelas, levando os cotovelos para trás e aproximando as escápulas. Retorne lentamente até estender os braços, evitando impulso e movimentos bruscos do tronco."
"C:\Users\bruno\Downloads\Exercicios renomeados\Remada alta com halteres apoiado no banco inclinado","Remada alta com halteres apoiado no banco inclinado","Encolher de ombros inclinado com halteres - Variação 4","trapézio-/Encolher de ombros inclinado com halteres - Variação 4.gif","remada_alta_com_halteres_apoiado_no_banco_inclinado.gif","remada_alta_com_halteres_apoiado_no_banco_inclinado.gif","Costas","Halteres | Banco | Bíceps","Apoie o peito no banco conforme o GIF e deixe os braços estendidos com a carga. Puxe os cotovelos para trás trazendo a barra ou os halteres em direção ao banco, contraindo as costas. Desça lentamente até os braços estenderem novamente, mantendo o peito apoiado e o pescoço neutro."
"C:\Users\bruno\Downloads\Exercicios renomeados\Remada alta na máquina articulada","Remada alta na máquina articulada","Lever high remada","costas-/Lever high remada.gif","remada_alta_na_maquina_articulada.gif","remada_alta_na_maquina_articulada.gif","Costas","Máquina | Bíceps","Mantenha a coluna neutra e o tronco estável na posição mostrada. Puxe a carga em direção ao abdômen ou às costelas, levando os cotovelos para trás e aproximando as escápulas. Retorne lentamente até estender os braços, evitando impulso e movimentos bruscos do tronco."
"C:\Users\bruno\Downloads\Exercicios renomeados\Remada alta no cabo","Remada alta no cabo","Cabo vertical","Cabo vertical.gif","remada_alta_no_cabo.gif","remada_alta_no_cabo.gif","Ombros","Polia/Cabo | Academia","Mantenha o tronco firme e execute Remada alta no cabo movendo os braços pela trajetória mostrada. Evite balanço e elevação excessiva dos ombros e controle a fase de retorno."
"C:\Users\bruno\Downloads\Exercicios renomeados\Remada alta unilateral na polia","Remada alta unilateral na polia","Behind the back com barra encolhimento - Variação 2","trapézio-/Behind the back com barra encolhimento - Variação 2.gif","remada_alta_unilateral_na_polia.gif","remada_alta_unilateral_na_polia.gif","Ombros","Polia/Cabo | Costas","Ajuste o corpo e o apoio conforme o GIF, mantendo a coluna neutra. Com um braço, puxe a carga em direção ao quadril ou às costelas, levando o cotovelo para trás e aproximando a escápula. Abaixe ou solte o cabo lentamente até estender o braço e repita sem girar excessivamente o tronco."
"C:\Users\bruno\Downloads\Exercicios renomeados\Remada alta unilateral na polia em pé com rotação","Remada alta unilateral na polia em pé com rotação","Na polia twisting em pé high remada","costas-/Na polia twisting em pé high remada.gif","remada_alta_unilateral_na_polia_em_pe_com_rotacao.gif","remada_alta_unilateral_na_polia_em_pe_com_rotacao.gif","Costas","Polia/Cabo | Bíceps","Ajuste o corpo e o apoio conforme o GIF, mantendo a coluna neutra. Com um braço, puxe a carga em direção ao quadril ou às costelas, levando o cotovelo para trás e aproximando a escápula. Abaixe ou solte o cabo lentamente até estender o braço e repita sem girar excessivamente o tronco."
"C:\Users\bruno\Downloads\Exercicios renomeados\Remada com barra apoiado no banco inclinado","Remada com barra apoiado no banco inclinado","Inclinado com barra remada","costas-/Inclinado com barra remada.gif","remada_com_barra_apoiado_no_banco_inclinado.gif","remada_com_barra_apoiado_no_banco_inclinado.gif","Costas","Barra | Banco | Bíceps","Apoie o peito no banco conforme o GIF e deixe os braços estendidos com a carga. Puxe os cotovelos para trás trazendo a barra ou os halteres em direção ao banco, contraindo as costas. Desça lentamente até os braços estenderem novamente, mantendo o peito apoiado e o pescoço neutro."
"C:\Users\bruno\Downloads\Exercicios renomeados\Remada com halteres apoiado no banco inclinado","Remada com halteres apoiado no banco inclinado","Inclinado com halteres hammer remada","costas-/Inclinado com halteres hammer remada.gif","remada_com_halteres_apoiado_no_banco_inclinado.gif","remada_com_halteres_apoiado_no_banco_inclinado.gif","Costas","Halteres | Banco | Bíceps","Apoie o peito no banco conforme o GIF e deixe os braços estendidos com a carga. Puxe os cotovelos para trás trazendo a barra ou os halteres em direção ao banco, contraindo as costas. Desça lentamente até os braços estenderem novamente, mantendo o peito apoiado e o pescoço neutro."
"C:\Users\bruno\Downloads\Exercicios renomeados\Remada curvada com barra","Remada curvada com barra","Barra curvada sobre a remada","Barra curvada sobre a remada.gif","remada_curvada_com_barra.gif","remada_curvada_com_barra.gif","Costas","Barra | Bíceps | Academia","Mantenha o tronco firme e inicie puxando os cotovelos para trás. Traga a carga ou o pegador em direção ao tronco sem elevar os ombros, aproximando as escápulas no final. Retorne lentamente até os braços se estenderem."
"C:\Users\bruno\Downloads\Exercicios renomeados\Remada curvada com barra com pegada supinada","Remada curvada com barra com pegada supinada","Inverso grip com barra remada","costas-/Inverso grip com barra remada.gif","remada_curvada_com_barra_com_pegada_supinada.gif","remada_curvada_com_barra_com_pegada_supinada.gif","Costas","Barra | Bíceps","Mantenha a coluna neutra e o tronco estável na posição mostrada. Puxe a carga em direção ao abdômen ou às costelas, levando os cotovelos para trás e aproximando as escápulas. Retorne lentamente até estender os braços, evitando impulso e movimentos bruscos do tronco."
"C:\Users\bruno\Downloads\Exercicios renomeados\Remada curvada com elástico","Remada curvada com elástico","022_remada_curvada_com_elastico","022_remada_curvada_com_elastico.gif","remada_curvada_com_elastico.gif","remada_curvada_com_elastico.gif","Costas","Elástico | Bíceps | Academia","Mantenha o tronco firme e inicie puxando os cotovelos para trás. Traga a carga ou o pegador em direção ao tronco sem elevar os ombros, aproximando as escápulas no final. Retorne lentamente até os braços se estenderem."
"C:\Users\bruno\Downloads\Exercicios renomeados\Remada curvada com halteres","Remada curvada com halteres","Curvado sobre a remada com halteres","Curvado sobre a remada com halteres.gif","remada_curvada_com_halteres.gif","remada_curvada_com_halteres.gif","Costas","Halteres | Bíceps | Academia","Mantenha o tronco firme e inicie puxando os cotovelos para trás. Traga a carga ou o pegador em direção ao tronco sem elevar os ombros, aproximando as escápulas no final. Retorne lentamente até os braços se estenderem."
"C:\Users\bruno\Downloads\Exercicios renomeados\Remada curvada com halteres - Variação 2","Remada curvada com halteres - Variação 2","Curvado sobre a remada com halteres - Variação 2","costas-/Curvado sobre a remada com halteres - Variação 2.gif","remada_curvada_com_halteres_variacao_2.gif","remada_curvada_com_halteres_variacao_2.gif","Costas","Halteres | Bíceps","Mantenha a coluna neutra e o tronco estável na posição mostrada. Puxe a carga em direção ao abdômen ou às costelas, levando os cotovelos para trás e aproximando as escápulas. Retorne lentamente até estender os braços, evitando impulso e movimentos bruscos do tronco."
"C:\Users\bruno\Downloads\Exercicios renomeados\Remada curvada na máquina Smith","Remada curvada na máquina Smith","Smith na máquina bent over remada","costas-/Smith na máquina bent over remada.gif","remada_curvada_na_maquina_smith.gif","remada_curvada_na_maquina_smith.gif","Costas","Máquina | Bíceps","Mantenha a coluna neutra e o tronco estável na posição mostrada. Puxe a carga em direção ao abdômen ou às costelas, levando os cotovelos para trás e aproximando as escápulas. Retorne lentamente até estender os braços, evitando impulso e movimentos bruscos do tronco."
"C:\Users\bruno\Downloads\Exercicios renomeados\Remada curvada na polia baixa","Remada curvada na polia baixa","Medicine ball sit up throw","costas-/Medicine ball sit up throw.gif","remada_curvada_na_polia_baixa.gif","remada_curvada_na_polia_baixa.gif","Costas","Polia/Cabo | Bíceps","Mantenha a coluna neutra e o tronco estável na posição mostrada. Puxe a carga em direção ao abdômen ou às costelas, levando os cotovelos para trás e aproximando as escápulas. Retorne lentamente até estender os braços, evitando impulso e movimentos bruscos do tronco."
"C:\Users\bruno\Downloads\Exercicios renomeados\Remada inclinada 45° com halteres","Remada inclinada 45° com halteres","Remada inclinada de 45 graus","Remada inclinada de 45 graus.gif","remada_inclinada_45_com_halteres.gif","remada_inclinada_45_com_halteres.gif","Costas","Halteres | Bíceps | Academia","Mantenha o tronco firme e inicie puxando os cotovelos para trás. Traga a carga ou o pegador em direção ao tronco sem elevar os ombros, aproximando as escápulas no final. Retorne lentamente até os braços se estenderem."
"C:\Users\bruno\Downloads\Exercicios renomeados\Remada invertida","Remada invertida","Remada invertida","Remada invertida.gif","remada_invertida.gif","remada_invertida.gif","Costas","Bíceps | Sem aparelhos | Casa","Mantenha o tronco firme e inicie puxando os cotovelos para trás. Traga a carga ou o pegador em direção ao tronco sem elevar os ombros, aproximando as escápulas no final. Retorne lentamente até os braços se estenderem."
"C:\Users\bruno\Downloads\Exercicios renomeados\Remada invertida na mesa","Remada invertida na mesa","Remada invertida da tabela","Remada invertida da tabela.gif","remada_invertida_na_mesa.gif","remada_invertida_na_mesa.gif","Costas","Bíceps | Sem aparelhos | Casa","Mantenha o tronco firme e inicie puxando os cotovelos para trás. Traga a carga ou o pegador em direção ao tronco sem elevar os ombros, aproximando as escápulas no final. Retorne lentamente até os braços se estenderem."
"C:\Users\bruno\Downloads\Exercicios renomeados\Remada landmine com barra","Remada landmine com barra","Remada da barra t - Variação 2","costas-/Remada da barra t - Variação 2.gif","remada_landmine_com_barra.gif","remada_landmine_com_barra.gif","Costas","Barra | Bíceps","Mantenha a coluna neutra e o tronco estável na posição mostrada. Puxe a carga em direção ao abdômen ou às costelas, levando os cotovelos para trás e aproximando as escápulas. Retorne lentamente até estender os braços, evitando impulso e movimentos bruscos do tronco."
"C:\Users\bruno\Downloads\Exercicios renomeados\Remada landmine unilateral","Remada landmine unilateral","Remada landmine de um braço","Remada landmine de um braço.gif","remada_landmine_unilateral.gif","remada_landmine_unilateral.gif","Costas","Barra | Bíceps | Academia","Mantenha o tronco firme e inicie puxando os cotovelos para trás. Traga a carga ou o pegador em direção ao tronco sem elevar os ombros, aproximando as escápulas no final. Retorne lentamente até os braços se estenderem."
"C:\Users\bruno\Downloads\Exercicios renomeados\Remada na máquina com pegada supinada","Remada na máquina com pegada supinada","Inverso grip na máquina remada","costas-/Inverso grip na máquina remada.gif","remada_na_maquina_com_pegada_supinada.gif","remada_na_maquina_com_pegada_supinada.gif","Costas","Máquina | Bíceps","Mantenha a coluna neutra e o tronco estável na posição mostrada. Puxe a carga em direção ao abdômen ou às costelas, levando os cotovelos para trás e aproximando as escápulas. Retorne lentamente até estender os braços, evitando impulso e movimentos bruscos do tronco."
"C:\Users\bruno\Downloads\Exercicios renomeados\Remada na postura do barco (Yoga)","Remada na postura do barco (Yoga)","Nauka sanchalanasan remando na postura do barco","Nauka sanchalanasan remando na postura do barco.gif","remada_na_postura_do_barco_yoga.gif","remada_na_postura_do_barco_yoga.gif","Alongamento","Sem aparelhos | Casa","Entre na posição de Remada na postura do barco (Yoga) de forma controlada. Ajuste o corpo até sentir um alongamento confortável na região trabalhada, mantenha a respiração normal e evite rebotes. Retorne lentamente e repita do outro lado quando necessário."
"C:\Users\bruno\Downloads\Exercicios renomeados\Remada para deltoide posterior apoiada no banco inclinado","Remada para deltoide posterior apoiada no banco inclinado","Elevações laterais apoiadas no peito com halteres - Variação 2","ombros-/Elevações laterais apoiadas no peito com halteres - Variação 2.gif","remada_para_deltoide_posterior_apoiada_no_banco_inclinado.gif","remada_para_deltoide_posterior_apoiada_no_banco_inclinado.gif","Ombros","Banco | Academia","Mantenha o tronco inclinado e apoiado quando houver banco. Puxe o peso conduzindo os cotovelos abertos para os lados, em direção à linha dos ombros, enfatizando a parte posterior dos ombros. Desça lentamente sem girar o tronco."
"C:\Users\bruno\Downloads\Exercicios renomeados\Remada para deltoide posterior com halteres","Remada para deltoide posterior com halteres","Remada delt traseira com halteres","Remada delt traseira com halteres.gif","remada_para_deltoide_posterior_com_halteres.gif","remada_para_deltoide_posterior_com_halteres.gif","Ombros","Halteres | Academia","Mantenha o tronco estável e os cotovelos levemente flexionados. Abra os braços para os lados ou para trás conforme a trajetória mostrada, contraindo a parte posterior dos ombros sem encolher o trapézio. Retorne lentamente."
"C:\Users\bruno\Downloads\Exercicios renomeados\Remada para deltoide posterior com halteres sentado e inclinado","Remada para deltoide posterior com halteres sentado e inclinado","Prensa de ombro para máquina smith","ombros-/Prensa de ombro para máquina smith.gif","remada_para_deltoide_posterior_com_halteres_sentado_e_inclinado.gif","remada_para_deltoide_posterior_com_halteres_sentado_e_inclinado.gif","Ombros","Halteres | Banco | Academia","Mantenha o tronco inclinado e apoiado quando houver banco. Puxe o peso conduzindo os cotovelos abertos para os lados, em direção à linha dos ombros, enfatizando a parte posterior dos ombros. Desça lentamente sem girar o tronco."
"C:\Users\bruno\Downloads\Exercicios renomeados\Remada para deltoide posterior sentado com halteres","Remada para deltoide posterior sentado com halteres","Haltere sentado curvado sobre a remada delt traseira","Haltere sentado curvado sobre a remada delt traseira.gif","remada_para_deltoide_posterior_sentado_com_halteres.gif","remada_para_deltoide_posterior_sentado_com_halteres.gif","Ombros","Halteres | Academia","Mantenha o tronco estável e os cotovelos levemente flexionados. Abra os braços para os lados ou para trás conforme a trajetória mostrada, contraindo a parte posterior dos ombros sem encolher o trapézio. Retorne lentamente."
"C:\Users\bruno\Downloads\Exercicios renomeados\Remada renegade com halteres","Remada renegade com halteres","Flexão de braços to renegade remada","costas-/Flexão de braços to renegade remada.gif","remada_renegade_com_halteres.gif","remada_renegade_com_halteres.gif","Costas","Halteres | Bíceps","Comece em prancha alta apoiado sobre os halteres, com os pés afastados para dar estabilidade. Mantendo o quadril o mais parado possível, puxe um halter em direção às costelas e retorne ao chão. Alterne os lados sem girar excessivamente o tronco nem perder o alinhamento corporal."
"C:\Users\bruno\Downloads\Exercicios renomeados\Remada sentada na máquina com anilhas","Remada sentada na máquina com anilhas","Plate loaded sentado remada","costas-/Plate loaded sentado remada.gif","remada_sentada_na_maquina_com_anilhas.gif","remada_sentada_na_maquina_com_anilhas.gif","Costas","Máquina | Bíceps","Sente-se com os pés firmes, peito aberto e coluna neutra. Puxe o pegador em direção ao abdômen ou às costelas conduzindo os cotovelos para trás e aproximando as escápulas. Retorne de forma controlada até estender os braços sem arredondar excessivamente a lombar."
"C:\Users\bruno\Downloads\Exercicios renomeados\Remada sentada na polia baixa","Remada sentada na polia baixa","Fileira de cabos sentado - Variação 2","costas-/Fileira de cabos sentado - Variação 2.gif","remada_sentada_na_polia_baixa.gif","remada_sentada_na_polia_baixa.gif","Costas","Polia/Cabo | Bíceps","Sente-se com os pés firmes, peito aberto e coluna neutra. Puxe o pegador em direção ao abdômen ou às costelas conduzindo os cotovelos para trás e aproximando as escápulas. Retorne de forma controlada até estender os braços sem arredondar excessivamente a lombar."
"C:\Users\bruno\Downloads\Exercicios renomeados\Remada sentada na polia com pegada aberta","Remada sentada na polia com pegada aberta","Fileira de cabos sentado - Variação 3","costas-/Fileira de cabos sentado - Variação 3.gif","remada_sentada_na_polia_com_pegada_aberta.gif","remada_sentada_na_polia_com_pegada_aberta.gif","Costas","Polia/Cabo | Bíceps","Sente-se com os pés firmes, peito aberto e coluna neutra. Puxe o pegador em direção ao abdômen ou às costelas conduzindo os cotovelos para trás e aproximando as escápulas. Retorne de forma controlada até estender os braços sem arredondar excessivamente a lombar."
"C:\Users\bruno\Downloads\Exercicios renomeados\Remada sentada na polia com pegada neutra","Remada sentada na polia com pegada neutra","Fileira de cabos sentado","costas-/Fileira de cabos sentado.gif","remada_sentada_na_polia_com_pegada_neutra.gif","remada_sentada_na_polia_com_pegada_neutra.gif","Costas","Polia/Cabo | Bíceps","Sente-se com os pés firmes, peito aberto e coluna neutra. Puxe o pegador em direção ao abdômen ou às costelas conduzindo os cotovelos para trás e aproximando as escápulas. Retorne de forma controlada até estender os braços sem arredondar excessivamente a lombar."
"C:\Users\bruno\Downloads\Exercicios renomeados\Remada sentada no cabo","Remada sentada no cabo","Fileira de cabos sentado","Fileira de cabos sentado.gif","remada_sentada_no_cabo.gif","remada_sentada_no_cabo.gif","Costas","Polia/Cabo | Bíceps | Academia","Mantenha o tronco firme e inicie puxando os cotovelos para trás. Traga a carga ou o pegador em direção ao tronco sem elevar os ombros, aproximando as escápulas no final. Retorne lentamente até os braços se estenderem."
"C:\Users\bruno\Downloads\Exercicios renomeados\Remada sentada no cabo - variação 2","Remada sentada no cabo - variação 2","Fileira de cabos sentado - Variação 2","Fileira de cabos sentado - Variação 2.gif","remada_sentada_no_cabo_variacao_2.gif","remada_sentada_no_cabo_variacao_2.gif","Costas","Polia/Cabo | Bíceps | Academia","Mantenha o tronco firme e inicie puxando os cotovelos para trás. Traga a carga ou o pegador em direção ao tronco sem elevar os ombros, aproximando as escápulas no final. Retorne lentamente até os braços se estenderem."
"C:\Users\bruno\Downloads\Exercicios renomeados\Remada supinada com halteres apoiado no banco inclinado","Remada supinada com halteres apoiado no banco inclinado","Inclinado inverso grip com halteres remada","costas-/Inclinado inverso grip com halteres remada.gif","remada_supinada_com_halteres_apoiado_no_banco_inclinado.gif","remada_supinada_com_halteres_apoiado_no_banco_inclinado.gif","Costas","Halteres | Banco | Bíceps","Apoie o peito no banco conforme o GIF e deixe os braços estendidos com a carga. Puxe os cotovelos para trás trazendo a barra ou os halteres em direção ao banco, contraindo as costas. Desça lentamente até os braços estenderem novamente, mantendo o peito apoiado e o pescoço neutro."
"C:\Users\bruno\Downloads\Exercicios renomeados\Remada T","Remada T","Remada da barra t","Remada da barra t.gif","remada_t.gif","remada_t.gif","Costas","Barra | Bíceps | Academia","Mantenha o tronco firme e inicie puxando os cotovelos para trás. Traga a carga ou o pegador em direção ao tronco sem elevar os ombros, aproximando as escápulas no final. Retorne lentamente até os braços se estenderem."
"C:\Users\bruno\Downloads\Exercicios renomeados\Remada T-bar com apoio peitoral","Remada T-bar com apoio peitoral","Lever inverso t bar remada","costas-/Lever inverso t bar remada.gif","remada_t_bar_com_apoio_peitoral.gif","remada_t_bar_com_apoio_peitoral.gif","Costas","Barra | Banco | Bíceps","Apoie o peito no banco conforme o GIF e deixe os braços estendidos com a carga. Puxe os cotovelos para trás trazendo a barra ou os halteres em direção ao banco, contraindo as costas. Desça lentamente até os braços estenderem novamente, mantendo o peito apoiado e o pescoço neutro."
"C:\Users\bruno\Downloads\Exercicios renomeados\Remada unilateral ajoelhada na polia alta","Remada unilateral ajoelhada na polia alta","Remada ajoelhada com polia alta com braço único","Remada ajoelhada com polia alta com braço único.gif","remada_unilateral_ajoelhada_na_polia_alta.gif","remada_unilateral_ajoelhada_na_polia_alta.gif","Costas","Polia/Cabo | Bíceps | Academia","Mantenha o tronco firme e inicie puxando os cotovelos para trás. Traga a carga ou o pegador em direção ao tronco sem elevar os ombros, aproximando as escápulas no final. Retorne lentamente até os braços se estenderem."
"C:\Users\bruno\Downloads\Exercicios renomeados\Remada unilateral com barra","Remada unilateral com barra","Remada com barra de um braço","Remada com barra de um braço.gif","remada_unilateral_com_barra.gif","remada_unilateral_com_barra.gif","Costas","Barra | Bíceps | Academia","Mantenha o tronco firme e inicie puxando os cotovelos para trás. Traga a carga ou o pegador em direção ao tronco sem elevar os ombros, aproximando as escápulas no final. Retorne lentamente até os braços se estenderem."
"C:\Users\bruno\Downloads\Exercicios renomeados\Remada unilateral com halter","Remada unilateral com halter","Remada com halteres","Remada com halteres.gif","remada_unilateral_com_halter.gif","remada_unilateral_com_halter.gif","Costas","Halteres | Bíceps | Academia","Mantenha o tronco firme e inicie puxando os cotovelos para trás. Traga a carga ou o pegador em direção ao tronco sem elevar os ombros, aproximando as escápulas no final. Retorne lentamente até os braços se estenderem."
"C:\Users\bruno\Downloads\Exercicios renomeados\Remada unilateral com halter apoiado no banco","Remada unilateral com halter apoiado no banco","Remada com halteres","costas-/Remada com halteres.gif","remada_unilateral_com_halter_apoiado_no_banco.gif","remada_unilateral_com_halter_apoiado_no_banco.gif","Costas","Halteres | Banco | Bíceps","Ajuste o corpo e o apoio conforme o GIF, mantendo a coluna neutra. Com um braço, puxe a carga em direção ao quadril ou às costelas, levando o cotovelo para trás e aproximando a escápula. Abaixe ou solte o cabo lentamente até estender o braço e repita sem girar excessivamente o tronco."
"C:\Users\bruno\Downloads\Exercicios renomeados\Remada unilateral em pé na polia baixa","Remada unilateral em pé na polia baixa","Fileira de cabos de um braço","costas-/Fileira de cabos de um braço.gif","remada_unilateral_em_pe_na_polia_baixa.gif","remada_unilateral_em_pe_na_polia_baixa.gif","Costas","Polia/Cabo | Bíceps","Ajuste o corpo e o apoio conforme o GIF, mantendo a coluna neutra. Com um braço, puxe a carga em direção ao quadril ou às costelas, levando o cotovelo para trás e aproximando a escápula. Abaixe ou solte o cabo lentamente até estender o braço e repita sem girar excessivamente o tronco."
"C:\Users\bruno\Downloads\Exercicios renomeados\Remada unilateral em pé na polia baixa - Variação 2","Remada unilateral em pé na polia baixa - Variação 2","Shotgun remada","costas-/Shotgun remada.gif","remada_unilateral_em_pe_na_polia_baixa_variacao_2.gif","remada_unilateral_em_pe_na_polia_baixa_variacao_2.gif","Costas","Polia/Cabo | Bíceps","Ajuste o corpo e o apoio conforme o GIF, mantendo a coluna neutra. Com um braço, puxe a carga em direção ao quadril ou às costelas, levando o cotovelo para trás e aproximando a escápula. Abaixe ou solte o cabo lentamente até estender o braço e repita sem girar excessivamente o tronco."
"C:\Users\bruno\Downloads\Exercicios renomeados\Remada unilateral landmine","Remada unilateral landmine","Top half barra fixa","costas-/Top half barra fixa.gif","remada_unilateral_landmine.gif","remada_unilateral_landmine.gif","Costas","Barra | Bíceps","Ajuste o corpo e o apoio conforme o GIF, mantendo a coluna neutra. Com um braço, puxe a carga em direção ao quadril ou às costelas, levando o cotovelo para trás e aproximando a escápula. Abaixe ou solte o cabo lentamente até estender o braço e repita sem girar excessivamente o tronco."
"C:\Users\bruno\Downloads\Exercicios renomeados\Remada unilateral no cabo","Remada unilateral no cabo","Fileira de cabos de um braço","Fileira de cabos de um braço.gif","remada_unilateral_no_cabo.gif","remada_unilateral_no_cabo.gif","Costas","Polia/Cabo | Bíceps | Academia","Mantenha o tronco firme e inicie puxando os cotovelos para trás. Traga a carga ou o pegador em direção ao tronco sem elevar os ombros, aproximando as escápulas no final. Retorne lentamente até os braços se estenderem."
"C:\Users\bruno\Downloads\Exercicios renomeados\Remada unilateral para deltoide posterior com halter apoiado no banco","Remada unilateral para deltoide posterior com halter apoiado no banco","Remada delt traseira com halteres","ombros-/Remada delt traseira com halteres.gif","remada_unilateral_para_deltoide_posterior_com_halter_apoiado_no_banco.gif","remada_unilateral_para_deltoide_posterior_com_halter_apoiado_no_banco.gif","Ombros","Halteres | Banco | Academia","Mantenha o tronco inclinado e apoiado quando houver banco. Puxe o peso conduzindo os cotovelos abertos para os lados, em direção à linha dos ombros, enfatizando a parte posterior dos ombros. Desça lentamente sem girar o tronco."
"C:\Users\bruno\Downloads\Exercicios renomeados\Remada unilateral sentada na polia baixa","Remada unilateral sentada na polia baixa","Fileira de cabos sentado - Variação 4","costas-/Fileira de cabos sentado - Variação 4.gif","remada_unilateral_sentada_na_polia_baixa.gif","remada_unilateral_sentada_na_polia_baixa.gif","Costas","Polia/Cabo | Bíceps","Ajuste o corpo e o apoio conforme o GIF, mantendo a coluna neutra. Com um braço, puxe a carga em direção ao quadril ou às costelas, levando o cotovelo para trás e aproximando a escápula. Abaixe ou solte o cabo lentamente até estender o braço e repita sem girar excessivamente o tronco."
"C:\Users\bruno\Downloads\Exercicios renomeados\Remo ergométrico","Remo ergométrico","Máquina de remo","Máquina de remo.gif","remo_ergometrico.gif","remo_ergometrico.gif","Cardio","Máquina | Remo | Academia","Comece com os joelhos flexionados, braços estendidos e tronco ligeiramente inclinado à frente. Empurre primeiro com as pernas, depois estenda o quadril e finalize puxando a alça ao tronco. Retorne na ordem inversa de forma fluida."
"C:\Users\bruno\Downloads\Exercicios renomeados\Retração cervical (chin tuck)","Retração cervical (chin tuck)","Queixo dobrado","Queixo dobrado.gif","retracao_cervical_chin_tuck.gif","retracao_cervical_chin_tuck.gif","Pescoço","Sem aparelhos | Casa","Mantenha o tronco imóvel e mova a cabeça lentamente na direção indicada. Quando houver resistência, use carga leve e mantenha uma amplitude controlada. Retorne sem movimentos bruscos e evite compensar elevando os ombros."
"C:\Users\bruno\Downloads\Exercicios renomeados\Retração escapular sentado","Retração escapular sentado","Exercício de retração escapular sentado","Exercício de retração escapular sentado.gif","retracao_escapular_sentado.gif","retracao_escapular_sentado.gif","Mobilidade","Sem aparelhos | Casa","Mantenha o tronco estável e mova os braços ou as escápulas pela amplitude mostrada, sem compensar com a lombar. Faça o movimento de forma lenta e contínua, priorizando controle e amplitude confortável."
"C:\Users\bruno\Downloads\Exercicios renomeados\Rolando como uma bola (Pilates)","Rolando como uma bola (Pilates)","Rolando como uma bola","Rolando como uma bola.gif","rolando_como_uma_bola_pilates.gif","rolando_como_uma_bola_pilates.gif","Abdômen/Core","Bola | Academia","Mantenha o abdômen contraído e a lombar controlada. Aproxime tronco e pernas conforme a variação mostrada, soltando o ar na fase de maior contração. Retorne lentamente, sem usar impulso do pescoço ou dos braços."
"C:\Users\bruno\Downloads\Exercicios renomeados\Rollout com barra","Rollout com barra","Rollout com barra","Rollout com barra.gif","rollout_com_barra.gif","rollout_com_barra.gif","Abdômen/Core","Barra | Academia","Ajoelhe-se e apoie as mãos na roda, barra ou bola indicada. Contraia abdômen e glúteos e deslize o apoio para a frente, mantendo o tronco firme e evitando arquear a lombar. Vá até a amplitude que consegue controlar e puxe o apoio de volta para retornar."
"C:\Users\bruno\Downloads\Exercicios renomeados\Rollout com barra ajoelhado","Rollout com barra ajoelhado","Lançamento de barra","abdominais/Lançamento de barra.gif","rollout_com_barra_ajoelhado.gif","rollout_com_barra_ajoelhado.gif","Abdômen/Core","Barra | Academia","Ajoelhe-se e apoie as mãos na roda, barra ou bola indicada. Contraia abdômen e glúteos e deslize o apoio para a frente, mantendo o tronco firme e evitando arquear a lombar. Vá até a amplitude que consegue controlar e puxe o apoio de volta para retornar."
"C:\Users\bruno\Downloads\Exercicios renomeados\Rollout com barra em pé","Rollout com barra em pé","Torção de mina terrestre","abdominais/Torção de mina terrestre.gif","rollout_com_barra_em_pe.gif","rollout_com_barra_em_pe.gif","Abdômen/Core","Barra | Academia","Ajoelhe-se e apoie as mãos na roda, barra ou bola indicada. Contraia abdômen e glúteos e deslize o apoio para a frente, mantendo o tronco firme e evitando arquear a lombar. Vá até a amplitude que consegue controlar e puxe o apoio de volta para retornar."
"C:\Users\bruno\Downloads\Exercicios renomeados\Rollout na bola suíça","Rollout na bola suíça","Lançamento da bola suíça","Lançamento da bola suíça.gif","rollout_na_bola_suica.gif","rollout_na_bola_suica.gif","Abdômen/Core","Bola | Academia","Ajoelhe-se e apoie as mãos na roda, barra ou bola indicada. Contraia abdômen e glúteos e deslize o apoio para a frente, mantendo o tronco firme e evitando arquear a lombar. Vá até a amplitude que consegue controlar e puxe o apoio de volta para retornar."
"C:\Users\bruno\Downloads\Exercicios renomeados\Rolo de punho","Rolo de punho","Rolo de pulso","Rolo de pulso.gif","rolo_de_punho.gif","rolo_de_punho.gif","Antebraços","Sem aparelhos | Casa","Apoie ou estabilize o antebraço e mova principalmente o punho ou a pegada conforme a variação. Faça a contração sem usar impulso do braço e retorne devagar para trabalhar toda a amplitude."
"C:\Users\bruno\Downloads\Exercicios renomeados\Rosca alternada com halteres","Rosca alternada com halteres","Na polia rosca","biceps/Na polia rosca.gif","rosca_alternada_com_halteres.gif","rosca_alternada_com_halteres.gif","Bíceps","Halteres | Academia","Mantenha o braço estável e flexione o cotovelo trazendo a carga em direção ao ombro. Evite balançar o tronco ou projetar o cotovelo para ganhar impulso. Estenda o braço novamente de forma lenta até a posição inicial."
"C:\Users\bruno\Downloads\Exercicios renomeados\Rosca alternada com halteres em pé","Rosca alternada com halteres em pé","Com barra alternate biceps rosca - Variação 2","biceps/Com barra alternate biceps rosca - Variação 2.gif","rosca_alternada_com_halteres_em_pe.gif","rosca_alternada_com_halteres_em_pe.gif","Bíceps","Halteres | Academia","Mantenha o braço estável e flexione o cotovelo trazendo a carga em direção ao ombro. Evite balançar o tronco ou projetar o cotovelo para ganhar impulso. Estenda o braço novamente de forma lenta até a posição inicial."
"C:\Users\bruno\Downloads\Exercicios renomeados\Rosca alternada com halteres usando arm blaster","Rosca alternada com halteres usando arm blaster","Com barra alternate biceps rosca","biceps/Com barra alternate biceps rosca.gif","rosca_alternada_com_halteres_usando_arm_blaster.gif","rosca_alternada_com_halteres_usando_arm_blaster.gif","Bíceps","Halteres | Academia","Mantenha o braço estável e flexione o cotovelo trazendo a carga em direção ao ombro. Evite balançar o tronco ou projetar o cotovelo para ganhar impulso. Estenda o braço novamente de forma lenta até a posição inicial."
"C:\Users\bruno\Downloads\Exercicios renomeados\Rosca Bayesian unilateral na polia","Rosca Bayesian unilateral na polia","Na polia preacher rosca","biceps/Na polia preacher rosca.gif","rosca_bayesian_unilateral_na_polia.gif","rosca_bayesian_unilateral_na_polia.gif","Bíceps","Polia/Cabo | Academia","Fique à frente da polia baixa com o braço de trabalho ligeiramente atrás do tronco. Mantendo o ombro estável, flexione o cotovelo trazendo a mão em direção ao ombro. Retorne devagar até sentir o bíceps alongar, sem deixar o cotovelo avançar."
"C:\Users\bruno\Downloads\Exercicios renomeados\Rosca bíceps acima da cabeça na polia sentado","Rosca bíceps acima da cabeça na polia sentado","Overhead na polia rosca - Variação 2","biceps/Overhead na polia rosca - Variação 2.gif","rosca_biceps_acima_da_cabeca_na_polia_sentado.gif","rosca_biceps_acima_da_cabeca_na_polia_sentado.gif","Bíceps","Polia/Cabo | Academia","Mantenha o braço estável e flexione o cotovelo trazendo a carga em direção ao ombro. Evite balançar o tronco ou projetar o cotovelo para ganhar impulso. Estenda o braço novamente de forma lenta até a posição inicial."
"C:\Users\bruno\Downloads\Exercicios renomeados\Rosca bíceps de bruços no banco inclinado com barra","Rosca bíceps de bruços no banco inclinado com barra","Prone inclinado biceps rosca","biceps/Prone inclinado biceps rosca.gif","rosca_biceps_de_brucos_no_banco_inclinado_com_barra.gif","rosca_biceps_de_brucos_no_banco_inclinado_com_barra.gif","Bíceps","Barra | Banco | Academia","Mantenha o braço estável e flexione o cotovelo trazendo a carga em direção ao ombro. Evite balançar o tronco ou projetar o cotovelo para ganhar impulso. Estenda o braço novamente de forma lenta até a posição inicial."
"C:\Users\bruno\Downloads\Exercicios renomeados\Rosca bíceps na polia alta","Rosca bíceps na polia alta","Overhead na polia rosca","biceps/Overhead na polia rosca.gif","rosca_biceps_na_polia_alta.gif","rosca_biceps_na_polia_alta.gif","Bíceps","Polia/Cabo | Academia","Mantenha o braço estável e flexione o cotovelo trazendo a carga em direção ao ombro. Evite balançar o tronco ou projetar o cotovelo para ganhar impulso. Estenda o braço novamente de forma lenta até a posição inicial."
"C:\Users\bruno\Downloads\Exercicios renomeados\Rosca bíceps sentado com halteres","Rosca bíceps sentado com halteres","Na polia rosca - Variação 3","biceps/Na polia rosca - Variação 3.gif","rosca_biceps_sentado_com_halteres.gif","rosca_biceps_sentado_com_halteres.gif","Bíceps","Halteres | Academia","Mantenha o braço estável e flexione o cotovelo trazendo a carga em direção ao ombro. Evite balançar o tronco ou projetar o cotovelo para ganhar impulso. Estenda o braço novamente de forma lenta até a posição inicial."
"C:\Users\bruno\Downloads\Exercicios renomeados\Rosca bíceps unilateral com halter","Rosca bíceps unilateral com halter","Rosca bíceps de um braço","Rosca bíceps de um braço.gif","rosca_biceps_unilateral_com_halter.gif","rosca_biceps_unilateral_com_halter.gif","Bíceps","Halteres | Academia","Mantenha o braço estável e flexione o cotovelo trazendo a carga em direção ao ombro. Evite balançar o tronco ou projetar o cotovelo para ganhar impulso. Estenda o braço novamente de forma lenta até a posição inicial."
"C:\Users\bruno\Downloads\Exercicios renomeados\Rosca bíceps unilateral no cabo","Rosca bíceps unilateral no cabo","Enrolamento de cabo de um braço","Enrolamento de cabo de um braço.gif","rosca_biceps_unilateral_no_cabo.gif","rosca_biceps_unilateral_no_cabo.gif","Bíceps","Polia/Cabo | Academia","Mantenha o braço estável e flexione o cotovelo trazendo a carga em direção ao ombro. Evite balançar o tronco ou projetar o cotovelo para ganhar impulso. Estenda o braço novamente de forma lenta até a posição inicial."
"C:\Users\bruno\Downloads\Exercicios renomeados\Rosca concentração","Rosca concentração","Ondulação de concentração","Ondulação de concentração.gif","rosca_concentracao.gif","rosca_concentracao.gif","Bíceps","Sem aparelhos | Casa","Mantenha o braço estável e flexione o cotovelo trazendo a carga em direção ao ombro. Evite balançar o tronco ou projetar o cotovelo para ganhar impulso. Estenda o braço novamente de forma lenta até a posição inicial."
"C:\Users\bruno\Downloads\Exercicios renomeados\Rosca concentração com halter","Rosca concentração com halter","Atrás da rosca de punho com barra nas costas","biceps/Atrás da rosca de punho com barra nas costas.gif","rosca_concentracao_com_halter.gif","rosca_concentracao_com_halter.gif","Bíceps","Halteres | Academia","Sente-se, incline levemente o tronco à frente e apoie o cotovelo na parte interna da coxa. Flexione o cotovelo trazendo o halter em direção ao ombro sem mover o braço para frente. Desça devagar até quase estender o cotovelo e repita."
"C:\Users\bruno\Downloads\Exercicios renomeados\Rosca de punho com barra apoiado no banco","Rosca de punho com barra apoiado no banco","Rosca de punho com barra apoiado no banco","antebraço/Rosca de punho com barra apoiado no banco.gif","rosca_de_punho_com_barra_apoiado_no_banco.gif","rosca_de_punho_com_barra_apoiado_no_banco.gif","Antebraços","Barra | Banco | Academia","Apoie ou estabilize o antebraço e mova principalmente o punho ou a pegada conforme a variação. Faça a contração sem usar impulso do braço e retorne devagar para trabalhar toda a amplitude."
"C:\Users\bruno\Downloads\Exercicios renomeados\Rosca de punho com barra atrás do corpo","Rosca de punho com barra atrás do corpo","Atrás da rosca de punho com barra nas costas","Atrás da rosca de punho com barra nas costas.gif","rosca_de_punho_com_barra_atras_do_corpo.gif","rosca_de_punho_com_barra_atras_do_corpo.gif","Antebraços","Barra | Academia","Apoie ou estabilize o antebraço e mova principalmente o punho ou a pegada conforme a variação. Faça a contração sem usar impulso do braço e retorne devagar para trabalhar toda a amplitude."
"C:\Users\bruno\Downloads\Exercicios renomeados\Rosca de punho com barra sentado","Rosca de punho com barra sentado","Rosca de punho com barra sentado","antebraço/Rosca de punho com barra sentado.gif","rosca_de_punho_com_barra_sentado.gif","rosca_de_punho_com_barra_sentado.gif","Antebraços","Barra | Academia","Apoie ou estabilize o antebraço e mova principalmente o punho ou a pegada conforme a variação. Faça a contração sem usar impulso do braço e retorne devagar para trabalhar toda a amplitude."
"C:\Users\bruno\Downloads\Exercicios renomeados\Rosca de punho com halteres","Rosca de punho com halteres","Flexão de pulso com halteres","Flexão de pulso com halteres.gif","rosca_de_punho_com_halteres.gif","rosca_de_punho_com_halteres.gif","Antebraços","Halteres | Academia","Apoie ou estabilize o antebraço e mova principalmente o punho ou a pegada conforme a variação. Faça a contração sem usar impulso do braço e retorne devagar para trabalhar toda a amplitude."
"C:\Users\bruno\Downloads\Exercicios renomeados\Rosca de punho com halteres sentado","Rosca de punho com halteres sentado","Rosca de punho com halteres sentado","antebraço/Rosca de punho com halteres sentado.gif","rosca_de_punho_com_halteres_sentado.gif","rosca_de_punho_com_halteres_sentado.gif","Antebraços","Halteres | Academia","Apoie ou estabilize o antebraço e mova principalmente o punho ou a pegada conforme a variação. Faça a contração sem usar impulso do braço e retorne devagar para trabalhar toda a amplitude."
"C:\Users\bruno\Downloads\Exercicios renomeados\Rosca de punho inversa com barra no banco inclinado","Rosca de punho inversa com barra no banco inclinado","Rosca de punho inversa com barra no banco inclinado","antebraço/Rosca de punho inversa com barra no banco inclinado.gif","rosca_de_punho_inversa_com_barra_no_banco_inclinado.gif","rosca_de_punho_inversa_com_barra_no_banco_inclinado.gif","Antebraços","Barra | Banco | Academia","Apoie ou estabilize o antebraço e mova principalmente o punho ou a pegada conforme a variação. Faça a contração sem usar impulso do braço e retorne devagar para trabalhar toda a amplitude."
"C:\Users\bruno\Downloads\Exercicios renomeados\Rosca de punho inversa com halteres sentado","Rosca de punho inversa com halteres sentado","Rosca de punho inversa com halteres sentado","antebraço/Rosca de punho inversa com halteres sentado.gif","rosca_de_punho_inversa_com_halteres_sentado.gif","rosca_de_punho_inversa_com_halteres_sentado.gif","Antebraços","Halteres | Academia","Apoie ou estabilize o antebraço e mova principalmente o punho ou a pegada conforme a variação. Faça a contração sem usar impulso do braço e retorne devagar para trabalhar toda a amplitude."
"C:\Users\bruno\Downloads\Exercicios renomeados\Rosca de punho neutra com halteres","Rosca de punho neutra com halteres","Flexão de pulso neutra sentada com halteres","Flexão de pulso neutra sentada com halteres.gif","rosca_de_punho_neutra_com_halteres.gif","rosca_de_punho_neutra_com_halteres.gif","Antebraços","Halteres | Academia","Apoie ou estabilize o antebraço e mova principalmente o punho ou a pegada conforme a variação. Faça a contração sem usar impulso do braço e retorne devagar para trabalhar toda a amplitude."
"C:\Users\bruno\Downloads\Exercicios renomeados\Rosca direta com barra","Rosca direta com barra","Rosca direta com barra","Rosca direta com barra.gif","rosca_direta_com_barra.gif","rosca_direta_com_barra.gif","Bíceps","Barra | Academia","Mantenha o braço estável e flexione o cotovelo trazendo a carga em direção ao ombro. Evite balançar o tronco ou projetar o cotovelo para ganhar impulso. Estenda o braço novamente de forma lenta até a posição inicial."
"C:\Users\bruno\Downloads\Exercicios renomeados\Rosca direta com barra - Variação 2","Rosca direta com barra - Variação 2","Enrolamento de cabo de um braço - Variação 2","biceps/Enrolamento de cabo de um braço - Variação 2.gif","rosca_direta_com_barra_variacao_2.gif","rosca_direta_com_barra_variacao_2.gif","Bíceps","Barra | Academia","Mantenha o braço estável e flexione o cotovelo trazendo a carga em direção ao ombro. Evite balançar o tronco ou projetar o cotovelo para ganhar impulso. Estenda o braço novamente de forma lenta até a posição inicial."
"C:\Users\bruno\Downloads\Exercicios renomeados\Rosca direta com barra e pegada fechada","Rosca direta com barra e pegada fechada","Close grip com barra rosca","biceps/Close grip com barra rosca.gif","rosca_direta_com_barra_e_pegada_fechada.gif","rosca_direta_com_barra_e_pegada_fechada.gif","Antebraços","Barra | Academia","Apoie ou estabilize o antebraço e mova principalmente o punho ou a pegada conforme a variação. Faça a contração sem usar impulso do braço e retorne devagar para trabalhar toda a amplitude."
"C:\Users\bruno\Downloads\Exercicios renomeados\Rosca direta com barra usando arm blaster","Rosca direta com barra usando arm blaster","Com barra rosca on arm blaster","biceps/Com barra rosca on arm blaster.gif","rosca_direta_com_barra_usando_arm_blaster.gif","rosca_direta_com_barra_usando_arm_blaster.gif","Bíceps","Barra | Academia","Mantenha o braço estável e flexione o cotovelo trazendo a carga em direção ao ombro. Evite balançar o tronco ou projetar o cotovelo para ganhar impulso. Estenda o braço novamente de forma lenta até a posição inicial."
"C:\Users\bruno\Downloads\Exercicios renomeados\Rosca direta na polia baixa","Rosca direta na polia baixa","Na polia rosca - Variação 2","biceps/Na polia rosca - Variação 2.gif","rosca_direta_na_polia_baixa.gif","rosca_direta_na_polia_baixa.gif","Bíceps","Polia/Cabo | Academia","Mantenha o braço estável e flexione o cotovelo trazendo a carga em direção ao ombro. Evite balançar o tronco ou projetar o cotovelo para ganhar impulso. Estenda o braço novamente de forma lenta até a posição inicial."
"C:\Users\bruno\Downloads\Exercicios renomeados\Rosca drag com barra","Rosca drag com barra","Com barra drag rosca","biceps/Com barra drag rosca.gif","rosca_drag_com_barra.gif","rosca_drag_com_barra.gif","Bíceps","Barra | Academia","Mantenha o braço estável e flexione o cotovelo trazendo a carga em direção ao ombro. Evite balançar o tronco ou projetar o cotovelo para ganhar impulso. Estenda o braço novamente de forma lenta até a posição inicial."
"C:\Users\bruno\Downloads\Exercicios renomeados\Rosca inversa com barra em pé","Rosca inversa com barra em pé","Rosca de punho inversa com barra em pé","antebraço/Rosca de punho inversa com barra em pé.gif","rosca_inversa_com_barra_em_pe.gif","rosca_inversa_com_barra_em_pe.gif","Bíceps","Barra | Academia","Mantenha o braço estável e flexione o cotovelo trazendo a carga em direção ao ombro. Evite balançar o tronco ou projetar o cotovelo para ganhar impulso. Estenda o braço novamente de forma lenta até a posição inicial."
"C:\Users\bruno\Downloads\Exercicios renomeados\Rosca martelo com garrafas de água","Rosca martelo com garrafas de água","Onda de martelo de garrafa de água","Onda de martelo de garrafa de água.gif","rosca_martelo_com_garrafas_de_agua.gif","rosca_martelo_com_garrafas_de_agua.gif","Bíceps","Halteres | Academia","Mantenha o braço estável e flexione o cotovelo trazendo a carga em direção ao ombro. Evite balançar o tronco ou projetar o cotovelo para ganhar impulso. Estenda o braço novamente de forma lenta até a posição inicial."
"C:\Users\bruno\Downloads\Exercicios renomeados\Rosca na polia baixa com corda","Rosca na polia baixa com corda","Enrolamento de cabo de um braço","biceps/Enrolamento de cabo de um braço.gif","rosca_na_polia_baixa_com_corda.gif","rosca_na_polia_baixa_com_corda.gif","Bíceps","Polia/Cabo | Academia","Mantenha o braço estável e flexione o cotovelo trazendo a carga em direção ao ombro. Evite balançar o tronco ou projetar o cotovelo para ganhar impulso. Estenda o braço novamente de forma lenta até a posição inicial."
"C:\Users\bruno\Downloads\Exercicios renomeados\Rosca Scott com barra EZ","Rosca Scott com barra EZ","Z bar preacher rosca","biceps/Z bar preacher rosca.gif","rosca_scott_com_barra_ez.gif","rosca_scott_com_barra_ez.gif","Bíceps","Barra | Banco | Academia","Mantenha o braço estável e flexione o cotovelo trazendo a carga em direção ao ombro. Evite balançar o tronco ou projetar o cotovelo para ganhar impulso. Estenda o braço novamente de forma lenta até a posição inicial."
"C:\Users\bruno\Downloads\Exercicios renomeados\Rosca Scott com halteres","Rosca Scott com halteres","Onda de pregador com halteres","Onda de pregador com halteres.gif","rosca_scott_com_halteres.gif","rosca_scott_com_halteres.gif","Bíceps","Halteres | Banco | Academia","Mantenha o braço estável e flexione o cotovelo trazendo a carga em direção ao ombro. Evite balançar o tronco ou projetar o cotovelo para ganhar impulso. Estenda o braço novamente de forma lenta até a posição inicial."
"C:\Users\bruno\Downloads\Exercicios renomeados\Rosca Scott martelo com halteres","Rosca Scott martelo com halteres","Rosca scott martelo com halteres","Rosca scott martelo com halteres.gif","rosca_scott_martelo_com_halteres.gif","rosca_scott_martelo_com_halteres.gif","Bíceps","Halteres | Banco | Academia","Mantenha o braço estável e flexione o cotovelo trazendo a carga em direção ao ombro. Evite balançar o tronco ou projetar o cotovelo para ganhar impulso. Estenda o braço novamente de forma lenta até a posição inicial."
"C:\Users\bruno\Downloads\Exercicios renomeados\Rosca Scott na máquina","Rosca Scott na máquina","Sentado hammer rosca","biceps/Sentado hammer rosca.gif","rosca_scott_na_maquina.gif","rosca_scott_na_maquina.gif","Bíceps","Máquina | Academia","Ajuste o banco da máquina para apoiar completamente os braços. Segure as manoplas e flexione os cotovelos trazendo-as em direção aos ombros. Abaixe lentamente sem perder o contato dos braços com o apoio."
"C:\Users\bruno\Downloads\Exercicios renomeados\Rosca Scott unilateral com halter","Rosca Scott unilateral com halter","Sentado biceps rosca","biceps/Sentado biceps rosca.gif","rosca_scott_unilateral_com_halter.gif","rosca_scott_unilateral_com_halter.gif","Bíceps","Halteres | Banco | Academia","Mantenha o braço estável e flexione o cotovelo trazendo a carga em direção ao ombro. Evite balançar o tronco ou projetar o cotovelo para ganhar impulso. Estenda o braço novamente de forma lenta até a posição inicial."
"C:\Users\bruno\Downloads\Exercicios renomeados\Rosca simultânea com halteres em pé","Rosca simultânea com halteres em pé","Com barra alternate biceps rosca - Variação 3","biceps/Com barra alternate biceps rosca - Variação 3.gif","rosca_simultanea_com_halteres_em_pe.gif","rosca_simultanea_com_halteres_em_pe.gif","Bíceps","Halteres | Academia","Mantenha o braço estável e flexione o cotovelo trazendo a carga em direção ao ombro. Evite balançar o tronco ou projetar o cotovelo para ganhar impulso. Estenda o braço novamente de forma lenta até a posição inicial."
"C:\Users\bruno\Downloads\Exercicios renomeados\Rosca Zottman","Rosca Zottman","Zottman rosca","biceps/Zottman rosca.gif","rosca_zottman.gif","rosca_zottman.gif","Bíceps","Sem aparelhos | Casa","Mantenha o braço estável e flexione o cotovelo trazendo a carga em direção ao ombro. Evite balançar o tronco ou projetar o cotovelo para ganhar impulso. Estenda o braço novamente de forma lenta até a posição inicial."
"C:\Users\bruno\Downloads\Exercicios renomeados\Rotação de ombro com elástico a 90 graus","Rotação de ombro com elástico a 90 graus","Asisted triceps dips - Variação 2","tríceps/Asisted triceps dips - Variação 2.gif","rotacao_de_ombro_com_elastico_a_90_graus.gif","rotacao_de_ombro_com_elastico_a_90_graus.gif","Ombros","Elástico | Academia","Prenda o elástico na altura do ombro e mantenha o braço elevado a aproximadamente 90 graus com o cotovelo flexionado. Gire o ombro levando o antebraço pela trajetória mostrada sem mover o cotovelo da posição. Retorne lentamente e mantenha o tronco estável."
"C:\Users\bruno\Downloads\Exercicios renomeados\Rotação de pés e tornozelos","Rotação de pés e tornozelos","Rotação dos pés e tornozelo","Rotação dos pés e tornozelo.gif","rotacao_de_pes_e_tornozelos.gif","rotacao_de_pes_e_tornozelos.gif","Mobilidade","Sem aparelhos | Casa","Execute Rotação de pés e tornozelos lentamente, percorrendo uma amplitude confortável e sem usar impulso. Mantenha o restante do corpo estável e concentre o movimento na articulação que está sendo mobilizada."
"C:\Users\bruno\Downloads\Exercicios renomeados\Rotação de tronco deitado","Rotação de tronco deitado","Rotação da parte superior do corpo deitado","Rotação da parte superior do corpo deitado.gif","rotacao_de_tronco_deitado.gif","rotacao_de_tronco_deitado.gif","Abdômen/Core","Sem aparelhos | Casa","Mantenha o abdômen ativo e a pelve estável. Execute a rotação — ou resista a ela, no caso do Pallof press — conduzindo os braços pela trajetória mostrada. Retorne lentamente sem deixar a lombar assumir todo o movimento."
"C:\Users\bruno\Downloads\Exercicios renomeados\Rotação de tronco deitado com bola suíça","Rotação de tronco deitado com bola suíça","Side prancha rotation","abdominais/Side prancha rotation.gif","rotacao_de_tronco_deitado_com_bola_suica.gif","rotacao_de_tronco_deitado_com_bola_suica.gif","Abdômen/Core","Bola | Academia","Mantenha o abdômen ativo e a pelve estável. Execute a rotação — ou resista a ela, no caso do Pallof press — conduzindo os braços pela trajetória mostrada. Retorne lentamente sem deixar a lombar assumir todo o movimento."
"C:\Users\bruno\Downloads\Exercicios renomeados\Rotação de tronco em pé","Rotação de tronco em pé","Rotação em pé","Rotação em pé.gif","rotacao_de_tronco_em_pe.gif","rotacao_de_tronco_em_pe.gif","Abdômen/Core","Sem aparelhos | Casa","Mantenha o abdômen ativo e a pelve estável. Execute a rotação — ou resista a ela, no caso do Pallof press — conduzindo os braços pela trajetória mostrada. Retorne lentamente sem deixar a lombar assumir todo o movimento."
"C:\Users\bruno\Downloads\Exercicios renomeados\Rotação de tronco em pé com elástico","Rotação de tronco em pé com elástico","Em pé leg raise with resistance band","abdominais/Em pé leg raise with resistance band.gif","rotacao_de_tronco_em_pe_com_elastico.gif","rotacao_de_tronco_em_pe_com_elastico.gif","Abdômen/Core","Elástico | Academia","Mantenha o abdômen ativo e a pelve estável. Execute a rotação — ou resista a ela, no caso do Pallof press — conduzindo os braços pela trajetória mostrada. Retorne lentamente sem deixar a lombar assumir todo o movimento."
"C:\Users\bruno\Downloads\Exercicios renomeados\Rotação de tronco em pé na polia","Rotação de tronco em pé na polia","Em pé twist na máquina","abdominais/Em pé twist na máquina.gif","rotacao_de_tronco_em_pe_na_polia.gif","rotacao_de_tronco_em_pe_na_polia.gif","Abdômen/Core","Polia/Cabo | Academia","Mantenha o abdômen ativo e a pelve estável. Execute a rotação — ou resista a ela, no caso do Pallof press — conduzindo os braços pela trajetória mostrada. Retorne lentamente sem deixar a lombar assumir todo o movimento."
"C:\Users\bruno\Downloads\Exercicios renomeados\Rotação de tronco na máquina","Rotação de tronco na máquina","Sentado twist na máquina","abdominais/Sentado twist na máquina.gif","rotacao_de_tronco_na_maquina.gif","rotacao_de_tronco_na_maquina.gif","Abdômen/Core","Máquina | Academia","Mantenha o abdômen ativo e a pelve estável. Execute a rotação — ou resista a ela, no caso do Pallof press — conduzindo os braços pela trajetória mostrada. Retorne lentamente sem deixar a lombar assumir todo o movimento."
"C:\Users\bruno\Downloads\Exercicios renomeados\Rotação de tronco no cabo em pé","Rotação de tronco no cabo em pé","Torção do cabo em pé","Torção do cabo em pé.gif","rotacao_de_tronco_no_cabo_em_pe.gif","rotacao_de_tronco_no_cabo_em_pe.gif","Abdômen/Core","Polia/Cabo | Academia","Mantenha o abdômen ativo e a pelve estável. Execute a rotação — ou resista a ela, no caso do Pallof press — conduzindo os braços pela trajetória mostrada. Retorne lentamente sem deixar a lombar assumir todo o movimento."
"C:\Users\bruno\Downloads\Exercicios renomeados\Rotação de tronco sentado com barra","Rotação de tronco sentado com barra","Em pé straight leg raise with resistance band","abdominais/Em pé straight leg raise with resistance band.gif","rotacao_de_tronco_sentado_com_barra.gif","rotacao_de_tronco_sentado_com_barra.gif","Abdômen/Core","Barra | Academia","Sente-se no banco com a barra apoiada sobre os ombros. Mantenha o tronco ereto e gire o tórax para um lado e para o outro em amplitude confortável, deixando a pelve o mais estável possível. Faça o movimento de forma lenta, sem usar impulso."
"C:\Users\bruno\Downloads\Exercicios renomeados\Rotação de tronco sentado na polia","Rotação de tronco sentado na polia","Double crunches","abdominais/Double crunches.gif","rotacao_de_tronco_sentado_na_polia.gif","rotacao_de_tronco_sentado_na_polia.gif","Abdômen/Core","Polia/Cabo | Academia","Mantenha o abdômen ativo e a pelve estável. Execute a rotação — ou resista a ela, no caso do Pallof press — conduzindo os braços pela trajetória mostrada. Retorne lentamente sem deixar a lombar assumir todo o movimento."
"C:\Users\bruno\Downloads\Exercicios renomeados\Rotação de tronco sentado no cabo","Rotação de tronco sentado no cabo","Sentado na polia twist - Variação 2","abdominais/Sentado na polia twist - Variação 2.gif","rotacao_de_tronco_sentado_no_cabo.gif","rotacao_de_tronco_sentado_no_cabo.gif","Abdômen/Core","Polia/Cabo | Academia","Mantenha o abdômen ativo e a pelve estável. Execute a rotação — ou resista a ela, no caso do Pallof press — conduzindo os braços pela trajetória mostrada. Retorne lentamente sem deixar a lombar assumir todo o movimento."
"C:\Users\bruno\Downloads\Exercicios renomeados\Rotação de tronco sentado no cabo - Variação 2","Rotação de tronco sentado no cabo - Variação 2","Sentado na polia twist","abdominais/Sentado na polia twist.gif","rotacao_de_tronco_sentado_no_cabo_variacao_2.gif","rotacao_de_tronco_sentado_no_cabo_variacao_2.gif","Abdômen/Core","Polia/Cabo | Academia","Mantenha o abdômen ativo e a pelve estável. Execute a rotação — ou resista a ela, no caso do Pallof press — conduzindo os braços pela trajetória mostrada. Retorne lentamente sem deixar a lombar assumir todo o movimento."
"C:\Users\bruno\Downloads\Exercicios renomeados\Rotação externa cubana com halteres","Rotação externa cubana com halteres","Rotação externa cubana com halteres","Rotação externa cubana com halteres.gif","rotacao_externa_cubana_com_halteres.gif","rotacao_externa_cubana_com_halteres.gif","Mobilidade","Halteres | Academia","Execute Rotação externa cubana com halteres lentamente, percorrendo uma amplitude confortável e sem usar impulso. Mantenha o restante do corpo estável e concentre o movimento na articulação que está sendo mobilizada."
"C:\Users\bruno\Downloads\Exercicios renomeados\Rotação externa de ombro com halter apoiado no banco","Rotação externa de ombro com halter apoiado no banco","Rotação externa com halteres apoiados em banco","Rotação externa com halteres apoiados em banco.gif","rotacao_externa_de_ombro_com_halter_apoiado_no_banco.gif","rotacao_externa_de_ombro_com_halter_apoiado_no_banco.gif","Ombros","Halteres | Banco | Academia","Mantenha o cotovelo estável na posição mostrada e gire o braço a partir do ombro, sem deixar o tronco acompanhar. Use uma amplitude controlada e retorne devagar."
"C:\Users\bruno\Downloads\Exercicios renomeados\Rotação externa de ombro meio ajoelhado no cabo","Rotação externa de ombro meio ajoelhado no cabo","Rotação externa do cabo meio ajoelhado","Rotação externa do cabo meio ajoelhado.gif","rotacao_externa_de_ombro_meio_ajoelhado_no_cabo.gif","rotacao_externa_de_ombro_meio_ajoelhado_no_cabo.gif","Ombros","Polia/Cabo | Academia","Mantenha o cotovelo estável na posição mostrada e gire o braço a partir do ombro, sem deixar o tronco acompanhar. Use uma amplitude controlada e retorne devagar."
"C:\Users\bruno\Downloads\Exercicios renomeados\Rotação externa de ombro no cabo","Rotação externa de ombro no cabo","Rotação externa do ombro do cabo","Rotação externa do ombro do cabo.gif","rotacao_externa_de_ombro_no_cabo.gif","rotacao_externa_de_ombro_no_cabo.gif","Ombros","Polia/Cabo | Academia","Mantenha o cotovelo estável na posição mostrada e gire o braço a partir do ombro, sem deixar o tronco acompanhar. Use uma amplitude controlada e retorne devagar."
"C:\Users\bruno\Downloads\Exercicios renomeados\Rotação externa do quadril sentado com elástico","Rotação externa do quadril sentado com elástico","Rotação externa do quadril sentado na elástico","Rotação externa do quadril sentado na elástico.gif","rotacao_externa_do_quadril_sentado_com_elastico.gif","rotacao_externa_do_quadril_sentado_com_elastico.gif","Quadril","Elástico | Academia","Estabilize o tronco e a pelve e mova a perna no sentido mostrado em Rotação externa do quadril sentado com elástico. Faça a adução, rotação ou flexão do quadril sem inclinar o corpo para ganhar amplitude e retorne lentamente à posição inicial."
"C:\Users\bruno\Downloads\Exercicios renomeados\Rotação externa do tornozelo com elástico","Rotação externa do tornozelo com elástico","Rotação externa do pé da elástico","Rotação externa do pé da elástico.gif","rotacao_externa_do_tornozelo_com_elastico.gif","rotacao_externa_do_tornozelo_com_elastico.gif","Mobilidade","Elástico | Academia","Execute Rotação externa do tornozelo com elástico lentamente, percorrendo uma amplitude confortável e sem usar impulso. Mantenha o restante do corpo estável e concentre o movimento na articulação que está sendo mobilizada."
"C:\Users\bruno\Downloads\Exercicios renomeados\Rotação interna de ombro no cabo","Rotação interna de ombro no cabo","Rotação interna do ombro do cabo","Rotação interna do ombro do cabo.gif","rotacao_interna_de_ombro_no_cabo.gif","rotacao_interna_de_ombro_no_cabo.gif","Ombros","Polia/Cabo | Academia","Mantenha o cotovelo estável na posição mostrada e gire o braço a partir do ombro, sem deixar o tronco acompanhar. Use uma amplitude controlada e retorne devagar."
"C:\Users\bruno\Downloads\Exercicios renomeados\Rotação interna de ombro sentado no cabo","Rotação interna de ombro sentado no cabo","Rotação interna do ombro sentado no cabo","Rotação interna do ombro sentado no cabo.gif","rotacao_interna_de_ombro_sentado_no_cabo.gif","rotacao_interna_de_ombro_sentado_no_cabo.gif","Ombros","Polia/Cabo | Academia","Mantenha o cotovelo estável na posição mostrada e gire o braço a partir do ombro, sem deixar o tronco acompanhar. Use uma amplitude controlada e retorne devagar."
"C:\Users\bruno\Downloads\Exercicios renomeados\Rotação interna do quadril sentado com elástico","Rotação interna do quadril sentado com elástico","Rotação interna do quadril sentado na elástico","Rotação interna do quadril sentado na elástico.gif","rotacao_interna_do_quadril_sentado_com_elastico.gif","rotacao_interna_do_quadril_sentado_com_elastico.gif","Quadril","Elástico | Academia","Estabilize o tronco e a pelve e mova a perna no sentido mostrado em Rotação interna do quadril sentado com elástico. Faça a adução, rotação ou flexão do quadril sem inclinar o corpo para ganhar amplitude e retorne lentamente à posição inicial."
"C:\Users\bruno\Downloads\Exercicios renomeados\Rotação landmine","Rotação landmine","Torção de mina terrestre","Torção de mina terrestre.gif","rotacao_landmine.gif","rotacao_landmine.gif","Abdômen/Core","Barra | Academia","Mantenha o abdômen ativo e a pelve estável. Execute a rotação — ou resista a ela, no caso do Pallof press — conduzindo os braços pela trajetória mostrada. Retorne lentamente sem deixar a lombar assumir todo o movimento."
"C:\Users\bruno\Downloads\Exercicios renomeados\Rotação torácica ajoelhado para trás","Rotação torácica ajoelhado para trás","Rotação para trás ajoelhada","Rotação para trás ajoelhada.gif","rotacao_toracica_ajoelhado_para_tras.gif","rotacao_toracica_ajoelhado_para_tras.gif","Mobilidade","Sem aparelhos | Casa","Assuma a posição mostrada e estabilize quadril e lombar. Gire a parte superior do tronco, acompanhando o movimento com o braço e o olhar. Volte lentamente e repita, buscando amplitude na região torácica sem forçar a lombar."
"C:\Users\bruno\Downloads\Exercicios renomeados\Rotação torácica em quatro apoios","Rotação torácica em quatro apoios","Ajoelhado, rotação da coluna - Parsva balasana enfiar a remada na postura da agulha","Ajoelhado, rotação da coluna - Parsva balasana enfiar a remada na postura da agulha.gif","rotacao_toracica_em_quatro_apoios.gif","rotacao_toracica_em_quatro_apoios.gif","Mobilidade","Sem aparelhos | Casa","Assuma a posição mostrada e estabilize quadril e lombar. Gire a parte superior do tronco, acompanhando o movimento com o braço e o olhar. Volte lentamente e repita, buscando amplitude na região torácica sem forçar a lombar."
"C:\Users\bruno\Downloads\Exercicios renomeados\Salto agrupado","Salto agrupado","Salto dobrado","Salto dobrado.gif","salto_agrupado.gif","salto_agrupado.gif","Corpo inteiro","Cardio | Sem aparelhos | Casa","Assuma a posição inicial mostrada e execute o movimento de forma coordenada, mantendo o abdômen ativo e joelhos alinhados. Quando houver salto, aterrisse suavemente; quando houver deslocamento ou carga, mantenha o tronco estável durante toda a repetição."
"C:\Users\bruno\Downloads\Exercicios renomeados\Salto de elevação pélvica unilateral","Salto de elevação pélvica unilateral","Salto de elevação pélvica com uma perna","Salto de elevação pélvica com uma perna.gif","salto_de_elevacao_pelvica_unilateral.gif","salto_de_elevacao_pelvica_unilateral.gif","Glúteos","Sem aparelhos | Casa","Apoie os pés com firmeza e mantenha os joelhos alinhados. Contraia o abdômen e eleve o quadril apertando os glúteos até alinhar tronco e coxas. Evite hiperestender a lombar e desça o quadril lentamente."
"C:\Users\bruno\Downloads\Exercicios renomeados\Salto dividido com halteres","Salto dividido com halteres","Salto dividido com halteres","Salto dividido com halteres.gif","salto_dividido_com_halteres.gif","salto_dividido_com_halteres.gif","Corpo inteiro","Halteres | Cardio | Academia","Assuma a posição inicial mostrada e execute o movimento de forma coordenada, mantendo o abdômen ativo e joelhos alinhados. Quando houver salto, aterrisse suavemente; quando houver deslocamento ou carga, mantenha o tronco estável durante toda a repetição."
"C:\Users\bruno\Downloads\Exercicios renomeados\Salto em distância","Salto em distância","Salto em distância","Salto em distância.gif","salto_em_distancia.gif","salto_em_distancia.gif","Corpo inteiro","Cardio | Sem aparelhos | Casa","Assuma a posição inicial mostrada e execute o movimento de forma coordenada, mantendo o abdômen ativo e joelhos alinhados. Quando houver salto, aterrisse suavemente; quando houver deslocamento ou carga, mantenha o tronco estável durante toda a repetição."
"C:\Users\bruno\Downloads\Exercicios renomeados\Salto em distância unilateral","Salto em distância unilateral","Salto em largura unipodal","Salto em largura unipodal.gif","salto_em_distancia_unilateral.gif","salto_em_distancia_unilateral.gif","Corpo inteiro","Cardio | Sem aparelhos | Casa","Assuma a posição inicial mostrada e execute o movimento de forma coordenada, mantendo o abdômen ativo e joelhos alinhados. Quando houver salto, aterrisse suavemente; quando houver deslocamento ou carga, mantenha o tronco estável durante toda a repetição."
"C:\Users\bruno\Downloads\Exercicios renomeados\Salto em profundidade para obstáculo","Salto em profundidade para obstáculo","Salto em profundidade para salto com obstáculos","Salto em profundidade para salto com obstáculos.gif","salto_em_profundidade_para_obstaculo.gif","salto_em_profundidade_para_obstaculo.gif","Corpo inteiro","Cardio | Sem aparelhos | Casa","Assuma a posição inicial mostrada e execute o movimento de forma coordenada, mantendo o abdômen ativo e joelhos alinhados. Quando houver salto, aterrisse suavemente; quando houver deslocamento ou carga, mantenha o tronco estável durante toda a repetição."
"C:\Users\bruno\Downloads\Exercicios renomeados\Salto na caixa","Salto na caixa","O salto da caixa","O salto da caixa.gif","salto_na_caixa.gif","salto_na_caixa.gif","Corpo inteiro","Step/Caixa | Cardio | Academia","Assuma a posição inicial mostrada e execute o movimento de forma coordenada, mantendo o abdômen ativo e joelhos alinhados. Quando houver salto, aterrisse suavemente; quando houver deslocamento ou carga, mantenha o tronco estável durante toda a repetição."
"C:\Users\bruno\Downloads\Exercicios renomeados\Salto na caixa com uma perna","Salto na caixa com uma perna","Salto de caixa com uma perna","Salto de caixa com uma perna.gif","salto_na_caixa_com_uma_perna.gif","salto_na_caixa_com_uma_perna.gif","Corpo inteiro","Step/Caixa | Cardio | Academia","Assuma a posição inicial mostrada e execute o movimento de forma coordenada, mantendo o abdômen ativo e joelhos alinhados. Quando houver salto, aterrisse suavemente; quando houver deslocamento ou carga, mantenha o tronco estável durante toda a repetição."
"C:\Users\bruno\Downloads\Exercicios renomeados\Salto para trás","Salto para trás","Salto para trás","Salto para trás.gif","salto_para_tras.gif","salto_para_tras.gif","Corpo inteiro","Cardio | Sem aparelhos | Casa","Assuma a posição inicial mostrada e execute o movimento de forma coordenada, mantendo o abdômen ativo e joelhos alinhados. Quando houver salto, aterrisse suavemente; quando houver deslocamento ou carga, mantenha o tronco estável durante toda a repetição."
"C:\Users\bruno\Downloads\Exercicios renomeados\Salto pliométrico em zigue-zague","Salto pliométrico em zigue-zague","Zig zag hop pliométrico","Zig zag hop pliométrico.gif","salto_pliometrico_em_zigue_zague.gif","salto_pliometrico_em_zigue_zague.gif","Corpo inteiro","Cardio | Sem aparelhos | Casa","Assuma a posição inicial mostrada e execute o movimento de forma coordenada, mantendo o abdômen ativo e joelhos alinhados. Quando houver salto, aterrisse suavemente; quando houver deslocamento ou carga, mantenha o tronco estável durante toda a repetição."
"C:\Users\bruno\Downloads\Exercicios renomeados\Salto vertical com alcance","Salto vertical com alcance","005_salto_vertical_com_alcance","005_salto_vertical_com_alcance.gif","salto_vertical_com_alcance.gif","salto_vertical_com_alcance.gif","Corpo inteiro","Cardio | Sem aparelhos | Casa","Assuma a posição inicial mostrada e execute o movimento de forma coordenada, mantendo o abdômen ativo e joelhos alinhados. Quando houver salto, aterrisse suavemente; quando houver deslocamento ou carga, mantenha o tronco estável durante toda a repetição."
"C:\Users\bruno\Downloads\Exercicios renomeados\Saltos com joelho alto","Saltos com joelho alto","Saltos de joelho alto","Saltos de joelho alto.gif","saltos_com_joelho_alto.gif","saltos_com_joelho_alto.gif","Corpo inteiro","Cardio | Sem aparelhos | Casa","Assuma a posição inicial mostrada e execute o movimento de forma coordenada, mantendo o abdômen ativo e joelhos alinhados. Quando houver salto, aterrisse suavemente; quando houver deslocamento ou carga, mantenha o tronco estável durante toda a repetição."
"C:\Users\bruno\Downloads\Exercicios renomeados\Saltos de potência","Saltos de potência","Saltos de energia","Saltos de energia.gif","saltos_de_potencia.gif","saltos_de_potencia.gif","Corpo inteiro","Cardio | Sem aparelhos | Casa","Assuma a posição inicial mostrada e execute o movimento de forma coordenada, mantendo o abdômen ativo e joelhos alinhados. Quando houver salto, aterrisse suavemente; quando houver deslocamento ou carga, mantenha o tronco estável durante toda a repetição."
"C:\Users\bruno\Downloads\Exercicios renomeados\Scott press","Scott press","Imprensa scott","Imprensa scott.gif","scott_press.gif","scott_press.gif","Ombros","Banco | Tríceps | Academia","Comece com as mãos ou a carga na altura apropriada dos ombros e mantenha o abdômen ativo. Empurre para cima até estender os braços com controle. Desça de volta sem deixar os ombros subirem excessivamente em direção às orelhas."
"C:\Users\bruno\Downloads\Exercicios renomeados\SkiErg","SkiErg","Ergômetro de esqui","Ergômetro de esqui.gif","skierg.gif","skierg.gif","Cardio","Máquina | Academia | Corpo inteiro","Segure as alças acima da cabeça, mantenha o abdômen ativo e puxe-as para baixo usando braços, tronco e leve flexão dos quadris e joelhos. Retorne os braços para cima de forma fluida e repita em ritmo contínuo."
"C:\Users\bruno\Downloads\Exercicios renomeados\Slam com bola medicinal","Slam com bola medicinal","Bola medicinal batendo acima da cabeça","Bola medicinal batendo acima da cabeça.gif","slam_com_bola_medicinal.gif","slam_com_bola_medicinal.gif","Corpo inteiro","Bola | Cardio | Academia","Segure a bola com firmeza e use pernas, quadril e tronco para gerar força na direção mostrada. Lance ou bata a bola seguindo a trajetória do GIF. Recupere a posição de forma controlada antes da próxima repetição."
"C:\Users\bruno\Downloads\Exercicios renomeados\Snatch balance","Snatch balance","Levantamento de equilíbrio","Levantamento de equilíbrio.gif","snatch_balance.gif","snatch_balance.gif","Corpo inteiro","Barra | Academia","Inicie com postura firme, abdômen ativo e a carga próxima ao corpo. Gere força com pernas e quadril e conduza a carga pela trajetória mostrada até a posição final. Estabilize o peso antes de retornar e controle cada etapa do movimento."
"C:\Users\bruno\Downloads\Exercicios renomeados\Snatch com barra","Snatch com barra","Snatch com barra","Snatch com barra.gif","snatch_com_barra.gif","snatch_com_barra.gif","Corpo inteiro","Barra | Academia","Inicie com postura firme, abdômen ativo e a carga próxima ao corpo. Gere força com pernas e quadril e conduza a carga pela trajetória mostrada até a posição final. Estabilize o peso antes de retornar e controle cada etapa do movimento."
"C:\Users\bruno\Downloads\Exercicios renomeados\Snatch unilateral com halter","Snatch unilateral com halter","Snatch com halteres com um braço","Snatch com halteres com um braço.gif","snatch_unilateral_com_halter.gif","snatch_unilateral_com_halter.gif","Corpo inteiro","Halteres | Academia","Inicie com postura firme, abdômen ativo e a carga próxima ao corpo. Gere força com pernas e quadril e conduza a carga pela trajetória mostrada até a posição final. Estabilize o peso antes de retornar e controle cada etapa do movimento."
"C:\Users\bruno\Downloads\Exercicios renomeados\Socos","Socos","Socos","Socos.gif","socos.gif","socos.gif","Cardio","Sem aparelhos | Casa | Corpo inteiro","Assuma uma base estável, mantenha as mãos protegendo o rosto e o abdômen ativo. Execute o golpe mostrado girando quadril e tronco de forma coordenada, sem travar completamente as articulações. Retorne rapidamente à posição de guarda."
"C:\Users\bruno\Downloads\Exercicios renomeados\Sprint na bicicleta ergométrica","Sprint na bicicleta ergométrica","Corrida de bicicleta estacionária","Corrida de bicicleta estacionária.gif","sprint_na_bicicleta_ergometrica.gif","sprint_na_bicicleta_ergometrica.gif","Cardio","Máquina | Bicicleta | Academia","Ajuste o banco para que o joelho permaneça levemente flexionado no ponto mais baixo do pedal. Pedale com os joelhos alinhados aos pés e o tronco estável, mantendo uma cadência contínua. Ajuste resistência e ritmo à intensidade desejada."
"C:\Users\bruno\Downloads\Exercicios renomeados\Squat thrust (agachamento para prancha)","Squat thrust (agachamento para prancha)","Saltos instantâneos","Saltos instantâneos.gif","squat_thrust_agachamento_para_prancha.gif","squat_thrust_agachamento_para_prancha.gif","Corpo inteiro","Cardio | Sem aparelhos | Casa","Comece em pé, agache e apoie as mãos no chão. Leve os pés para trás até a posição de prancha, mantendo o abdômen firme. Traga os pés de volta para perto das mãos e levante-se para completar a repetição, mantendo o movimento coordenado."
"C:\Users\bruno\Downloads\Exercicios renomeados\Step-down unilateral","Step-down unilateral","Degrau com uma perna para baixo","Degrau com uma perna para baixo.gif","step_down_unilateral.gif","step_down_unilateral.gif","Quadríceps","Step/Caixa | Glúteos | Academia","Apoie completamente o pé da perna de trabalho no banco, caixa ou degrau. Empurre o apoio para elevar o corpo, mantendo joelho e pé alinhados. Desça de forma controlada e evite impulsionar excessivamente com a perna que fica no chão."
"C:\Users\bruno\Downloads\Exercicios renomeados\Step-up com elevação do joelho","Step-up com elevação do joelho","Subir com elevação dos joelhos","Subir com elevação dos joelhos.gif","step_up_com_elevacao_do_joelho.gif","step_up_com_elevacao_do_joelho.gif","Quadríceps","Step/Caixa | Glúteos | Academia","Apoie completamente o pé da perna de trabalho no banco, caixa ou degrau. Empurre o apoio para elevar o corpo, mantendo joelho e pé alinhados. Desça de forma controlada e evite impulsionar excessivamente com a perna que fica no chão."
"C:\Users\bruno\Downloads\Exercicios renomeados\Step-up com elástico","Step-up com elástico","Passo em elástico","Passo em elástico.gif","step_up_com_elastico.gif","step_up_com_elastico.gif","Quadríceps","Elástico | Step/Caixa | Glúteos","Apoie completamente o pé da perna de trabalho no banco, caixa ou degrau. Empurre o apoio para elevar o corpo, mantendo joelho e pé alinhados. Desça de forma controlada e evite impulsionar excessivamente com a perna que fica no chão."
"C:\Users\bruno\Downloads\Exercicios renomeados\Step-up com equilíbrio e rosca bíceps","Step-up com equilíbrio e rosca bíceps","Intensificar o equilíbrio de uma perna com rosca bíceps","Intensificar o equilíbrio de uma perna com rosca bíceps.gif","step_up_com_equilibrio_e_rosca_biceps.gif","step_up_com_equilibrio_e_rosca_biceps.gif","Bíceps","Step/Caixa | Academia","Mantenha o braço estável e flexione o cotovelo trazendo a carga em direção ao ombro. Evite balançar o tronco ou projetar o cotovelo para ganhar impulso. Estenda o braço novamente de forma lenta até a posição inicial."
"C:\Users\bruno\Downloads\Exercicios renomeados\Step-up com halteres","Step-up com halteres","Haltere intensificar","Haltere intensificar.gif","step_up_com_halteres.gif","step_up_com_halteres.gif","Quadríceps","Halteres | Step/Caixa | Glúteos","Apoie completamente o pé da perna de trabalho no banco, caixa ou degrau. Empurre o apoio para elevar o corpo, mantendo joelho e pé alinhados. Desça de forma controlada e evite impulsionar excessivamente com a perna que fica no chão."
"C:\Users\bruno\Downloads\Exercicios renomeados\Step-up com rotação e joelho ao cotovelo","Step-up com rotação e joelho ao cotovelo","Dar um passo oposto ao cotovelo torcer o joelho","Dar um passo oposto ao cotovelo torcer o joelho.gif","step_up_com_rotacao_e_joelho_ao_cotovelo.gif","step_up_com_rotacao_e_joelho_ao_cotovelo.gif","Quadríceps","Step/Caixa | Glúteos | Academia","Apoie completamente o pé da perna de trabalho no banco, caixa ou degrau. Empurre o apoio para elevar o corpo, mantendo joelho e pé alinhados. Desça de forma controlada e evite impulsionar excessivamente com a perna que fica no chão."
"C:\Users\bruno\Downloads\Exercicios renomeados\Step-up lateral","Step-up lateral","Subida lateral","Subida lateral.gif","step_up_lateral.gif","step_up_lateral.gif","Quadríceps","Step/Caixa | Glúteos | Academia","Apoie completamente o pé da perna de trabalho no banco, caixa ou degrau. Empurre o apoio para elevar o corpo, mantendo joelho e pé alinhados. Desça de forma controlada e evite impulsionar excessivamente com a perna que fica no chão."
"C:\Users\bruno\Downloads\Exercicios renomeados\Step-up lateral com halteres","Step-up lateral com halteres","Step up lateral com halteres","Step up lateral com halteres.gif","step_up_lateral_com_halteres.gif","step_up_lateral_com_halteres.gif","Quadríceps","Halteres | Step/Caixa | Glúteos","Apoie completamente o pé da perna de trabalho no banco, caixa ou degrau. Empurre o apoio para elevar o corpo, mantendo joelho e pé alinhados. Desça de forma controlada e evite impulsionar excessivamente com a perna que fica no chão."
"C:\Users\bruno\Downloads\Exercicios renomeados\Step-up no banco com barra","Step-up no banco com barra","Subida no banco com barra","Subida no banco com barra.gif","step_up_no_banco_com_barra.gif","step_up_no_banco_com_barra.gif","Quadríceps","Barra | Banco | Step/Caixa","Apoie completamente o pé da perna de trabalho no banco, caixa ou degrau. Empurre o apoio para elevar o corpo, mantendo joelho e pé alinhados. Desça de forma controlada e evite impulsionar excessivamente com a perna que fica no chão."
"C:\Users\bruno\Downloads\Exercicios renomeados\Step-up no banco com halteres","Step-up no banco com halteres","Corrida","perna/Corrida.gif","step_up_no_banco_com_halteres.gif","step_up_no_banco_com_halteres.gif","Quadríceps","Glúteos | Halteres | Banco","Coloque um pé inteiro sobre o banco e segure os halteres ao lado do corpo. Empurre o banco com a perna de cima até subir completamente, evitando impulsionar com a perna de baixo. Desça de forma controlada e repita antes de trocar o lado."
"C:\Users\bruno\Downloads\Exercicios renomeados\Step-up no banco com halteres - Variação 2","Step-up no banco com halteres - Variação 2","Recusar avanço com halteres no banco","perna/Recusar avanço com halteres no banco.gif","step_up_no_banco_com_halteres_variacao_2.gif","step_up_no_banco_com_halteres_variacao_2.gif","Quadríceps","Glúteos | Halteres | Banco","Coloque um pé inteiro sobre o banco e segure os halteres ao lado do corpo. Empurre o banco com a perna de cima até subir completamente, evitando impulsionar com a perna de baixo. Desça de forma controlada e repita antes de trocar o lado."
"C:\Users\bruno\Downloads\Exercicios renomeados\Stiff com barra","Stiff com barra","Alongamento de isquiotibiais de perna cruzada em pé","perna/Alongamento de isquiotibiais de perna cruzada em pé.gif","stiff_com_barra.gif","stiff_com_barra.gif","Posterior de coxa","Glúteos | Barra | Academia","Fique em pé com a carga à frente das coxas e os joelhos levemente flexionados. Empurre o quadril para trás mantendo a coluna neutra e a carga próxima às pernas até sentir alongamento nos posteriores. Retorne estendendo o quadril e contraindo os glúteos, sem arredondar as costas."
"C:\Users\bruno\Downloads\Exercicios renomeados\Stiff com halteres","Stiff com halteres","Levantamento terra com halteres e perna reta","Levantamento terra com halteres e perna reta.gif","stiff_com_halteres.gif","stiff_com_halteres.gif","Posterior de coxa","Halteres | Glúteos | Academia","Comece com os pés firmes e o abdômen ativo. Leve o quadril para trás mantendo a coluna neutra e a carga próxima ao corpo. Desça até sentir tensão nos posteriores sem perder a postura e volte estendendo o quadril de forma controlada."
"C:\Users\bruno\Downloads\Exercicios renomeados\Stiff no Smith","Stiff no Smith","Flexão de perna única com alavanca","perna/Flexão de perna única com alavanca.gif","stiff_no_smith.gif","stiff_no_smith.gif","Posterior de coxa","Glúteos | Máquina | Academia","Fique em pé com a carga à frente das coxas e os joelhos levemente flexionados. Empurre o quadril para trás mantendo a coluna neutra e a carga próxima às pernas até sentir alongamento nos posteriores. Retorne estendendo o quadril e contraindo os glúteos, sem arredondar as costas."
"C:\Users\bruno\Downloads\Exercicios renomeados\Super-homem","Super-homem","Advasana l postura de cadáver reversa - Super-homem","Advasana l postura de cadáver reversa - Super-homem.gif","super_homem.gif","super_homem.gif","Costas","Sem aparelhos | Casa","Mantenha o abdômen firme e eleve o tronco ou os membros conforme a variação, estendendo a coluna e o quadril sem usar impulso. Pare ao alinhar o corpo e retorne lentamente, evitando hiperextensão exagerada da lombar."
"C:\Users\bruno\Downloads\Exercicios renomeados\Super-homem - variação 2","Super-homem - variação 2","Advasana l postura de cadáver reversa - Super-homem - Variação 2","Advasana l postura de cadáver reversa - Super-homem - Variação 2.gif","super_homem_variacao_2.gif","super_homem_variacao_2.gif","Costas","Sem aparelhos | Casa","Mantenha o abdômen firme e eleve o tronco ou os membros conforme a variação, estendendo a coluna e o quadril sem usar impulso. Pare ao alinhar o corpo e retorne lentamente, evitando hiperextensão exagerada da lombar."
"C:\Users\bruno\Downloads\Exercicios renomeados\Super-homem - variação 3","Super-homem - variação 3","014_superman","014_superman.gif","super_homem_variacao_3.gif","super_homem_variacao_3.gif","Costas","Sem aparelhos | Casa","Mantenha o abdômen firme e eleve o tronco ou os membros conforme a variação, estendendo a coluna e o quadril sem usar impulso. Pare ao alinhar o corpo e retorne lentamente, evitando hiperextensão exagerada da lombar."
"C:\Users\bruno\Downloads\Exercicios renomeados\Super-homem com braços estendidos","Super-homem com braços estendidos","Abdominal ponderada - Variação 3","abdominais/Abdominal ponderada - Variação 3.gif","super_homem_com_bracos_estendidos.gif","super_homem_com_bracos_estendidos.gif","Costas","Sem aparelhos | Casa","Mantenha o abdômen firme e eleve o tronco ou os membros conforme a variação, estendendo a coluna e o quadril sem usar impulso. Pare ao alinhar o corpo e retorne lentamente, evitando hiperextensão exagerada da lombar."
"C:\Users\bruno\Downloads\Exercicios renomeados\Supino ajoelhado com elástico","Supino ajoelhado com elástico","018_press_de_peito_ajoelhado_com_elastico","018_press_de_peito_ajoelhado_com_elastico.gif","supino_ajoelhado_com_elastico.gif","supino_ajoelhado_com_elastico.gif","Peito","Elástico | Banco | Tríceps","Apoie as escápulas no banco ou encosto e mantenha os pés firmes. Desça a carga em direção ao peito com punhos alinhados e cotovelos em trajetória confortável. Empurre até estender os braços sem perder a posição dos ombros e retorne com controle."
"C:\Users\bruno\Downloads\Exercicios renomeados\Supino alternado com halteres","Supino alternado com halteres","Supino alternado com halteres","Supino alternado com halteres.gif","supino_alternado_com_halteres.gif","supino_alternado_com_halteres.gif","Peito","Halteres | Banco | Tríceps","Apoie as escápulas no banco ou encosto e mantenha os pés firmes. Desça a carga em direção ao peito com punhos alinhados e cotovelos em trajetória confortável. Empurre até estender os braços sem perder a posição dos ombros e retorne com controle."
"C:\Users\bruno\Downloads\Exercicios renomeados\Supino com halteres","Supino com halteres","Imprensa com halteres","Imprensa com halteres.gif","supino_com_halteres.gif","supino_com_halteres.gif","Peito","Halteres | Banco | Tríceps","Apoie as escápulas no banco ou encosto e mantenha os pés firmes. Desça a carga em direção ao peito com punhos alinhados e cotovelos em trajetória confortável. Empurre até estender os braços sem perder a posição dos ombros e retorne com controle."
"C:\Users\bruno\Downloads\Exercicios renomeados\Supino com halteres e pegada fechada","Supino com halteres e pegada fechada","Supino com halteres de pegada fechada","Supino com halteres de pegada fechada.gif","supino_com_halteres_e_pegada_fechada.gif","supino_com_halteres_e_pegada_fechada.gif","Antebraços","Halteres | Banco | Academia","Apoie ou estabilize o antebraço e mova principalmente o punho ou a pegada conforme a variação. Faça a contração sem usar impulso do braço e retorne devagar para trabalhar toda a amplitude."
"C:\Users\bruno\Downloads\Exercicios renomeados\Supino com halteres e pegada reversa","Supino com halteres e pegada reversa","Supino com halteres com pegada reversa","Supino com halteres com pegada reversa.gif","supino_com_halteres_e_pegada_reversa.gif","supino_com_halteres_e_pegada_reversa.gif","Antebraços","Halteres | Banco | Academia","Apoie ou estabilize o antebraço e mova principalmente o punho ou a pegada conforme a variação. Faça a contração sem usar impulso do braço e retorne devagar para trabalhar toda a amplitude."
"C:\Users\bruno\Downloads\Exercicios renomeados\Supino com halteres juntos (squeeze press)","Supino com halteres juntos (squeeze press)","Supino reto com barra","peitoral/Supino reto com barra.gif","supino_com_halteres_juntos_squeeze_press.gif","supino_com_halteres_juntos_squeeze_press.gif","Peito","Tríceps | Halteres","Deite-se em um banco reto com um halter em cada mão e mantenha-os pressionados um contra o outro acima do peito. Desça os halteres juntos em direção ao tórax, mantendo a pressão entre eles, e empurre de volta para cima sem perder a estabilidade dos ombros."
"C:\Users\bruno\Downloads\Exercicios renomeados\Supino com pegada aberta","Supino com pegada aberta","Supino de grande aderência","Supino de grande aderência.gif","supino_com_pegada_aberta.gif","supino_com_pegada_aberta.gif","Antebraços","Banco | Academia","Apoie ou estabilize o antebraço e mova principalmente o punho ou a pegada conforme a variação. Faça a contração sem usar impulso do braço e retorne devagar para trabalhar toda a amplitude."
"C:\Users\bruno\Downloads\Exercicios renomeados\Supino com pegada fechada","Supino com pegada fechada","Supino com pegada fechada","Supino com pegada fechada.gif","supino_com_pegada_fechada.gif","supino_com_pegada_fechada.gif","Antebraços","Banco | Academia","Apoie ou estabilize o antebraço e mova principalmente o punho ou a pegada conforme a variação. Faça a contração sem usar impulso do braço e retorne devagar para trabalhar toda a amplitude."
"C:\Users\bruno\Downloads\Exercicios renomeados\Supino convergente na máquina","Supino convergente na máquina","Máquina de prensa torácica interna","Máquina de prensa torácica interna.gif","supino_convergente_na_maquina.gif","supino_convergente_na_maquina.gif","Peito","Máquina | Tríceps | Academia","Apoie as escápulas no banco ou encosto e mantenha os pés firmes. Desça a carga em direção ao peito com punhos alinhados e cotovelos em trajetória confortável. Empurre até estender os braços sem perder a posição dos ombros e retorne com controle."
"C:\Users\bruno\Downloads\Exercicios renomeados\Supino declinado com barra","Supino declinado com barra","Declínio no supino com barra","Declínio no supino com barra.gif","supino_declinado_com_barra.gif","supino_declinado_com_barra.gif","Peito","Barra | Banco | Tríceps","Apoie as escápulas no banco ou encosto e mantenha os pés firmes. Desça a carga em direção ao peito com punhos alinhados e cotovelos em trajetória confortável. Empurre até estender os braços sem perder a posição dos ombros e retorne com controle."
"C:\Users\bruno\Downloads\Exercicios renomeados\Supino declinado com halteres","Supino declinado com halteres","Supino declinado com halteres","Supino declinado com halteres.gif","supino_declinado_com_halteres.gif","supino_declinado_com_halteres.gif","Peito","Halteres | Banco | Tríceps","Apoie as escápulas no banco ou encosto e mantenha os pés firmes. Desça a carga em direção ao peito com punhos alinhados e cotovelos em trajetória confortável. Empurre até estender os braços sem perder a posição dos ombros e retorne com controle."
"C:\Users\bruno\Downloads\Exercicios renomeados\Supino declinado com halteres - Variação 2","Supino declinado com halteres - Variação 2","Supino declinado com halteres","peitoral/Supino declinado com halteres.gif","supino_declinado_com_halteres_variacao_2.gif","supino_declinado_com_halteres_variacao_2.gif","Peito","Tríceps | Halteres | Banco","Deite-se em um banco declinado com um halter em cada mão na linha do peito. Empurre os halteres para cima até quase estender os cotovelos e desça lentamente até uma amplitude confortável, mantendo as escápulas apoiadas."
"C:\Users\bruno\Downloads\Exercicios renomeados\Supino declinado na máquina","Supino declinado na máquina","Declínio na máquina, supino","Declínio na máquina, supino.gif","supino_declinado_na_maquina.gif","supino_declinado_na_maquina.gif","Peito","Máquina | Tríceps | Academia","Apoie as escápulas no banco ou encosto e mantenha os pés firmes. Desça a carga em direção ao peito com punhos alinhados e cotovelos em trajetória confortável. Empurre até estender os braços sem perder a posição dos ombros e retorne com controle."
"C:\Users\bruno\Downloads\Exercicios renomeados\Supino declinado na máquina - variação 2","Supino declinado na máquina - variação 2","Máquina de prensa torácica de declínio","Máquina de prensa torácica de declínio.gif","supino_declinado_na_maquina_variacao_2.gif","supino_declinado_na_maquina_variacao_2.gif","Peito","Máquina | Tríceps | Academia","Apoie as escápulas no banco ou encosto e mantenha os pés firmes. Desça a carga em direção ao peito com punhos alinhados e cotovelos em trajetória confortável. Empurre até estender os braços sem perder a posição dos ombros e retorne com controle."
"C:\Users\bruno\Downloads\Exercicios renomeados\Supino declinado na máquina Smith","Supino declinado na máquina Smith","Máquina smith declínio supino","Máquina smith declínio supino.gif","supino_declinado_na_maquina_smith.gif","supino_declinado_na_maquina_smith.gif","Peito","Máquina | Tríceps | Academia","Apoie as escápulas no banco ou encosto e mantenha os pés firmes. Desça a carga em direção ao peito com punhos alinhados e cotovelos em trajetória confortável. Empurre até estender os braços sem perder a posição dos ombros e retorne com controle."
"C:\Users\bruno\Downloads\Exercicios renomeados\Supino deitado na máquina","Supino deitado na máquina","Máquina de prensa torácica deitada","Máquina de prensa torácica deitada.gif","supino_deitado_na_maquina.gif","supino_deitado_na_maquina.gif","Peito","Máquina | Tríceps | Academia","Apoie as escápulas no banco ou encosto e mantenha os pés firmes. Desça a carga em direção ao peito com punhos alinhados e cotovelos em trajetória confortável. Empurre até estender os braços sem perder a posição dos ombros e retorne com controle."
"C:\Users\bruno\Downloads\Exercicios renomeados\Supino em pé com elástico","Supino em pé com elástico","Elástico em pé no peito","Elástico em pé no peito.gif","supino_em_pe_com_elastico.gif","supino_em_pe_com_elastico.gif","Peito","Elástico | Banco | Tríceps","Apoie as escápulas no banco ou encosto e mantenha os pés firmes. Desça a carga em direção ao peito com punhos alinhados e cotovelos em trajetória confortável. Empurre até estender os braços sem perder a posição dos ombros e retorne com controle."
"C:\Users\bruno\Downloads\Exercicios renomeados\Supino fechado com tríceps testa no banco declinado","Supino fechado com tríceps testa no banco declinado","Declinado close grip bench to skull crusher","tríceps/Declinado close grip bench to skull crusher.gif","supino_fechado_com_triceps_testa_no_banco_declinado.gif","supino_fechado_com_triceps_testa_no_banco_declinado.gif","Tríceps","Banco | Academia","Apoie as mãos no banco, cadeira ou barras conforme a variação e mantenha os ombros estáveis. Flexione os cotovelos para descer o corpo em amplitude confortável. Estenda os cotovelos para retornar, evitando balanço."
"C:\Users\bruno\Downloads\Exercicios renomeados\Supino inclinado com barra","Supino inclinado com barra","Supino inclinado com barra","Supino inclinado com barra.gif","supino_inclinado_com_barra.gif","supino_inclinado_com_barra.gif","Peito","Barra | Banco | Tríceps","Apoie as escápulas no banco ou encosto e mantenha os pés firmes. Desça a carga em direção ao peito com punhos alinhados e cotovelos em trajetória confortável. Empurre até estender os braços sem perder a posição dos ombros e retorne com controle."
"C:\Users\bruno\Downloads\Exercicios renomeados\Supino inclinado com barra - Variação 2","Supino inclinado com barra - Variação 2","Supino inclinado na máquina - Variação 2","peitoral/Supino inclinado na máquina - Variação 2.gif","supino_inclinado_com_barra_variacao_2.gif","supino_inclinado_com_barra_variacao_2.gif","Peito","Tríceps | Barra | Banco","Deite-se em um banco inclinado, firme os pés e retraia levemente as escápulas. Segure a barra um pouco além da largura dos ombros, desça-a de forma controlada até próximo do peito e empurre para cima até quase estender os cotovelos."
"C:\Users\bruno\Downloads\Exercicios renomeados\Supino inclinado com halteres","Supino inclinado com halteres","Supino inclinado com halteres","Supino inclinado com halteres.gif","supino_inclinado_com_halteres.gif","supino_inclinado_com_halteres.gif","Peito","Halteres | Banco | Tríceps","Apoie as escápulas no banco ou encosto e mantenha os pés firmes. Desça a carga em direção ao peito com punhos alinhados e cotovelos em trajetória confortável. Empurre até estender os braços sem perder a posição dos ombros e retorne com controle."
"C:\Users\bruno\Downloads\Exercicios renomeados\Supino inclinado com halteres e pegada reversa","Supino inclinado com halteres e pegada reversa","Supino inclinado com halteres com aderência reversa","Supino inclinado com halteres com aderência reversa.gif","supino_inclinado_com_halteres_e_pegada_reversa.gif","supino_inclinado_com_halteres_e_pegada_reversa.gif","Antebraços","Halteres | Banco | Academia","Apoie ou estabilize o antebraço e mova principalmente o punho ou a pegada conforme a variação. Faça a contração sem usar impulso do braço e retorne devagar para trabalhar toda a amplitude."
"C:\Users\bruno\Downloads\Exercicios renomeados\Supino inclinado com pegada fechada","Supino inclinado com pegada fechada","Supino inclinado com pegada fechada","Supino inclinado com pegada fechada.gif","supino_inclinado_com_pegada_fechada.gif","supino_inclinado_com_pegada_fechada.gif","Antebraços","Banco | Academia","Apoie ou estabilize o antebraço e mova principalmente o punho ou a pegada conforme a variação. Faça a contração sem usar impulso do braço e retorne devagar para trabalhar toda a amplitude."
"C:\Users\bruno\Downloads\Exercicios renomeados\Supino inclinado na máquina","Supino inclinado na máquina","Máquina de prensa torácica inclinada","Máquina de prensa torácica inclinada.gif","supino_inclinado_na_maquina.gif","supino_inclinado_na_maquina.gif","Peito","Máquina | Tríceps | Academia","Apoie as escápulas no banco ou encosto e mantenha os pés firmes. Desça a carga em direção ao peito com punhos alinhados e cotovelos em trajetória confortável. Empurre até estender os braços sem perder a posição dos ombros e retorne com controle."
"C:\Users\bruno\Downloads\Exercicios renomeados\Supino inclinado na máquina - variação 2","Supino inclinado na máquina - variação 2","Máquina inclinada no peito","Máquina inclinada no peito.gif","supino_inclinado_na_maquina_variacao_2.gif","supino_inclinado_na_maquina_variacao_2.gif","Peito","Máquina | Tríceps | Academia","Apoie as escápulas no banco ou encosto e mantenha os pés firmes. Desça a carga em direção ao peito com punhos alinhados e cotovelos em trajetória confortável. Empurre até estender os braços sem perder a posição dos ombros e retorne com controle."
"C:\Users\bruno\Downloads\Exercicios renomeados\Supino inclinado na máquina articulada","Supino inclinado na máquina articulada","Crucifixo na polia em pé","peitoral/Crucifixo na polia em pé.gif","supino_inclinado_na_maquina_articulada.gif","supino_inclinado_na_maquina_articulada.gif","Peito","Tríceps | Máquina","Ajuste o banco e a posição das alças para que fiquem alinhadas ao peito. Empurre as manoplas seguindo a trajetória da máquina até quase estender os cotovelos. Retorne lentamente até a posição inicial, mantendo o tronco apoiado e as escápulas estáveis."
"C:\Users\bruno\Downloads\Exercicios renomeados\Supino inclinado na máquina articulada - Variação 2","Supino inclinado na máquina articulada - Variação 2","Supino inclinado na máquina articulada","peitoral/Supino inclinado na máquina articulada.gif","supino_inclinado_na_maquina_articulada_variacao_2.gif","supino_inclinado_na_maquina_articulada_variacao_2.gif","Peito","Tríceps | Máquina","Ajuste o banco e a posição das alças para que fiquem alinhadas ao peito. Empurre as manoplas seguindo a trajetória da máquina até quase estender os cotovelos. Retorne lentamente até a posição inicial, mantendo o tronco apoiado e as escápulas estáveis."
"C:\Users\bruno\Downloads\Exercicios renomeados\Supino inclinado na máquina Smith","Supino inclinado na máquina Smith","Supino inclinado com máquina smith","Supino inclinado com máquina smith.gif","supino_inclinado_na_maquina_smith.gif","supino_inclinado_na_maquina_smith.gif","Peito","Máquina | Tríceps | Academia","Apoie as escápulas no banco ou encosto e mantenha os pés firmes. Desça a carga em direção ao peito com punhos alinhados e cotovelos em trajetória confortável. Empurre até estender os braços sem perder a posição dos ombros e retorne com controle."
"C:\Users\bruno\Downloads\Exercicios renomeados\Supino inclinado na polia","Supino inclinado na polia","Crucifixo unilateral na polia em banco inclinado","peitoral/Crucifixo unilateral na polia em banco inclinado.gif","supino_inclinado_na_polia.gif","supino_inclinado_na_polia.gif","Peito","Tríceps | Banco | Polia/Cabo","Posicione-se em um banco inclinado entre as polias e segure as alças com os cotovelos flexionados. Empurre as mãos para a frente e para cima seguindo o ângulo do banco até quase estender os braços. Retorne com controle, mantendo o peito aberto e os ombros estáveis."
"C:\Users\bruno\Downloads\Exercicios renomeados\Supino inclinado no Smith","Supino inclinado no Smith","Crucifixo com halteres no banco reto","peitoral/Crucifixo com halteres no banco reto.gif","supino_inclinado_no_smith.gif","supino_inclinado_no_smith.gif","Peito","Tríceps | Banco | Máquina","Deite-se em um banco inclinado e posicione-se sob a barra guiada do Smith. Segure a barra um pouco além da largura dos ombros, destrave e desça em direção ao peito com controle. Empurre a barra para cima até quase estender os cotovelos, mantendo escápulas firmes e pés estáveis."
"C:\Users\bruno\Downloads\Exercicios renomeados\Supino inclinado no Smith - Variação 2","Supino inclinado no Smith - Variação 2","Supino inclinado no Smith","peitoral/Supino inclinado no Smith.gif","supino_inclinado_no_smith_variacao_2.gif","supino_inclinado_no_smith_variacao_2.gif","Peito","Tríceps | Banco | Máquina","Deite-se em um banco inclinado e posicione-se sob a barra guiada do Smith. Segure a barra um pouco além da largura dos ombros, destrave e desça em direção ao peito com controle. Empurre a barra para cima até quase estender os cotovelos, mantendo escápulas firmes e pés estáveis."
"C:\Users\bruno\Downloads\Exercicios renomeados\Supino martelo com halteres","Supino martelo com halteres","Prensa de martelo","Prensa de martelo.gif","supino_martelo_com_halteres.gif","supino_martelo_com_halteres.gif","Peito","Halteres | Banco | Tríceps","Apoie as escápulas no banco ou encosto e mantenha os pés firmes. Desça a carga em direção ao peito com punhos alinhados e cotovelos em trajetória confortável. Empurre até estender os braços sem perder a posição dos ombros e retorne com controle."
"C:\Users\bruno\Downloads\Exercicios renomeados\Supino martelo declinado com halteres","Supino martelo declinado com halteres","Halteres declinam prensa de martelo com um braço","Halteres declinam prensa de martelo com um braço.gif","supino_martelo_declinado_com_halteres.gif","supino_martelo_declinado_com_halteres.gif","Peito","Halteres | Banco | Tríceps","Apoie as escápulas no banco ou encosto e mantenha os pés firmes. Desça a carga em direção ao peito com punhos alinhados e cotovelos em trajetória confortável. Empurre até estender os braços sem perder a posição dos ombros e retorne com controle."
"C:\Users\bruno\Downloads\Exercicios renomeados\Supino martelo declinado com halteres - variação 2","Supino martelo declinado com halteres - variação 2","Recusar martelo","Recusar martelo.gif","supino_martelo_declinado_com_halteres_variacao_2.gif","supino_martelo_declinado_com_halteres_variacao_2.gif","Peito","Halteres | Banco | Tríceps","Apoie as escápulas no banco ou encosto e mantenha os pés firmes. Desça a carga em direção ao peito com punhos alinhados e cotovelos em trajetória confortável. Empurre até estender os braços sem perder a posição dos ombros e retorne com controle."
"C:\Users\bruno\Downloads\Exercicios renomeados\Supino martelo inclinado com halteres","Supino martelo inclinado com halteres","Prensa de martelo com halteres inclinado","Prensa de martelo com halteres inclinado.gif","supino_martelo_inclinado_com_halteres.gif","supino_martelo_inclinado_com_halteres.gif","Peito","Halteres | Banco | Tríceps","Apoie as escápulas no banco ou encosto e mantenha os pés firmes. Desça a carga em direção ao peito com punhos alinhados e cotovelos em trajetória confortável. Empurre até estender os braços sem perder a posição dos ombros e retorne com controle."
"C:\Users\bruno\Downloads\Exercicios renomeados\Supino na máquina","Supino na máquina","Máquina de prensa torácica","Máquina de prensa torácica.gif","supino_na_maquina.gif","supino_na_maquina.gif","Peito","Máquina | Tríceps | Academia","Apoie as escápulas no banco ou encosto e mantenha os pés firmes. Desça a carga em direção ao peito com punhos alinhados e cotovelos em trajetória confortável. Empurre até estender os braços sem perder a posição dos ombros e retorne com controle."
"C:\Users\bruno\Downloads\Exercicios renomeados\Supino na máquina - variação 2","Supino na máquina - variação 2","Máquina de supino","Máquina de supino.gif","supino_na_maquina_variacao_2.gif","supino_na_maquina_variacao_2.gif","Peito","Máquina | Tríceps | Academia","Apoie as escápulas no banco ou encosto e mantenha os pés firmes. Desça a carga em direção ao peito com punhos alinhados e cotovelos em trajetória confortável. Empurre até estender os braços sem perder a posição dos ombros e retorne com controle."
"C:\Users\bruno\Downloads\Exercicios renomeados\Supino na máquina Smith","Supino na máquina Smith","Supino de máquina smith","Supino de máquina smith.gif","supino_na_maquina_smith.gif","supino_na_maquina_smith.gif","Peito","Máquina | Tríceps | Academia","Apoie as escápulas no banco ou encosto e mantenha os pés firmes. Desça a carga em direção ao peito com punhos alinhados e cotovelos em trajetória confortável. Empurre até estender os braços sem perder a posição dos ombros e retorne com controle."
"C:\Users\bruno\Downloads\Exercicios renomeados\Supino reto alternado com barra","Supino reto alternado com barra","Supino inclinado com halteres e rotação","peitoral/Supino inclinado com halteres e rotação.gif","supino_reto_alternado_com_barra.gif","supino_reto_alternado_com_barra.gif","Peito","Tríceps | Barra | Banco","Deite-se em um banco reto, firme os pés e retraia levemente as escápulas. Segure a barra um pouco além da largura dos ombros, desça-a de forma controlada até próximo do peito e empurre para cima até quase estender os cotovelos. Pressione um lado de cada vez conforme mostrado, sem perder o controle da barra."
"C:\Users\bruno\Downloads\Exercicios renomeados\Supino reto alternado com halteres","Supino reto alternado com halteres","Supino unilateral inclinado com halter","peitoral/Supino unilateral inclinado com halter.gif","supino_reto_alternado_com_halteres.gif","supino_reto_alternado_com_halteres.gif","Peito","Tríceps | Halteres | Banco","Deite-se em um banco reto com um halter em cada mão na linha do peito. Empurre os halteres para cima até quase estender os cotovelos e desça lentamente até uma amplitude confortável, mantendo as escápulas apoiadas. Mova um braço de cada vez, mantendo o outro estável, e alterne os lados."
"C:\Users\bruno\Downloads\Exercicios renomeados\Supino reto com barra","Supino reto com barra","Supino","Supino.gif","supino_reto_com_barra.gif","supino_reto_com_barra.gif","Peito","Barra | Banco | Tríceps","Apoie as escápulas no banco ou encosto e mantenha os pés firmes. Desça a carga em direção ao peito com punhos alinhados e cotovelos em trajetória confortável. Empurre até estender os braços sem perder a posição dos ombros e retorne com controle."
"C:\Users\bruno\Downloads\Exercicios renomeados\Supino reto com barra no rack","Supino reto com barra no rack","Supino reto com barra no rack","peitoral/Supino reto com barra no rack.gif","supino_reto_com_barra_no_rack.gif","supino_reto_com_barra_no_rack.gif","Peito","Tríceps | Barra | Banco","Deite-se em um banco reto, firme os pés e retraia levemente as escápulas. Segure a barra um pouco além da largura dos ombros, desça-a de forma controlada até próximo do peito e empurre para cima até quase estender os cotovelos."
"C:\Users\bruno\Downloads\Exercicios renomeados\Supino reto com barra, pegada reversa e fechada","Supino reto com barra, pegada reversa e fechada","Supino reto reverso com barra e aperto fechado","Supino reto reverso com barra e aperto fechado.gif","supino_reto_com_barra_pegada_reversa_e_fechada.gif","supino_reto_com_barra_pegada_reversa_e_fechada.gif","Antebraços","Barra | Banco | Academia","Apoie ou estabilize o antebraço e mova principalmente o punho ou a pegada conforme a variação. Faça a contração sem usar impulso do braço e retorne devagar para trabalhar toda a amplitude."
"C:\Users\bruno\Downloads\Exercicios renomeados\Supino reto com halteres","Supino reto com halteres","Supino com halteres","peitoral/Supino com halteres.gif","supino_reto_com_halteres.gif","supino_reto_com_halteres.gif","Peito","Tríceps | Halteres | Banco","Deite-se em um banco reto com um halter em cada mão na linha do peito. Empurre os halteres para cima até quase estender os cotovelos e desça lentamente até uma amplitude confortável, mantendo as escápulas apoiadas."
"C:\Users\bruno\Downloads\Exercicios renomeados\Supino reto com halteres - Variação 2","Supino reto com halteres - Variação 2","Supino declinado com halteres - Variação 2","peitoral/Supino declinado com halteres - Variação 2.gif","supino_reto_com_halteres_variacao_2.gif","supino_reto_com_halteres_variacao_2.gif","Peito","Tríceps | Halteres | Banco","Deite-se em um banco reto com um halter em cada mão na linha do peito. Empurre os halteres para cima até quase estender os cotovelos e desça lentamente até uma amplitude confortável, mantendo as escápulas apoiadas."
"C:\Users\bruno\Downloads\Exercicios renomeados\Supino reto com halteres - Variação 3","Supino reto com halteres - Variação 3","Supino inclinado com halteres - Variação 2","peitoral/Supino inclinado com halteres - Variação 2.gif","supino_reto_com_halteres_variacao_3.gif","supino_reto_com_halteres_variacao_3.gif","Peito","Tríceps | Halteres | Banco","Deite-se em um banco reto com um halter em cada mão na linha do peito. Empurre os halteres para cima até quase estender os cotovelos e desça lentamente até uma amplitude confortável, mantendo as escápulas apoiadas."
"C:\Users\bruno\Downloads\Exercicios renomeados\Supino reto com halteres - Variação 4","Supino reto com halteres - Variação 4","Supino reto com halteres","peitoral/Supino reto com halteres.gif","supino_reto_com_halteres_variacao_4.gif","supino_reto_com_halteres_variacao_4.gif","Peito","Tríceps | Halteres | Banco","Deite-se em um banco reto com um halter em cada mão na linha do peito. Empurre os halteres para cima até quase estender os cotovelos e desça lentamente até uma amplitude confortável, mantendo as escápulas apoiadas."
"C:\Users\bruno\Downloads\Exercicios renomeados\Supino reto com halteres e pernas elevadas","Supino reto com halteres e pernas elevadas","Supino com halteres e pernas elevadas","peitoral/Supino com halteres e pernas elevadas.gif","supino_reto_com_halteres_e_pernas_elevadas.gif","supino_reto_com_halteres_e_pernas_elevadas.gif","Peito","Tríceps | Halteres | Banco","Deite-se em um banco reto com um halter em cada mão na linha do peito. Empurre os halteres para cima até quase estender os cotovelos e desça lentamente até uma amplitude confortável, mantendo as escápulas apoiadas. Mantenha as pernas elevadas como no GIF e o abdômen contraído para estabilizar a lombar."
"C:\Users\bruno\Downloads\Exercicios renomeados\Supino reto no Smith","Supino reto no Smith","Supino reto com barra no Smith","peitoral/Supino reto com barra no Smith.gif","supino_reto_no_smith.gif","supino_reto_no_smith.gif","Peito","Tríceps | Banco | Máquina","Deite-se em um banco reto e posicione-se sob a barra guiada do Smith. Segure a barra um pouco além da largura dos ombros, destrave e desça em direção ao peito com controle. Empurre a barra para cima até quase estender os cotovelos, mantendo escápulas firmes e pés estáveis."
"C:\Users\bruno\Downloads\Exercicios renomeados\Supino reto no Smith - Variação 2","Supino reto no Smith - Variação 2","Supino reto no Smith","peitoral/Supino reto no Smith.gif","supino_reto_no_smith_variacao_2.gif","supino_reto_no_smith_variacao_2.gif","Peito","Tríceps | Banco | Máquina","Deite-se em um banco reto e posicione-se sob a barra guiada do Smith. Segure a barra um pouco além da largura dos ombros, destrave e desça em direção ao peito com controle. Empurre a barra para cima até quase estender os cotovelos, mantendo escápulas firmes e pés estáveis."
"C:\Users\bruno\Downloads\Exercicios renomeados\Supino sentado convergente na máquina","Supino sentado convergente na máquina","Supino sentado convergente na máquina","peitoral/Supino sentado convergente na máquina.gif","supino_sentado_convergente_na_maquina.gif","supino_sentado_convergente_na_maquina.gif","Peito","Tríceps | Máquina","Ajuste o assento para que manoplas da máquina fiquem aproximadamente na linha média do peito. Comece com os cotovelos flexionados e empurre para a frente até quase estender os braços. Retorne lentamente sem deixar os ombros projetarem para a frente."
"C:\Users\bruno\Downloads\Exercicios renomeados\Supino sentado na máquina articulada","Supino sentado na máquina articulada","Flexão de braços","peitoral/Flexão de braços.gif","supino_sentado_na_maquina_articulada.gif","supino_sentado_na_maquina_articulada.gif","Peito","Tríceps | Máquina","Ajuste o assento para que manoplas da máquina fiquem aproximadamente na linha média do peito. Comece com os cotovelos flexionados e empurre para a frente até quase estender os braços. Retorne lentamente sem deixar os ombros projetarem para a frente."
"C:\Users\bruno\Downloads\Exercicios renomeados\Supino sentado na máquina com pegada neutra","Supino sentado na máquina com pegada neutra","Supino sentado na máquina com pegada neutra","peitoral/Supino sentado na máquina com pegada neutra.gif","supino_sentado_na_maquina_com_pegada_neutra.gif","supino_sentado_na_maquina_com_pegada_neutra.gif","Peito","Tríceps | Máquina","Ajuste o assento para que manoplas da máquina fiquem aproximadamente na linha média do peito. Comece com os cotovelos flexionados e empurre para a frente até quase estender os braços. Retorne lentamente sem deixar os ombros projetarem para a frente."
"C:\Users\bruno\Downloads\Exercicios renomeados\Supino sentado na polia","Supino sentado na polia","Crucifixo unilateral sentado na polia","peitoral/Crucifixo unilateral sentado na polia.gif","supino_sentado_na_polia.gif","supino_sentado_na_polia.gif","Peito","Tríceps | Banco | Polia/Cabo","Ajuste o assento para que alças da polia fiquem aproximadamente na linha média do peito. Comece com os cotovelos flexionados e empurre para a frente até quase estender os braços. Retorne lentamente sem deixar os ombros projetarem para a frente."
"C:\Users\bruno\Downloads\Exercicios renomeados\Supino sentado no cabo","Supino sentado no cabo","Prensa torácica com cabo sentado","Prensa torácica com cabo sentado.gif","supino_sentado_no_cabo.gif","supino_sentado_no_cabo.gif","Peito","Polia/Cabo | Banco | Tríceps","Apoie as escápulas no banco ou encosto e mantenha os pés firmes. Desça a carga em direção ao peito com punhos alinhados e cotovelos em trajetória confortável. Empurre até estender os braços sem perder a posição dos ombros e retorne com controle."
"C:\Users\bruno\Downloads\Exercicios renomeados\Supino sentado no cabo com pegada fechada","Supino sentado no cabo com pegada fechada","Cabo sentado, aperto próximo, supino","Cabo sentado, aperto próximo, supino.gif","supino_sentado_no_cabo_com_pegada_fechada.gif","supino_sentado_no_cabo_com_pegada_fechada.gif","Antebraços","Polia/Cabo | Banco | Academia","Apoie ou estabilize o antebraço e mova principalmente o punho ou a pegada conforme a variação. Faça a contração sem usar impulso do braço e retorne devagar para trabalhar toda a amplitude."
"C:\Users\bruno\Downloads\Exercicios renomeados\Supino unilateral com halter e pegada reversa","Supino unilateral com halter e pegada reversa","Supino reverso com halteres com um braço","Supino reverso com halteres com um braço.gif","supino_unilateral_com_halter_e_pegada_reversa.gif","supino_unilateral_com_halter_e_pegada_reversa.gif","Antebraços","Halteres | Banco | Academia","Apoie ou estabilize o antebraço e mova principalmente o punho ou a pegada conforme a variação. Faça a contração sem usar impulso do braço e retorne devagar para trabalhar toda a amplitude."
"C:\Users\bruno\Downloads\Exercicios renomeados\Supino unilateral com kettlebell no banco","Supino unilateral com kettlebell no banco","Supino com kettlebell com um braço no banco","Supino com kettlebell com um braço no banco.gif","supino_unilateral_com_kettlebell_no_banco.gif","supino_unilateral_com_kettlebell_no_banco.gif","Peito","Kettlebell | Banco | Tríceps","Apoie as escápulas no banco ou encosto e mantenha os pés firmes. Desça a carga em direção ao peito com punhos alinhados e cotovelos em trajetória confortável. Empurre até estender os braços sem perder a posição dos ombros e retorne com controle."
"C:\Users\bruno\Downloads\Exercicios renomeados\Supino unilateral na máquina","Supino unilateral na máquina","Máquina de supino com um braço","Máquina de supino com um braço.gif","supino_unilateral_na_maquina.gif","supino_unilateral_na_maquina.gif","Peito","Máquina | Tríceps | Academia","Apoie as escápulas no banco ou encosto e mantenha os pés firmes. Desça a carga em direção ao peito com punhos alinhados e cotovelos em trajetória confortável. Empurre até estender os braços sem perder a posição dos ombros e retorne com controle."
"C:\Users\bruno\Downloads\Exercicios renomeados\Supino unilateral no cabo em pé","Supino unilateral no cabo em pé","Prensa torácica com cabo de um braço","Prensa torácica com cabo de um braço.gif","supino_unilateral_no_cabo_em_pe.gif","supino_unilateral_no_cabo_em_pe.gif","Peito","Polia/Cabo | Banco | Tríceps","Apoie as escápulas no banco ou encosto e mantenha os pés firmes. Desça a carga em direção ao peito com punhos alinhados e cotovelos em trajetória confortável. Empurre até estender os braços sem perder a posição dos ombros e retorne com controle."
"C:\Users\bruno\Downloads\Exercicios renomeados\Supino unilateral sentado na máquina","Supino unilateral sentado na máquina","Crucifixo sentado na máquina","peitoral/Crucifixo sentado na máquina.gif","supino_unilateral_sentado_na_maquina.gif","supino_unilateral_sentado_na_maquina.gif","Peito","Tríceps | Máquina","Ajuste o assento para que manoplas da máquina fiquem aproximadamente na linha média do peito. Comece com os cotovelos flexionados e empurre para a frente até quase estender os braços. Retorne lentamente sem deixar os ombros projetarem para a frente. alterne os lados de forma controlada."
"C:\Users\bruno\Downloads\Exercicios renomeados\Supino unilateral sentado na máquina - Variação 2","Supino unilateral sentado na máquina - Variação 2","Supino sentado na máquina","peitoral/Supino sentado na máquina.gif","supino_unilateral_sentado_na_maquina_variacao_2.gif","supino_unilateral_sentado_na_maquina_variacao_2.gif","Peito","Tríceps | Máquina","Ajuste o assento para que manoplas da máquina fiquem aproximadamente na linha média do peito. Comece com os cotovelos flexionados e empurre para a frente até quase estender os braços. Retorne lentamente sem deixar os ombros projetarem para a frente. alterne os lados de forma controlada."
"C:\Users\bruno\Downloads\Exercicios renomeados\Suspensão na barra fixa","Suspensão na barra fixa","027_suspensao_na_barra_fixa","027_suspensao_na_barra_fixa.gif","suspensao_na_barra_fixa.gif","suspensao_na_barra_fixa.gif","Costas","Barra fixa | Bíceps | Academia","Comece com a pegada firme e os ombros ativos. Puxe levando os cotovelos para baixo e para trás, elevando o corpo ou aproximando o pegador do tronco conforme a variação. Retorne com controle e evite balanço excessivo."
"C:\Users\bruno\Downloads\Exercicios renomeados\Tesoura de braços","Tesoura de braços","Tesoura de braço","Tesoura de braço.gif","tesoura_de_bracos.gif","tesoura_de_bracos.gif","Corpo inteiro","Sem aparelhos | Casa","Assuma a posição inicial de Tesoura de braços, estabilize o tronco e execute o movimento mostrado de forma coordenada. Use uma amplitude que consiga controlar, evite impulso desnecessário e retorne à posição inicial antes da repetição seguinte."
"C:\Users\bruno\Downloads\Exercicios renomeados\Tesoura de pernas deitado","Tesoura de pernas deitado","Chute de tesoura deitado","Chute de tesoura deitado.gif","tesoura_de_pernas_deitado.gif","tesoura_de_pernas_deitado.gif","Abdômen/Core","Sem aparelhos | Casa","Deite-se ou apoie-se conforme o GIF e mantenha a lombar controlada. Eleve ou alterne as pernas sem perder a estabilidade da pelve. Desça de maneira lenta, interrompendo a amplitude antes de a lombar arquear."
"C:\Users\bruno\Downloads\Exercicios renomeados\Tesoura de pernas deitado - Variação 2","Tesoura de pernas deitado - Variação 2","Prancha","abdominais/Prancha.gif","tesoura_de_pernas_deitado_variacao_2.gif","tesoura_de_pernas_deitado_variacao_2.gif","Abdômen/Core","Sem aparelhos | Casa","Deite-se ou apoie-se conforme o GIF e mantenha a lombar controlada. Eleve ou alterne as pernas sem perder a estabilidade da pelve. Desça de maneira lenta, interrompendo a amplitude antes de a lombar arquear."
"C:\Users\bruno\Downloads\Exercicios renomeados\Tesoura de pernas sentado","Tesoura de pernas sentado","Abdominal ponderada","abdominais/Abdominal ponderada.gif","tesoura_de_pernas_sentado.gif","tesoura_de_pernas_sentado.gif","Abdômen/Core","Sem aparelhos | Casa","Deite-se ou apoie-se conforme o GIF e mantenha a lombar controlada. Eleve ou alterne as pernas sem perder a estabilidade da pelve. Desça de maneira lenta, interrompendo a amplitude antes de a lombar arquear."
"C:\Users\bruno\Downloads\Exercicios renomeados\Tesoura de pernas sentado no banco","Tesoura de pernas sentado no banco","Sentado flutter kick - Variação 3","abdominais/Sentado flutter kick - Variação 3.gif","tesoura_de_pernas_sentado_no_banco.gif","tesoura_de_pernas_sentado_no_banco.gif","Abdômen/Core","Banco | Academia","Deite-se ou apoie-se conforme o GIF e mantenha a lombar controlada. Eleve ou alterne as pernas sem perder a estabilidade da pelve. Desça de maneira lenta, interrompendo a amplitude antes de a lombar arquear."
"C:\Users\bruno\Downloads\Exercicios renomeados\Thruster com kettlebell","Thruster com kettlebell","Propulsor de kettlebell","Propulsor de kettlebell.gif","thruster_com_kettlebell.gif","thruster_com_kettlebell.gif","Corpo inteiro","Kettlebell | Academia","Inicie com postura firme, abdômen ativo e a carga próxima ao corpo. Gere força com pernas e quadril e conduza a carga pela trajetória mostrada até a posição final. Estabilize o peso antes de retornar e controle cada etapa do movimento."
"C:\Users\bruno\Downloads\Exercicios renomeados\Toque de caranguejo","Toque de caranguejo","Pose de caranguejo","abdominais/Pose de caranguejo.gif","toque_de_caranguejo.gif","toque_de_caranguejo.gif","Abdômen/Core","Sem aparelhos | Casa","Estabilize o tronco para executar Toque de caranguejo. Mantenha o abdômen ativo durante toda a repetição e realize a trajetória mostrada sem usar balanço excessivo. Retorne à posição inicial de forma lenta e controlada."
"C:\Users\bruno\Downloads\Exercicios renomeados\Toque de caranguejo com rotação","Toque de caranguejo com rotação","Postura de caranguejo - Toque de torção de caranguejo","Postura de caranguejo - Toque de torção de caranguejo.gif","toque_de_caranguejo_com_rotacao.gif","toque_de_caranguejo_com_rotacao.gif","Abdômen/Core","Sem aparelhos | Casa","Estabilize o tronco para executar Toque de caranguejo com rotação. Mantenha o abdômen ativo durante toda a repetição e realize a trajetória mostrada sem usar balanço excessivo. Retorne à posição inicial de forma lenta e controlada."
"C:\Users\bruno\Downloads\Exercicios renomeados\Toque de caranguejo com rotação - variação 2","Toque de caranguejo com rotação - variação 2","Postura de caranguejo - Toque de torção de caranguejo - Variação 2","Postura de caranguejo - Toque de torção de caranguejo - Variação 2.gif","toque_de_caranguejo_com_rotacao_variacao_2.gif","toque_de_caranguejo_com_rotacao_variacao_2.gif","Abdômen/Core","Sem aparelhos | Casa","Estabilize o tronco para executar Toque de caranguejo com rotação - variação 2. Mantenha o abdômen ativo durante toda a repetição e realize a trajetória mostrada sem usar balanço excessivo. Retorne à posição inicial de forma lenta e controlada."
"C:\Users\bruno\Downloads\Exercicios renomeados\Toque dos pés em pé","Toque dos pés em pé","Toque do dedo do pé em pé","Toque do dedo do pé em pé.gif","toque_dos_pes_em_pe.gif","toque_dos_pes_em_pe.gif","Corpo inteiro","Sem aparelhos | Casa","Assuma a posição inicial de Toque dos pés em pé, estabilize o tronco e execute o movimento mostrado de forma coordenada. Use uma amplitude que consiga controlar, evite impulso desnecessário e retorne à posição inicial antes da repetição seguinte."
"C:\Users\bruno\Downloads\Exercicios renomeados\Toque lateral com elástico","Toque lateral com elástico","Elástico de resistência ao toque do dedo do pé","Elástico de resistência ao toque do dedo do pé.gif","toque_lateral_com_elastico.gif","toque_lateral_com_elastico.gif","Corpo inteiro","Elástico | Academia","Assuma a posição inicial de Toque lateral com elástico, estabilize o tronco e execute o movimento mostrado de forma coordenada. Use uma amplitude que consiga controlar, evite impulso desnecessário e retorne à posição inicial antes da repetição seguinte."
"C:\Users\bruno\Downloads\Exercicios renomeados\Toque no calcanhar","Toque no calcanhar","Toque no calcanhar","Toque no calcanhar.gif","toque_no_calcanhar.gif","toque_no_calcanhar.gif","Abdômen/Core","Sem aparelhos | Casa","Mantenha o abdômen contraído e a lombar controlada. Aproxime tronco e pernas conforme a variação mostrada, soltando o ar na fase de maior contração. Retorne lentamente, sem usar impulso do pescoço ou dos braços."
"C:\Users\bruno\Downloads\Exercicios renomeados\Torção oblíqua sentada","Torção oblíqua sentada","Torção oblíqua sentada","Torção oblíqua sentada.gif","torcao_obliqua_sentada.gif","torcao_obliqua_sentada.gif","Abdômen/Core","Sem aparelhos | Casa","Mantenha o abdômen ativo e a pelve estável. Execute a rotação — ou resista a ela, no caso do Pallof press — conduzindo os braços pela trajetória mostrada. Retorne lentamente sem deixar a lombar assumir todo o movimento."
"C:\Users\bruno\Downloads\Exercicios renomeados\Torção russa","Torção russa","Torção russa","Torção russa.gif","torcao_russa.gif","torcao_russa.gif","Abdômen/Core","Sem aparelhos | Casa","Mantenha o abdômen ativo e a pelve estável. Execute a rotação — ou resista a ela, no caso do Pallof press — conduzindo os braços pela trajetória mostrada. Retorne lentamente sem deixar a lombar assumir todo o movimento."
"C:\Users\bruno\Downloads\Exercicios renomeados\Torção russa com pernas elevadas","Torção russa com pernas elevadas","Torção russa - Variação 2","abdominais/Torção russa - Variação 2.gif","torcao_russa_com_pernas_elevadas.gif","torcao_russa_com_pernas_elevadas.gif","Abdômen/Core","Sem aparelhos | Casa","Mantenha o abdômen ativo e a pelve estável. Execute a rotação — ou resista a ela, no caso do Pallof press — conduzindo os braços pela trajetória mostrada. Retorne lentamente sem deixar a lombar assumir todo o movimento."
"C:\Users\bruno\Downloads\Exercicios renomeados\Tríceps na polia","Tríceps na polia","Empurrar para baixo","Empurrar para baixo.gif","triceps_na_polia.gif","triceps_na_polia.gif","Tríceps","Polia/Cabo | Academia","Mantenha os ombros estáveis e controle a posição dos cotovelos. Estenda os cotovelos até contrair o tríceps e depois flexione-os lentamente para voltar. Evite usar o tronco ou os ombros para impulsionar a carga."
"C:\Users\bruno\Downloads\Exercicios renomeados\Tríceps na polia alta","Tríceps na polia alta","Bench dips on floor - Variação 3","tríceps/Bench dips on floor - Variação 3.gif","triceps_na_polia_alta.gif","triceps_na_polia_alta.gif","Tríceps","Polia/Cabo | Academia","Mantenha os ombros estáveis e controle a posição dos cotovelos. Estenda os cotovelos até contrair o tríceps e depois flexione-os lentamente para voltar. Evite usar o tronco ou os ombros para impulsionar a carga."
"C:\Users\bruno\Downloads\Exercicios renomeados\Tríceps na polia com barra","Tríceps na polia com barra","Bent over triceps kick back","tríceps/Bent over triceps kick back.gif","triceps_na_polia_com_barra.gif","triceps_na_polia_com_barra.gif","Tríceps","Polia/Cabo | Barra | Academia","Mantenha os ombros estáveis e controle a posição dos cotovelos. Estenda os cotovelos até contrair o tríceps e depois flexione-os lentamente para voltar. Evite usar o tronco ou os ombros para impulsionar a carga."
"C:\Users\bruno\Downloads\Exercicios renomeados\Tríceps na polia com barra reta","Tríceps na polia com barra reta","Band skull crusher - Variação 2","tríceps/Band skull crusher - Variação 2.gif","triceps_na_polia_com_barra_reta.gif","triceps_na_polia_com_barra_reta.gif","Tríceps","Polia/Cabo | Barra | Academia","Mantenha os ombros estáveis e controle a posição dos cotovelos. Estenda os cotovelos até contrair o tríceps e depois flexione-os lentamente para voltar. Evite usar o tronco ou os ombros para impulsionar a carga."
"C:\Users\bruno\Downloads\Exercicios renomeados\Tríceps na polia com barra reta - Variação 2","Tríceps na polia com barra reta - Variação 2","Sentado ez bar overhead extensão de tríceps - Variação 2","tríceps/Sentado ez bar overhead extensão de tríceps - Variação 2.gif","triceps_na_polia_com_barra_reta_variacao_2.gif","triceps_na_polia_com_barra_reta_variacao_2.gif","Tríceps","Polia/Cabo | Barra | Academia","Mantenha os ombros estáveis e controle a posição dos cotovelos. Estenda os cotovelos até contrair o tríceps e depois flexione-os lentamente para voltar. Evite usar o tronco ou os ombros para impulsionar a carga."
"C:\Users\bruno\Downloads\Exercicios renomeados\Tríceps no banco","Tríceps no banco","029_triceps_no_banco","029_triceps_no_banco.gif","triceps_no_banco.gif","triceps_no_banco.gif","Tríceps","Banco | Academia","Apoie as mãos no banco, cadeira ou barras conforme a variação e mantenha os ombros estáveis. Flexione os cotovelos para descer o corpo em amplitude confortável. Estenda os cotovelos para retornar, evitando balanço."
"C:\Users\bruno\Downloads\Exercicios renomeados\Tríceps testa com barra","Tríceps testa com barra","Barra deitada atrás da cabeça, extensão de tríceps","Barra deitada atrás da cabeça, extensão de tríceps.gif","triceps_testa_com_barra.gif","triceps_testa_com_barra.gif","Tríceps","Barra | Academia","Mantenha os ombros estáveis e controle a posição dos cotovelos. Estenda os cotovelos até contrair o tríceps e depois flexione-os lentamente para voltar. Evite usar o tronco ou os ombros para impulsionar a carga."
"C:\Users\bruno\Downloads\Exercicios renomeados\Tríceps testa com barra - variação 2","Tríceps testa com barra - variação 2","Extensão de tríceps com barra deitada","Extensão de tríceps com barra deitada.gif","triceps_testa_com_barra_variacao_2.gif","triceps_testa_com_barra_variacao_2.gif","Tríceps","Barra | Academia","Mantenha os ombros estáveis e controle a posição dos cotovelos. Estenda os cotovelos até contrair o tríceps e depois flexione-os lentamente para voltar. Evite usar o tronco ou os ombros para impulsionar a carga."
"C:\Users\bruno\Downloads\Exercicios renomeados\Tríceps testa com barra atrás da cabeça no banco","Tríceps testa com barra atrás da cabeça no banco","Na polia deitado triceps extensions","tríceps/Na polia deitado triceps extensions.gif","triceps_testa_com_barra_atras_da_cabeca_no_banco.gif","triceps_testa_com_barra_atras_da_cabeca_no_banco.gif","Tríceps","Barra | Banco | Academia","Apoie as mãos no banco, cadeira ou barras conforme a variação e mantenha os ombros estáveis. Flexione os cotovelos para descer o corpo em amplitude confortável. Estenda os cotovelos para retornar, evitando balanço."
"C:\Users\bruno\Downloads\Exercicios renomeados\Tríceps testa com barra no banco","Tríceps testa com barra no banco","Na polia deitado triceps extensions - Variação 2","tríceps/Na polia deitado triceps extensions - Variação 2.gif","triceps_testa_com_barra_no_banco.gif","triceps_testa_com_barra_no_banco.gif","Tríceps","Barra | Banco | Academia","Apoie as mãos no banco, cadeira ou barras conforme a variação e mantenha os ombros estáveis. Flexione os cotovelos para descer o corpo em amplitude confortável. Estenda os cotovelos para retornar, evitando balanço."
"C:\Users\bruno\Downloads\Exercicios renomeados\Tríceps testa com halteres","Tríceps testa com halteres","Bent over triceps kick back - Variação 2","tríceps/Bent over triceps kick back - Variação 2.gif","triceps_testa_com_halteres.gif","triceps_testa_com_halteres.gif","Tríceps","Halteres | Academia","Mantenha os ombros estáveis e controle a posição dos cotovelos. Estenda os cotovelos até contrair o tríceps e depois flexione-os lentamente para voltar. Evite usar o tronco ou os ombros para impulsionar a carga."
"C:\Users\bruno\Downloads\Exercicios renomeados\Tríceps testa com halteres - Variação 2","Tríceps testa com halteres - Variação 2","Com halteres skull crusher","tríceps/Com halteres skull crusher.gif","triceps_testa_com_halteres_variacao_2.gif","triceps_testa_com_halteres_variacao_2.gif","Tríceps","Halteres | Academia","Mantenha os ombros estáveis e controle a posição dos cotovelos. Estenda os cotovelos até contrair o tríceps e depois flexione-os lentamente para voltar. Evite usar o tronco ou os ombros para impulsionar a carga."
"C:\Users\bruno\Downloads\Exercicios renomeados\Tríceps testa com peso corporal","Tríceps testa com peso corporal","Trituradores de crânio de peso corporal","Trituradores de crânio de peso corporal.gif","triceps_testa_com_peso_corporal.gif","triceps_testa_com_peso_corporal.gif","Tríceps","Sem aparelhos | Casa","Mantenha os ombros estáveis e controle a posição dos cotovelos. Estenda os cotovelos até contrair o tríceps e depois flexione-os lentamente para voltar. Evite usar o tronco ou os ombros para impulsionar a carga."
"C:\Users\bruno\Downloads\Exercicios renomeados\Tríceps testa unilateral com halter","Tríceps testa unilateral com halter","Extensão de tríceps deitada com um braço","Extensão de tríceps deitada com um braço.gif","triceps_testa_unilateral_com_halter.gif","triceps_testa_unilateral_com_halter.gif","Tríceps","Halteres | Academia","Mantenha os ombros estáveis e controle a posição dos cotovelos. Estenda os cotovelos até contrair o tríceps e depois flexione-os lentamente para voltar. Evite usar o tronco ou os ombros para impulsionar a carga."
"C:\Users\bruno\Downloads\Exercicios renomeados\Tríceps unilateral na polia","Tríceps unilateral na polia","Pushdown de tríceps com um braço","Pushdown de tríceps com um braço.gif","triceps_unilateral_na_polia.gif","triceps_unilateral_na_polia.gif","Tríceps","Polia/Cabo | Academia","Mantenha os ombros estáveis e controle a posição dos cotovelos. Estenda os cotovelos até contrair o tríceps e depois flexione-os lentamente para voltar. Evite usar o tronco ou os ombros para impulsionar a carga."
"C:\Users\bruno\Downloads\Exercicios renomeados\Tríceps unilateral na polia com pegada reversa","Tríceps unilateral na polia com pegada reversa","Pushdown reverso de um braço lateral","Pushdown reverso de um braço lateral.gif","triceps_unilateral_na_polia_com_pegada_reversa.gif","triceps_unilateral_na_polia_com_pegada_reversa.gif","Antebraços","Polia/Cabo | Academia","Apoie ou estabilize o antebraço e mova principalmente o punho ou a pegada conforme a variação. Faça a contração sem usar impulso do braço e retorne devagar para trabalhar toda a amplitude."
"C:\Users\bruno\Downloads\Exercicios renomeados\Upavistha Konasana (alongamento sentado com pernas abertas)","Upavistha Konasana (alongamento sentado com pernas abertas)","Upavistha konasana","Upavistha konasana.gif","upavistha_konasana_alongamento_sentado_com_pernas_abertas.gif","upavistha_konasana_alongamento_sentado_com_pernas_abertas.gif","Alongamento","Sem aparelhos | Casa","Entre na posição de Upavistha Konasana (alongamento sentado com pernas abertas) de forma controlada. Ajuste o corpo até sentir um alongamento confortável na região trabalhada, mantenha a respiração normal e evite rebotes. Retorne lentamente e repita do outro lado quando necessário."
"C:\Users\bruno\Downloads\Exercicios renomeados\Uppercut de direita","Uppercut de direita","Superior direito","Superior direito.gif","uppercut_de_direita.gif","uppercut_de_direita.gif","Cardio","Sem aparelhos | Casa | Corpo inteiro","Assuma uma base estável, mantenha as mãos protegendo o rosto e o abdômen ativo. Execute o golpe mostrado girando quadril e tronco de forma coordenada, sem travar completamente as articulações. Retorne rapidamente à posição de guarda."
"C:\Users\bruno\Downloads\Exercicios renomeados\Virada de pneu","Virada de pneu","Pneu virado","Pneu virado.gif","virada_de_pneu.gif","virada_de_pneu.gif","Corpo inteiro","Cardio | Sem aparelhos | Casa","Assuma a posição inicial mostrada e execute o movimento de forma coordenada, mantendo o abdômen ativo e joelhos alinhados. Quando houver salto, aterrisse suavemente; quando houver deslocamento ou carga, mantenha o tronco estável durante toda a repetição."
"C:\Users\bruno\Downloads\Exercicios renomeados\Vácuo abdominal em quatro apoios","Vácuo abdominal em quatro apoios","Exercício de vácuo de barriga de 4 pontos","Exercício de vácuo de barriga de 4 pontos.gif","vacuo_abdominal_em_quatro_apoios.gif","vacuo_abdominal_em_quatro_apoios.gif","Abdômen/Core","Sem aparelhos | Casa","Mantenha o abdômen contraído e a lombar controlada. Aproxime tronco e pernas conforme a variação mostrada, soltando o ar na fase de maior contração. Retorne lentamente, sem usar impulso do pescoço ou dos braços."
"C:\Users\bruno\Downloads\Exercicios renomeados\Wall ball","Wall ball","Bola de parede","Bola de parede.gif","wall_ball.gif","wall_ball.gif","Corpo inteiro","Bola | Cardio | Academia","Segure a bola junto ao peito, faça um agachamento controlado e, ao subir, estenda quadril, joelhos e braços para lançar a bola ao alvo. Receba a bola junto ao peito e use a descida para iniciar a repetição seguinte."
"C:\Users\bruno\Downloads\Exercicios renomeados\Wood chop em pé com elástico","Wood chop em pé com elástico","Jab boxing","abdominais/Jab boxing.gif","wood_chop_em_pe_com_elastico.gif","wood_chop_em_pe_com_elastico.gif","Abdômen/Core","Elástico | Academia","Mantenha o abdômen ativo e a pelve estável. Execute a rotação — ou resista a ela, no caso do Pallof press — conduzindo os braços pela trajetória mostrada. Retorne lentamente sem deixar a lombar assumir todo o movimento."
"C:\Users\bruno\Downloads\Exercicios renomeados\Wood chop no cabo de baixo para cima","Wood chop no cabo de baixo para cima","Cabo vertical de torção baixa a alta","Cabo vertical de torção baixa a alta.gif","wood_chop_no_cabo_de_baixo_para_cima.gif","wood_chop_no_cabo_de_baixo_para_cima.gif","Abdômen/Core","Polia/Cabo | Academia","Mantenha o abdômen ativo e a pelve estável. Execute a rotação — ou resista a ela, no caso do Pallof press — conduzindo os braços pela trajetória mostrada. Retorne lentamente sem deixar a lombar assumir todo o movimento."
"C:\Users\bruno\Downloads\Exercicios renomeados\Wood chop no cabo de cima para baixo","Wood chop no cabo de cima para baixo","Cabo vertical de alta a baixa torção","Cabo vertical de alta a baixa torção.gif","wood_chop_no_cabo_de_cima_para_baixo.gif","wood_chop_no_cabo_de_cima_para_baixo.gif","Abdômen/Core","Polia/Cabo | Academia","Mantenha o abdômen ativo e a pelve estável. Execute a rotação — ou resista a ela, no caso do Pallof press — conduzindo os braços pela trajetória mostrada. Retorne lentamente sem deixar a lombar assumir todo o movimento."
